ISO-10303-21;
HEADER;
/* Generated by software containing ST-Developer
 * from STEP Tools, Inc. (www.steptools.com) 
 */
/* OPTION: using custom renumber hook */

FILE_DESCRIPTION(
/* description */ ('STEP AP242 Edition 2',
'CAx-IF Rec.Pracs.---Representation and Presentation of Product Manufa
cturing Information (PMI)---4.0---2014-10-13',
'CAx-IF Rec.Pracs.---3D Tessellated Geometry---0.4---2014-09-14','2;1',
'CAx-IF Rec.Pracs.---User Defined Attributes---1.5---2016-08-15'),
/* implementation_level */ '2;1');

FILE_NAME(
/* name */ '6abda5db625352acf6b02daa',
/* time_stamp */ '2026-10-01T00:14:20Z',
/* author */ (''),
/* organization */ (''),
/* preprocessor_version */ 'ST-DEVELOPER v20',
/* originating_system */ 'ONSHAPE BY PTC INC, 1.221',
/* authorisation */ '  ');

FILE_SCHEMA (('AP242_MANAGED_MODEL_BASED_3D_ENGINEERING_MIM_LF { 1 0 10303 442 3 1 4 }'));
ENDSEC;

DATA;
#10=OVER_RIDING_STYLED_ITEM('',(#4004),#3790,#3990);
#11=OVER_RIDING_STYLED_ITEM('',(#4005),#3796,#3990);
#12=CYLINDRICAL_SURFACE('',#4176,0.004);
#13=CYLINDRICAL_SURFACE('',#4194,0.004);
#14=CYLINDRICAL_SURFACE('',#4199,0.0055);
#15=CYLINDRICAL_SURFACE('',#4203,0.0095);
#16=CYLINDRICAL_SURFACE('',#4207,0.011);
#17=CYLINDRICAL_SURFACE('',#4211,0.0095);
#18=CYLINDRICAL_SURFACE('',#4215,0.0055);
#19=CYLINDRICAL_SURFACE('',#4219,0.01125);
#20=CYLINDRICAL_SURFACE('',#4222,0.01524);
#21=CYLINDRICAL_SURFACE('',#4226,0.01524);
#22=CYLINDRICAL_SURFACE('',#4230,0.01524);
#23=CYLINDRICAL_SURFACE('',#4234,0.01524);
#24=CYLINDRICAL_SURFACE('',#4238,0.01524);
#25=CYLINDRICAL_SURFACE('',#4241,0.00635);
#26=CYLINDRICAL_SURFACE('',#4245,0.00635);
#27=CYLINDRICAL_SURFACE('',#4249,0.00762);
#28=CYLINDRICAL_SURFACE('',#4253,0.01524);
#29=CYLINDRICAL_SURFACE('',#4257,0.00635);
#30=CYLINDRICAL_SURFACE('',#4276,0.01075);
#31=CYLINDRICAL_SURFACE('',#4279,0.01075);
#32=CYLINDRICAL_SURFACE('',#4282,0.00254);
#33=CYLINDRICAL_SURFACE('',#4285,0.00254);
#34=CYLINDRICAL_SURFACE('',#4290,0.00381);
#35=CYLINDRICAL_SURFACE('',#4294,0.003175);
#36=CYLINDRICAL_SURFACE('',#4297,0.00381);
#37=CYLINDRICAL_SURFACE('',#4300,0.003175);
#38=CYLINDRICAL_SURFACE('',#4307,0.00025400000000001);
#39=CYLINDRICAL_SURFACE('',#4313,0.000762000000000041);
#40=CYLINDRICAL_SURFACE('',#4318,0.00381);
#41=CYLINDRICAL_SURFACE('',#4322,0.004445);
#42=CYLINDRICAL_SURFACE('',#4326,0.000762);
#43=CYLINDRICAL_SURFACE('',#4331,0.00381);
#44=CYLINDRICAL_SURFACE('',#4334,0.003175);
#45=CYLINDRICAL_SURFACE('',#4354,0.000762000000000041);
#46=CYLINDRICAL_SURFACE('',#4357,0.00381);
#47=CYLINDRICAL_SURFACE('',#4360,0.004445);
#48=CYLINDRICAL_SURFACE('',#4363,0.00381);
#49=CYLINDRICAL_SURFACE('',#4365,0.003175);
#50=CYLINDRICAL_SURFACE('',#4370,0.000762);
#51=CYLINDRICAL_SURFACE('',#4371,0.000762000000000056);
#52=CYLINDRICAL_SURFACE('',#4372,0.00254);
#53=CYLINDRICAL_SURFACE('',#4373,0.00254);
#54=CYLINDRICAL_SURFACE('',#4375,0.000762);
#55=CYLINDRICAL_SURFACE('',#4379,0.000762);
#56=CYLINDRICAL_SURFACE('',#4383,0.000762);
#57=CYLINDRICAL_SURFACE('',#4386,0.0042291);
#58=CYLINDRICAL_SURFACE('',#4390,0.00381);
#59=CYLINDRICAL_SURFACE('',#4394,0.00381);
#60=CYLINDRICAL_SURFACE('',#4412,0.000762);
#61=CYLINDRICAL_SURFACE('',#4414,0.000762);
#62=CYLINDRICAL_SURFACE('',#4416,0.00381);
#63=CYLINDRICAL_SURFACE('',#4419,0.00381);
#64=CYLINDRICAL_SURFACE('',#4425,0.00254);
#65=CYLINDRICAL_SURFACE('',#4426,0.00254);
#66=CYLINDRICAL_SURFACE('',#4427,0.00254);
#67=CYLINDRICAL_SURFACE('',#4430,0.00381);
#68=CYLINDRICAL_SURFACE('',#4434,0.003175);
#69=CYLINDRICAL_SURFACE('',#4437,0.00381);
#70=CYLINDRICAL_SURFACE('',#4440,0.003175);
#71=CYLINDRICAL_SURFACE('',#4446,0.00381);
#72=CYLINDRICAL_SURFACE('',#4450,0.00127);
#73=CYLINDRICAL_SURFACE('',#4454,0.003175);
#74=CYLINDRICAL_SURFACE('',#4462,0.00381);
#75=CYLINDRICAL_SURFACE('',#4464,0.003175);
#76=CYLINDRICAL_SURFACE('',#4469,0.00381);
#77=CYLINDRICAL_SURFACE('',#4473,0.0127);
#78=CYLINDRICAL_SURFACE('',#4476,0.003175);
#79=CYLINDRICAL_SURFACE('',#4483,0.00381);
#80=CYLINDRICAL_SURFACE('',#4485,0.003175);
#81=CYLINDRICAL_SURFACE('',#4496,0.0127);
#82=CYLINDRICAL_SURFACE('',#4500,0.00381);
#83=CYLINDRICAL_SURFACE('',#4502,0.003175);
#84=CYLINDRICAL_SURFACE('',#4505,0.00381);
#85=CYLINDRICAL_SURFACE('',#4508,0.003175);
#86=CYLINDRICAL_SURFACE('',#4514,0.0380999999999992);
#87=CYLINDRICAL_SURFACE('',#4519,0.0127);
#88=CYLINDRICAL_SURFACE('',#4523,0.00381);
#89=CYLINDRICAL_SURFACE('',#4527,0.0127);
#90=CYLINDRICAL_SURFACE('',#4530,0.003175);
#91=CYLINDRICAL_SURFACE('',#4535,0.00381);
#92=CYLINDRICAL_SURFACE('',#4538,0.003175);
#93=CYLINDRICAL_SURFACE('',#4547,0.004699);
#94=CYLINDRICAL_SURFACE('',#4551,0.004699);
#95=CYLINDRICAL_SURFACE('',#4554,0.00375);
#96=CYLINDRICAL_SURFACE('',#4560,0.00254);
#97=CIRCLE('',#4175,0.004);
#98=CIRCLE('',#4177,0.004);
#99=CIRCLE('',#4195,0.004);
#100=CIRCLE('',#4196,0.004);
#101=CIRCLE('',#4198,0.0055);
#102=CIRCLE('',#4200,0.0055);
#103=CIRCLE('',#4202,0.0095);
#104=CIRCLE('',#4204,0.0095);
#105=CIRCLE('',#4206,0.011);
#106=CIRCLE('',#4208,0.011);
#107=CIRCLE('',#4210,0.0095);
#108=CIRCLE('',#4212,0.0095);
#109=CIRCLE('',#4214,0.0055);
#110=CIRCLE('',#4216,0.0055);
#111=CIRCLE('',#4220,0.01125);
#112=CIRCLE('',#4221,0.01125);
#113=CIRCLE('',#4223,0.01524);
#114=CIRCLE('',#4224,0.01524);
#115=CIRCLE('',#4227,0.01524);
#116=CIRCLE('',#4228,0.01524);
#117=CIRCLE('',#4231,0.01524);
#118=CIRCLE('',#4232,0.01524);
#119=CIRCLE('',#4235,0.01524);
#120=CIRCLE('',#4236,0.01524);
#121=CIRCLE('',#4239,0.01524);
#122=CIRCLE('',#4240,0.01524);
#123=CIRCLE('',#4242,0.00635);
#124=CIRCLE('',#4243,0.00635);
#125=CIRCLE('',#4246,0.00635);
#126=CIRCLE('',#4247,0.00635);
#127=CIRCLE('',#4250,0.00762);
#128=CIRCLE('',#4251,0.00762);
#129=CIRCLE('',#4254,0.01524);
#130=CIRCLE('',#4255,0.01524);
#131=CIRCLE('',#4258,0.00635);
#132=CIRCLE('',#4259,0.00635);
#133=CIRCLE('',#4271,0.00254);
#134=CIRCLE('',#4272,0.00254);
#135=CIRCLE('',#4273,0.01075);
#136=CIRCLE('',#4275,0.01075);
#137=CIRCLE('',#4277,0.01075);
#138=CIRCLE('',#4280,0.01075);
#139=CIRCLE('',#4283,0.00254);
#140=CIRCLE('',#4286,0.00254);
#141=CIRCLE('',#4291,0.00381);
#142=CIRCLE('',#4292,0.00381);
#143=CIRCLE('',#4295,0.003175);
#144=CIRCLE('',#4296,0.003175);
#145=CIRCLE('',#4298,0.00381);
#146=CIRCLE('',#4299,0.00381);
#147=CIRCLE('',#4301,0.003175);
#148=CIRCLE('',#4302,0.003175);
#149=CIRCLE('',#4308,0.00025400000000001);
#150=CIRCLE('',#4309,0.00025400000000001);
#151=CIRCLE('',#4310,0.00025400000000001);
#152=CIRCLE('',#4311,0.00025400000000001);
#153=CIRCLE('',#4314,0.000762000000000041);
#154=CIRCLE('',#4315,0.000762000000000041);
#155=CIRCLE('',#4319,0.00381);
#156=CIRCLE('',#4320,0.00381);
#157=CIRCLE('',#4323,0.004445);
#158=CIRCLE('',#4324,0.004445);
#159=CIRCLE('',#4327,0.000762);
#160=CIRCLE('',#4328,0.000762);
#161=CIRCLE('',#4329,0.000762);
#162=CIRCLE('',#4330,0.000762);
#163=CIRCLE('',#4332,0.00381);
#164=CIRCLE('',#4333,0.00381);
#165=CIRCLE('',#4335,0.003175);
#166=CIRCLE('',#4336,0.003175);
#167=CIRCLE('',#4339,0.000762000000000056);
#168=CIRCLE('',#4340,0.000762);
#169=CIRCLE('',#4341,0.00254);
#170=CIRCLE('',#4342,0.00254);
#171=CIRCLE('',#4344,0.00254);
#172=CIRCLE('',#4345,0.00254);
#173=CIRCLE('',#4346,0.003175);
#174=CIRCLE('',#4347,0.000762);
#175=CIRCLE('',#4348,0.000762000000000041);
#176=CIRCLE('',#4349,0.000762000000000056);
#177=CIRCLE('',#4350,0.00381);
#178=CIRCLE('',#4351,0.004445);
#179=CIRCLE('',#4352,0.00381);
#180=CIRCLE('',#4355,0.000762000000000041);
#181=CIRCLE('',#4358,0.00381);
#182=CIRCLE('',#4361,0.004445);
#183=CIRCLE('',#4364,0.00381);
#184=CIRCLE('',#4366,0.003175);
#185=CIRCLE('',#4376,0.000762);
#186=CIRCLE('',#4377,0.000762);
#187=CIRCLE('',#4380,0.000762);
#188=CIRCLE('',#4381,0.000762);
#189=CIRCLE('',#4384,0.000762);
#190=CIRCLE('',#4385,0.000762);
#191=CIRCLE('',#4387,0.0042291);
#192=CIRCLE('',#4388,0.0042291);
#193=CIRCLE('',#4391,0.00381);
#194=CIRCLE('',#4392,0.00381);
#195=CIRCLE('',#4395,0.00381);
#196=CIRCLE('',#4396,0.00381);
#197=CIRCLE('',#4401,0.00254);
#198=CIRCLE('',#4402,0.00254);
#199=CIRCLE('',#4403,0.00254);
#200=CIRCLE('',#4405,0.00254);
#201=CIRCLE('',#4406,0.00254);
#202=CIRCLE('',#4407,0.00254);
#203=CIRCLE('',#4408,0.000762);
#204=CIRCLE('',#4409,0.000762);
#205=CIRCLE('',#4410,0.00381);
#206=CIRCLE('',#4411,0.00381);
#207=CIRCLE('',#4413,0.000762);
#208=CIRCLE('',#4415,0.000762);
#209=CIRCLE('',#4417,0.00381);
#210=CIRCLE('',#4420,0.00381);
#211=CIRCLE('',#4431,0.00381);
#212=CIRCLE('',#4432,0.00381);
#213=CIRCLE('',#4435,0.003175);
#214=CIRCLE('',#4436,0.003175);
#215=CIRCLE('',#4438,0.00381);
#216=CIRCLE('',#4439,0.00381);
#217=CIRCLE('',#4441,0.003175);
#218=CIRCLE('',#4442,0.003175);
#219=CIRCLE('',#4447,0.00381);
#220=CIRCLE('',#4448,0.00381);
#221=CIRCLE('',#4451,0.00127);
#222=CIRCLE('',#4452,0.00127);
#223=CIRCLE('',#4455,0.003175);
#224=CIRCLE('',#4456,0.003175);
#225=CIRCLE('',#4460,0.00381);
#226=CIRCLE('',#4461,0.003175);
#227=CIRCLE('',#4463,0.00381);
#228=CIRCLE('',#4465,0.003175);
#229=CIRCLE('',#4470,0.00381);
#230=CIRCLE('',#4471,0.00381);
#231=CIRCLE('',#4474,0.0127);
#232=CIRCLE('',#4475,0.0127);
#233=CIRCLE('',#4477,0.003175);
#234=CIRCLE('',#4478,0.003175);
#235=CIRCLE('',#4481,0.00381);
#236=CIRCLE('',#4482,0.003175);
#237=CIRCLE('',#4484,0.00381);
#238=CIRCLE('',#4486,0.003175);
#239=CIRCLE('',#4492,0.003175);
#240=CIRCLE('',#4493,0.0380999999999992);
#241=CIRCLE('',#4494,0.00381);
#242=CIRCLE('',#4497,0.0127);
#243=CIRCLE('',#4498,0.0127);
#244=CIRCLE('',#4501,0.00381);
#245=CIRCLE('',#4503,0.003175);
#246=CIRCLE('',#4506,0.00381);
#247=CIRCLE('',#4507,0.00381);
#248=CIRCLE('',#4509,0.003175);
#249=CIRCLE('',#4510,0.003175);
#250=CIRCLE('',#4513,0.0380999999999992);
#251=CIRCLE('',#4520,0.0127);
#252=CIRCLE('',#4521,0.0127);
#253=CIRCLE('',#4524,0.00381);
#254=CIRCLE('',#4525,0.00381);
#255=CIRCLE('',#4528,0.0127);
#256=CIRCLE('',#4529,0.0127);
#257=CIRCLE('',#4531,0.003175);
#258=CIRCLE('',#4532,0.003175);
#259=CIRCLE('',#4536,0.00381);
#260=CIRCLE('',#4537,0.00381);
#261=CIRCLE('',#4539,0.003175);
#262=CIRCLE('',#4540,0.003175);
#263=CIRCLE('',#4548,0.004699);
#264=CIRCLE('',#4549,0.004699);
#265=CIRCLE('',#4552,0.004699);
#266=CIRCLE('',#4553,0.004699);
#267=CIRCLE('',#4555,0.00375);
#268=CIRCLE('',#4556,0.00375);
#269=CIRCLE('',#4559,0.00254);
#270=CIRCLE('',#4561,0.00254);
#271=CONTEXT_DEPENDENT_SHAPE_REPRESENTATION(#405,#7024);
#272=CONTEXT_DEPENDENT_SHAPE_REPRESENTATION(#406,#7027);
#273=CONTEXT_DEPENDENT_SHAPE_REPRESENTATION(#407,#7029);
#274=CONTEXT_DEPENDENT_SHAPE_REPRESENTATION(#408,#7031);
#275=CONTEXT_DEPENDENT_SHAPE_REPRESENTATION(#409,#7035);
#276=CONTEXT_DEPENDENT_SHAPE_REPRESENTATION(#410,#7037);
#277=CONTEXT_DEPENDENT_SHAPE_REPRESENTATION(#411,#7039);
#278=CONTEXT_DEPENDENT_SHAPE_REPRESENTATION(#412,#7041);
#279=CONTEXT_DEPENDENT_SHAPE_REPRESENTATION(#413,#7043);
#280=CONTEXT_DEPENDENT_SHAPE_REPRESENTATION(#414,#7045);
#281=CONTEXT_DEPENDENT_SHAPE_REPRESENTATION(#415,#7046);
#282=CONTEXT_DEPENDENT_SHAPE_REPRESENTATION(#416,#7048);
#283=CONTEXT_DEPENDENT_SHAPE_REPRESENTATION(#417,#7050);
#284=CONTEXT_DEPENDENT_SHAPE_REPRESENTATION(#418,#7051);
#285=CONTEXT_DEPENDENT_SHAPE_REPRESENTATION(#419,#7052);
#286=CONTEXT_DEPENDENT_SHAPE_REPRESENTATION(#420,#7053);
#287=CONTEXT_DEPENDENT_SHAPE_REPRESENTATION(#421,#7055);
#288=CONTEXT_DEPENDENT_SHAPE_REPRESENTATION(#422,#7056);
#289=CONTEXT_DEPENDENT_SHAPE_REPRESENTATION(#423,#7057);
#290=CONTEXT_DEPENDENT_SHAPE_REPRESENTATION(#424,#7060);
#291=CONTEXT_DEPENDENT_SHAPE_REPRESENTATION(#425,#7061);
#292=CONTEXT_DEPENDENT_SHAPE_REPRESENTATION(#426,#7062);
#293=CONTEXT_DEPENDENT_SHAPE_REPRESENTATION(#427,#7063);
#294=CONTEXT_DEPENDENT_SHAPE_REPRESENTATION(#428,#7065);
#295=CONTEXT_DEPENDENT_SHAPE_REPRESENTATION(#429,#7066);
#296=CONTEXT_DEPENDENT_SHAPE_REPRESENTATION(#430,#7067);
#297=CONTEXT_DEPENDENT_SHAPE_REPRESENTATION(#431,#7069);
#298=CONTEXT_DEPENDENT_SHAPE_REPRESENTATION(#432,#7070);
#299=CONTEXT_DEPENDENT_SHAPE_REPRESENTATION(#433,#7071);
#300=CONTEXT_DEPENDENT_SHAPE_REPRESENTATION(#434,#7074);
#301=CONTEXT_DEPENDENT_SHAPE_REPRESENTATION(#435,#7075);
#302=CONTEXT_DEPENDENT_SHAPE_REPRESENTATION(#436,#7076);
#303=CONTEXT_DEPENDENT_SHAPE_REPRESENTATION(#437,#7077);
#304=CONTEXT_DEPENDENT_SHAPE_REPRESENTATION(#438,#7078);
#305=CONTEXT_DEPENDENT_SHAPE_REPRESENTATION(#439,#7079);
#306=CONTEXT_DEPENDENT_SHAPE_REPRESENTATION(#440,#7080);
#307=CONTEXT_DEPENDENT_SHAPE_REPRESENTATION(#441,#7082);
#308=CONTEXT_DEPENDENT_SHAPE_REPRESENTATION(#442,#7083);
#309=CONTEXT_DEPENDENT_SHAPE_REPRESENTATION(#443,#7084);
#310=CONTEXT_DEPENDENT_SHAPE_REPRESENTATION(#444,#7085);
#311=CONTEXT_DEPENDENT_SHAPE_REPRESENTATION(#445,#7086);
#312=CONTEXT_DEPENDENT_SHAPE_REPRESENTATION(#446,#7087);
#313=CONTEXT_DEPENDENT_SHAPE_REPRESENTATION(#447,#7088);
#314=CONTEXT_DEPENDENT_SHAPE_REPRESENTATION(#448,#7089);
#315=CONTEXT_DEPENDENT_SHAPE_REPRESENTATION(#449,#7090);
#316=CONTEXT_DEPENDENT_SHAPE_REPRESENTATION(#450,#7092);
#317=CONTEXT_DEPENDENT_SHAPE_REPRESENTATION(#451,#7093);
#318=CONTEXT_DEPENDENT_SHAPE_REPRESENTATION(#452,#7094);
#319=CONTEXT_DEPENDENT_SHAPE_REPRESENTATION(#453,#7097);
#320=CONTEXT_DEPENDENT_SHAPE_REPRESENTATION(#454,#7098);
#321=CONTEXT_DEPENDENT_SHAPE_REPRESENTATION(#455,#7099);
#322=CONTEXT_DEPENDENT_SHAPE_REPRESENTATION(#456,#7100);
#323=CONTEXT_DEPENDENT_SHAPE_REPRESENTATION(#457,#7101);
#324=CONTEXT_DEPENDENT_SHAPE_REPRESENTATION(#458,#7102);
#325=CONTEXT_DEPENDENT_SHAPE_REPRESENTATION(#459,#7103);
#326=CONTEXT_DEPENDENT_SHAPE_REPRESENTATION(#460,#7105);
#327=CONTEXT_DEPENDENT_SHAPE_REPRESENTATION(#461,#7106);
#328=CONTEXT_DEPENDENT_SHAPE_REPRESENTATION(#462,#7107);
#329=CONTEXT_DEPENDENT_SHAPE_REPRESENTATION(#463,#7108);
#330=CONTEXT_DEPENDENT_SHAPE_REPRESENTATION(#464,#7109);
#331=CONTEXT_DEPENDENT_SHAPE_REPRESENTATION(#465,#7110);
#332=CONTEXT_DEPENDENT_SHAPE_REPRESENTATION(#466,#7111);
#333=CONTEXT_DEPENDENT_SHAPE_REPRESENTATION(#467,#7112);
#334=CONTEXT_DEPENDENT_SHAPE_REPRESENTATION(#468,#7114);
#335=CONTEXT_DEPENDENT_SHAPE_REPRESENTATION(#469,#7115);
#336=CONTEXT_DEPENDENT_SHAPE_REPRESENTATION(#470,#7116);
#337=CONTEXT_DEPENDENT_SHAPE_REPRESENTATION(#471,#7117);
#338=NEXT_ASSEMBLY_USAGE_OCCURRENCE('NAUO1','Part 1','Part 1',#7118,#7119,
'');
#339=NEXT_ASSEMBLY_USAGE_OCCURRENCE('NAUO2','Part 1','Part 1',#7120,#7121,
'');
#340=NEXT_ASSEMBLY_USAGE_OCCURRENCE('NAUO3',
'8mm ID Bearing (22mm OD, 7mm WD, Shielded)',
'8mm ID Bearing (22mm OD, 7mm WD, Shielded)',#7120,#7122,'');
#341=NEXT_ASSEMBLY_USAGE_OCCURRENCE('NAUO4','Part 1','Part 1',#7120,#7123,
'');
#342=NEXT_ASSEMBLY_USAGE_OCCURRENCE('NAUO5','Part 1','Part 1',#7125,#7126,
'');
#343=NEXT_ASSEMBLY_USAGE_OCCURRENCE('NAUO6','Part 1','Part 1',#7125,#7127,
'');
#344=NEXT_ASSEMBLY_USAGE_OCCURRENCE('NAUO7','Part 1','Part 1',#7125,#7128,
'');
#345=NEXT_ASSEMBLY_USAGE_OCCURRENCE('NAUO8','Part 1','Part 1',#7125,#7129,
'');
#346=NEXT_ASSEMBLY_USAGE_OCCURRENCE('NAUO9','Part 1','Part 1',#7125,#7130,
'');
#347=NEXT_ASSEMBLY_USAGE_OCCURRENCE('NAUO10','Part 1','Part 1',#7125,#7131,
'');
#348=NEXT_ASSEMBLY_USAGE_OCCURRENCE('NAUO11','Left Leg <1>',
'Left Leg <1>',#7124,#7125,'');
#349=NEXT_ASSEMBLY_USAGE_OCCURRENCE('NAUO12','Part 1','Part 1',#7132,#7128,
'');
#350=NEXT_ASSEMBLY_USAGE_OCCURRENCE('NAUO13','Part 1','Part 1',#7132,#7133,
'');
#351=NEXT_ASSEMBLY_USAGE_OCCURRENCE('NAUO14','Part 1','Part 1',#7132,#7126,
'');
#352=NEXT_ASSEMBLY_USAGE_OCCURRENCE('NAUO15','Part 1','Part 1',#7132,#7127,
'');
#353=NEXT_ASSEMBLY_USAGE_OCCURRENCE('NAUO16','Part 1','Part 1',#7132,#7129,
'');
#354=NEXT_ASSEMBLY_USAGE_OCCURRENCE('NAUO17','Part 1','Part 1',#7132,#7134,
'');
#355=NEXT_ASSEMBLY_USAGE_OCCURRENCE('NAUO18','Right Leg <1>',
'Right Leg <1>',#7124,#7132,'');
#356=NEXT_ASSEMBLY_USAGE_OCCURRENCE('NAUO19','Leg Pair <1>',
'Leg Pair <1>',#7120,#7124,'');
#357=NEXT_ASSEMBLY_USAGE_OCCURRENCE('NAUO20','Part 1','Part 1',#7135,#7136,
'');
#358=NEXT_ASSEMBLY_USAGE_OCCURRENCE('NAUO21','Part 1','Part 1',#7135,#7136,
'');
#359=NEXT_ASSEMBLY_USAGE_OCCURRENCE('NAUO22','Offset Shaft <1>',
'Offset Shaft <1>',#7120,#7135,'');
#360=NEXT_ASSEMBLY_USAGE_OCCURRENCE('NAUO23','Leg W/ Backplate <1>',
'Leg W/ Backplate <1>',#7118,#7120,'');
#361=NEXT_ASSEMBLY_USAGE_OCCURRENCE('NAUO24','Part 1','Part 1',#7137,#7121,
'');
#362=NEXT_ASSEMBLY_USAGE_OCCURRENCE('NAUO25','Part 1','Part 1',#7137,#7123,
'');
#363=NEXT_ASSEMBLY_USAGE_OCCURRENCE('NAUO26',
'8mm ID Bearing (22mm OD, 7mm WD, Shielded)',
'8mm ID Bearing (22mm OD, 7mm WD, Shielded)',#7137,#7122,'');
#364=NEXT_ASSEMBLY_USAGE_OCCURRENCE('NAUO27','Part 1','Part 1',#7138,#7136,
'');
#365=NEXT_ASSEMBLY_USAGE_OCCURRENCE('NAUO28','Part 1','Part 1',#7138,#7136,
'');
#366=NEXT_ASSEMBLY_USAGE_OCCURRENCE('NAUO29','Offset Shaft <1>',
'Offset Shaft <1>',#7137,#7138,'');
#367=NEXT_ASSEMBLY_USAGE_OCCURRENCE('NAUO30','Part 1','Part 1',#7140,#7134,
'');
#368=NEXT_ASSEMBLY_USAGE_OCCURRENCE('NAUO31','Part 1','Part 1',#7140,#7133,
'');
#369=NEXT_ASSEMBLY_USAGE_OCCURRENCE('NAUO32','Part 1','Part 1',#7140,#7127,
'');
#370=NEXT_ASSEMBLY_USAGE_OCCURRENCE('NAUO33','Part 1','Part 1',#7140,#7128,
'');
#371=NEXT_ASSEMBLY_USAGE_OCCURRENCE('NAUO34','Part 1','Part 1',#7140,#7129,
'');
#372=NEXT_ASSEMBLY_USAGE_OCCURRENCE('NAUO35','Part 1','Part 1',#7140,#7126,
'');
#373=NEXT_ASSEMBLY_USAGE_OCCURRENCE('NAUO36','Right Leg <1>',
'Right Leg <1>',#7139,#7140,'');
#374=NEXT_ASSEMBLY_USAGE_OCCURRENCE('NAUO37','Part 1','Part 1',#7141,#7131,
'');
#375=NEXT_ASSEMBLY_USAGE_OCCURRENCE('NAUO38','Part 1','Part 1',#7141,#7128,
'');
#376=NEXT_ASSEMBLY_USAGE_OCCURRENCE('NAUO39','Part 1','Part 1',#7141,#7129,
'');
#377=NEXT_ASSEMBLY_USAGE_OCCURRENCE('NAUO40','Part 1','Part 1',#7141,#7126,
'');
#378=NEXT_ASSEMBLY_USAGE_OCCURRENCE('NAUO41','Part 1','Part 1',#7141,#7127,
'');
#379=NEXT_ASSEMBLY_USAGE_OCCURRENCE('NAUO42','Part 1','Part 1',#7141,#7130,
'');
#380=NEXT_ASSEMBLY_USAGE_OCCURRENCE('NAUO43','Left Leg <1>',
'Left Leg <1>',#7139,#7141,'');
#381=NEXT_ASSEMBLY_USAGE_OCCURRENCE('NAUO44','Leg Pair <1>',
'Leg Pair <1>',#7137,#7139,'');
#382=NEXT_ASSEMBLY_USAGE_OCCURRENCE('NAUO45','Leg W/ Backplate <3>',
'Leg W/ Backplate <3>',#7118,#7137,'');
#383=NEXT_ASSEMBLY_USAGE_OCCURRENCE('NAUO46','Part 1','Part 1',#7142,#7121,
'');
#384=NEXT_ASSEMBLY_USAGE_OCCURRENCE('NAUO47','Part 1','Part 1',#7142,#7123,
'');
#385=NEXT_ASSEMBLY_USAGE_OCCURRENCE('NAUO48',
'8mm ID Bearing (22mm OD, 7mm WD, Shielded)',
'8mm ID Bearing (22mm OD, 7mm WD, Shielded)',#7142,#7122,'');
#386=NEXT_ASSEMBLY_USAGE_OCCURRENCE('NAUO49','Part 1','Part 1',#7144,#7134,
'');
#387=NEXT_ASSEMBLY_USAGE_OCCURRENCE('NAUO50','Part 1','Part 1',#7144,#7133,
'');
#388=NEXT_ASSEMBLY_USAGE_OCCURRENCE('NAUO51','Part 1','Part 1',#7144,#7126,
'');
#389=NEXT_ASSEMBLY_USAGE_OCCURRENCE('NAUO52','Part 1','Part 1',#7144,#7127,
'');
#390=NEXT_ASSEMBLY_USAGE_OCCURRENCE('NAUO53','Part 1','Part 1',#7144,#7128,
'');
#391=NEXT_ASSEMBLY_USAGE_OCCURRENCE('NAUO54','Part 1','Part 1',#7144,#7129,
'');
#392=NEXT_ASSEMBLY_USAGE_OCCURRENCE('NAUO55','Right Leg <1>',
'Right Leg <1>',#7143,#7144,'');
#393=NEXT_ASSEMBLY_USAGE_OCCURRENCE('NAUO56','Part 1','Part 1',#7145,#7127,
'');
#394=NEXT_ASSEMBLY_USAGE_OCCURRENCE('NAUO57','Part 1','Part 1',#7145,#7128,
'');
#395=NEXT_ASSEMBLY_USAGE_OCCURRENCE('NAUO58','Part 1','Part 1',#7145,#7129,
'');
#396=NEXT_ASSEMBLY_USAGE_OCCURRENCE('NAUO59','Part 1','Part 1',#7145,#7126,
'');
#397=NEXT_ASSEMBLY_USAGE_OCCURRENCE('NAUO60','Part 1','Part 1',#7145,#7131,
'');
#398=NEXT_ASSEMBLY_USAGE_OCCURRENCE('NAUO61','Part 1','Part 1',#7145,#7130,
'');
#399=NEXT_ASSEMBLY_USAGE_OCCURRENCE('NAUO62','Left Leg <1>',
'Left Leg <1>',#7143,#7145,'');
#400=NEXT_ASSEMBLY_USAGE_OCCURRENCE('NAUO63','Leg Pair <1>',
'Leg Pair <1>',#7142,#7143,'');
#401=NEXT_ASSEMBLY_USAGE_OCCURRENCE('NAUO64','Part 1','Part 1',#7146,#7136,
'');
#402=NEXT_ASSEMBLY_USAGE_OCCURRENCE('NAUO65','Part 1','Part 1',#7146,#7136,
'');
#403=NEXT_ASSEMBLY_USAGE_OCCURRENCE('NAUO66','Offset Shaft <1>',
'Offset Shaft <1>',#7142,#7146,'');
#404=NEXT_ASSEMBLY_USAGE_OCCURRENCE('NAUO67','Leg W/ Backplate <2>',
'Leg W/ Backplate <2>',#7118,#7142,'');
#405=(
REPRESENTATION_RELATIONSHIP(' ',' ',#4138,#4137)
REPRESENTATION_RELATIONSHIP_WITH_TRANSFORMATION(#472)
SHAPE_REPRESENTATION_RELATIONSHIP()
);
#406=(
REPRESENTATION_RELATIONSHIP(' ',' ',#4140,#4139)
REPRESENTATION_RELATIONSHIP_WITH_TRANSFORMATION(#473)
SHAPE_REPRESENTATION_RELATIONSHIP()
);
#407=(
REPRESENTATION_RELATIONSHIP(' ',' ',#4141,#4139)
REPRESENTATION_RELATIONSHIP_WITH_TRANSFORMATION(#474)
SHAPE_REPRESENTATION_RELATIONSHIP()
);
#408=(
REPRESENTATION_RELATIONSHIP(' ',' ',#4142,#4139)
REPRESENTATION_RELATIONSHIP_WITH_TRANSFORMATION(#475)
SHAPE_REPRESENTATION_RELATIONSHIP()
);
#409=(
REPRESENTATION_RELATIONSHIP(' ',' ',#4145,#4144)
REPRESENTATION_RELATIONSHIP_WITH_TRANSFORMATION(#476)
SHAPE_REPRESENTATION_RELATIONSHIP()
);
#410=(
REPRESENTATION_RELATIONSHIP(' ',' ',#4146,#4144)
REPRESENTATION_RELATIONSHIP_WITH_TRANSFORMATION(#477)
SHAPE_REPRESENTATION_RELATIONSHIP()
);
#411=(
REPRESENTATION_RELATIONSHIP(' ',' ',#4147,#4144)
REPRESENTATION_RELATIONSHIP_WITH_TRANSFORMATION(#478)
SHAPE_REPRESENTATION_RELATIONSHIP()
);
#412=(
REPRESENTATION_RELATIONSHIP(' ',' ',#4148,#4144)
REPRESENTATION_RELATIONSHIP_WITH_TRANSFORMATION(#479)
SHAPE_REPRESENTATION_RELATIONSHIP()
);
#413=(
REPRESENTATION_RELATIONSHIP(' ',' ',#4149,#4144)
REPRESENTATION_RELATIONSHIP_WITH_TRANSFORMATION(#480)
SHAPE_REPRESENTATION_RELATIONSHIP()
);
#414=(
REPRESENTATION_RELATIONSHIP(' ',' ',#4150,#4144)
REPRESENTATION_RELATIONSHIP_WITH_TRANSFORMATION(#481)
SHAPE_REPRESENTATION_RELATIONSHIP()
);
#415=(
REPRESENTATION_RELATIONSHIP(' ',' ',#4144,#4143)
REPRESENTATION_RELATIONSHIP_WITH_TRANSFORMATION(#482)
SHAPE_REPRESENTATION_RELATIONSHIP()
);
#416=(
REPRESENTATION_RELATIONSHIP(' ',' ',#4147,#4151)
REPRESENTATION_RELATIONSHIP_WITH_TRANSFORMATION(#483)
SHAPE_REPRESENTATION_RELATIONSHIP()
);
#417=(
REPRESENTATION_RELATIONSHIP(' ',' ',#4152,#4151)
REPRESENTATION_RELATIONSHIP_WITH_TRANSFORMATION(#484)
SHAPE_REPRESENTATION_RELATIONSHIP()
);
#418=(
REPRESENTATION_RELATIONSHIP(' ',' ',#4145,#4151)
REPRESENTATION_RELATIONSHIP_WITH_TRANSFORMATION(#485)
SHAPE_REPRESENTATION_RELATIONSHIP()
);
#419=(
REPRESENTATION_RELATIONSHIP(' ',' ',#4146,#4151)
REPRESENTATION_RELATIONSHIP_WITH_TRANSFORMATION(#486)
SHAPE_REPRESENTATION_RELATIONSHIP()
);
#420=(
REPRESENTATION_RELATIONSHIP(' ',' ',#4148,#4151)
REPRESENTATION_RELATIONSHIP_WITH_TRANSFORMATION(#487)
SHAPE_REPRESENTATION_RELATIONSHIP()
);
#421=(
REPRESENTATION_RELATIONSHIP(' ',' ',#4153,#4151)
REPRESENTATION_RELATIONSHIP_WITH_TRANSFORMATION(#488)
SHAPE_REPRESENTATION_RELATIONSHIP()
);
#422=(
REPRESENTATION_RELATIONSHIP(' ',' ',#4151,#4143)
REPRESENTATION_RELATIONSHIP_WITH_TRANSFORMATION(#489)
SHAPE_REPRESENTATION_RELATIONSHIP()
);
#423=(
REPRESENTATION_RELATIONSHIP(' ',' ',#4143,#4139)
REPRESENTATION_RELATIONSHIP_WITH_TRANSFORMATION(#490)
SHAPE_REPRESENTATION_RELATIONSHIP()
);
#424=(
REPRESENTATION_RELATIONSHIP(' ',' ',#4155,#4154)
REPRESENTATION_RELATIONSHIP_WITH_TRANSFORMATION(#491)
SHAPE_REPRESENTATION_RELATIONSHIP()
);
#425=(
REPRESENTATION_RELATIONSHIP(' ',' ',#4155,#4154)
REPRESENTATION_RELATIONSHIP_WITH_TRANSFORMATION(#492)
SHAPE_REPRESENTATION_RELATIONSHIP()
);
#426=(
REPRESENTATION_RELATIONSHIP(' ',' ',#4154,#4139)
REPRESENTATION_RELATIONSHIP_WITH_TRANSFORMATION(#493)
SHAPE_REPRESENTATION_RELATIONSHIP()
);
#427=(
REPRESENTATION_RELATIONSHIP(' ',' ',#4139,#4137)
REPRESENTATION_RELATIONSHIP_WITH_TRANSFORMATION(#494)
SHAPE_REPRESENTATION_RELATIONSHIP()
);
#428=(
REPRESENTATION_RELATIONSHIP(' ',' ',#4140,#4156)
REPRESENTATION_RELATIONSHIP_WITH_TRANSFORMATION(#495)
SHAPE_REPRESENTATION_RELATIONSHIP()
);
#429=(
REPRESENTATION_RELATIONSHIP(' ',' ',#4142,#4156)
REPRESENTATION_RELATIONSHIP_WITH_TRANSFORMATION(#496)
SHAPE_REPRESENTATION_RELATIONSHIP()
);
#430=(
REPRESENTATION_RELATIONSHIP(' ',' ',#4141,#4156)
REPRESENTATION_RELATIONSHIP_WITH_TRANSFORMATION(#497)
SHAPE_REPRESENTATION_RELATIONSHIP()
);
#431=(
REPRESENTATION_RELATIONSHIP(' ',' ',#4155,#4157)
REPRESENTATION_RELATIONSHIP_WITH_TRANSFORMATION(#498)
SHAPE_REPRESENTATION_RELATIONSHIP()
);
#432=(
REPRESENTATION_RELATIONSHIP(' ',' ',#4155,#4157)
REPRESENTATION_RELATIONSHIP_WITH_TRANSFORMATION(#499)
SHAPE_REPRESENTATION_RELATIONSHIP()
);
#433=(
REPRESENTATION_RELATIONSHIP(' ',' ',#4157,#4156)
REPRESENTATION_RELATIONSHIP_WITH_TRANSFORMATION(#500)
SHAPE_REPRESENTATION_RELATIONSHIP()
);
#434=(
REPRESENTATION_RELATIONSHIP(' ',' ',#4153,#4159)
REPRESENTATION_RELATIONSHIP_WITH_TRANSFORMATION(#501)
SHAPE_REPRESENTATION_RELATIONSHIP()
);
#435=(
REPRESENTATION_RELATIONSHIP(' ',' ',#4152,#4159)
REPRESENTATION_RELATIONSHIP_WITH_TRANSFORMATION(#502)
SHAPE_REPRESENTATION_RELATIONSHIP()
);
#436=(
REPRESENTATION_RELATIONSHIP(' ',' ',#4146,#4159)
REPRESENTATION_RELATIONSHIP_WITH_TRANSFORMATION(#503)
SHAPE_REPRESENTATION_RELATIONSHIP()
);
#437=(
REPRESENTATION_RELATIONSHIP(' ',' ',#4147,#4159)
REPRESENTATION_RELATIONSHIP_WITH_TRANSFORMATION(#504)
SHAPE_REPRESENTATION_RELATIONSHIP()
);
#438=(
REPRESENTATION_RELATIONSHIP(' ',' ',#4148,#4159)
REPRESENTATION_RELATIONSHIP_WITH_TRANSFORMATION(#505)
SHAPE_REPRESENTATION_RELATIONSHIP()
);
#439=(
REPRESENTATION_RELATIONSHIP(' ',' ',#4145,#4159)
REPRESENTATION_RELATIONSHIP_WITH_TRANSFORMATION(#506)
SHAPE_REPRESENTATION_RELATIONSHIP()
);
#440=(
REPRESENTATION_RELATIONSHIP(' ',' ',#4159,#4158)
REPRESENTATION_RELATIONSHIP_WITH_TRANSFORMATION(#507)
SHAPE_REPRESENTATION_RELATIONSHIP()
);
#441=(
REPRESENTATION_RELATIONSHIP(' ',' ',#4150,#4160)
REPRESENTATION_RELATIONSHIP_WITH_TRANSFORMATION(#508)
SHAPE_REPRESENTATION_RELATIONSHIP()
);
#442=(
REPRESENTATION_RELATIONSHIP(' ',' ',#4147,#4160)
REPRESENTATION_RELATIONSHIP_WITH_TRANSFORMATION(#509)
SHAPE_REPRESENTATION_RELATIONSHIP()
);
#443=(
REPRESENTATION_RELATIONSHIP(' ',' ',#4148,#4160)
REPRESENTATION_RELATIONSHIP_WITH_TRANSFORMATION(#510)
SHAPE_REPRESENTATION_RELATIONSHIP()
);
#444=(
REPRESENTATION_RELATIONSHIP(' ',' ',#4145,#4160)
REPRESENTATION_RELATIONSHIP_WITH_TRANSFORMATION(#511)
SHAPE_REPRESENTATION_RELATIONSHIP()
);
#445=(
REPRESENTATION_RELATIONSHIP(' ',' ',#4146,#4160)
REPRESENTATION_RELATIONSHIP_WITH_TRANSFORMATION(#512)
SHAPE_REPRESENTATION_RELATIONSHIP()
);
#446=(
REPRESENTATION_RELATIONSHIP(' ',' ',#4149,#4160)
REPRESENTATION_RELATIONSHIP_WITH_TRANSFORMATION(#513)
SHAPE_REPRESENTATION_RELATIONSHIP()
);
#447=(
REPRESENTATION_RELATIONSHIP(' ',' ',#4160,#4158)
REPRESENTATION_RELATIONSHIP_WITH_TRANSFORMATION(#514)
SHAPE_REPRESENTATION_RELATIONSHIP()
);
#448=(
REPRESENTATION_RELATIONSHIP(' ',' ',#4158,#4156)
REPRESENTATION_RELATIONSHIP_WITH_TRANSFORMATION(#515)
SHAPE_REPRESENTATION_RELATIONSHIP()
);
#449=(
REPRESENTATION_RELATIONSHIP(' ',' ',#4156,#4137)
REPRESENTATION_RELATIONSHIP_WITH_TRANSFORMATION(#516)
SHAPE_REPRESENTATION_RELATIONSHIP()
);
#450=(
REPRESENTATION_RELATIONSHIP(' ',' ',#4140,#4161)
REPRESENTATION_RELATIONSHIP_WITH_TRANSFORMATION(#517)
SHAPE_REPRESENTATION_RELATIONSHIP()
);
#451=(
REPRESENTATION_RELATIONSHIP(' ',' ',#4142,#4161)
REPRESENTATION_RELATIONSHIP_WITH_TRANSFORMATION(#518)
SHAPE_REPRESENTATION_RELATIONSHIP()
);
#452=(
REPRESENTATION_RELATIONSHIP(' ',' ',#4141,#4161)
REPRESENTATION_RELATIONSHIP_WITH_TRANSFORMATION(#519)
SHAPE_REPRESENTATION_RELATIONSHIP()
);
#453=(
REPRESENTATION_RELATIONSHIP(' ',' ',#4153,#4163)
REPRESENTATION_RELATIONSHIP_WITH_TRANSFORMATION(#520)
SHAPE_REPRESENTATION_RELATIONSHIP()
);
#454=(
REPRESENTATION_RELATIONSHIP(' ',' ',#4152,#4163)
REPRESENTATION_RELATIONSHIP_WITH_TRANSFORMATION(#521)
SHAPE_REPRESENTATION_RELATIONSHIP()
);
#455=(
REPRESENTATION_RELATIONSHIP(' ',' ',#4145,#4163)
REPRESENTATION_RELATIONSHIP_WITH_TRANSFORMATION(#522)
SHAPE_REPRESENTATION_RELATIONSHIP()
);
#456=(
REPRESENTATION_RELATIONSHIP(' ',' ',#4146,#4163)
REPRESENTATION_RELATIONSHIP_WITH_TRANSFORMATION(#523)
SHAPE_REPRESENTATION_RELATIONSHIP()
);
#457=(
REPRESENTATION_RELATIONSHIP(' ',' ',#4147,#4163)
REPRESENTATION_RELATIONSHIP_WITH_TRANSFORMATION(#524)
SHAPE_REPRESENTATION_RELATIONSHIP()
);
#458=(
REPRESENTATION_RELATIONSHIP(' ',' ',#4148,#4163)
REPRESENTATION_RELATIONSHIP_WITH_TRANSFORMATION(#525)
SHAPE_REPRESENTATION_RELATIONSHIP()
);
#459=(
REPRESENTATION_RELATIONSHIP(' ',' ',#4163,#4162)
REPRESENTATION_RELATIONSHIP_WITH_TRANSFORMATION(#526)
SHAPE_REPRESENTATION_RELATIONSHIP()
);
#460=(
REPRESENTATION_RELATIONSHIP(' ',' ',#4146,#4164)
REPRESENTATION_RELATIONSHIP_WITH_TRANSFORMATION(#527)
SHAPE_REPRESENTATION_RELATIONSHIP()
);
#461=(
REPRESENTATION_RELATIONSHIP(' ',' ',#4147,#4164)
REPRESENTATION_RELATIONSHIP_WITH_TRANSFORMATION(#528)
SHAPE_REPRESENTATION_RELATIONSHIP()
);
#462=(
REPRESENTATION_RELATIONSHIP(' ',' ',#4148,#4164)
REPRESENTATION_RELATIONSHIP_WITH_TRANSFORMATION(#529)
SHAPE_REPRESENTATION_RELATIONSHIP()
);
#463=(
REPRESENTATION_RELATIONSHIP(' ',' ',#4145,#4164)
REPRESENTATION_RELATIONSHIP_WITH_TRANSFORMATION(#530)
SHAPE_REPRESENTATION_RELATIONSHIP()
);
#464=(
REPRESENTATION_RELATIONSHIP(' ',' ',#4150,#4164)
REPRESENTATION_RELATIONSHIP_WITH_TRANSFORMATION(#531)
SHAPE_REPRESENTATION_RELATIONSHIP()
);
#465=(
REPRESENTATION_RELATIONSHIP(' ',' ',#4149,#4164)
REPRESENTATION_RELATIONSHIP_WITH_TRANSFORMATION(#532)
SHAPE_REPRESENTATION_RELATIONSHIP()
);
#466=(
REPRESENTATION_RELATIONSHIP(' ',' ',#4164,#4162)
REPRESENTATION_RELATIONSHIP_WITH_TRANSFORMATION(#533)
SHAPE_REPRESENTATION_RELATIONSHIP()
);
#467=(
REPRESENTATION_RELATIONSHIP(' ',' ',#4162,#4161)
REPRESENTATION_RELATIONSHIP_WITH_TRANSFORMATION(#534)
SHAPE_REPRESENTATION_RELATIONSHIP()
);
#468=(
REPRESENTATION_RELATIONSHIP(' ',' ',#4155,#4165)
REPRESENTATION_RELATIONSHIP_WITH_TRANSFORMATION(#535)
SHAPE_REPRESENTATION_RELATIONSHIP()
);
#469=(
REPRESENTATION_RELATIONSHIP(' ',' ',#4155,#4165)
REPRESENTATION_RELATIONSHIP_WITH_TRANSFORMATION(#536)
SHAPE_REPRESENTATION_RELATIONSHIP()
);
#470=(
REPRESENTATION_RELATIONSHIP(' ',' ',#4165,#4161)
REPRESENTATION_RELATIONSHIP_WITH_TRANSFORMATION(#537)
SHAPE_REPRESENTATION_RELATIONSHIP()
);
#471=(
REPRESENTATION_RELATIONSHIP(' ',' ',#4161,#4137)
REPRESENTATION_RELATIONSHIP_WITH_TRANSFORMATION(#538)
SHAPE_REPRESENTATION_RELATIONSHIP()
);
#472=ITEM_DEFINED_TRANSFORMATION(' ',' ',#4166,#4173);
#473=ITEM_DEFINED_TRANSFORMATION(' ',' ',#4166,#4193);
#474=ITEM_DEFINED_TRANSFORMATION(' ',' ',#4166,#4218);
#475=ITEM_DEFINED_TRANSFORMATION(' ',' ',#4166,#4288);
#476=ITEM_DEFINED_TRANSFORMATION(' ',' ',#4166,#4305);
#477=ITEM_DEFINED_TRANSFORMATION(' ',' ',#4166,#4374);
#478=ITEM_DEFINED_TRANSFORMATION(' ',' ',#4166,#4428);
#479=ITEM_DEFINED_TRANSFORMATION(' ',' ',#4166,#4445);
#480=ITEM_DEFINED_TRANSFORMATION(' ',' ',#4166,#4467);
#481=ITEM_DEFINED_TRANSFORMATION(' ',' ',#4166,#4488);
#482=ITEM_DEFINED_TRANSFORMATION(' ',' ',#4166,#4489);
#483=ITEM_DEFINED_TRANSFORMATION(' ',' ',#4166,#4490);
#484=ITEM_DEFINED_TRANSFORMATION(' ',' ',#4166,#4515);
#485=ITEM_DEFINED_TRANSFORMATION(' ',' ',#4166,#4516);
#486=ITEM_DEFINED_TRANSFORMATION(' ',' ',#4166,#4517);
#487=ITEM_DEFINED_TRANSFORMATION(' ',' ',#4166,#4518);
#488=ITEM_DEFINED_TRANSFORMATION(' ',' ',#4166,#4543);
#489=ITEM_DEFINED_TRANSFORMATION(' ',' ',#4166,#4544);
#490=ITEM_DEFINED_TRANSFORMATION(' ',' ',#4166,#4545);
#491=ITEM_DEFINED_TRANSFORMATION(' ',' ',#4166,#4571);
#492=ITEM_DEFINED_TRANSFORMATION(' ',' ',#4166,#4572);
#493=ITEM_DEFINED_TRANSFORMATION(' ',' ',#4166,#4573);
#494=ITEM_DEFINED_TRANSFORMATION(' ',' ',#4166,#4574);
#495=ITEM_DEFINED_TRANSFORMATION(' ',' ',#4166,#4575);
#496=ITEM_DEFINED_TRANSFORMATION(' ',' ',#4166,#4576);
#497=ITEM_DEFINED_TRANSFORMATION(' ',' ',#4166,#4577);
#498=ITEM_DEFINED_TRANSFORMATION(' ',' ',#4166,#4578);
#499=ITEM_DEFINED_TRANSFORMATION(' ',' ',#4166,#4579);
#500=ITEM_DEFINED_TRANSFORMATION(' ',' ',#4166,#4580);
#501=ITEM_DEFINED_TRANSFORMATION(' ',' ',#4166,#4581);
#502=ITEM_DEFINED_TRANSFORMATION(' ',' ',#4166,#4582);
#503=ITEM_DEFINED_TRANSFORMATION(' ',' ',#4166,#4583);
#504=ITEM_DEFINED_TRANSFORMATION(' ',' ',#4166,#4584);
#505=ITEM_DEFINED_TRANSFORMATION(' ',' ',#4166,#4585);
#506=ITEM_DEFINED_TRANSFORMATION(' ',' ',#4166,#4586);
#507=ITEM_DEFINED_TRANSFORMATION(' ',' ',#4166,#4587);
#508=ITEM_DEFINED_TRANSFORMATION(' ',' ',#4166,#4588);
#509=ITEM_DEFINED_TRANSFORMATION(' ',' ',#4166,#4589);
#510=ITEM_DEFINED_TRANSFORMATION(' ',' ',#4166,#4590);
#511=ITEM_DEFINED_TRANSFORMATION(' ',' ',#4166,#4591);
#512=ITEM_DEFINED_TRANSFORMATION(' ',' ',#4166,#4592);
#513=ITEM_DEFINED_TRANSFORMATION(' ',' ',#4166,#4593);
#514=ITEM_DEFINED_TRANSFORMATION(' ',' ',#4166,#4594);
#515=ITEM_DEFINED_TRANSFORMATION(' ',' ',#4166,#4595);
#516=ITEM_DEFINED_TRANSFORMATION(' ',' ',#4166,#4596);
#517=ITEM_DEFINED_TRANSFORMATION(' ',' ',#4166,#4597);
#518=ITEM_DEFINED_TRANSFORMATION(' ',' ',#4166,#4598);
#519=ITEM_DEFINED_TRANSFORMATION(' ',' ',#4166,#4599);
#520=ITEM_DEFINED_TRANSFORMATION(' ',' ',#4166,#4600);
#521=ITEM_DEFINED_TRANSFORMATION(' ',' ',#4166,#4601);
#522=ITEM_DEFINED_TRANSFORMATION(' ',' ',#4166,#4602);
#523=ITEM_DEFINED_TRANSFORMATION(' ',' ',#4166,#4603);
#524=ITEM_DEFINED_TRANSFORMATION(' ',' ',#4166,#4604);
#525=ITEM_DEFINED_TRANSFORMATION(' ',' ',#4166,#4605);
#526=ITEM_DEFINED_TRANSFORMATION(' ',' ',#4166,#4606);
#527=ITEM_DEFINED_TRANSFORMATION(' ',' ',#4166,#4607);
#528=ITEM_DEFINED_TRANSFORMATION(' ',' ',#4166,#4608);
#529=ITEM_DEFINED_TRANSFORMATION(' ',' ',#4166,#4609);
#530=ITEM_DEFINED_TRANSFORMATION(' ',' ',#4166,#4610);
#531=ITEM_DEFINED_TRANSFORMATION(' ',' ',#4166,#4611);
#532=ITEM_DEFINED_TRANSFORMATION(' ',' ',#4166,#4612);
#533=ITEM_DEFINED_TRANSFORMATION(' ',' ',#4166,#4613);
#534=ITEM_DEFINED_TRANSFORMATION(' ',' ',#4166,#4614);
#535=ITEM_DEFINED_TRANSFORMATION(' ',' ',#4166,#4615);
#536=ITEM_DEFINED_TRANSFORMATION(' ',' ',#4166,#4616);
#537=ITEM_DEFINED_TRANSFORMATION(' ',' ',#4166,#4617);
#538=ITEM_DEFINED_TRANSFORMATION(' ',' ',#4166,#4618);
#539=SHAPE_REPRESENTATION_RELATIONSHIP('','',#4138,#552);
#540=SHAPE_REPRESENTATION_RELATIONSHIP('','',#4140,#553);
#541=SHAPE_REPRESENTATION_RELATIONSHIP('','',#4141,#554);
#542=SHAPE_REPRESENTATION_RELATIONSHIP('','',#4142,#555);
#543=SHAPE_REPRESENTATION_RELATIONSHIP('','',#4145,#556);
#544=SHAPE_REPRESENTATION_RELATIONSHIP('','',#4146,#557);
#545=SHAPE_REPRESENTATION_RELATIONSHIP('','',#4147,#558);
#546=SHAPE_REPRESENTATION_RELATIONSHIP('','',#4148,#559);
#547=SHAPE_REPRESENTATION_RELATIONSHIP('','',#4149,#560);
#548=SHAPE_REPRESENTATION_RELATIONSHIP('','',#4150,#561);
#549=SHAPE_REPRESENTATION_RELATIONSHIP('','',#4152,#562);
#550=SHAPE_REPRESENTATION_RELATIONSHIP('','',#4153,#563);
#551=SHAPE_REPRESENTATION_RELATIONSHIP('','',#4155,#564);
#552=ADVANCED_BREP_SHAPE_REPRESENTATION('',(#4095),#6962);
#553=ADVANCED_BREP_SHAPE_REPRESENTATION('',(#4096),#6964);
#554=ADVANCED_BREP_SHAPE_REPRESENTATION('',(#4097),#6965);
#555=ADVANCED_BREP_SHAPE_REPRESENTATION('',(#4098),#6966);
#556=ADVANCED_BREP_SHAPE_REPRESENTATION('',(#4099),#6969);
#557=ADVANCED_BREP_SHAPE_REPRESENTATION('',(#4100),#6970);
#558=ADVANCED_BREP_SHAPE_REPRESENTATION('',(#4101),#6971);
#559=ADVANCED_BREP_SHAPE_REPRESENTATION('',(#4102),#6972);
#560=ADVANCED_BREP_SHAPE_REPRESENTATION('',(#4103),#6973);
#561=ADVANCED_BREP_SHAPE_REPRESENTATION('',(#4104),#6974);
#562=ADVANCED_BREP_SHAPE_REPRESENTATION('',(#4105),#6976);
#563=ADVANCED_BREP_SHAPE_REPRESENTATION('',(#4106),#6977);
#564=ADVANCED_BREP_SHAPE_REPRESENTATION('',(#4107),#6979);
#565=ORIENTED_EDGE('',*,*,#1547,.F.);
#566=ORIENTED_EDGE('',*,*,#1548,.F.);
#567=ORIENTED_EDGE('',*,*,#1549,.T.);
#568=ORIENTED_EDGE('',*,*,#1550,.T.);
#569=ORIENTED_EDGE('',*,*,#1551,.T.);
#570=ORIENTED_EDGE('',*,*,#1552,.F.);
#571=ORIENTED_EDGE('',*,*,#1553,.F.);
#572=ORIENTED_EDGE('',*,*,#1548,.T.);
#573=ORIENTED_EDGE('',*,*,#1554,.T.);
#574=ORIENTED_EDGE('',*,*,#1555,.F.);
#575=ORIENTED_EDGE('',*,*,#1556,.F.);
#576=ORIENTED_EDGE('',*,*,#1552,.T.);
#577=ORIENTED_EDGE('',*,*,#1557,.F.);
#578=ORIENTED_EDGE('',*,*,#1550,.F.);
#579=ORIENTED_EDGE('',*,*,#1558,.T.);
#580=ORIENTED_EDGE('',*,*,#1555,.T.);
#581=ORIENTED_EDGE('',*,*,#1549,.F.);
#582=ORIENTED_EDGE('',*,*,#1553,.T.);
#583=ORIENTED_EDGE('',*,*,#1556,.T.);
#584=ORIENTED_EDGE('',*,*,#1558,.F.);
#585=ORIENTED_EDGE('',*,*,#1547,.T.);
#586=ORIENTED_EDGE('',*,*,#1557,.T.);
#587=ORIENTED_EDGE('',*,*,#1554,.F.);
#588=ORIENTED_EDGE('',*,*,#1551,.F.);
#589=ORIENTED_EDGE('',*,*,#1559,.T.);
#590=ORIENTED_EDGE('',*,*,#1560,.T.);
#591=ORIENTED_EDGE('',*,*,#1561,.T.);
#592=ORIENTED_EDGE('',*,*,#1562,.T.);
#593=ORIENTED_EDGE('',*,*,#1563,.T.);
#594=ORIENTED_EDGE('',*,*,#1564,.T.);
#595=ORIENTED_EDGE('',*,*,#1565,.T.);
#596=ORIENTED_EDGE('',*,*,#1559,.F.);
#597=ORIENTED_EDGE('',*,*,#1566,.T.);
#598=ORIENTED_EDGE('',*,*,#1567,.T.);
#599=ORIENTED_EDGE('',*,*,#1568,.T.);
#600=ORIENTED_EDGE('',*,*,#1569,.T.);
#601=ORIENTED_EDGE('',*,*,#1570,.T.);
#602=ORIENTED_EDGE('',*,*,#1571,.T.);
#603=ORIENTED_EDGE('',*,*,#1572,.T.);
#604=ORIENTED_EDGE('',*,*,#1566,.F.);
#605=ORIENTED_EDGE('',*,*,#1568,.F.);
#606=ORIENTED_EDGE('',*,*,#1573,.T.);
#607=ORIENTED_EDGE('',*,*,#1574,.F.);
#608=ORIENTED_EDGE('',*,*,#1575,.F.);
#609=ORIENTED_EDGE('',*,*,#1567,.F.);
#610=ORIENTED_EDGE('',*,*,#1576,.T.);
#611=ORIENTED_EDGE('',*,*,#1577,.F.);
#612=ORIENTED_EDGE('',*,*,#1573,.F.);
#613=ORIENTED_EDGE('',*,*,#1572,.F.);
#614=ORIENTED_EDGE('',*,*,#1578,.T.);
#615=ORIENTED_EDGE('',*,*,#1579,.F.);
#616=ORIENTED_EDGE('',*,*,#1576,.F.);
#617=ORIENTED_EDGE('',*,*,#1571,.F.);
#618=ORIENTED_EDGE('',*,*,#1580,.T.);
#619=ORIENTED_EDGE('',*,*,#1581,.F.);
#620=ORIENTED_EDGE('',*,*,#1578,.F.);
#621=ORIENTED_EDGE('',*,*,#1570,.F.);
#622=ORIENTED_EDGE('',*,*,#1582,.T.);
#623=ORIENTED_EDGE('',*,*,#1583,.F.);
#624=ORIENTED_EDGE('',*,*,#1580,.F.);
#625=ORIENTED_EDGE('',*,*,#1569,.F.);
#626=ORIENTED_EDGE('',*,*,#1575,.T.);
#627=ORIENTED_EDGE('',*,*,#1584,.F.);
#628=ORIENTED_EDGE('',*,*,#1582,.F.);
#629=ORIENTED_EDGE('',*,*,#1574,.T.);
#630=ORIENTED_EDGE('',*,*,#1577,.T.);
#631=ORIENTED_EDGE('',*,*,#1579,.T.);
#632=ORIENTED_EDGE('',*,*,#1581,.T.);
#633=ORIENTED_EDGE('',*,*,#1583,.T.);
#634=ORIENTED_EDGE('',*,*,#1584,.T.);
#635=ORIENTED_EDGE('',*,*,#1561,.F.);
#636=ORIENTED_EDGE('',*,*,#1585,.F.);
#637=ORIENTED_EDGE('',*,*,#1586,.F.);
#638=ORIENTED_EDGE('',*,*,#1587,.T.);
#639=ORIENTED_EDGE('',*,*,#1560,.F.);
#640=ORIENTED_EDGE('',*,*,#1588,.F.);
#641=ORIENTED_EDGE('',*,*,#1589,.F.);
#642=ORIENTED_EDGE('',*,*,#1585,.T.);
#643=ORIENTED_EDGE('',*,*,#1565,.F.);
#644=ORIENTED_EDGE('',*,*,#1590,.F.);
#645=ORIENTED_EDGE('',*,*,#1591,.F.);
#646=ORIENTED_EDGE('',*,*,#1588,.T.);
#647=ORIENTED_EDGE('',*,*,#1564,.F.);
#648=ORIENTED_EDGE('',*,*,#1592,.F.);
#649=ORIENTED_EDGE('',*,*,#1593,.F.);
#650=ORIENTED_EDGE('',*,*,#1590,.T.);
#651=ORIENTED_EDGE('',*,*,#1563,.F.);
#652=ORIENTED_EDGE('',*,*,#1594,.F.);
#653=ORIENTED_EDGE('',*,*,#1595,.F.);
#654=ORIENTED_EDGE('',*,*,#1592,.T.);
#655=ORIENTED_EDGE('',*,*,#1562,.F.);
#656=ORIENTED_EDGE('',*,*,#1587,.F.);
#657=ORIENTED_EDGE('',*,*,#1596,.F.);
#658=ORIENTED_EDGE('',*,*,#1594,.T.);
#659=ORIENTED_EDGE('',*,*,#1586,.T.);
#660=ORIENTED_EDGE('',*,*,#1589,.T.);
#661=ORIENTED_EDGE('',*,*,#1591,.T.);
#662=ORIENTED_EDGE('',*,*,#1593,.T.);
#663=ORIENTED_EDGE('',*,*,#1595,.T.);
#664=ORIENTED_EDGE('',*,*,#1596,.T.);
#665=ORIENTED_EDGE('',*,*,#1597,.F.);
#666=ORIENTED_EDGE('',*,*,#1598,.T.);
#667=ORIENTED_EDGE('',*,*,#1598,.F.);
#668=ORIENTED_EDGE('',*,*,#1599,.T.);
#669=ORIENTED_EDGE('',*,*,#1599,.F.);
#670=ORIENTED_EDGE('',*,*,#1600,.T.);
#671=ORIENTED_EDGE('',*,*,#1600,.F.);
#672=ORIENTED_EDGE('',*,*,#1601,.T.);
#673=ORIENTED_EDGE('',*,*,#1601,.F.);
#674=ORIENTED_EDGE('',*,*,#1602,.T.);
#675=ORIENTED_EDGE('',*,*,#1602,.F.);
#676=ORIENTED_EDGE('',*,*,#1603,.T.);
#677=ORIENTED_EDGE('',*,*,#1603,.F.);
#678=ORIENTED_EDGE('',*,*,#1604,.T.);
#679=ORIENTED_EDGE('',*,*,#1604,.F.);
#680=ORIENTED_EDGE('',*,*,#1605,.T.);
#681=ORIENTED_EDGE('',*,*,#1605,.F.);
#682=ORIENTED_EDGE('',*,*,#1606,.T.);
#683=ORIENTED_EDGE('',*,*,#1606,.F.);
#684=ORIENTED_EDGE('',*,*,#1607,.T.);
#685=ORIENTED_EDGE('',*,*,#1607,.F.);
#686=ORIENTED_EDGE('',*,*,#1608,.T.);
#687=ORIENTED_EDGE('',*,*,#1608,.F.);
#688=ORIENTED_EDGE('',*,*,#1597,.T.);
#689=ORIENTED_EDGE('',*,*,#1609,.F.);
#690=ORIENTED_EDGE('',*,*,#1610,.T.);
#691=ORIENTED_EDGE('',*,*,#1611,.F.);
#692=ORIENTED_EDGE('',*,*,#1612,.F.);
#693=ORIENTED_EDGE('',*,*,#1613,.T.);
#694=ORIENTED_EDGE('',*,*,#1614,.T.);
#695=ORIENTED_EDGE('',*,*,#1615,.T.);
#696=ORIENTED_EDGE('',*,*,#1616,.F.);
#697=ORIENTED_EDGE('',*,*,#1617,.F.);
#698=ORIENTED_EDGE('',*,*,#1612,.T.);
#699=ORIENTED_EDGE('',*,*,#1618,.F.);
#700=ORIENTED_EDGE('',*,*,#1619,.F.);
#701=ORIENTED_EDGE('',*,*,#1620,.T.);
#702=ORIENTED_EDGE('',*,*,#1616,.T.);
#703=ORIENTED_EDGE('',*,*,#1621,.T.);
#704=ORIENTED_EDGE('',*,*,#1622,.F.);
#705=ORIENTED_EDGE('',*,*,#1623,.F.);
#706=ORIENTED_EDGE('',*,*,#1619,.T.);
#707=ORIENTED_EDGE('',*,*,#1624,.F.);
#708=ORIENTED_EDGE('',*,*,#1625,.F.);
#709=ORIENTED_EDGE('',*,*,#1626,.T.);
#710=ORIENTED_EDGE('',*,*,#1622,.T.);
#711=ORIENTED_EDGE('',*,*,#1627,.F.);
#712=ORIENTED_EDGE('',*,*,#1628,.F.);
#713=ORIENTED_EDGE('',*,*,#1629,.T.);
#714=ORIENTED_EDGE('',*,*,#1625,.T.);
#715=ORIENTED_EDGE('',*,*,#1630,.F.);
#716=ORIENTED_EDGE('',*,*,#1631,.F.);
#717=ORIENTED_EDGE('',*,*,#1632,.T.);
#718=ORIENTED_EDGE('',*,*,#1628,.T.);
#719=ORIENTED_EDGE('',*,*,#1633,.F.);
#720=ORIENTED_EDGE('',*,*,#1634,.F.);
#721=ORIENTED_EDGE('',*,*,#1635,.T.);
#722=ORIENTED_EDGE('',*,*,#1631,.T.);
#723=ORIENTED_EDGE('',*,*,#1636,.F.);
#724=ORIENTED_EDGE('',*,*,#1637,.F.);
#725=ORIENTED_EDGE('',*,*,#1638,.T.);
#726=ORIENTED_EDGE('',*,*,#1634,.T.);
#727=ORIENTED_EDGE('',*,*,#1639,.T.);
#728=ORIENTED_EDGE('',*,*,#1640,.F.);
#729=ORIENTED_EDGE('',*,*,#1641,.F.);
#730=ORIENTED_EDGE('',*,*,#1642,.T.);
#731=ORIENTED_EDGE('',*,*,#1643,.T.);
#732=ORIENTED_EDGE('',*,*,#1644,.F.);
#733=ORIENTED_EDGE('',*,*,#1645,.F.);
#734=ORIENTED_EDGE('',*,*,#1640,.T.);
#735=ORIENTED_EDGE('',*,*,#1646,.F.);
#736=ORIENTED_EDGE('',*,*,#1647,.F.);
#737=ORIENTED_EDGE('',*,*,#1648,.T.);
#738=ORIENTED_EDGE('',*,*,#1644,.T.);
#739=ORIENTED_EDGE('',*,*,#1649,.F.);
#740=ORIENTED_EDGE('',*,*,#1650,.F.);
#741=ORIENTED_EDGE('',*,*,#1651,.T.);
#742=ORIENTED_EDGE('',*,*,#1647,.T.);
#743=ORIENTED_EDGE('',*,*,#1652,.T.);
#744=ORIENTED_EDGE('',*,*,#1653,.F.);
#745=ORIENTED_EDGE('',*,*,#1654,.F.);
#746=ORIENTED_EDGE('',*,*,#1650,.T.);
#747=ORIENTED_EDGE('',*,*,#1655,.F.);
#748=ORIENTED_EDGE('',*,*,#1656,.F.);
#749=ORIENTED_EDGE('',*,*,#1657,.T.);
#750=ORIENTED_EDGE('',*,*,#1653,.T.);
#751=ORIENTED_EDGE('',*,*,#1658,.T.);
#752=ORIENTED_EDGE('',*,*,#1659,.F.);
#753=ORIENTED_EDGE('',*,*,#1660,.F.);
#754=ORIENTED_EDGE('',*,*,#1656,.T.);
#755=ORIENTED_EDGE('',*,*,#1661,.T.);
#756=ORIENTED_EDGE('',*,*,#1662,.F.);
#757=ORIENTED_EDGE('',*,*,#1663,.F.);
#758=ORIENTED_EDGE('',*,*,#1659,.T.);
#759=ORIENTED_EDGE('',*,*,#1664,.T.);
#760=ORIENTED_EDGE('',*,*,#1665,.F.);
#761=ORIENTED_EDGE('',*,*,#1666,.F.);
#762=ORIENTED_EDGE('',*,*,#1662,.T.);
#763=ORIENTED_EDGE('',*,*,#1667,.F.);
#764=ORIENTED_EDGE('',*,*,#1668,.F.);
#765=ORIENTED_EDGE('',*,*,#1669,.T.);
#766=ORIENTED_EDGE('',*,*,#1670,.T.);
#767=ORIENTED_EDGE('',*,*,#1671,.F.);
#768=ORIENTED_EDGE('',*,*,#1672,.F.);
#769=ORIENTED_EDGE('',*,*,#1673,.T.);
#770=ORIENTED_EDGE('',*,*,#1668,.T.);
#771=ORIENTED_EDGE('',*,*,#1674,.T.);
#772=ORIENTED_EDGE('',*,*,#1675,.F.);
#773=ORIENTED_EDGE('',*,*,#1676,.F.);
#774=ORIENTED_EDGE('',*,*,#1672,.T.);
#775=ORIENTED_EDGE('',*,*,#1677,.F.);
#776=ORIENTED_EDGE('',*,*,#1678,.F.);
#777=ORIENTED_EDGE('',*,*,#1679,.T.);
#778=ORIENTED_EDGE('',*,*,#1680,.T.);
#779=ORIENTED_EDGE('',*,*,#1681,.T.);
#780=ORIENTED_EDGE('',*,*,#1682,.F.);
#781=ORIENTED_EDGE('',*,*,#1683,.F.);
#782=ORIENTED_EDGE('',*,*,#1678,.T.);
#783=ORIENTED_EDGE('',*,*,#1684,.T.);
#784=ORIENTED_EDGE('',*,*,#1685,.F.);
#785=ORIENTED_EDGE('',*,*,#1686,.F.);
#786=ORIENTED_EDGE('',*,*,#1682,.T.);
#787=ORIENTED_EDGE('',*,*,#1687,.T.);
#788=ORIENTED_EDGE('',*,*,#1614,.F.);
#789=ORIENTED_EDGE('',*,*,#1688,.F.);
#790=ORIENTED_EDGE('',*,*,#1637,.T.);
#791=ORIENTED_EDGE('',*,*,#1689,.T.);
#792=ORIENTED_EDGE('',*,*,#1642,.F.);
#793=ORIENTED_EDGE('',*,*,#1690,.F.);
#794=ORIENTED_EDGE('',*,*,#1665,.T.);
#795=ORIENTED_EDGE('',*,*,#1691,.T.);
#796=ORIENTED_EDGE('',*,*,#1670,.F.);
#797=ORIENTED_EDGE('',*,*,#1692,.F.);
#798=ORIENTED_EDGE('',*,*,#1675,.T.);
#799=ORIENTED_EDGE('',*,*,#1693,.F.);
#800=ORIENTED_EDGE('',*,*,#1680,.F.);
#801=ORIENTED_EDGE('',*,*,#1694,.T.);
#802=ORIENTED_EDGE('',*,*,#1685,.T.);
#803=ORIENTED_EDGE('',*,*,#1695,.F.);
#804=ORIENTED_EDGE('',*,*,#1696,.F.);
#805=ORIENTED_EDGE('',*,*,#1679,.F.);
#806=ORIENTED_EDGE('',*,*,#1683,.T.);
#807=ORIENTED_EDGE('',*,*,#1686,.T.);
#808=ORIENTED_EDGE('',*,*,#1694,.F.);
#809=ORIENTED_EDGE('',*,*,#1669,.F.);
#810=ORIENTED_EDGE('',*,*,#1673,.F.);
#811=ORIENTED_EDGE('',*,*,#1676,.T.);
#812=ORIENTED_EDGE('',*,*,#1692,.T.);
#813=ORIENTED_EDGE('',*,*,#1641,.T.);
#814=ORIENTED_EDGE('',*,*,#1645,.T.);
#815=ORIENTED_EDGE('',*,*,#1648,.F.);
#816=ORIENTED_EDGE('',*,*,#1651,.F.);
#817=ORIENTED_EDGE('',*,*,#1654,.T.);
#818=ORIENTED_EDGE('',*,*,#1657,.F.);
#819=ORIENTED_EDGE('',*,*,#1660,.T.);
#820=ORIENTED_EDGE('',*,*,#1663,.T.);
#821=ORIENTED_EDGE('',*,*,#1666,.T.);
#822=ORIENTED_EDGE('',*,*,#1690,.T.);
#823=ORIENTED_EDGE('',*,*,#1613,.F.);
#824=ORIENTED_EDGE('',*,*,#1617,.T.);
#825=ORIENTED_EDGE('',*,*,#1620,.F.);
#826=ORIENTED_EDGE('',*,*,#1623,.T.);
#827=ORIENTED_EDGE('',*,*,#1626,.F.);
#828=ORIENTED_EDGE('',*,*,#1629,.F.);
#829=ORIENTED_EDGE('',*,*,#1632,.F.);
#830=ORIENTED_EDGE('',*,*,#1635,.F.);
#831=ORIENTED_EDGE('',*,*,#1638,.F.);
#832=ORIENTED_EDGE('',*,*,#1688,.T.);
#833=ORIENTED_EDGE('',*,*,#1697,.F.);
#834=ORIENTED_EDGE('',*,*,#1677,.T.);
#835=ORIENTED_EDGE('',*,*,#1693,.T.);
#836=ORIENTED_EDGE('',*,*,#1684,.F.);
#837=ORIENTED_EDGE('',*,*,#1681,.F.);
#838=ORIENTED_EDGE('',*,*,#1667,.T.);
#839=ORIENTED_EDGE('',*,*,#1691,.F.);
#840=ORIENTED_EDGE('',*,*,#1674,.F.);
#841=ORIENTED_EDGE('',*,*,#1671,.T.);
#842=ORIENTED_EDGE('',*,*,#1639,.F.);
#843=ORIENTED_EDGE('',*,*,#1689,.F.);
#844=ORIENTED_EDGE('',*,*,#1664,.F.);
#845=ORIENTED_EDGE('',*,*,#1661,.F.);
#846=ORIENTED_EDGE('',*,*,#1658,.F.);
#847=ORIENTED_EDGE('',*,*,#1655,.T.);
#848=ORIENTED_EDGE('',*,*,#1652,.F.);
#849=ORIENTED_EDGE('',*,*,#1649,.T.);
#850=ORIENTED_EDGE('',*,*,#1646,.T.);
#851=ORIENTED_EDGE('',*,*,#1643,.F.);
#852=ORIENTED_EDGE('',*,*,#1611,.T.);
#853=ORIENTED_EDGE('',*,*,#1687,.F.);
#854=ORIENTED_EDGE('',*,*,#1636,.T.);
#855=ORIENTED_EDGE('',*,*,#1633,.T.);
#856=ORIENTED_EDGE('',*,*,#1630,.T.);
#857=ORIENTED_EDGE('',*,*,#1627,.T.);
#858=ORIENTED_EDGE('',*,*,#1624,.T.);
#859=ORIENTED_EDGE('',*,*,#1621,.F.);
#860=ORIENTED_EDGE('',*,*,#1618,.T.);
#861=ORIENTED_EDGE('',*,*,#1615,.F.);
#862=ORIENTED_EDGE('',*,*,#1698,.T.);
#863=ORIENTED_EDGE('',*,*,#1699,.T.);
#864=ORIENTED_EDGE('',*,*,#1698,.F.);
#865=ORIENTED_EDGE('',*,*,#1699,.F.);
#866=ORIENTED_EDGE('',*,*,#1609,.T.);
#867=ORIENTED_EDGE('',*,*,#1697,.T.);
#868=ORIENTED_EDGE('',*,*,#1700,.F.);
#869=ORIENTED_EDGE('',*,*,#1700,.T.);
#870=ORIENTED_EDGE('',*,*,#1610,.F.);
#871=ORIENTED_EDGE('',*,*,#1701,.F.);
#872=ORIENTED_EDGE('',*,*,#1696,.T.);
#873=ORIENTED_EDGE('',*,*,#1701,.T.);
#874=ORIENTED_EDGE('',*,*,#1702,.F.);
#875=ORIENTED_EDGE('',*,*,#1695,.T.);
#876=ORIENTED_EDGE('',*,*,#1702,.T.);
#877=ORIENTED_EDGE('',*,*,#1703,.F.);
#878=ORIENTED_EDGE('',*,*,#1704,.F.);
#879=ORIENTED_EDGE('',*,*,#1705,.T.);
#880=ORIENTED_EDGE('',*,*,#1706,.T.);
#881=ORIENTED_EDGE('',*,*,#1707,.T.);
#882=ORIENTED_EDGE('',*,*,#1708,.F.);
#883=ORIENTED_EDGE('',*,*,#1709,.F.);
#884=ORIENTED_EDGE('',*,*,#1704,.T.);
#885=ORIENTED_EDGE('',*,*,#1710,.T.);
#886=ORIENTED_EDGE('',*,*,#1711,.F.);
#887=ORIENTED_EDGE('',*,*,#1712,.F.);
#888=ORIENTED_EDGE('',*,*,#1708,.T.);
#889=ORIENTED_EDGE('',*,*,#1713,.T.);
#890=ORIENTED_EDGE('',*,*,#1714,.F.);
#891=ORIENTED_EDGE('',*,*,#1715,.T.);
#892=ORIENTED_EDGE('',*,*,#1706,.F.);
#893=ORIENTED_EDGE('',*,*,#1716,.F.);
#894=ORIENTED_EDGE('',*,*,#1711,.T.);
#895=ORIENTED_EDGE('',*,*,#1717,.T.);
#896=ORIENTED_EDGE('',*,*,#1718,.F.);
#897=ORIENTED_EDGE('',*,*,#1705,.F.);
#898=ORIENTED_EDGE('',*,*,#1709,.T.);
#899=ORIENTED_EDGE('',*,*,#1712,.T.);
#900=ORIENTED_EDGE('',*,*,#1716,.T.);
#901=ORIENTED_EDGE('',*,*,#1713,.F.);
#902=ORIENTED_EDGE('',*,*,#1717,.F.);
#903=ORIENTED_EDGE('',*,*,#1703,.T.);
#904=ORIENTED_EDGE('',*,*,#1715,.F.);
#905=ORIENTED_EDGE('',*,*,#1710,.F.);
#906=ORIENTED_EDGE('',*,*,#1707,.F.);
#907=ORIENTED_EDGE('',*,*,#1714,.T.);
#908=ORIENTED_EDGE('',*,*,#1718,.T.);
#909=ORIENTED_EDGE('',*,*,#1719,.T.);
#910=ORIENTED_EDGE('',*,*,#1720,.T.);
#911=ORIENTED_EDGE('',*,*,#1721,.F.);
#912=ORIENTED_EDGE('',*,*,#1722,.F.);
#913=ORIENTED_EDGE('',*,*,#1723,.T.);
#914=ORIENTED_EDGE('',*,*,#1724,.F.);
#915=ORIENTED_EDGE('',*,*,#1725,.F.);
#916=ORIENTED_EDGE('',*,*,#1726,.F.);
#917=ORIENTED_EDGE('',*,*,#1727,.T.);
#918=ORIENTED_EDGE('',*,*,#1719,.F.);
#919=ORIENTED_EDGE('',*,*,#1728,.F.);
#920=ORIENTED_EDGE('',*,*,#1729,.T.);
#921=ORIENTED_EDGE('',*,*,#1730,.F.);
#922=ORIENTED_EDGE('',*,*,#1729,.F.);
#923=ORIENTED_EDGE('',*,*,#1731,.T.);
#924=ORIENTED_EDGE('',*,*,#1732,.T.);
#925=ORIENTED_EDGE('',*,*,#1733,.T.);
#926=ORIENTED_EDGE('',*,*,#1732,.F.);
#927=ORIENTED_EDGE('',*,*,#1734,.F.);
#928=ORIENTED_EDGE('',*,*,#1735,.T.);
#929=ORIENTED_EDGE('',*,*,#1736,.F.);
#930=ORIENTED_EDGE('',*,*,#1735,.F.);
#931=ORIENTED_EDGE('',*,*,#1737,.T.);
#932=ORIENTED_EDGE('',*,*,#1738,.T.);
#933=ORIENTED_EDGE('',*,*,#1739,.F.);
#934=ORIENTED_EDGE('',*,*,#1740,.F.);
#935=ORIENTED_EDGE('',*,*,#1741,.T.);
#936=ORIENTED_EDGE('',*,*,#1742,.T.);
#937=ORIENTED_EDGE('',*,*,#1743,.F.);
#938=ORIENTED_EDGE('',*,*,#1744,.F.);
#939=ORIENTED_EDGE('',*,*,#1745,.T.);
#940=ORIENTED_EDGE('',*,*,#1746,.F.);
#941=ORIENTED_EDGE('',*,*,#1747,.F.);
#942=ORIENTED_EDGE('',*,*,#1748,.T.);
#943=ORIENTED_EDGE('',*,*,#1749,.T.);
#944=ORIENTED_EDGE('',*,*,#1750,.T.);
#945=ORIENTED_EDGE('',*,*,#1751,.F.);
#946=ORIENTED_EDGE('',*,*,#1742,.F.);
#947=ORIENTED_EDGE('',*,*,#1752,.T.);
#948=ORIENTED_EDGE('',*,*,#1753,.T.);
#949=ORIENTED_EDGE('',*,*,#1754,.F.);
#950=ORIENTED_EDGE('',*,*,#1753,.F.);
#951=ORIENTED_EDGE('',*,*,#1755,.T.);
#952=ORIENTED_EDGE('',*,*,#1756,.T.);
#953=ORIENTED_EDGE('',*,*,#1757,.F.);
#954=ORIENTED_EDGE('',*,*,#1756,.F.);
#955=ORIENTED_EDGE('',*,*,#1758,.T.);
#956=ORIENTED_EDGE('',*,*,#1759,.T.);
#957=ORIENTED_EDGE('',*,*,#1760,.F.);
#958=ORIENTED_EDGE('',*,*,#1759,.F.);
#959=ORIENTED_EDGE('',*,*,#1761,.T.);
#960=ORIENTED_EDGE('',*,*,#1762,.T.);
#961=ORIENTED_EDGE('',*,*,#1721,.T.);
#962=ORIENTED_EDGE('',*,*,#1763,.T.);
#963=ORIENTED_EDGE('',*,*,#1764,.T.);
#964=ORIENTED_EDGE('',*,*,#1765,.F.);
#965=ORIENTED_EDGE('',*,*,#1766,.T.);
#966=ORIENTED_EDGE('',*,*,#1767,.T.);
#967=ORIENTED_EDGE('',*,*,#1738,.F.);
#968=ORIENTED_EDGE('',*,*,#1768,.F.);
#969=ORIENTED_EDGE('',*,*,#1769,.F.);
#970=ORIENTED_EDGE('',*,*,#1762,.F.);
#971=ORIENTED_EDGE('',*,*,#1770,.T.);
#972=ORIENTED_EDGE('',*,*,#1740,.T.);
#973=ORIENTED_EDGE('',*,*,#1771,.F.);
#974=ORIENTED_EDGE('',*,*,#1772,.T.);
#975=ORIENTED_EDGE('',*,*,#1741,.F.);
#976=ORIENTED_EDGE('',*,*,#1770,.F.);
#977=ORIENTED_EDGE('',*,*,#1761,.F.);
#978=ORIENTED_EDGE('',*,*,#1758,.F.);
#979=ORIENTED_EDGE('',*,*,#1755,.F.);
#980=ORIENTED_EDGE('',*,*,#1752,.F.);
#981=ORIENTED_EDGE('',*,*,#1722,.T.);
#982=ORIENTED_EDGE('',*,*,#1768,.T.);
#983=ORIENTED_EDGE('',*,*,#1737,.F.);
#984=ORIENTED_EDGE('',*,*,#1734,.T.);
#985=ORIENTED_EDGE('',*,*,#1731,.F.);
#986=ORIENTED_EDGE('',*,*,#1728,.T.);
#987=ORIENTED_EDGE('',*,*,#1771,.T.);
#988=ORIENTED_EDGE('',*,*,#1773,.F.);
#989=ORIENTED_EDGE('',*,*,#1774,.T.);
#990=ORIENTED_EDGE('',*,*,#1723,.F.);
#991=ORIENTED_EDGE('',*,*,#1730,.T.);
#992=ORIENTED_EDGE('',*,*,#1733,.F.);
#993=ORIENTED_EDGE('',*,*,#1736,.T.);
#994=ORIENTED_EDGE('',*,*,#1767,.F.);
#995=ORIENTED_EDGE('',*,*,#1775,.T.);
#996=ORIENTED_EDGE('',*,*,#1776,.T.);
#997=ORIENTED_EDGE('',*,*,#1743,.T.);
#998=ORIENTED_EDGE('',*,*,#1751,.T.);
#999=ORIENTED_EDGE('',*,*,#1754,.T.);
#1000=ORIENTED_EDGE('',*,*,#1757,.T.);
#1001=ORIENTED_EDGE('',*,*,#1760,.T.);
#1002=ORIENTED_EDGE('',*,*,#1769,.T.);
#1003=ORIENTED_EDGE('',*,*,#1739,.T.);
#1004=ORIENTED_EDGE('',*,*,#1777,.F.);
#1005=ORIENTED_EDGE('',*,*,#1778,.F.);
#1006=ORIENTED_EDGE('',*,*,#1772,.F.);
#1007=ORIENTED_EDGE('',*,*,#1779,.F.);
#1008=ORIENTED_EDGE('',*,*,#1780,.F.);
#1009=ORIENTED_EDGE('',*,*,#1781,.T.);
#1010=ORIENTED_EDGE('',*,*,#1782,.F.);
#1011=ORIENTED_EDGE('',*,*,#1783,.F.);
#1012=ORIENTED_EDGE('',*,*,#1765,.T.);
#1013=ORIENTED_EDGE('',*,*,#1784,.F.);
#1014=ORIENTED_EDGE('',*,*,#1785,.T.);
#1015=ORIENTED_EDGE('',*,*,#1786,.F.);
#1016=ORIENTED_EDGE('',*,*,#1725,.T.);
#1017=ORIENTED_EDGE('',*,*,#1787,.F.);
#1018=ORIENTED_EDGE('',*,*,#1788,.T.);
#1019=ORIENTED_EDGE('',*,*,#1749,.F.);
#1020=ORIENTED_EDGE('',*,*,#1789,.F.);
#1021=ORIENTED_EDGE('',*,*,#1790,.F.);
#1022=ORIENTED_EDGE('',*,*,#1791,.F.);
#1023=ORIENTED_EDGE('',*,*,#1792,.F.);
#1024=ORIENTED_EDGE('',*,*,#1793,.F.);
#1025=ORIENTED_EDGE('',*,*,#1745,.F.);
#1026=ORIENTED_EDGE('',*,*,#1786,.T.);
#1027=ORIENTED_EDGE('',*,*,#1794,.F.);
#1028=ORIENTED_EDGE('',*,*,#1795,.F.);
#1029=ORIENTED_EDGE('',*,*,#1726,.T.);
#1030=ORIENTED_EDGE('',*,*,#1785,.F.);
#1031=ORIENTED_EDGE('',*,*,#1796,.F.);
#1032=ORIENTED_EDGE('',*,*,#1797,.T.);
#1033=ORIENTED_EDGE('',*,*,#1794,.T.);
#1034=ORIENTED_EDGE('',*,*,#1784,.T.);
#1035=ORIENTED_EDGE('',*,*,#1764,.F.);
#1036=ORIENTED_EDGE('',*,*,#1798,.F.);
#1037=ORIENTED_EDGE('',*,*,#1796,.T.);
#1038=ORIENTED_EDGE('',*,*,#1793,.T.);
#1039=ORIENTED_EDGE('',*,*,#1799,.F.);
#1040=ORIENTED_EDGE('',*,*,#1800,.F.);
#1041=ORIENTED_EDGE('',*,*,#1746,.T.);
#1042=ORIENTED_EDGE('',*,*,#1792,.T.);
#1043=ORIENTED_EDGE('',*,*,#1801,.F.);
#1044=ORIENTED_EDGE('',*,*,#1802,.F.);
#1045=ORIENTED_EDGE('',*,*,#1799,.T.);
#1046=ORIENTED_EDGE('',*,*,#1791,.T.);
#1047=ORIENTED_EDGE('',*,*,#1803,.F.);
#1048=ORIENTED_EDGE('',*,*,#1804,.F.);
#1049=ORIENTED_EDGE('',*,*,#1801,.T.);
#1050=ORIENTED_EDGE('',*,*,#1790,.T.);
#1051=ORIENTED_EDGE('',*,*,#1805,.F.);
#1052=ORIENTED_EDGE('',*,*,#1806,.F.);
#1053=ORIENTED_EDGE('',*,*,#1803,.T.);
#1054=ORIENTED_EDGE('',*,*,#1789,.T.);
#1055=ORIENTED_EDGE('',*,*,#1748,.F.);
#1056=ORIENTED_EDGE('',*,*,#1807,.F.);
#1057=ORIENTED_EDGE('',*,*,#1805,.T.);
#1058=ORIENTED_EDGE('',*,*,#1808,.T.);
#1059=ORIENTED_EDGE('',*,*,#1781,.F.);
#1060=ORIENTED_EDGE('',*,*,#1747,.T.);
#1061=ORIENTED_EDGE('',*,*,#1800,.T.);
#1062=ORIENTED_EDGE('',*,*,#1802,.T.);
#1063=ORIENTED_EDGE('',*,*,#1804,.T.);
#1064=ORIENTED_EDGE('',*,*,#1806,.T.);
#1065=ORIENTED_EDGE('',*,*,#1807,.T.);
#1066=ORIENTED_EDGE('',*,*,#1720,.F.);
#1067=ORIENTED_EDGE('',*,*,#1727,.F.);
#1068=ORIENTED_EDGE('',*,*,#1795,.T.);
#1069=ORIENTED_EDGE('',*,*,#1797,.F.);
#1070=ORIENTED_EDGE('',*,*,#1798,.T.);
#1071=ORIENTED_EDGE('',*,*,#1763,.F.);
#1072=ORIENTED_EDGE('',*,*,#1808,.F.);
#1073=ORIENTED_EDGE('',*,*,#1773,.T.);
#1074=ORIENTED_EDGE('',*,*,#1750,.F.);
#1075=ORIENTED_EDGE('',*,*,#1788,.F.);
#1076=ORIENTED_EDGE('',*,*,#1809,.T.);
#1077=ORIENTED_EDGE('',*,*,#1776,.F.);
#1078=ORIENTED_EDGE('',*,*,#1810,.F.);
#1079=ORIENTED_EDGE('',*,*,#1782,.T.);
#1080=ORIENTED_EDGE('',*,*,#1744,.T.);
#1081=ORIENTED_EDGE('',*,*,#1775,.F.);
#1082=ORIENTED_EDGE('',*,*,#1766,.F.);
#1083=ORIENTED_EDGE('',*,*,#1783,.T.);
#1084=ORIENTED_EDGE('',*,*,#1810,.T.);
#1085=ORIENTED_EDGE('',*,*,#1774,.F.);
#1086=ORIENTED_EDGE('',*,*,#1809,.F.);
#1087=ORIENTED_EDGE('',*,*,#1787,.T.);
#1088=ORIENTED_EDGE('',*,*,#1724,.T.);
#1089=ORIENTED_EDGE('',*,*,#1780,.T.);
#1090=ORIENTED_EDGE('',*,*,#1777,.T.);
#1091=ORIENTED_EDGE('',*,*,#1779,.T.);
#1092=ORIENTED_EDGE('',*,*,#1778,.T.);
#1093=ORIENTED_EDGE('',*,*,#1811,.T.);
#1094=ORIENTED_EDGE('',*,*,#1812,.F.);
#1095=ORIENTED_EDGE('',*,*,#1813,.F.);
#1096=ORIENTED_EDGE('',*,*,#1814,.T.);
#1097=ORIENTED_EDGE('',*,*,#1815,.T.);
#1098=ORIENTED_EDGE('',*,*,#1816,.T.);
#1099=ORIENTED_EDGE('',*,*,#1817,.T.);
#1100=ORIENTED_EDGE('',*,*,#1818,.T.);
#1101=ORIENTED_EDGE('',*,*,#1814,.F.);
#1102=ORIENTED_EDGE('',*,*,#1819,.F.);
#1103=ORIENTED_EDGE('',*,*,#1820,.T.);
#1104=ORIENTED_EDGE('',*,*,#1821,.T.);
#1105=ORIENTED_EDGE('',*,*,#1815,.F.);
#1106=ORIENTED_EDGE('',*,*,#1822,.F.);
#1107=ORIENTED_EDGE('',*,*,#1823,.T.);
#1108=ORIENTED_EDGE('',*,*,#1824,.F.);
#1109=ORIENTED_EDGE('',*,*,#1825,.F.);
#1110=ORIENTED_EDGE('',*,*,#1826,.T.);
#1111=ORIENTED_EDGE('',*,*,#1820,.F.);
#1112=ORIENTED_EDGE('',*,*,#1827,.F.);
#1113=ORIENTED_EDGE('',*,*,#1828,.T.);
#1114=ORIENTED_EDGE('',*,*,#1823,.F.);
#1115=ORIENTED_EDGE('',*,*,#1829,.F.);
#1116=ORIENTED_EDGE('',*,*,#1830,.T.);
#1117=ORIENTED_EDGE('',*,*,#1831,.T.);
#1118=ORIENTED_EDGE('',*,*,#1832,.F.);
#1119=ORIENTED_EDGE('',*,*,#1833,.F.);
#1120=ORIENTED_EDGE('',*,*,#1834,.T.);
#1121=ORIENTED_EDGE('',*,*,#1835,.F.);
#1122=ORIENTED_EDGE('',*,*,#1836,.F.);
#1123=ORIENTED_EDGE('',*,*,#1837,.T.);
#1124=ORIENTED_EDGE('',*,*,#1838,.F.);
#1125=ORIENTED_EDGE('',*,*,#1839,.F.);
#1126=ORIENTED_EDGE('',*,*,#1831,.F.);
#1127=ORIENTED_EDGE('',*,*,#1840,.T.);
#1128=ORIENTED_EDGE('',*,*,#1841,.T.);
#1129=ORIENTED_EDGE('',*,*,#1842,.F.);
#1130=ORIENTED_EDGE('',*,*,#1841,.F.);
#1131=ORIENTED_EDGE('',*,*,#1843,.T.);
#1132=ORIENTED_EDGE('',*,*,#1844,.T.);
#1133=ORIENTED_EDGE('',*,*,#1845,.T.);
#1134=ORIENTED_EDGE('',*,*,#1844,.F.);
#1135=ORIENTED_EDGE('',*,*,#1846,.F.);
#1136=ORIENTED_EDGE('',*,*,#1847,.T.);
#1137=ORIENTED_EDGE('',*,*,#1848,.F.);
#1138=ORIENTED_EDGE('',*,*,#1847,.F.);
#1139=ORIENTED_EDGE('',*,*,#1849,.T.);
#1140=ORIENTED_EDGE('',*,*,#1850,.T.);
#1141=ORIENTED_EDGE('',*,*,#1851,.F.);
#1142=ORIENTED_EDGE('',*,*,#1850,.F.);
#1143=ORIENTED_EDGE('',*,*,#1852,.T.);
#1144=ORIENTED_EDGE('',*,*,#1833,.T.);
#1145=ORIENTED_EDGE('',*,*,#1853,.F.);
#1146=ORIENTED_EDGE('',*,*,#1854,.T.);
#1147=ORIENTED_EDGE('',*,*,#1855,.T.);
#1148=ORIENTED_EDGE('',*,*,#1856,.T.);
#1149=ORIENTED_EDGE('',*,*,#1857,.F.);
#1150=ORIENTED_EDGE('',*,*,#1830,.F.);
#1151=ORIENTED_EDGE('',*,*,#1858,.T.);
#1152=ORIENTED_EDGE('',*,*,#1812,.T.);
#1153=ORIENTED_EDGE('',*,*,#1834,.F.);
#1154=ORIENTED_EDGE('',*,*,#1852,.F.);
#1155=ORIENTED_EDGE('',*,*,#1849,.F.);
#1156=ORIENTED_EDGE('',*,*,#1846,.T.);
#1157=ORIENTED_EDGE('',*,*,#1843,.F.);
#1158=ORIENTED_EDGE('',*,*,#1840,.F.);
#1159=ORIENTED_EDGE('',*,*,#1813,.T.);
#1160=ORIENTED_EDGE('',*,*,#1858,.F.);
#1161=ORIENTED_EDGE('',*,*,#1829,.T.);
#1162=ORIENTED_EDGE('',*,*,#1827,.T.);
#1163=ORIENTED_EDGE('',*,*,#1822,.T.);
#1164=ORIENTED_EDGE('',*,*,#1819,.T.);
#1165=ORIENTED_EDGE('',*,*,#1859,.F.);
#1166=ORIENTED_EDGE('',*,*,#1828,.F.);
#1167=ORIENTED_EDGE('',*,*,#1857,.T.);
#1168=ORIENTED_EDGE('',*,*,#1811,.F.);
#1169=ORIENTED_EDGE('',*,*,#1860,.T.);
#1170=ORIENTED_EDGE('',*,*,#1835,.T.);
#1171=ORIENTED_EDGE('',*,*,#1842,.T.);
#1172=ORIENTED_EDGE('',*,*,#1845,.F.);
#1173=ORIENTED_EDGE('',*,*,#1848,.T.);
#1174=ORIENTED_EDGE('',*,*,#1851,.T.);
#1175=ORIENTED_EDGE('',*,*,#1861,.F.);
#1176=ORIENTED_EDGE('',*,*,#1862,.F.);
#1177=ORIENTED_EDGE('',*,*,#1863,.F.);
#1178=ORIENTED_EDGE('',*,*,#1864,.F.);
#1179=ORIENTED_EDGE('',*,*,#1865,.F.);
#1180=ORIENTED_EDGE('',*,*,#1866,.F.);
#1181=ORIENTED_EDGE('',*,*,#1867,.F.);
#1182=ORIENTED_EDGE('',*,*,#1868,.T.);
#1183=ORIENTED_EDGE('',*,*,#1869,.F.);
#1184=ORIENTED_EDGE('',*,*,#1870,.T.);
#1185=ORIENTED_EDGE('',*,*,#1871,.T.);
#1186=ORIENTED_EDGE('',*,*,#1855,.F.);
#1187=ORIENTED_EDGE('',*,*,#1872,.F.);
#1188=ORIENTED_EDGE('',*,*,#1873,.T.);
#1189=ORIENTED_EDGE('',*,*,#1874,.F.);
#1190=ORIENTED_EDGE('',*,*,#1837,.F.);
#1191=ORIENTED_EDGE('',*,*,#1868,.F.);
#1192=ORIENTED_EDGE('',*,*,#1817,.F.);
#1193=ORIENTED_EDGE('',*,*,#1875,.T.);
#1194=ORIENTED_EDGE('',*,*,#1876,.T.);
#1195=ORIENTED_EDGE('',*,*,#1870,.F.);
#1196=ORIENTED_EDGE('',*,*,#1877,.F.);
#1197=ORIENTED_EDGE('',*,*,#1878,.T.);
#1198=ORIENTED_EDGE('',*,*,#1825,.T.);
#1199=ORIENTED_EDGE('',*,*,#1874,.T.);
#1200=ORIENTED_EDGE('',*,*,#1879,.F.);
#1201=ORIENTED_EDGE('',*,*,#1880,.F.);
#1202=ORIENTED_EDGE('',*,*,#1838,.T.);
#1203=ORIENTED_EDGE('',*,*,#1873,.F.);
#1204=ORIENTED_EDGE('',*,*,#1881,.F.);
#1205=ORIENTED_EDGE('',*,*,#1882,.T.);
#1206=ORIENTED_EDGE('',*,*,#1879,.T.);
#1207=ORIENTED_EDGE('',*,*,#1872,.T.);
#1208=ORIENTED_EDGE('',*,*,#1854,.F.);
#1209=ORIENTED_EDGE('',*,*,#1883,.F.);
#1210=ORIENTED_EDGE('',*,*,#1881,.T.);
#1211=ORIENTED_EDGE('',*,*,#1869,.T.);
#1212=ORIENTED_EDGE('',*,*,#1876,.F.);
#1213=ORIENTED_EDGE('',*,*,#1884,.F.);
#1214=ORIENTED_EDGE('',*,*,#1877,.T.);
#1215=ORIENTED_EDGE('',*,*,#1832,.T.);
#1216=ORIENTED_EDGE('',*,*,#1839,.T.);
#1217=ORIENTED_EDGE('',*,*,#1880,.T.);
#1218=ORIENTED_EDGE('',*,*,#1882,.F.);
#1219=ORIENTED_EDGE('',*,*,#1883,.T.);
#1220=ORIENTED_EDGE('',*,*,#1853,.T.);
#1221=ORIENTED_EDGE('',*,*,#1875,.F.);
#1222=ORIENTED_EDGE('',*,*,#1816,.F.);
#1223=ORIENTED_EDGE('',*,*,#1821,.F.);
#1224=ORIENTED_EDGE('',*,*,#1826,.F.);
#1225=ORIENTED_EDGE('',*,*,#1878,.F.);
#1226=ORIENTED_EDGE('',*,*,#1884,.T.);
#1227=ORIENTED_EDGE('',*,*,#1860,.F.);
#1228=ORIENTED_EDGE('',*,*,#1818,.F.);
#1229=ORIENTED_EDGE('',*,*,#1867,.T.);
#1230=ORIENTED_EDGE('',*,*,#1836,.T.);
#1231=ORIENTED_EDGE('',*,*,#1859,.T.);
#1232=ORIENTED_EDGE('',*,*,#1856,.F.);
#1233=ORIENTED_EDGE('',*,*,#1871,.F.);
#1234=ORIENTED_EDGE('',*,*,#1824,.T.);
#1235=ORIENTED_EDGE('',*,*,#1866,.T.);
#1236=ORIENTED_EDGE('',*,*,#1861,.T.);
#1237=ORIENTED_EDGE('',*,*,#1865,.T.);
#1238=ORIENTED_EDGE('',*,*,#1862,.T.);
#1239=ORIENTED_EDGE('',*,*,#1864,.T.);
#1240=ORIENTED_EDGE('',*,*,#1863,.T.);
#1241=ORIENTED_EDGE('',*,*,#1885,.F.);
#1242=ORIENTED_EDGE('',*,*,#1886,.F.);
#1243=ORIENTED_EDGE('',*,*,#1887,.T.);
#1244=ORIENTED_EDGE('',*,*,#1888,.T.);
#1245=ORIENTED_EDGE('',*,*,#1889,.T.);
#1246=ORIENTED_EDGE('',*,*,#1890,.F.);
#1247=ORIENTED_EDGE('',*,*,#1891,.F.);
#1248=ORIENTED_EDGE('',*,*,#1886,.T.);
#1249=ORIENTED_EDGE('',*,*,#1892,.T.);
#1250=ORIENTED_EDGE('',*,*,#1893,.F.);
#1251=ORIENTED_EDGE('',*,*,#1894,.F.);
#1252=ORIENTED_EDGE('',*,*,#1890,.T.);
#1253=ORIENTED_EDGE('',*,*,#1895,.T.);
#1254=ORIENTED_EDGE('',*,*,#1896,.F.);
#1255=ORIENTED_EDGE('',*,*,#1897,.T.);
#1256=ORIENTED_EDGE('',*,*,#1888,.F.);
#1257=ORIENTED_EDGE('',*,*,#1898,.F.);
#1258=ORIENTED_EDGE('',*,*,#1893,.T.);
#1259=ORIENTED_EDGE('',*,*,#1899,.T.);
#1260=ORIENTED_EDGE('',*,*,#1900,.F.);
#1261=ORIENTED_EDGE('',*,*,#1887,.F.);
#1262=ORIENTED_EDGE('',*,*,#1891,.T.);
#1263=ORIENTED_EDGE('',*,*,#1894,.T.);
#1264=ORIENTED_EDGE('',*,*,#1898,.T.);
#1265=ORIENTED_EDGE('',*,*,#1895,.F.);
#1266=ORIENTED_EDGE('',*,*,#1899,.F.);
#1267=ORIENTED_EDGE('',*,*,#1885,.T.);
#1268=ORIENTED_EDGE('',*,*,#1897,.F.);
#1269=ORIENTED_EDGE('',*,*,#1892,.F.);
#1270=ORIENTED_EDGE('',*,*,#1889,.F.);
#1271=ORIENTED_EDGE('',*,*,#1896,.T.);
#1272=ORIENTED_EDGE('',*,*,#1900,.T.);
#1273=ORIENTED_EDGE('',*,*,#1901,.T.);
#1274=ORIENTED_EDGE('',*,*,#1902,.F.);
#1275=ORIENTED_EDGE('',*,*,#1903,.F.);
#1276=ORIENTED_EDGE('',*,*,#1904,.T.);
#1277=ORIENTED_EDGE('',*,*,#1905,.F.);
#1278=ORIENTED_EDGE('',*,*,#1906,.F.);
#1279=ORIENTED_EDGE('',*,*,#1907,.T.);
#1280=ORIENTED_EDGE('',*,*,#1908,.F.);
#1281=ORIENTED_EDGE('',*,*,#1909,.T.);
#1282=ORIENTED_EDGE('',*,*,#1902,.T.);
#1283=ORIENTED_EDGE('',*,*,#1908,.T.);
#1284=ORIENTED_EDGE('',*,*,#1910,.T.);
#1285=ORIENTED_EDGE('',*,*,#1911,.F.);
#1286=ORIENTED_EDGE('',*,*,#1912,.F.);
#1287=ORIENTED_EDGE('',*,*,#1913,.F.);
#1288=ORIENTED_EDGE('',*,*,#1914,.F.);
#1289=ORIENTED_EDGE('',*,*,#1915,.T.);
#1290=ORIENTED_EDGE('',*,*,#1911,.T.);
#1291=ORIENTED_EDGE('',*,*,#1916,.T.);
#1292=ORIENTED_EDGE('',*,*,#1917,.F.);
#1293=ORIENTED_EDGE('',*,*,#1918,.T.);
#1294=ORIENTED_EDGE('',*,*,#1904,.F.);
#1295=ORIENTED_EDGE('',*,*,#1919,.F.);
#1296=ORIENTED_EDGE('',*,*,#1914,.T.);
#1297=ORIENTED_EDGE('',*,*,#1920,.F.);
#1298=ORIENTED_EDGE('',*,*,#1921,.T.);
#1299=ORIENTED_EDGE('',*,*,#1916,.F.);
#1300=ORIENTED_EDGE('',*,*,#1903,.T.);
#1301=ORIENTED_EDGE('',*,*,#1909,.F.);
#1302=ORIENTED_EDGE('',*,*,#1912,.T.);
#1303=ORIENTED_EDGE('',*,*,#1915,.F.);
#1304=ORIENTED_EDGE('',*,*,#1919,.T.);
#1305=ORIENTED_EDGE('',*,*,#1917,.T.);
#1306=ORIENTED_EDGE('',*,*,#1901,.F.);
#1307=ORIENTED_EDGE('',*,*,#1918,.F.);
#1308=ORIENTED_EDGE('',*,*,#1922,.F.);
#1309=ORIENTED_EDGE('',*,*,#1905,.T.);
#1310=ORIENTED_EDGE('',*,*,#1923,.T.);
#1311=ORIENTED_EDGE('',*,*,#1922,.T.);
#1312=ORIENTED_EDGE('',*,*,#1921,.F.);
#1313=ORIENTED_EDGE('',*,*,#1924,.F.);
#1314=ORIENTED_EDGE('',*,*,#1906,.T.);
#1315=ORIENTED_EDGE('',*,*,#1925,.T.);
#1316=ORIENTED_EDGE('',*,*,#1923,.F.);
#1317=ORIENTED_EDGE('',*,*,#1907,.F.);
#1318=ORIENTED_EDGE('',*,*,#1924,.T.);
#1319=ORIENTED_EDGE('',*,*,#1920,.T.);
#1320=ORIENTED_EDGE('',*,*,#1913,.T.);
#1321=ORIENTED_EDGE('',*,*,#1910,.F.);
#1322=ORIENTED_EDGE('',*,*,#1925,.F.);
#1323=ORIENTED_EDGE('',*,*,#1926,.F.);
#1324=ORIENTED_EDGE('',*,*,#1927,.F.);
#1325=ORIENTED_EDGE('',*,*,#1928,.T.);
#1326=ORIENTED_EDGE('',*,*,#1929,.T.);
#1327=ORIENTED_EDGE('',*,*,#1930,.T.);
#1328=ORIENTED_EDGE('',*,*,#1931,.T.);
#1329=ORIENTED_EDGE('',*,*,#1932,.T.);
#1330=ORIENTED_EDGE('',*,*,#1933,.F.);
#1331=ORIENTED_EDGE('',*,*,#1934,.F.);
#1332=ORIENTED_EDGE('',*,*,#1927,.T.);
#1333=ORIENTED_EDGE('',*,*,#1935,.T.);
#1334=ORIENTED_EDGE('',*,*,#1936,.F.);
#1335=ORIENTED_EDGE('',*,*,#1937,.F.);
#1336=ORIENTED_EDGE('',*,*,#1938,.F.);
#1337=ORIENTED_EDGE('',*,*,#1939,.F.);
#1338=ORIENTED_EDGE('',*,*,#1933,.T.);
#1339=ORIENTED_EDGE('',*,*,#1940,.F.);
#1340=ORIENTED_EDGE('',*,*,#1929,.F.);
#1341=ORIENTED_EDGE('',*,*,#1941,.T.);
#1342=ORIENTED_EDGE('',*,*,#1938,.T.);
#1343=ORIENTED_EDGE('',*,*,#1942,.T.);
#1344=ORIENTED_EDGE('',*,*,#1943,.F.);
#1345=ORIENTED_EDGE('',*,*,#1928,.F.);
#1346=ORIENTED_EDGE('',*,*,#1934,.T.);
#1347=ORIENTED_EDGE('',*,*,#1939,.T.);
#1348=ORIENTED_EDGE('',*,*,#1941,.F.);
#1349=ORIENTED_EDGE('',*,*,#1942,.F.);
#1350=ORIENTED_EDGE('',*,*,#1926,.T.);
#1351=ORIENTED_EDGE('',*,*,#1944,.F.);
#1352=ORIENTED_EDGE('',*,*,#1935,.F.);
#1353=ORIENTED_EDGE('',*,*,#1932,.F.);
#1354=ORIENTED_EDGE('',*,*,#1943,.T.);
#1355=ORIENTED_EDGE('',*,*,#1945,.T.);
#1356=ORIENTED_EDGE('',*,*,#1944,.T.);
#1357=ORIENTED_EDGE('',*,*,#1931,.F.);
#1358=ORIENTED_EDGE('',*,*,#1946,.F.);
#1359=ORIENTED_EDGE('',*,*,#1936,.T.);
#1360=ORIENTED_EDGE('',*,*,#1947,.T.);
#1361=ORIENTED_EDGE('',*,*,#1945,.F.);
#1362=ORIENTED_EDGE('',*,*,#1930,.F.);
#1363=ORIENTED_EDGE('',*,*,#1940,.T.);
#1364=ORIENTED_EDGE('',*,*,#1937,.T.);
#1365=ORIENTED_EDGE('',*,*,#1946,.T.);
#1366=ORIENTED_EDGE('',*,*,#1947,.F.);
#1367=ORIENTED_EDGE('',*,*,#1948,.T.);
#1368=ORIENTED_EDGE('',*,*,#1949,.F.);
#1369=ORIENTED_EDGE('',*,*,#1950,.T.);
#1370=ORIENTED_EDGE('',*,*,#1951,.T.);
#1371=ORIENTED_EDGE('',*,*,#1952,.F.);
#1372=ORIENTED_EDGE('',*,*,#1953,.F.);
#1373=ORIENTED_EDGE('',*,*,#1954,.F.);
#1374=ORIENTED_EDGE('',*,*,#1955,.F.);
#1375=ORIENTED_EDGE('',*,*,#1956,.T.);
#1376=ORIENTED_EDGE('',*,*,#1957,.F.);
#1377=ORIENTED_EDGE('',*,*,#1958,.T.);
#1378=ORIENTED_EDGE('',*,*,#1959,.T.);
#1379=ORIENTED_EDGE('',*,*,#1951,.F.);
#1380=ORIENTED_EDGE('',*,*,#1960,.F.);
#1381=ORIENTED_EDGE('',*,*,#1961,.F.);
#1382=ORIENTED_EDGE('',*,*,#1962,.T.);
#1383=ORIENTED_EDGE('',*,*,#1957,.T.);
#1384=ORIENTED_EDGE('',*,*,#1963,.T.);
#1385=ORIENTED_EDGE('',*,*,#1964,.T.);
#1386=ORIENTED_EDGE('',*,*,#1949,.T.);
#1387=ORIENTED_EDGE('',*,*,#1965,.F.);
#1388=ORIENTED_EDGE('',*,*,#1966,.F.);
#1389=ORIENTED_EDGE('',*,*,#1961,.T.);
#1390=ORIENTED_EDGE('',*,*,#1967,.F.);
#1391=ORIENTED_EDGE('',*,*,#1968,.T.);
#1392=ORIENTED_EDGE('',*,*,#1952,.T.);
#1393=ORIENTED_EDGE('',*,*,#1959,.F.);
#1394=ORIENTED_EDGE('',*,*,#1969,.F.);
#1395=ORIENTED_EDGE('',*,*,#1965,.T.);
#1396=ORIENTED_EDGE('',*,*,#1970,.T.);
#1397=ORIENTED_EDGE('',*,*,#1948,.F.);
#1398=ORIENTED_EDGE('',*,*,#1958,.F.);
#1399=ORIENTED_EDGE('',*,*,#1962,.F.);
#1400=ORIENTED_EDGE('',*,*,#1966,.T.);
#1401=ORIENTED_EDGE('',*,*,#1969,.T.);
#1402=ORIENTED_EDGE('',*,*,#1970,.F.);
#1403=ORIENTED_EDGE('',*,*,#1971,.T.);
#1404=ORIENTED_EDGE('',*,*,#1968,.F.);
#1405=ORIENTED_EDGE('',*,*,#1972,.F.);
#1406=ORIENTED_EDGE('',*,*,#1955,.T.);
#1407=ORIENTED_EDGE('',*,*,#1973,.T.);
#1408=ORIENTED_EDGE('',*,*,#1974,.F.);
#1409=ORIENTED_EDGE('',*,*,#1956,.F.);
#1410=ORIENTED_EDGE('',*,*,#1972,.T.);
#1411=ORIENTED_EDGE('',*,*,#1967,.T.);
#1412=ORIENTED_EDGE('',*,*,#1960,.T.);
#1413=ORIENTED_EDGE('',*,*,#1973,.F.);
#1414=ORIENTED_EDGE('',*,*,#1954,.T.);
#1415=ORIENTED_EDGE('',*,*,#1975,.F.);
#1416=ORIENTED_EDGE('',*,*,#1963,.F.);
#1417=ORIENTED_EDGE('',*,*,#1971,.F.);
#1418=ORIENTED_EDGE('',*,*,#1974,.T.);
#1419=ORIENTED_EDGE('',*,*,#1950,.F.);
#1420=ORIENTED_EDGE('',*,*,#1964,.F.);
#1421=ORIENTED_EDGE('',*,*,#1975,.T.);
#1422=ORIENTED_EDGE('',*,*,#1953,.T.);
#1423=ORIENTED_EDGE('',*,*,#1976,.F.);
#1424=ORIENTED_EDGE('',*,*,#1977,.T.);
#1425=ORIENTED_EDGE('',*,*,#1978,.T.);
#1426=ORIENTED_EDGE('',*,*,#1979,.F.);
#1427=ORIENTED_EDGE('',*,*,#1980,.F.);
#1428=ORIENTED_EDGE('',*,*,#1981,.F.);
#1429=ORIENTED_EDGE('',*,*,#1982,.T.);
#1430=ORIENTED_EDGE('',*,*,#1983,.T.);
#1431=ORIENTED_EDGE('',*,*,#1984,.T.);
#1432=ORIENTED_EDGE('',*,*,#1985,.T.);
#1433=ORIENTED_EDGE('',*,*,#1986,.F.);
#1434=ORIENTED_EDGE('',*,*,#1976,.T.);
#1435=ORIENTED_EDGE('',*,*,#1987,.T.);
#1436=ORIENTED_EDGE('',*,*,#1988,.F.);
#1437=ORIENTED_EDGE('',*,*,#1989,.F.);
#1438=ORIENTED_EDGE('',*,*,#1981,.T.);
#1439=ORIENTED_EDGE('',*,*,#1990,.T.);
#1440=ORIENTED_EDGE('',*,*,#1978,.F.);
#1441=ORIENTED_EDGE('',*,*,#1991,.T.);
#1442=ORIENTED_EDGE('',*,*,#1992,.F.);
#1443=ORIENTED_EDGE('',*,*,#1993,.F.);
#1444=ORIENTED_EDGE('',*,*,#1994,.F.);
#1445=ORIENTED_EDGE('',*,*,#1995,.F.);
#1446=ORIENTED_EDGE('',*,*,#1988,.T.);
#1447=ORIENTED_EDGE('',*,*,#1996,.F.);
#1448=ORIENTED_EDGE('',*,*,#1983,.F.);
#1449=ORIENTED_EDGE('',*,*,#1997,.T.);
#1450=ORIENTED_EDGE('',*,*,#1994,.T.);
#1451=ORIENTED_EDGE('',*,*,#1998,.T.);
#1452=ORIENTED_EDGE('',*,*,#1999,.F.);
#1453=ORIENTED_EDGE('',*,*,#1982,.F.);
#1454=ORIENTED_EDGE('',*,*,#1989,.T.);
#1455=ORIENTED_EDGE('',*,*,#1995,.T.);
#1456=ORIENTED_EDGE('',*,*,#1997,.F.);
#1457=ORIENTED_EDGE('',*,*,#1998,.F.);
#1458=ORIENTED_EDGE('',*,*,#1980,.T.);
#1459=ORIENTED_EDGE('',*,*,#1979,.T.);
#1460=ORIENTED_EDGE('',*,*,#1990,.F.);
#1461=ORIENTED_EDGE('',*,*,#1987,.F.);
#1462=ORIENTED_EDGE('',*,*,#1999,.T.);
#1463=ORIENTED_EDGE('',*,*,#2000,.T.);
#1464=ORIENTED_EDGE('',*,*,#1985,.F.);
#1465=ORIENTED_EDGE('',*,*,#2001,.F.);
#1466=ORIENTED_EDGE('',*,*,#1992,.T.);
#1467=ORIENTED_EDGE('',*,*,#2002,.T.);
#1468=ORIENTED_EDGE('',*,*,#2003,.F.);
#1469=ORIENTED_EDGE('',*,*,#1984,.F.);
#1470=ORIENTED_EDGE('',*,*,#1996,.T.);
#1471=ORIENTED_EDGE('',*,*,#1993,.T.);
#1472=ORIENTED_EDGE('',*,*,#2001,.T.);
#1473=ORIENTED_EDGE('',*,*,#2002,.F.);
#1474=ORIENTED_EDGE('',*,*,#1986,.T.);
#1475=ORIENTED_EDGE('',*,*,#2000,.F.);
#1476=ORIENTED_EDGE('',*,*,#1991,.F.);
#1477=ORIENTED_EDGE('',*,*,#1977,.F.);
#1478=ORIENTED_EDGE('',*,*,#2003,.T.);
#1479=ORIENTED_EDGE('',*,*,#2004,.T.);
#1480=ORIENTED_EDGE('',*,*,#2005,.F.);
#1481=ORIENTED_EDGE('',*,*,#2006,.F.);
#1482=ORIENTED_EDGE('',*,*,#2007,.T.);
#1483=ORIENTED_EDGE('',*,*,#2008,.T.);
#1484=ORIENTED_EDGE('',*,*,#2009,.F.);
#1485=ORIENTED_EDGE('',*,*,#2010,.F.);
#1486=ORIENTED_EDGE('',*,*,#2005,.T.);
#1487=ORIENTED_EDGE('',*,*,#2011,.T.);
#1488=ORIENTED_EDGE('',*,*,#2012,.F.);
#1489=ORIENTED_EDGE('',*,*,#2013,.F.);
#1490=ORIENTED_EDGE('',*,*,#2009,.T.);
#1491=ORIENTED_EDGE('',*,*,#2014,.T.);
#1492=ORIENTED_EDGE('',*,*,#2007,.F.);
#1493=ORIENTED_EDGE('',*,*,#2015,.F.);
#1494=ORIENTED_EDGE('',*,*,#2012,.T.);
#1495=ORIENTED_EDGE('',*,*,#2016,.F.);
#1496=ORIENTED_EDGE('',*,*,#2017,.T.);
#1497=ORIENTED_EDGE('',*,*,#2006,.T.);
#1498=ORIENTED_EDGE('',*,*,#2010,.T.);
#1499=ORIENTED_EDGE('',*,*,#2013,.T.);
#1500=ORIENTED_EDGE('',*,*,#2015,.T.);
#1501=ORIENTED_EDGE('',*,*,#2017,.F.);
#1502=ORIENTED_EDGE('',*,*,#2018,.T.);
#1503=ORIENTED_EDGE('',*,*,#2004,.F.);
#1504=ORIENTED_EDGE('',*,*,#2014,.F.);
#1505=ORIENTED_EDGE('',*,*,#2011,.F.);
#1506=ORIENTED_EDGE('',*,*,#2008,.F.);
#1507=ORIENTED_EDGE('',*,*,#2019,.T.);
#1508=ORIENTED_EDGE('',*,*,#2018,.F.);
#1509=ORIENTED_EDGE('',*,*,#2019,.F.);
#1510=ORIENTED_EDGE('',*,*,#2020,.F.);
#1511=ORIENTED_EDGE('',*,*,#2021,.F.);
#1512=ORIENTED_EDGE('',*,*,#2022,.F.);
#1513=ORIENTED_EDGE('',*,*,#2023,.F.);
#1514=ORIENTED_EDGE('',*,*,#2024,.F.);
#1515=ORIENTED_EDGE('',*,*,#2025,.F.);
#1516=ORIENTED_EDGE('',*,*,#2016,.T.);
#1517=ORIENTED_EDGE('',*,*,#2020,.T.);
#1518=ORIENTED_EDGE('',*,*,#2026,.F.);
#1519=ORIENTED_EDGE('',*,*,#2027,.F.);
#1520=ORIENTED_EDGE('',*,*,#2028,.T.);
#1521=ORIENTED_EDGE('',*,*,#2025,.T.);
#1522=ORIENTED_EDGE('',*,*,#2029,.F.);
#1523=ORIENTED_EDGE('',*,*,#2030,.F.);
#1524=ORIENTED_EDGE('',*,*,#2026,.T.);
#1525=ORIENTED_EDGE('',*,*,#2024,.T.);
#1526=ORIENTED_EDGE('',*,*,#2031,.F.);
#1527=ORIENTED_EDGE('',*,*,#2032,.F.);
#1528=ORIENTED_EDGE('',*,*,#2029,.T.);
#1529=ORIENTED_EDGE('',*,*,#2023,.T.);
#1530=ORIENTED_EDGE('',*,*,#2033,.F.);
#1531=ORIENTED_EDGE('',*,*,#2034,.F.);
#1532=ORIENTED_EDGE('',*,*,#2031,.T.);
#1533=ORIENTED_EDGE('',*,*,#2022,.T.);
#1534=ORIENTED_EDGE('',*,*,#2035,.F.);
#1535=ORIENTED_EDGE('',*,*,#2036,.F.);
#1536=ORIENTED_EDGE('',*,*,#2033,.T.);
#1537=ORIENTED_EDGE('',*,*,#2021,.T.);
#1538=ORIENTED_EDGE('',*,*,#2028,.F.);
#1539=ORIENTED_EDGE('',*,*,#2037,.F.);
#1540=ORIENTED_EDGE('',*,*,#2035,.T.);
#1541=ORIENTED_EDGE('',*,*,#2027,.T.);
#1542=ORIENTED_EDGE('',*,*,#2030,.T.);
#1543=ORIENTED_EDGE('',*,*,#2032,.T.);
#1544=ORIENTED_EDGE('',*,*,#2034,.T.);
#1545=ORIENTED_EDGE('',*,*,#2036,.T.);
#1546=ORIENTED_EDGE('',*,*,#2037,.T.);
#1547=EDGE_CURVE('',#2038,#2039,#2386,.T.);
#1548=EDGE_CURVE('',#2040,#2038,#2387,.T.);
#1549=EDGE_CURVE('',#2040,#2041,#2388,.T.);
#1550=EDGE_CURVE('',#2041,#2039,#2389,.T.);
#1551=EDGE_CURVE('',#2038,#2042,#2390,.T.);
#1552=EDGE_CURVE('',#2043,#2042,#2391,.T.);
#1553=EDGE_CURVE('',#2040,#2043,#2392,.T.);
#1554=EDGE_CURVE('',#2042,#2044,#2393,.T.);
#1555=EDGE_CURVE('',#2045,#2044,#2394,.T.);
#1556=EDGE_CURVE('',#2043,#2045,#2395,.T.);
#1557=EDGE_CURVE('',#2039,#2044,#2396,.T.);
#1558=EDGE_CURVE('',#2041,#2045,#2397,.T.);
#1559=EDGE_CURVE('',#2046,#2046,#97,.T.);
#1560=EDGE_CURVE('',#2047,#2048,#2398,.T.);
#1561=EDGE_CURVE('',#2048,#2049,#2399,.T.);
#1562=EDGE_CURVE('',#2049,#2050,#2400,.T.);
#1563=EDGE_CURVE('',#2050,#2051,#2401,.T.);
#1564=EDGE_CURVE('',#2051,#2052,#2402,.T.);
#1565=EDGE_CURVE('',#2052,#2047,#2403,.T.);
#1566=EDGE_CURVE('',#2053,#2053,#98,.T.);
#1567=EDGE_CURVE('',#2054,#2055,#2404,.T.);
#1568=EDGE_CURVE('',#2055,#2056,#2405,.T.);
#1569=EDGE_CURVE('',#2056,#2057,#2406,.T.);
#1570=EDGE_CURVE('',#2057,#2058,#2407,.T.);
#1571=EDGE_CURVE('',#2058,#2059,#2408,.T.);
#1572=EDGE_CURVE('',#2059,#2054,#2409,.T.);
#1573=EDGE_CURVE('',#2055,#2060,#2410,.T.);
#1574=EDGE_CURVE('',#2061,#2060,#2411,.T.);
#1575=EDGE_CURVE('',#2056,#2061,#2412,.T.);
#1576=EDGE_CURVE('',#2054,#2062,#2413,.T.);
#1577=EDGE_CURVE('',#2060,#2062,#2414,.T.);
#1578=EDGE_CURVE('',#2059,#2063,#2415,.T.);
#1579=EDGE_CURVE('',#2062,#2063,#2416,.T.);
#1580=EDGE_CURVE('',#2058,#2064,#2417,.T.);
#1581=EDGE_CURVE('',#2063,#2064,#2418,.T.);
#1582=EDGE_CURVE('',#2057,#2065,#2419,.T.);
#1583=EDGE_CURVE('',#2064,#2065,#2420,.T.);
#1584=EDGE_CURVE('',#2065,#2061,#2421,.T.);
#1585=EDGE_CURVE('',#2066,#2048,#2422,.T.);
#1586=EDGE_CURVE('',#2067,#2066,#2423,.T.);
#1587=EDGE_CURVE('',#2067,#2049,#2424,.T.);
#1588=EDGE_CURVE('',#2068,#2047,#2425,.T.);
#1589=EDGE_CURVE('',#2066,#2068,#2426,.T.);
#1590=EDGE_CURVE('',#2069,#2052,#2427,.T.);
#1591=EDGE_CURVE('',#2068,#2069,#2428,.T.);
#1592=EDGE_CURVE('',#2070,#2051,#2429,.T.);
#1593=EDGE_CURVE('',#2069,#2070,#2430,.T.);
#1594=EDGE_CURVE('',#2071,#2050,#2431,.T.);
#1595=EDGE_CURVE('',#2070,#2071,#2432,.T.);
#1596=EDGE_CURVE('',#2071,#2067,#2433,.T.);
#1597=EDGE_CURVE('',#2072,#2072,#99,.T.);
#1598=EDGE_CURVE('',#2073,#2073,#100,.T.);
#1599=EDGE_CURVE('',#2074,#2074,#101,.T.);
#1600=EDGE_CURVE('',#2075,#2075,#102,.T.);
#1601=EDGE_CURVE('',#2076,#2076,#103,.T.);
#1602=EDGE_CURVE('',#2077,#2077,#104,.T.);
#1603=EDGE_CURVE('',#2078,#2078,#105,.T.);
#1604=EDGE_CURVE('',#2079,#2079,#106,.T.);
#1605=EDGE_CURVE('',#2080,#2080,#107,.T.);
#1606=EDGE_CURVE('',#2081,#2081,#108,.T.);
#1607=EDGE_CURVE('',#2082,#2082,#109,.T.);
#1608=EDGE_CURVE('',#2083,#2083,#110,.T.);
#1609=EDGE_CURVE('',#2084,#2084,#111,.T.);
#1610=EDGE_CURVE('',#2085,#2085,#112,.T.);
#1611=EDGE_CURVE('',#2086,#2087,#113,.T.);
#1612=EDGE_CURVE('',#2088,#2086,#2434,.T.);
#1613=EDGE_CURVE('',#2088,#2089,#114,.T.);
#1614=EDGE_CURVE('',#2089,#2087,#2435,.T.);
#1615=EDGE_CURVE('',#2086,#2090,#2436,.T.);
#1616=EDGE_CURVE('',#2091,#2090,#2437,.T.);
#1617=EDGE_CURVE('',#2088,#2091,#2438,.T.);
#1618=EDGE_CURVE('',#2092,#2090,#115,.T.);
#1619=EDGE_CURVE('',#2093,#2092,#2439,.T.);
#1620=EDGE_CURVE('',#2093,#2091,#116,.T.);
#1621=EDGE_CURVE('',#2092,#2094,#2440,.T.);
#1622=EDGE_CURVE('',#2095,#2094,#2441,.T.);
#1623=EDGE_CURVE('',#2093,#2095,#2442,.T.);
#1624=EDGE_CURVE('',#2096,#2094,#117,.T.);
#1625=EDGE_CURVE('',#2097,#2096,#2443,.T.);
#1626=EDGE_CURVE('',#2097,#2095,#118,.T.);
#1627=EDGE_CURVE('',#2098,#2096,#2444,.T.);
#1628=EDGE_CURVE('',#2099,#2098,#2445,.T.);
#1629=EDGE_CURVE('',#2099,#2097,#2446,.T.);
#1630=EDGE_CURVE('',#2100,#2098,#119,.T.);
#1631=EDGE_CURVE('',#2101,#2100,#2447,.T.);
#1632=EDGE_CURVE('',#2101,#2099,#120,.T.);
#1633=EDGE_CURVE('',#2102,#2100,#2448,.T.);
#1634=EDGE_CURVE('',#2103,#2102,#2449,.T.);
#1635=EDGE_CURVE('',#2103,#2101,#2450,.T.);
#1636=EDGE_CURVE('',#2104,#2102,#121,.T.);
#1637=EDGE_CURVE('',#2105,#2104,#2451,.T.);
#1638=EDGE_CURVE('',#2105,#2103,#122,.T.);
#1639=EDGE_CURVE('',#2106,#2107,#123,.T.);
#1640=EDGE_CURVE('',#2108,#2107,#2452,.T.);
#1641=EDGE_CURVE('',#2109,#2108,#124,.T.);
#1642=EDGE_CURVE('',#2109,#2106,#2453,.T.);
#1643=EDGE_CURVE('',#2107,#2110,#2454,.T.);
#1644=EDGE_CURVE('',#2111,#2110,#2455,.T.);
#1645=EDGE_CURVE('',#2108,#2111,#2456,.T.);
#1646=EDGE_CURVE('',#2112,#2110,#125,.T.);
#1647=EDGE_CURVE('',#2113,#2112,#2457,.T.);
#1648=EDGE_CURVE('',#2113,#2111,#126,.T.);
#1649=EDGE_CURVE('',#2114,#2112,#2458,.T.);
#1650=EDGE_CURVE('',#2115,#2114,#2459,.T.);
#1651=EDGE_CURVE('',#2115,#2113,#2460,.T.);
#1652=EDGE_CURVE('',#2114,#2116,#127,.T.);
#1653=EDGE_CURVE('',#2117,#2116,#2461,.T.);
#1654=EDGE_CURVE('',#2115,#2117,#128,.T.);
#1655=EDGE_CURVE('',#2118,#2116,#2462,.T.);
#1656=EDGE_CURVE('',#2119,#2118,#2463,.T.);
#1657=EDGE_CURVE('',#2119,#2117,#2464,.T.);
#1658=EDGE_CURVE('',#2118,#2120,#129,.T.);
#1659=EDGE_CURVE('',#2121,#2120,#2465,.T.);
#1660=EDGE_CURVE('',#2119,#2121,#130,.T.);
#1661=EDGE_CURVE('',#2120,#2122,#2466,.T.);
#1662=EDGE_CURVE('',#2123,#2122,#2467,.T.);
#1663=EDGE_CURVE('',#2121,#2123,#2468,.T.);
#1664=EDGE_CURVE('',#2122,#2124,#131,.T.);
#1665=EDGE_CURVE('',#2125,#2124,#2469,.T.);
#1666=EDGE_CURVE('',#2123,#2125,#132,.T.);
#1667=EDGE_CURVE('',#2126,#2127,#2470,.T.);
#1668=EDGE_CURVE('',#2128,#2126,#2471,.T.);
#1669=EDGE_CURVE('',#2128,#2129,#2472,.T.);
#1670=EDGE_CURVE('',#2129,#2127,#2473,.T.);
#1671=EDGE_CURVE('',#2130,#2126,#2474,.T.);
#1672=EDGE_CURVE('',#2131,#2130,#2475,.T.);
#1673=EDGE_CURVE('',#2131,#2128,#2476,.T.);
#1674=EDGE_CURVE('',#2130,#2132,#2477,.T.);
#1675=EDGE_CURVE('',#2133,#2132,#2478,.T.);
#1676=EDGE_CURVE('',#2131,#2133,#2479,.T.);
#1677=EDGE_CURVE('',#2134,#2135,#2480,.T.);
#1678=EDGE_CURVE('',#2136,#2134,#2481,.T.);
#1679=EDGE_CURVE('',#2136,#2137,#2482,.T.);
#1680=EDGE_CURVE('',#2137,#2135,#2483,.T.);
#1681=EDGE_CURVE('',#2134,#2138,#2484,.T.);
#1682=EDGE_CURVE('',#2139,#2138,#2485,.T.);
#1683=EDGE_CURVE('',#2136,#2139,#2486,.T.);
#1684=EDGE_CURVE('',#2138,#2140,#2487,.T.);
#1685=EDGE_CURVE('',#2141,#2140,#2488,.T.);
#1686=EDGE_CURVE('',#2139,#2141,#2489,.T.);
#1687=EDGE_CURVE('',#2104,#2087,#2490,.T.);
#1688=EDGE_CURVE('',#2105,#2089,#2491,.T.);
#1689=EDGE_CURVE('',#2124,#2106,#2492,.T.);
#1690=EDGE_CURVE('',#2125,#2109,#2493,.T.);
#1691=EDGE_CURVE('',#2132,#2127,#2494,.T.);
#1692=EDGE_CURVE('',#2133,#2129,#2495,.T.);
#1693=EDGE_CURVE('',#2135,#2140,#2496,.T.);
#1694=EDGE_CURVE('',#2137,#2141,#2497,.T.);
#1695=EDGE_CURVE('',#2142,#2142,#133,.T.);
#1696=EDGE_CURVE('',#2143,#2143,#134,.T.);
#1697=EDGE_CURVE('',#2144,#2144,#135,.T.);
#1698=EDGE_CURVE('',#2145,#2145,#136,.T.);
#1699=EDGE_CURVE('',#2146,#2146,#137,.T.);
#1700=EDGE_CURVE('',#2147,#2147,#138,.T.);
#1701=EDGE_CURVE('',#2148,#2148,#139,.T.);
#1702=EDGE_CURVE('',#2149,#2149,#140,.T.);
#1703=EDGE_CURVE('',#2150,#2151,#2498,.T.);
#1704=EDGE_CURVE('',#2152,#2150,#2499,.T.);
#1705=EDGE_CURVE('',#2152,#2153,#2500,.T.);
#1706=EDGE_CURVE('',#2153,#2151,#2501,.T.);
#1707=EDGE_CURVE('',#2150,#2154,#141,.T.);
#1708=EDGE_CURVE('',#2155,#2154,#2502,.T.);
#1709=EDGE_CURVE('',#2152,#2155,#142,.T.);
#1710=EDGE_CURVE('',#2154,#2156,#2503,.T.);
#1711=EDGE_CURVE('',#2157,#2156,#2504,.T.);
#1712=EDGE_CURVE('',#2155,#2157,#2505,.T.);
#1713=EDGE_CURVE('',#2158,#2158,#143,.T.);
#1714=EDGE_CURVE('',#2159,#2159,#144,.T.);
#1715=EDGE_CURVE('',#2156,#2151,#145,.T.);
#1716=EDGE_CURVE('',#2157,#2153,#146,.T.);
#1717=EDGE_CURVE('',#2160,#2160,#147,.T.);
#1718=EDGE_CURVE('',#2161,#2161,#148,.T.);
#1719=EDGE_CURVE('',#2162,#2163,#2506,.T.);
#1720=EDGE_CURVE('',#2163,#2164,#2507,.T.);
#1721=EDGE_CURVE('',#2165,#2164,#2508,.T.);
#1722=EDGE_CURVE('',#2162,#2165,#2509,.T.);
#1723=EDGE_CURVE('',#2166,#2167,#149,.T.);
#1724=EDGE_CURVE('',#2168,#2167,#2510,.T.);
#1725=EDGE_CURVE('',#2169,#2168,#150,.T.);
#1726=EDGE_CURVE('',#2170,#2169,#2511,.T.);
#1727=EDGE_CURVE('',#2170,#2163,#151,.T.);
#1728=EDGE_CURVE('',#2171,#2162,#152,.T.);
#1729=EDGE_CURVE('',#2171,#2166,#2512,.T.);
#1730=EDGE_CURVE('',#2166,#2172,#2513,.T.);
#1731=EDGE_CURVE('',#2171,#2173,#2514,.T.);
#1732=EDGE_CURVE('',#2173,#2172,#2515,.T.);
#1733=EDGE_CURVE('',#2174,#2172,#153,.T.);
#1734=EDGE_CURVE('',#2175,#2173,#154,.T.);
#1735=EDGE_CURVE('',#2175,#2174,#2516,.T.);
#1736=EDGE_CURVE('',#2174,#2176,#2517,.T.);
#1737=EDGE_CURVE('',#2175,#2177,#2518,.T.);
#1738=EDGE_CURVE('',#2177,#2176,#2519,.T.);
#1739=EDGE_CURVE('',#2178,#2179,#2520,.T.);
#1740=EDGE_CURVE('',#2180,#2178,#2521,.T.);
#1741=EDGE_CURVE('',#2180,#2181,#2522,.T.);
#1742=EDGE_CURVE('',#2181,#2182,#2523,.T.);
#1743=EDGE_CURVE('',#2183,#2182,#2524,.T.);
#1744=EDGE_CURVE('',#2184,#2183,#2525,.T.);
#1745=EDGE_CURVE('',#2184,#2185,#2526,.T.);
#1746=EDGE_CURVE('',#2186,#2185,#2527,.T.);
#1747=EDGE_CURVE('',#2187,#2186,#2528,.T.);
#1748=EDGE_CURVE('',#2187,#2188,#2529,.T.);
#1749=EDGE_CURVE('',#2188,#2189,#2530,.T.);
#1750=EDGE_CURVE('',#2189,#2179,#2531,.T.);
#1751=EDGE_CURVE('',#2182,#2190,#155,.T.);
#1752=EDGE_CURVE('',#2181,#2191,#156,.T.);
#1753=EDGE_CURVE('',#2191,#2190,#2532,.T.);
#1754=EDGE_CURVE('',#2190,#2192,#2533,.T.);
#1755=EDGE_CURVE('',#2191,#2193,#2534,.T.);
#1756=EDGE_CURVE('',#2193,#2192,#2535,.T.);
#1757=EDGE_CURVE('',#2192,#2194,#157,.T.);
#1758=EDGE_CURVE('',#2193,#2195,#158,.T.);
#1759=EDGE_CURVE('',#2195,#2194,#2536,.T.);
#1760=EDGE_CURVE('',#2194,#2196,#2537,.T.);
#1761=EDGE_CURVE('',#2195,#2197,#2538,.T.);
#1762=EDGE_CURVE('',#2197,#2196,#2539,.T.);
#1763=EDGE_CURVE('',#2164,#2198,#159,.T.);
#1764=EDGE_CURVE('',#2198,#2199,#2540,.T.);
#1765=EDGE_CURVE('',#2200,#2199,#160,.T.);
#1766=EDGE_CURVE('',#2200,#2201,#2541,.T.);
#1767=EDGE_CURVE('',#2201,#2176,#161,.T.);
#1768=EDGE_CURVE('',#2165,#2177,#162,.T.);
#1769=EDGE_CURVE('',#2196,#2178,#163,.T.);
#1770=EDGE_CURVE('',#2197,#2180,#164,.T.);
#1771=EDGE_CURVE('',#2202,#2202,#165,.T.);
#1772=EDGE_CURVE('',#2203,#2203,#166,.T.);
#1773=EDGE_CURVE('',#2204,#2179,#2542,.T.);
#1774=EDGE_CURVE('',#2204,#2167,#167,.T.);
#1775=EDGE_CURVE('',#2201,#2205,#168,.T.);
#1776=EDGE_CURVE('',#2205,#2183,#2543,.T.);
#1777=EDGE_CURVE('',#2206,#2206,#169,.T.);
#1778=EDGE_CURVE('',#2207,#2207,#170,.T.);
#1779=EDGE_CURVE('',#2208,#2208,#171,.F.);
#1780=EDGE_CURVE('',#2209,#2209,#172,.F.);
#1781=EDGE_CURVE('',#2210,#2210,#173,.T.);
#1782=EDGE_CURVE('',#2211,#2184,#2544,.T.);
#1783=EDGE_CURVE('',#2200,#2211,#174,.T.);
#1784=EDGE_CURVE('',#2212,#2199,#2545,.T.);
#1785=EDGE_CURVE('',#2212,#2213,#175,.T.);
#1786=EDGE_CURVE('',#2169,#2213,#2546,.T.);
#1787=EDGE_CURVE('',#2214,#2168,#176,.T.);
#1788=EDGE_CURVE('',#2214,#2189,#2547,.T.);
#1789=EDGE_CURVE('',#2215,#2188,#177,.T.);
#1790=EDGE_CURVE('',#2216,#2215,#2548,.T.);
#1791=EDGE_CURVE('',#2217,#2216,#178,.T.);
#1792=EDGE_CURVE('',#2218,#2217,#2549,.T.);
#1793=EDGE_CURVE('',#2185,#2218,#179,.T.);
#1794=EDGE_CURVE('',#2219,#2213,#2550,.T.);
#1795=EDGE_CURVE('',#2170,#2219,#2551,.T.);
#1796=EDGE_CURVE('',#2220,#2212,#2552,.T.);
#1797=EDGE_CURVE('',#2220,#2219,#180,.T.);
#1798=EDGE_CURVE('',#2220,#2198,#2553,.T.);
#1799=EDGE_CURVE('',#2221,#2218,#2554,.T.);
#1800=EDGE_CURVE('',#2186,#2221,#181,.T.);
#1801=EDGE_CURVE('',#2222,#2217,#2555,.T.);
#1802=EDGE_CURVE('',#2221,#2222,#2556,.T.);
#1803=EDGE_CURVE('',#2223,#2216,#2557,.T.);
#1804=EDGE_CURVE('',#2222,#2223,#182,.T.);
#1805=EDGE_CURVE('',#2224,#2215,#2558,.T.);
#1806=EDGE_CURVE('',#2223,#2224,#2559,.T.);
#1807=EDGE_CURVE('',#2224,#2187,#183,.T.);
#1808=EDGE_CURVE('',#2225,#2225,#184,.T.);
#1809=EDGE_CURVE('',#2214,#2204,#2560,.T.);
#1810=EDGE_CURVE('',#2211,#2205,#2561,.T.);
#1811=EDGE_CURVE('',#2226,#2227,#185,.T.);
#1812=EDGE_CURVE('',#2228,#2227,#2562,.T.);
#1813=EDGE_CURVE('',#2229,#2228,#186,.T.);
#1814=EDGE_CURVE('',#2229,#2226,#2563,.T.);
#1815=EDGE_CURVE('',#2230,#2231,#2564,.T.);
#1816=EDGE_CURVE('',#2231,#2232,#2565,.T.);
#1817=EDGE_CURVE('',#2232,#2233,#2566,.T.);
#1818=EDGE_CURVE('',#2233,#2226,#2567,.T.);
#1819=EDGE_CURVE('',#2230,#2229,#2568,.T.);
#1820=EDGE_CURVE('',#2234,#2235,#2569,.T.);
#1821=EDGE_CURVE('',#2235,#2231,#187,.T.);
#1822=EDGE_CURVE('',#2234,#2230,#188,.T.);
#1823=EDGE_CURVE('',#2236,#2237,#2570,.T.);
#1824=EDGE_CURVE('',#2238,#2237,#2571,.T.);
#1825=EDGE_CURVE('',#2239,#2238,#2572,.T.);
#1826=EDGE_CURVE('',#2239,#2235,#2573,.T.);
#1827=EDGE_CURVE('',#2236,#2234,#2574,.T.);
#1828=EDGE_CURVE('',#2240,#2237,#189,.T.);
#1829=EDGE_CURVE('',#2241,#2236,#190,.T.);
#1830=EDGE_CURVE('',#2241,#2240,#2575,.T.);
#1831=EDGE_CURVE('',#2242,#2243,#2576,.T.);
#1832=EDGE_CURVE('',#2244,#2243,#191,.T.);
#1833=EDGE_CURVE('',#2245,#2244,#2577,.T.);
#1834=EDGE_CURVE('',#2245,#2242,#192,.T.);
#1835=EDGE_CURVE('',#2246,#2247,#2578,.T.);
#1836=EDGE_CURVE('',#2248,#2246,#2579,.T.);
#1837=EDGE_CURVE('',#2248,#2249,#2580,.T.);
#1838=EDGE_CURVE('',#2250,#2249,#2581,.T.);
#1839=EDGE_CURVE('',#2243,#2250,#2582,.T.);
#1840=EDGE_CURVE('',#2242,#2251,#2583,.T.);
#1841=EDGE_CURVE('',#2251,#2247,#2584,.T.);
#1842=EDGE_CURVE('',#2247,#2252,#193,.T.);
#1843=EDGE_CURVE('',#2251,#2253,#194,.T.);
#1844=EDGE_CURVE('',#2253,#2252,#2585,.T.);
#1845=EDGE_CURVE('',#2254,#2252,#2586,.T.);
#1846=EDGE_CURVE('',#2255,#2253,#2587,.T.);
#1847=EDGE_CURVE('',#2255,#2254,#2588,.T.);
#1848=EDGE_CURVE('',#2254,#2256,#195,.T.);
#1849=EDGE_CURVE('',#2255,#2257,#196,.T.);
#1850=EDGE_CURVE('',#2257,#2256,#2589,.T.);
#1851=EDGE_CURVE('',#2256,#2258,#2590,.T.);
#1852=EDGE_CURVE('',#2257,#2245,#2591,.T.);
#1853=EDGE_CURVE('',#2259,#2244,#2592,.T.);
#1854=EDGE_CURVE('',#2259,#2260,#2593,.T.);
#1855=EDGE_CURVE('',#2260,#2261,#2594,.T.);
#1856=EDGE_CURVE('',#2261,#2258,#2595,.T.);
#1857=EDGE_CURVE('',#2240,#2227,#2596,.T.);
#1858=EDGE_CURVE('',#2241,#2228,#2597,.T.);
#1859=EDGE_CURVE('',#2237,#2258,#2598,.T.);
#1860=EDGE_CURVE('',#2226,#2246,#2599,.T.);
#1861=EDGE_CURVE('',#2262,#2262,#197,.T.);
#1862=EDGE_CURVE('',#2263,#2263,#198,.T.);
#1863=EDGE_CURVE('',#2264,#2264,#199,.T.);
#1864=EDGE_CURVE('',#2265,#2265,#200,.F.);
#1865=EDGE_CURVE('',#2266,#2266,#201,.F.);
#1866=EDGE_CURVE('',#2267,#2267,#202,.F.);
#1867=EDGE_CURVE('',#2233,#2248,#2600,.T.);
#1868=EDGE_CURVE('',#2233,#2268,#203,.T.);
#1869=EDGE_CURVE('',#2269,#2268,#2601,.T.);
#1870=EDGE_CURVE('',#2269,#2238,#204,.T.);
#1871=EDGE_CURVE('',#2238,#2261,#2602,.T.);
#1872=EDGE_CURVE('',#2270,#2260,#205,.T.);
#1873=EDGE_CURVE('',#2270,#2271,#2603,.T.);
#1874=EDGE_CURVE('',#2249,#2271,#206,.T.);
#1875=EDGE_CURVE('',#2232,#2272,#207,.T.);
#1876=EDGE_CURVE('',#2272,#2268,#2604,.T.);
#1877=EDGE_CURVE('',#2273,#2269,#2605,.T.);
#1878=EDGE_CURVE('',#2273,#2239,#208,.T.);
#1879=EDGE_CURVE('',#2274,#2271,#2606,.T.);
#1880=EDGE_CURVE('',#2250,#2274,#209,.T.);
#1881=EDGE_CURVE('',#2275,#2270,#2607,.T.);
#1882=EDGE_CURVE('',#2275,#2274,#2608,.T.);
#1883=EDGE_CURVE('',#2275,#2259,#210,.T.);
#1884=EDGE_CURVE('',#2273,#2272,#2609,.T.);
#1885=EDGE_CURVE('',#2276,#2277,#2610,.T.);
#1886=EDGE_CURVE('',#2278,#2276,#2611,.T.);
#1887=EDGE_CURVE('',#2278,#2279,#2612,.T.);
#1888=EDGE_CURVE('',#2279,#2277,#2613,.T.);
#1889=EDGE_CURVE('',#2276,#2280,#211,.T.);
#1890=EDGE_CURVE('',#2281,#2280,#2614,.T.);
#1891=EDGE_CURVE('',#2278,#2281,#212,.T.);
#1892=EDGE_CURVE('',#2280,#2282,#2615,.T.);
#1893=EDGE_CURVE('',#2283,#2282,#2616,.T.);
#1894=EDGE_CURVE('',#2281,#2283,#2617,.T.);
#1895=EDGE_CURVE('',#2284,#2284,#213,.T.);
#1896=EDGE_CURVE('',#2285,#2285,#214,.T.);
#1897=EDGE_CURVE('',#2282,#2277,#215,.T.);
#1898=EDGE_CURVE('',#2283,#2279,#216,.T.);
#1899=EDGE_CURVE('',#2286,#2286,#217,.T.);
#1900=EDGE_CURVE('',#2287,#2287,#218,.T.);
#1901=EDGE_CURVE('',#2288,#2289,#219,.T.);
#1902=EDGE_CURVE('',#2290,#2289,#2618,.T.);
#1903=EDGE_CURVE('',#2291,#2290,#220,.T.);
#1904=EDGE_CURVE('',#2291,#2288,#2619,.T.);
#1905=EDGE_CURVE('',#2292,#2289,#2620,.T.);
#1906=EDGE_CURVE('',#2293,#2292,#2621,.T.);
#1907=EDGE_CURVE('',#2293,#2294,#2622,.T.);
#1908=EDGE_CURVE('',#2295,#2294,#2623,.T.);
#1909=EDGE_CURVE('',#2295,#2290,#2624,.T.);
#1910=EDGE_CURVE('',#2294,#2296,#221,.T.);
#1911=EDGE_CURVE('',#2297,#2296,#2625,.T.);
#1912=EDGE_CURVE('',#2295,#2297,#222,.T.);
#1913=EDGE_CURVE('',#2298,#2296,#2626,.T.);
#1914=EDGE_CURVE('',#2299,#2298,#2627,.T.);
#1915=EDGE_CURVE('',#2299,#2297,#2628,.T.);
#1916=EDGE_CURVE('',#2300,#2300,#223,.T.);
#1917=EDGE_CURVE('',#2301,#2301,#224,.T.);
#1918=EDGE_CURVE('',#2302,#2288,#2629,.T.);
#1919=EDGE_CURVE('',#2299,#2291,#2630,.T.);
#1920=EDGE_CURVE('',#2303,#2298,#2631,.T.);
#1921=EDGE_CURVE('',#2303,#2302,#2632,.T.);
#1922=EDGE_CURVE('',#2292,#2302,#225,.T.);
#1923=EDGE_CURVE('',#2304,#2304,#226,.T.);
#1924=EDGE_CURVE('',#2293,#2303,#227,.T.);
#1925=EDGE_CURVE('',#2305,#2305,#228,.T.);
#1926=EDGE_CURVE('',#2306,#2307,#2633,.T.);
#1927=EDGE_CURVE('',#2308,#2306,#2634,.T.);
#1928=EDGE_CURVE('',#2308,#2309,#2635,.T.);
#1929=EDGE_CURVE('',#2309,#2310,#2636,.T.);
#1930=EDGE_CURVE('',#2310,#2311,#2637,.T.);
#1931=EDGE_CURVE('',#2311,#2307,#2638,.T.);
#1932=EDGE_CURVE('',#2306,#2312,#229,.T.);
#1933=EDGE_CURVE('',#2313,#2312,#2639,.T.);
#1934=EDGE_CURVE('',#2308,#2313,#230,.T.);
#1935=EDGE_CURVE('',#2312,#2314,#2640,.T.);
#1936=EDGE_CURVE('',#2315,#2314,#2641,.T.);
#1937=EDGE_CURVE('',#2316,#2315,#2642,.T.);
#1938=EDGE_CURVE('',#2317,#2316,#2643,.T.);
#1939=EDGE_CURVE('',#2313,#2317,#2644,.T.);
#1940=EDGE_CURVE('',#2310,#2316,#231,.T.);
#1941=EDGE_CURVE('',#2309,#2317,#232,.T.);
#1942=EDGE_CURVE('',#2318,#2318,#233,.T.);
#1943=EDGE_CURVE('',#2319,#2319,#234,.T.);
#1944=EDGE_CURVE('',#2314,#2307,#235,.T.);
#1945=EDGE_CURVE('',#2320,#2320,#236,.T.);
#1946=EDGE_CURVE('',#2315,#2311,#237,.T.);
#1947=EDGE_CURVE('',#2321,#2321,#238,.T.);
#1948=EDGE_CURVE('',#2322,#2322,#239,.T.);
#1949=EDGE_CURVE('',#2323,#2324,#2645,.T.);
#1950=EDGE_CURVE('',#2323,#2325,#240,.T.);
#1951=EDGE_CURVE('',#2325,#2326,#2646,.T.);
#1952=EDGE_CURVE('',#2324,#2326,#241,.T.);
#1953=EDGE_CURVE('',#2327,#2325,#2647,.T.);
#1954=EDGE_CURVE('',#2328,#2327,#2648,.T.);
#1955=EDGE_CURVE('',#2329,#2328,#2649,.T.);
#1956=EDGE_CURVE('',#2329,#2330,#2650,.T.);
#1957=EDGE_CURVE('',#2331,#2330,#2651,.T.);
#1958=EDGE_CURVE('',#2331,#2332,#2652,.T.);
#1959=EDGE_CURVE('',#2332,#2326,#2653,.T.);
#1960=EDGE_CURVE('',#2333,#2330,#242,.T.);
#1961=EDGE_CURVE('',#2334,#2333,#2654,.T.);
#1962=EDGE_CURVE('',#2334,#2331,#243,.T.);
#1963=EDGE_CURVE('',#2335,#2336,#2655,.T.);
#1964=EDGE_CURVE('',#2336,#2323,#2656,.T.);
#1965=EDGE_CURVE('',#2337,#2324,#2657,.T.);
#1966=EDGE_CURVE('',#2334,#2337,#2658,.T.);
#1967=EDGE_CURVE('',#2338,#2333,#2659,.T.);
#1968=EDGE_CURVE('',#2338,#2335,#2660,.T.);
#1969=EDGE_CURVE('',#2337,#2332,#244,.T.);
#1970=EDGE_CURVE('',#2339,#2339,#245,.T.);
#1971=EDGE_CURVE('',#2328,#2335,#246,.T.);
#1972=EDGE_CURVE('',#2329,#2338,#247,.T.);
#1973=EDGE_CURVE('',#2340,#2340,#248,.T.);
#1974=EDGE_CURVE('',#2341,#2341,#249,.T.);
#1975=EDGE_CURVE('',#2336,#2327,#250,.T.);
#1976=EDGE_CURVE('',#2342,#2343,#2661,.T.);
#1977=EDGE_CURVE('',#2342,#2344,#251,.T.);
#1978=EDGE_CURVE('',#2344,#2345,#2662,.T.);
#1979=EDGE_CURVE('',#2343,#2345,#252,.T.);
#1980=EDGE_CURVE('',#2346,#2343,#2663,.T.);
#1981=EDGE_CURVE('',#2347,#2346,#2664,.T.);
#1982=EDGE_CURVE('',#2347,#2348,#2665,.T.);
#1983=EDGE_CURVE('',#2348,#2349,#2666,.T.);
#1984=EDGE_CURVE('',#2349,#2350,#2667,.T.);
#1985=EDGE_CURVE('',#2350,#2351,#2668,.T.);
#1986=EDGE_CURVE('',#2342,#2351,#2669,.T.);
#1987=EDGE_CURVE('',#2346,#2352,#253,.T.);
#1988=EDGE_CURVE('',#2353,#2352,#2670,.T.);
#1989=EDGE_CURVE('',#2347,#2353,#254,.T.);
#1990=EDGE_CURVE('',#2352,#2345,#2671,.T.);
#1991=EDGE_CURVE('',#2344,#2354,#2672,.T.);
#1992=EDGE_CURVE('',#2355,#2354,#2673,.T.);
#1993=EDGE_CURVE('',#2356,#2355,#2674,.T.);
#1994=EDGE_CURVE('',#2357,#2356,#2675,.T.);
#1995=EDGE_CURVE('',#2353,#2357,#2676,.T.);
#1996=EDGE_CURVE('',#2349,#2356,#255,.T.);
#1997=EDGE_CURVE('',#2348,#2357,#256,.T.);
#1998=EDGE_CURVE('',#2358,#2358,#257,.T.);
#1999=EDGE_CURVE('',#2359,#2359,#258,.T.);
#2000=EDGE_CURVE('',#2354,#2351,#259,.T.);
#2001=EDGE_CURVE('',#2355,#2350,#260,.T.);
#2002=EDGE_CURVE('',#2360,#2360,#261,.T.);
#2003=EDGE_CURVE('',#2361,#2361,#262,.T.);
#2004=EDGE_CURVE('',#2362,#2363,#2677,.T.);
#2005=EDGE_CURVE('',#2364,#2363,#2678,.T.);
#2006=EDGE_CURVE('',#2365,#2364,#2679,.T.);
#2007=EDGE_CURVE('',#2365,#2362,#2680,.T.);
#2008=EDGE_CURVE('',#2363,#2366,#263,.T.);
#2009=EDGE_CURVE('',#2367,#2366,#2681,.T.);
#2010=EDGE_CURVE('',#2364,#2367,#264,.T.);
#2011=EDGE_CURVE('',#2366,#2368,#2682,.T.);
#2012=EDGE_CURVE('',#2369,#2368,#2683,.T.);
#2013=EDGE_CURVE('',#2367,#2369,#2684,.T.);
#2014=EDGE_CURVE('',#2368,#2362,#265,.T.);
#2015=EDGE_CURVE('',#2369,#2365,#266,.T.);
#2016=EDGE_CURVE('',#2370,#2370,#267,.T.);
#2017=EDGE_CURVE('',#2371,#2371,#268,.T.);
#2018=EDGE_CURVE('',#2372,#2372,#269,.T.);
#2019=EDGE_CURVE('',#2373,#2373,#270,.T.);
#2020=EDGE_CURVE('',#2374,#2375,#2685,.T.);
#2021=EDGE_CURVE('',#2376,#2374,#2686,.T.);
#2022=EDGE_CURVE('',#2377,#2376,#2687,.T.);
#2023=EDGE_CURVE('',#2378,#2377,#2688,.T.);
#2024=EDGE_CURVE('',#2379,#2378,#2689,.T.);
#2025=EDGE_CURVE('',#2375,#2379,#2690,.T.);
#2026=EDGE_CURVE('',#2380,#2375,#2691,.T.);
#2027=EDGE_CURVE('',#2381,#2380,#2692,.T.);
#2028=EDGE_CURVE('',#2381,#2374,#2693,.T.);
#2029=EDGE_CURVE('',#2382,#2379,#2694,.T.);
#2030=EDGE_CURVE('',#2380,#2382,#2695,.T.);
#2031=EDGE_CURVE('',#2383,#2378,#2696,.T.);
#2032=EDGE_CURVE('',#2382,#2383,#2697,.T.);
#2033=EDGE_CURVE('',#2384,#2377,#2698,.T.);
#2034=EDGE_CURVE('',#2383,#2384,#2699,.T.);
#2035=EDGE_CURVE('',#2385,#2376,#2700,.T.);
#2036=EDGE_CURVE('',#2384,#2385,#2701,.T.);
#2037=EDGE_CURVE('',#2385,#2381,#2702,.T.);
#2038=VERTEX_POINT('',#5845);
#2039=VERTEX_POINT('',#5846);
#2040=VERTEX_POINT('',#5848);
#2041=VERTEX_POINT('',#5850);
#2042=VERTEX_POINT('',#5854);
#2043=VERTEX_POINT('',#5856);
#2044=VERTEX_POINT('',#5860);
#2045=VERTEX_POINT('',#5862);
#2046=VERTEX_POINT('',#5872);
#2047=VERTEX_POINT('',#5874);
#2048=VERTEX_POINT('',#5875);
#2049=VERTEX_POINT('',#5877);
#2050=VERTEX_POINT('',#5879);
#2051=VERTEX_POINT('',#5881);
#2052=VERTEX_POINT('',#5883);
#2053=VERTEX_POINT('',#5887);
#2054=VERTEX_POINT('',#5890);
#2055=VERTEX_POINT('',#5891);
#2056=VERTEX_POINT('',#5893);
#2057=VERTEX_POINT('',#5895);
#2058=VERTEX_POINT('',#5897);
#2059=VERTEX_POINT('',#5899);
#2060=VERTEX_POINT('',#5903);
#2061=VERTEX_POINT('',#5905);
#2062=VERTEX_POINT('',#5909);
#2063=VERTEX_POINT('',#5913);
#2064=VERTEX_POINT('',#5917);
#2065=VERTEX_POINT('',#5921);
#2066=VERTEX_POINT('',#5928);
#2067=VERTEX_POINT('',#5930);
#2068=VERTEX_POINT('',#5934);
#2069=VERTEX_POINT('',#5938);
#2070=VERTEX_POINT('',#5942);
#2071=VERTEX_POINT('',#5946);
#2072=VERTEX_POINT('',#5954);
#2073=VERTEX_POINT('',#5956);
#2074=VERTEX_POINT('',#5959);
#2075=VERTEX_POINT('',#5962);
#2076=VERTEX_POINT('',#5965);
#2077=VERTEX_POINT('',#5968);
#2078=VERTEX_POINT('',#5971);
#2079=VERTEX_POINT('',#5974);
#2080=VERTEX_POINT('',#5977);
#2081=VERTEX_POINT('',#5980);
#2082=VERTEX_POINT('',#5983);
#2083=VERTEX_POINT('',#5986);
#2084=VERTEX_POINT('',#5991);
#2085=VERTEX_POINT('',#5993);
#2086=VERTEX_POINT('',#5996);
#2087=VERTEX_POINT('',#5997);
#2088=VERTEX_POINT('',#5999);
#2089=VERTEX_POINT('',#6001);
#2090=VERTEX_POINT('',#6005);
#2091=VERTEX_POINT('',#6007);
#2092=VERTEX_POINT('',#6011);
#2093=VERTEX_POINT('',#6013);
#2094=VERTEX_POINT('',#6017);
#2095=VERTEX_POINT('',#6019);
#2096=VERTEX_POINT('',#6023);
#2097=VERTEX_POINT('',#6025);
#2098=VERTEX_POINT('',#6029);
#2099=VERTEX_POINT('',#6031);
#2100=VERTEX_POINT('',#6035);
#2101=VERTEX_POINT('',#6037);
#2102=VERTEX_POINT('',#6041);
#2103=VERTEX_POINT('',#6043);
#2104=VERTEX_POINT('',#6047);
#2105=VERTEX_POINT('',#6049);
#2106=VERTEX_POINT('',#6053);
#2107=VERTEX_POINT('',#6054);
#2108=VERTEX_POINT('',#6056);
#2109=VERTEX_POINT('',#6058);
#2110=VERTEX_POINT('',#6062);
#2111=VERTEX_POINT('',#6064);
#2112=VERTEX_POINT('',#6068);
#2113=VERTEX_POINT('',#6070);
#2114=VERTEX_POINT('',#6074);
#2115=VERTEX_POINT('',#6076);
#2116=VERTEX_POINT('',#6080);
#2117=VERTEX_POINT('',#6082);
#2118=VERTEX_POINT('',#6086);
#2119=VERTEX_POINT('',#6088);
#2120=VERTEX_POINT('',#6092);
#2121=VERTEX_POINT('',#6094);
#2122=VERTEX_POINT('',#6098);
#2123=VERTEX_POINT('',#6100);
#2124=VERTEX_POINT('',#6104);
#2125=VERTEX_POINT('',#6106);
#2126=VERTEX_POINT('',#6110);
#2127=VERTEX_POINT('',#6111);
#2128=VERTEX_POINT('',#6113);
#2129=VERTEX_POINT('',#6115);
#2130=VERTEX_POINT('',#6119);
#2131=VERTEX_POINT('',#6121);
#2132=VERTEX_POINT('',#6125);
#2133=VERTEX_POINT('',#6127);
#2134=VERTEX_POINT('',#6131);
#2135=VERTEX_POINT('',#6132);
#2136=VERTEX_POINT('',#6134);
#2137=VERTEX_POINT('',#6136);
#2138=VERTEX_POINT('',#6140);
#2139=VERTEX_POINT('',#6142);
#2140=VERTEX_POINT('',#6146);
#2141=VERTEX_POINT('',#6148);
#2142=VERTEX_POINT('',#6164);
#2143=VERTEX_POINT('',#6166);
#2144=VERTEX_POINT('',#6168);
#2145=VERTEX_POINT('',#6171);
#2146=VERTEX_POINT('',#6174);
#2147=VERTEX_POINT('',#6178);
#2148=VERTEX_POINT('',#6182);
#2149=VERTEX_POINT('',#6186);
#2150=VERTEX_POINT('',#6191);
#2151=VERTEX_POINT('',#6192);
#2152=VERTEX_POINT('',#6194);
#2153=VERTEX_POINT('',#6196);
#2154=VERTEX_POINT('',#6200);
#2155=VERTEX_POINT('',#6202);
#2156=VERTEX_POINT('',#6206);
#2157=VERTEX_POINT('',#6208);
#2158=VERTEX_POINT('',#6212);
#2159=VERTEX_POINT('',#6214);
#2160=VERTEX_POINT('',#6220);
#2161=VERTEX_POINT('',#6222);
#2162=VERTEX_POINT('',#6228);
#2163=VERTEX_POINT('',#6229);
#2164=VERTEX_POINT('',#6231);
#2165=VERTEX_POINT('',#6233);
#2166=VERTEX_POINT('',#6237);
#2167=VERTEX_POINT('',#6238);
#2168=VERTEX_POINT('',#6240);
#2169=VERTEX_POINT('',#6242);
#2170=VERTEX_POINT('',#6244);
#2171=VERTEX_POINT('',#6247);
#2172=VERTEX_POINT('',#6251);
#2173=VERTEX_POINT('',#6253);
#2174=VERTEX_POINT('',#6257);
#2175=VERTEX_POINT('',#6259);
#2176=VERTEX_POINT('',#6263);
#2177=VERTEX_POINT('',#6265);
#2178=VERTEX_POINT('',#6269);
#2179=VERTEX_POINT('',#6270);
#2180=VERTEX_POINT('',#6272);
#2181=VERTEX_POINT('',#6274);
#2182=VERTEX_POINT('',#6276);
#2183=VERTEX_POINT('',#6278);
#2184=VERTEX_POINT('',#6280);
#2185=VERTEX_POINT('',#6282);
#2186=VERTEX_POINT('',#6284);
#2187=VERTEX_POINT('',#6286);
#2188=VERTEX_POINT('',#6288);
#2189=VERTEX_POINT('',#6290);
#2190=VERTEX_POINT('',#6294);
#2191=VERTEX_POINT('',#6296);
#2192=VERTEX_POINT('',#6300);
#2193=VERTEX_POINT('',#6302);
#2194=VERTEX_POINT('',#6306);
#2195=VERTEX_POINT('',#6308);
#2196=VERTEX_POINT('',#6312);
#2197=VERTEX_POINT('',#6314);
#2198=VERTEX_POINT('',#6318);
#2199=VERTEX_POINT('',#6320);
#2200=VERTEX_POINT('',#6322);
#2201=VERTEX_POINT('',#6324);
#2202=VERTEX_POINT('',#6332);
#2203=VERTEX_POINT('',#6334);
#2204=VERTEX_POINT('',#6338);
#2205=VERTEX_POINT('',#6341);
#2206=VERTEX_POINT('',#6344);
#2207=VERTEX_POINT('',#6346);
#2208=VERTEX_POINT('',#6349);
#2209=VERTEX_POINT('',#6351);
#2210=VERTEX_POINT('',#6353);
#2211=VERTEX_POINT('',#6355);
#2212=VERTEX_POINT('',#6358);
#2213=VERTEX_POINT('',#6360);
#2214=VERTEX_POINT('',#6363);
#2215=VERTEX_POINT('',#6366);
#2216=VERTEX_POINT('',#6368);
#2217=VERTEX_POINT('',#6370);
#2218=VERTEX_POINT('',#6372);
#2219=VERTEX_POINT('',#6376);
#2220=VERTEX_POINT('',#6380);
#2221=VERTEX_POINT('',#6386);
#2222=VERTEX_POINT('',#6390);
#2223=VERTEX_POINT('',#6394);
#2224=VERTEX_POINT('',#6398);
#2225=VERTEX_POINT('',#6404);
#2226=VERTEX_POINT('',#6417);
#2227=VERTEX_POINT('',#6418);
#2228=VERTEX_POINT('',#6420);
#2229=VERTEX_POINT('',#6422);
#2230=VERTEX_POINT('',#6426);
#2231=VERTEX_POINT('',#6427);
#2232=VERTEX_POINT('',#6429);
#2233=VERTEX_POINT('',#6431);
#2234=VERTEX_POINT('',#6436);
#2235=VERTEX_POINT('',#6437);
#2236=VERTEX_POINT('',#6442);
#2237=VERTEX_POINT('',#6443);
#2238=VERTEX_POINT('',#6445);
#2239=VERTEX_POINT('',#6447);
#2240=VERTEX_POINT('',#6452);
#2241=VERTEX_POINT('',#6454);
#2242=VERTEX_POINT('',#6458);
#2243=VERTEX_POINT('',#6459);
#2244=VERTEX_POINT('',#6461);
#2245=VERTEX_POINT('',#6463);
#2246=VERTEX_POINT('',#6467);
#2247=VERTEX_POINT('',#6468);
#2248=VERTEX_POINT('',#6470);
#2249=VERTEX_POINT('',#6472);
#2250=VERTEX_POINT('',#6474);
#2251=VERTEX_POINT('',#6477);
#2252=VERTEX_POINT('',#6481);
#2253=VERTEX_POINT('',#6483);
#2254=VERTEX_POINT('',#6487);
#2255=VERTEX_POINT('',#6489);
#2256=VERTEX_POINT('',#6493);
#2257=VERTEX_POINT('',#6495);
#2258=VERTEX_POINT('',#6499);
#2259=VERTEX_POINT('',#6502);
#2260=VERTEX_POINT('',#6504);
#2261=VERTEX_POINT('',#6506);
#2262=VERTEX_POINT('',#6516);
#2263=VERTEX_POINT('',#6518);
#2264=VERTEX_POINT('',#6520);
#2265=VERTEX_POINT('',#6523);
#2266=VERTEX_POINT('',#6525);
#2267=VERTEX_POINT('',#6527);
#2268=VERTEX_POINT('',#6530);
#2269=VERTEX_POINT('',#6532);
#2270=VERTEX_POINT('',#6536);
#2271=VERTEX_POINT('',#6538);
#2272=VERTEX_POINT('',#6542);
#2273=VERTEX_POINT('',#6546);
#2274=VERTEX_POINT('',#6550);
#2275=VERTEX_POINT('',#6554);
#2276=VERTEX_POINT('',#6569);
#2277=VERTEX_POINT('',#6570);
#2278=VERTEX_POINT('',#6572);
#2279=VERTEX_POINT('',#6574);
#2280=VERTEX_POINT('',#6578);
#2281=VERTEX_POINT('',#6580);
#2282=VERTEX_POINT('',#6584);
#2283=VERTEX_POINT('',#6586);
#2284=VERTEX_POINT('',#6590);
#2285=VERTEX_POINT('',#6592);
#2286=VERTEX_POINT('',#6598);
#2287=VERTEX_POINT('',#6600);
#2288=VERTEX_POINT('',#6606);
#2289=VERTEX_POINT('',#6607);
#2290=VERTEX_POINT('',#6609);
#2291=VERTEX_POINT('',#6611);
#2292=VERTEX_POINT('',#6615);
#2293=VERTEX_POINT('',#6617);
#2294=VERTEX_POINT('',#6619);
#2295=VERTEX_POINT('',#6621);
#2296=VERTEX_POINT('',#6625);
#2297=VERTEX_POINT('',#6627);
#2298=VERTEX_POINT('',#6631);
#2299=VERTEX_POINT('',#6633);
#2300=VERTEX_POINT('',#6637);
#2301=VERTEX_POINT('',#6639);
#2302=VERTEX_POINT('',#6642);
#2303=VERTEX_POINT('',#6645);
#2304=VERTEX_POINT('',#6651);
#2305=VERTEX_POINT('',#6656);
#2306=VERTEX_POINT('',#6661);
#2307=VERTEX_POINT('',#6662);
#2308=VERTEX_POINT('',#6664);
#2309=VERTEX_POINT('',#6666);
#2310=VERTEX_POINT('',#6668);
#2311=VERTEX_POINT('',#6670);
#2312=VERTEX_POINT('',#6674);
#2313=VERTEX_POINT('',#6676);
#2314=VERTEX_POINT('',#6680);
#2315=VERTEX_POINT('',#6682);
#2316=VERTEX_POINT('',#6684);
#2317=VERTEX_POINT('',#6686);
#2318=VERTEX_POINT('',#6693);
#2319=VERTEX_POINT('',#6695);
#2320=VERTEX_POINT('',#6700);
#2321=VERTEX_POINT('',#6705);
#2322=VERTEX_POINT('',#6712);
#2323=VERTEX_POINT('',#6714);
#2324=VERTEX_POINT('',#6715);
#2325=VERTEX_POINT('',#6717);
#2326=VERTEX_POINT('',#6719);
#2327=VERTEX_POINT('',#6723);
#2328=VERTEX_POINT('',#6725);
#2329=VERTEX_POINT('',#6727);
#2330=VERTEX_POINT('',#6729);
#2331=VERTEX_POINT('',#6731);
#2332=VERTEX_POINT('',#6733);
#2333=VERTEX_POINT('',#6737);
#2334=VERTEX_POINT('',#6739);
#2335=VERTEX_POINT('',#6743);
#2336=VERTEX_POINT('',#6744);
#2337=VERTEX_POINT('',#6747);
#2338=VERTEX_POINT('',#6750);
#2339=VERTEX_POINT('',#6756);
#2340=VERTEX_POINT('',#6763);
#2341=VERTEX_POINT('',#6765);
#2342=VERTEX_POINT('',#6776);
#2343=VERTEX_POINT('',#6777);
#2344=VERTEX_POINT('',#6779);
#2345=VERTEX_POINT('',#6781);
#2346=VERTEX_POINT('',#6785);
#2347=VERTEX_POINT('',#6787);
#2348=VERTEX_POINT('',#6789);
#2349=VERTEX_POINT('',#6791);
#2350=VERTEX_POINT('',#6793);
#2351=VERTEX_POINT('',#6795);
#2352=VERTEX_POINT('',#6799);
#2353=VERTEX_POINT('',#6801);
#2354=VERTEX_POINT('',#6806);
#2355=VERTEX_POINT('',#6808);
#2356=VERTEX_POINT('',#6810);
#2357=VERTEX_POINT('',#6812);
#2358=VERTEX_POINT('',#6819);
#2359=VERTEX_POINT('',#6821);
#2360=VERTEX_POINT('',#6829);
#2361=VERTEX_POINT('',#6831);
#2362=VERTEX_POINT('',#6839);
#2363=VERTEX_POINT('',#6840);
#2364=VERTEX_POINT('',#6842);
#2365=VERTEX_POINT('',#6844);
#2366=VERTEX_POINT('',#6848);
#2367=VERTEX_POINT('',#6850);
#2368=VERTEX_POINT('',#6854);
#2369=VERTEX_POINT('',#6856);
#2370=VERTEX_POINT('',#6863);
#2371=VERTEX_POINT('',#6865);
#2372=VERTEX_POINT('',#6869);
#2373=VERTEX_POINT('',#6872);
#2374=VERTEX_POINT('',#6876);
#2375=VERTEX_POINT('',#6877);
#2376=VERTEX_POINT('',#6879);
#2377=VERTEX_POINT('',#6881);
#2378=VERTEX_POINT('',#6883);
#2379=VERTEX_POINT('',#6885);
#2380=VERTEX_POINT('',#6889);
#2381=VERTEX_POINT('',#6891);
#2382=VERTEX_POINT('',#6895);
#2383=VERTEX_POINT('',#6899);
#2384=VERTEX_POINT('',#6903);
#2385=VERTEX_POINT('',#6907);
#2386=LINE('',#5844,#2703);
#2387=LINE('',#5847,#2704);
#2388=LINE('',#5849,#2705);
#2389=LINE('',#5851,#2706);
#2390=LINE('',#5853,#2707);
#2391=LINE('',#5855,#2708);
#2392=LINE('',#5857,#2709);
#2393=LINE('',#5859,#2710);
#2394=LINE('',#5861,#2711);
#2395=LINE('',#5863,#2712);
#2396=LINE('',#5865,#2713);
#2397=LINE('',#5866,#2714);
#2398=LINE('',#5873,#2715);
#2399=LINE('',#5876,#2716);
#2400=LINE('',#5878,#2717);
#2401=LINE('',#5880,#2718);
#2402=LINE('',#5882,#2719);
#2403=LINE('',#5884,#2720);
#2404=LINE('',#5889,#2721);
#2405=LINE('',#5892,#2722);
#2406=LINE('',#5894,#2723);
#2407=LINE('',#5896,#2724);
#2408=LINE('',#5898,#2725);
#2409=LINE('',#5900,#2726);
#2410=LINE('',#5902,#2727);
#2411=LINE('',#5904,#2728);
#2412=LINE('',#5906,#2729);
#2413=LINE('',#5908,#2730);
#2414=LINE('',#5910,#2731);
#2415=LINE('',#5912,#2732);
#2416=LINE('',#5914,#2733);
#2417=LINE('',#5916,#2734);
#2418=LINE('',#5918,#2735);
#2419=LINE('',#5920,#2736);
#2420=LINE('',#5922,#2737);
#2421=LINE('',#5924,#2738);
#2422=LINE('',#5927,#2739);
#2423=LINE('',#5929,#2740);
#2424=LINE('',#5931,#2741);
#2425=LINE('',#5933,#2742);
#2426=LINE('',#5935,#2743);
#2427=LINE('',#5937,#2744);
#2428=LINE('',#5939,#2745);
#2429=LINE('',#5941,#2746);
#2430=LINE('',#5943,#2747);
#2431=LINE('',#5945,#2748);
#2432=LINE('',#5947,#2749);
#2433=LINE('',#5949,#2750);
#2434=LINE('',#5998,#2751);
#2435=LINE('',#6002,#2752);
#2436=LINE('',#6004,#2753);
#2437=LINE('',#6006,#2754);
#2438=LINE('',#6008,#2755);
#2439=LINE('',#6012,#2756);
#2440=LINE('',#6016,#2757);
#2441=LINE('',#6018,#2758);
#2442=LINE('',#6020,#2759);
#2443=LINE('',#6024,#2760);
#2444=LINE('',#6028,#2761);
#2445=LINE('',#6030,#2762);
#2446=LINE('',#6032,#2763);
#2447=LINE('',#6036,#2764);
#2448=LINE('',#6040,#2765);
#2449=LINE('',#6042,#2766);
#2450=LINE('',#6044,#2767);
#2451=LINE('',#6048,#2768);
#2452=LINE('',#6055,#2769);
#2453=LINE('',#6059,#2770);
#2454=LINE('',#6061,#2771);
#2455=LINE('',#6063,#2772);
#2456=LINE('',#6065,#2773);
#2457=LINE('',#6069,#2774);
#2458=LINE('',#6073,#2775);
#2459=LINE('',#6075,#2776);
#2460=LINE('',#6077,#2777);
#2461=LINE('',#6081,#2778);
#2462=LINE('',#6085,#2779);
#2463=LINE('',#6087,#2780);
#2464=LINE('',#6089,#2781);
#2465=LINE('',#6093,#2782);
#2466=LINE('',#6097,#2783);
#2467=LINE('',#6099,#2784);
#2468=LINE('',#6101,#2785);
#2469=LINE('',#6105,#2786);
#2470=LINE('',#6109,#2787);
#2471=LINE('',#6112,#2788);
#2472=LINE('',#6114,#2789);
#2473=LINE('',#6116,#2790);
#2474=LINE('',#6118,#2791);
#2475=LINE('',#6120,#2792);
#2476=LINE('',#6122,#2793);
#2477=LINE('',#6124,#2794);
#2478=LINE('',#6126,#2795);
#2479=LINE('',#6128,#2796);
#2480=LINE('',#6130,#2797);
#2481=LINE('',#6133,#2798);
#2482=LINE('',#6135,#2799);
#2483=LINE('',#6137,#2800);
#2484=LINE('',#6139,#2801);
#2485=LINE('',#6141,#2802);
#2486=LINE('',#6143,#2803);
#2487=LINE('',#6145,#2804);
#2488=LINE('',#6147,#2805);
#2489=LINE('',#6149,#2806);
#2490=LINE('',#6151,#2807);
#2491=LINE('',#6152,#2808);
#2492=LINE('',#6154,#2809);
#2493=LINE('',#6155,#2810);
#2494=LINE('',#6157,#2811);
#2495=LINE('',#6158,#2812);
#2496=LINE('',#6160,#2813);
#2497=LINE('',#6161,#2814);
#2498=LINE('',#6190,#2815);
#2499=LINE('',#6193,#2816);
#2500=LINE('',#6195,#2817);
#2501=LINE('',#6197,#2818);
#2502=LINE('',#6201,#2819);
#2503=LINE('',#6205,#2820);
#2504=LINE('',#6207,#2821);
#2505=LINE('',#6209,#2822);
#2506=LINE('',#6227,#2823);
#2507=LINE('',#6230,#2824);
#2508=LINE('',#6232,#2825);
#2509=LINE('',#6234,#2826);
#2510=LINE('',#6239,#2827);
#2511=LINE('',#6243,#2828);
#2512=LINE('',#6248,#2829);
#2513=LINE('',#6250,#2830);
#2514=LINE('',#6252,#2831);
#2515=LINE('',#6254,#2832);
#2516=LINE('',#6260,#2833);
#2517=LINE('',#6262,#2834);
#2518=LINE('',#6264,#2835);
#2519=LINE('',#6266,#2836);
#2520=LINE('',#6268,#2837);
#2521=LINE('',#6271,#2838);
#2522=LINE('',#6273,#2839);
#2523=LINE('',#6275,#2840);
#2524=LINE('',#6277,#2841);
#2525=LINE('',#6279,#2842);
#2526=LINE('',#6281,#2843);
#2527=LINE('',#6283,#2844);
#2528=LINE('',#6285,#2845);
#2529=LINE('',#6287,#2846);
#2530=LINE('',#6289,#2847);
#2531=LINE('',#6291,#2848);
#2532=LINE('',#6297,#2849);
#2533=LINE('',#6299,#2850);
#2534=LINE('',#6301,#2851);
#2535=LINE('',#6303,#2852);
#2536=LINE('',#6309,#2853);
#2537=LINE('',#6311,#2854);
#2538=LINE('',#6313,#2855);
#2539=LINE('',#6315,#2856);
#2540=LINE('',#6319,#2857);
#2541=LINE('',#6323,#2858);
#2542=LINE('',#6337,#2859);
#2543=LINE('',#6342,#2860);
#2544=LINE('',#6354,#2861);
#2545=LINE('',#6357,#2862);
#2546=LINE('',#6361,#2863);
#2547=LINE('',#6364,#2864);
#2548=LINE('',#6367,#2865);
#2549=LINE('',#6371,#2866);
#2550=LINE('',#6375,#2867);
#2551=LINE('',#6377,#2868);
#2552=LINE('',#6379,#2869);
#2553=LINE('',#6383,#2870);
#2554=LINE('',#6385,#2871);
#2555=LINE('',#6389,#2872);
#2556=LINE('',#6391,#2873);
#2557=LINE('',#6393,#2874);
#2558=LINE('',#6397,#2875);
#2559=LINE('',#6399,#2876);
#2560=LINE('',#6407,#2877);
#2561=LINE('',#6409,#2878);
#2562=LINE('',#6419,#2879);
#2563=LINE('',#6423,#2880);
#2564=LINE('',#6425,#2881);
#2565=LINE('',#6428,#2882);
#2566=LINE('',#6430,#2883);
#2567=LINE('',#6432,#2884);
#2568=LINE('',#6433,#2885);
#2569=LINE('',#6435,#2886);
#2570=LINE('',#6441,#2887);
#2571=LINE('',#6444,#2888);
#2572=LINE('',#6446,#2889);
#2573=LINE('',#6448,#2890);
#2574=LINE('',#6449,#2891);
#2575=LINE('',#6455,#2892);
#2576=LINE('',#6457,#2893);
#2577=LINE('',#6462,#2894);
#2578=LINE('',#6466,#2895);
#2579=LINE('',#6469,#2896);
#2580=LINE('',#6471,#2897);
#2581=LINE('',#6473,#2898);
#2582=LINE('',#6475,#2899);
#2583=LINE('',#6476,#2900);
#2584=LINE('',#6478,#2901);
#2585=LINE('',#6484,#2902);
#2586=LINE('',#6486,#2903);
#2587=LINE('',#6488,#2904);
#2588=LINE('',#6490,#2905);
#2589=LINE('',#6496,#2906);
#2590=LINE('',#6498,#2907);
#2591=LINE('',#6500,#2908);
#2592=LINE('',#6501,#2909);
#2593=LINE('',#6503,#2910);
#2594=LINE('',#6505,#2911);
#2595=LINE('',#6507,#2912);
#2596=LINE('',#6509,#2913);
#2597=LINE('',#6510,#2914);
#2598=LINE('',#6513,#2915);
#2599=LINE('',#6514,#2916);
#2600=LINE('',#6528,#2917);
#2601=LINE('',#6531,#2918);
#2602=LINE('',#6534,#2919);
#2603=LINE('',#6537,#2920);
#2604=LINE('',#6543,#2921);
#2605=LINE('',#6545,#2922);
#2606=LINE('',#6549,#2923);
#2607=LINE('',#6553,#2924);
#2608=LINE('',#6555,#2925);
#2609=LINE('',#6559,#2926);
#2610=LINE('',#6568,#2927);
#2611=LINE('',#6571,#2928);
#2612=LINE('',#6573,#2929);
#2613=LINE('',#6575,#2930);
#2614=LINE('',#6579,#2931);
#2615=LINE('',#6583,#2932);
#2616=LINE('',#6585,#2933);
#2617=LINE('',#6587,#2934);
#2618=LINE('',#6608,#2935);
#2619=LINE('',#6612,#2936);
#2620=LINE('',#6614,#2937);
#2621=LINE('',#6616,#2938);
#2622=LINE('',#6618,#2939);
#2623=LINE('',#6620,#2940);
#2624=LINE('',#6622,#2941);
#2625=LINE('',#6626,#2942);
#2626=LINE('',#6630,#2943);
#2627=LINE('',#6632,#2944);
#2628=LINE('',#6634,#2945);
#2629=LINE('',#6641,#2946);
#2630=LINE('',#6643,#2947);
#2631=LINE('',#6644,#2948);
#2632=LINE('',#6646,#2949);
#2633=LINE('',#6660,#2950);
#2634=LINE('',#6663,#2951);
#2635=LINE('',#6665,#2952);
#2636=LINE('',#6667,#2953);
#2637=LINE('',#6669,#2954);
#2638=LINE('',#6671,#2955);
#2639=LINE('',#6675,#2956);
#2640=LINE('',#6679,#2957);
#2641=LINE('',#6681,#2958);
#2642=LINE('',#6683,#2959);
#2643=LINE('',#6685,#2960);
#2644=LINE('',#6687,#2961);
#2645=LINE('',#6713,#2962);
#2646=LINE('',#6718,#2963);
#2647=LINE('',#6722,#2964);
#2648=LINE('',#6724,#2965);
#2649=LINE('',#6726,#2966);
#2650=LINE('',#6728,#2967);
#2651=LINE('',#6730,#2968);
#2652=LINE('',#6732,#2969);
#2653=LINE('',#6734,#2970);
#2654=LINE('',#6738,#2971);
#2655=LINE('',#6742,#2972);
#2656=LINE('',#6745,#2973);
#2657=LINE('',#6746,#2974);
#2658=LINE('',#6748,#2975);
#2659=LINE('',#6749,#2976);
#2660=LINE('',#6751,#2977);
#2661=LINE('',#6775,#2978);
#2662=LINE('',#6780,#2979);
#2663=LINE('',#6784,#2980);
#2664=LINE('',#6786,#2981);
#2665=LINE('',#6788,#2982);
#2666=LINE('',#6790,#2983);
#2667=LINE('',#6792,#2984);
#2668=LINE('',#6794,#2985);
#2669=LINE('',#6796,#2986);
#2670=LINE('',#6800,#2987);
#2671=LINE('',#6804,#2988);
#2672=LINE('',#6805,#2989);
#2673=LINE('',#6807,#2990);
#2674=LINE('',#6809,#2991);
#2675=LINE('',#6811,#2992);
#2676=LINE('',#6813,#2993);
#2677=LINE('',#6838,#2994);
#2678=LINE('',#6841,#2995);
#2679=LINE('',#6843,#2996);
#2680=LINE('',#6845,#2997);
#2681=LINE('',#6849,#2998);
#2682=LINE('',#6853,#2999);
#2683=LINE('',#6855,#3000);
#2684=LINE('',#6857,#3001);
#2685=LINE('',#6875,#3002);
#2686=LINE('',#6878,#3003);
#2687=LINE('',#6880,#3004);
#2688=LINE('',#6882,#3005);
#2689=LINE('',#6884,#3006);
#2690=LINE('',#6886,#3007);
#2691=LINE('',#6888,#3008);
#2692=LINE('',#6890,#3009);
#2693=LINE('',#6892,#3010);
#2694=LINE('',#6894,#3011);
#2695=LINE('',#6896,#3012);
#2696=LINE('',#6898,#3013);
#2697=LINE('',#6900,#3014);
#2698=LINE('',#6902,#3015);
#2699=LINE('',#6904,#3016);
#2700=LINE('',#6906,#3017);
#2701=LINE('',#6908,#3018);
#2702=LINE('',#6910,#3019);
#2703=VECTOR('',#4623,1.);
#2704=VECTOR('',#4624,1.);
#2705=VECTOR('',#4625,1.);
#2706=VECTOR('',#4626,1.);
#2707=VECTOR('',#4629,1.);
#2708=VECTOR('',#4630,1.);
#2709=VECTOR('',#4631,1.);
#2710=VECTOR('',#4634,1.);
#2711=VECTOR('',#4635,1.);
#2712=VECTOR('',#4636,1.);
#2713=VECTOR('',#4639,1.);
#2714=VECTOR('',#4640,1.);
#2715=VECTOR('',#4651,1.);
#2716=VECTOR('',#4652,1.);
#2717=VECTOR('',#4653,1.);
#2718=VECTOR('',#4654,1.);
#2719=VECTOR('',#4655,1.);
#2720=VECTOR('',#4656,1.);
#2721=VECTOR('',#4663,1.);
#2722=VECTOR('',#4664,1.);
#2723=VECTOR('',#4665,1.);
#2724=VECTOR('',#4666,1.);
#2725=VECTOR('',#4667,1.);
#2726=VECTOR('',#4668,1.);
#2727=VECTOR('',#4671,1.);
#2728=VECTOR('',#4672,1.);
#2729=VECTOR('',#4673,1.);
#2730=VECTOR('',#4676,1.);
#2731=VECTOR('',#4677,1.);
#2732=VECTOR('',#4680,1.);
#2733=VECTOR('',#4681,1.);
#2734=VECTOR('',#4684,1.);
#2735=VECTOR('',#4685,1.);
#2736=VECTOR('',#4688,1.);
#2737=VECTOR('',#4689,1.);
#2738=VECTOR('',#4692,1.);
#2739=VECTOR('',#4697,1.);
#2740=VECTOR('',#4698,1.);
#2741=VECTOR('',#4699,1.);
#2742=VECTOR('',#4702,1.);
#2743=VECTOR('',#4703,1.);
#2744=VECTOR('',#4706,1.);
#2745=VECTOR('',#4707,1.);
#2746=VECTOR('',#4710,1.);
#2747=VECTOR('',#4711,1.);
#2748=VECTOR('',#4714,1.);
#2749=VECTOR('',#4715,1.);
#2750=VECTOR('',#4718,1.);
#2751=VECTOR('',#4783,1.);
#2752=VECTOR('',#4786,1.);
#2753=VECTOR('',#4789,1.);
#2754=VECTOR('',#4790,1.);
#2755=VECTOR('',#4791,1.);
#2756=VECTOR('',#4796,1.);
#2757=VECTOR('',#4801,1.);
#2758=VECTOR('',#4802,1.);
#2759=VECTOR('',#4803,1.);
#2760=VECTOR('',#4808,1.);
#2761=VECTOR('',#4813,1.);
#2762=VECTOR('',#4814,1.);
#2763=VECTOR('',#4815,1.);
#2764=VECTOR('',#4820,1.);
#2765=VECTOR('',#4825,1.);
#2766=VECTOR('',#4826,1.);
#2767=VECTOR('',#4827,1.);
#2768=VECTOR('',#4832,1.);
#2769=VECTOR('',#4839,1.);
#2770=VECTOR('',#4842,1.);
#2771=VECTOR('',#4845,1.);
#2772=VECTOR('',#4846,1.);
#2773=VECTOR('',#4847,1.);
#2774=VECTOR('',#4852,1.);
#2775=VECTOR('',#4857,1.);
#2776=VECTOR('',#4858,1.);
#2777=VECTOR('',#4859,1.);
#2778=VECTOR('',#4864,1.);
#2779=VECTOR('',#4869,1.);
#2780=VECTOR('',#4870,1.);
#2781=VECTOR('',#4871,1.);
#2782=VECTOR('',#4876,1.);
#2783=VECTOR('',#4881,1.);
#2784=VECTOR('',#4882,1.);
#2785=VECTOR('',#4883,1.);
#2786=VECTOR('',#4888,1.);
#2787=VECTOR('',#4893,1.);
#2788=VECTOR('',#4894,1.);
#2789=VECTOR('',#4895,1.);
#2790=VECTOR('',#4896,1.);
#2791=VECTOR('',#4899,1.);
#2792=VECTOR('',#4900,1.);
#2793=VECTOR('',#4901,1.);
#2794=VECTOR('',#4904,1.);
#2795=VECTOR('',#4905,1.);
#2796=VECTOR('',#4906,1.);
#2797=VECTOR('',#4909,1.);
#2798=VECTOR('',#4910,1.);
#2799=VECTOR('',#4911,1.);
#2800=VECTOR('',#4912,1.);
#2801=VECTOR('',#4915,1.);
#2802=VECTOR('',#4916,1.);
#2803=VECTOR('',#4917,1.);
#2804=VECTOR('',#4920,1.);
#2805=VECTOR('',#4921,1.);
#2806=VECTOR('',#4922,1.);
#2807=VECTOR('',#4925,1.);
#2808=VECTOR('',#4926,1.);
#2809=VECTOR('',#4929,1.);
#2810=VECTOR('',#4930,1.);
#2811=VECTOR('',#4933,1.);
#2812=VECTOR('',#4934,1.);
#2813=VECTOR('',#4937,1.);
#2814=VECTOR('',#4938,1.);
#2815=VECTOR('',#4979,1.);
#2816=VECTOR('',#4980,1.);
#2817=VECTOR('',#4981,1.);
#2818=VECTOR('',#4982,1.);
#2819=VECTOR('',#4987,1.);
#2820=VECTOR('',#4992,1.);
#2821=VECTOR('',#4993,1.);
#2822=VECTOR('',#4994,1.);
#2823=VECTOR('',#5021,1.);
#2824=VECTOR('',#5022,1.);
#2825=VECTOR('',#5023,1.);
#2826=VECTOR('',#5024,1.);
#2827=VECTOR('',#5029,1.);
#2828=VECTOR('',#5032,1.);
#2829=VECTOR('',#5037,1.);
#2830=VECTOR('',#5040,1.);
#2831=VECTOR('',#5041,1.);
#2832=VECTOR('',#5042,1.);
#2833=VECTOR('',#5049,1.);
#2834=VECTOR('',#5052,1.);
#2835=VECTOR('',#5053,1.);
#2836=VECTOR('',#5054,1.);
#2837=VECTOR('',#5057,1.);
#2838=VECTOR('',#5058,1.);
#2839=VECTOR('',#5059,1.);
#2840=VECTOR('',#5060,1.);
#2841=VECTOR('',#5061,1.);
#2842=VECTOR('',#5062,1.);
#2843=VECTOR('',#5063,1.);
#2844=VECTOR('',#5064,1.);
#2845=VECTOR('',#5065,1.);
#2846=VECTOR('',#5066,1.);
#2847=VECTOR('',#5067,1.);
#2848=VECTOR('',#5068,1.);
#2849=VECTOR('',#5075,1.);
#2850=VECTOR('',#5078,1.);
#2851=VECTOR('',#5079,1.);
#2852=VECTOR('',#5080,1.);
#2853=VECTOR('',#5087,1.);
#2854=VECTOR('',#5090,1.);
#2855=VECTOR('',#5091,1.);
#2856=VECTOR('',#5092,1.);
#2857=VECTOR('',#5097,1.);
#2858=VECTOR('',#5100,1.);
#2859=VECTOR('',#5121,1.);
#2860=VECTOR('',#5126,1.);
#2861=VECTOR('',#5139,1.);
#2862=VECTOR('',#5142,1.);
#2863=VECTOR('',#5145,1.);
#2864=VECTOR('',#5148,1.);
#2865=VECTOR('',#5151,1.);
#2866=VECTOR('',#5154,1.);
#2867=VECTOR('',#5159,1.);
#2868=VECTOR('',#5160,1.);
#2869=VECTOR('',#5163,1.);
#2870=VECTOR('',#5168,1.);
#2871=VECTOR('',#5171,1.);
#2872=VECTOR('',#5176,1.);
#2873=VECTOR('',#5177,1.);
#2874=VECTOR('',#5180,1.);
#2875=VECTOR('',#5185,1.);
#2876=VECTOR('',#5186,1.);
#2877=VECTOR('',#5199,1.);
#2878=VECTOR('',#5202,1.);
#2879=VECTOR('',#5217,1.);
#2880=VECTOR('',#5220,1.);
#2881=VECTOR('',#5223,1.);
#2882=VECTOR('',#5224,1.);
#2883=VECTOR('',#5225,1.);
#2884=VECTOR('',#5226,1.);
#2885=VECTOR('',#5227,1.);
#2886=VECTOR('',#5230,1.);
#2887=VECTOR('',#5237,1.);
#2888=VECTOR('',#5238,1.);
#2889=VECTOR('',#5239,1.);
#2890=VECTOR('',#5240,1.);
#2891=VECTOR('',#5241,1.);
#2892=VECTOR('',#5248,1.);
#2893=VECTOR('',#5251,1.);
#2894=VECTOR('',#5254,1.);
#2895=VECTOR('',#5259,1.);
#2896=VECTOR('',#5260,1.);
#2897=VECTOR('',#5261,1.);
#2898=VECTOR('',#5262,1.);
#2899=VECTOR('',#5263,1.);
#2900=VECTOR('',#5264,1.);
#2901=VECTOR('',#5265,1.);
#2902=VECTOR('',#5272,1.);
#2903=VECTOR('',#5275,1.);
#2904=VECTOR('',#5276,1.);
#2905=VECTOR('',#5277,1.);
#2906=VECTOR('',#5284,1.);
#2907=VECTOR('',#5287,1.);
#2908=VECTOR('',#5288,1.);
#2909=VECTOR('',#5289,1.);
#2910=VECTOR('',#5290,1.);
#2911=VECTOR('',#5291,1.);
#2912=VECTOR('',#5292,1.);
#2913=VECTOR('',#5295,1.);
#2914=VECTOR('',#5296,1.);
#2915=VECTOR('',#5301,1.);
#2916=VECTOR('',#5302,1.);
#2917=VECTOR('',#5317,1.);
#2918=VECTOR('',#5320,1.);
#2919=VECTOR('',#5323,1.);
#2920=VECTOR('',#5326,1.);
#2921=VECTOR('',#5333,1.);
#2922=VECTOR('',#5336,1.);
#2923=VECTOR('',#5341,1.);
#2924=VECTOR('',#5346,1.);
#2925=VECTOR('',#5347,1.);
#2926=VECTOR('',#5354,1.);
#2927=VECTOR('',#5371,1.);
#2928=VECTOR('',#5372,1.);
#2929=VECTOR('',#5373,1.);
#2930=VECTOR('',#5374,1.);
#2931=VECTOR('',#5379,1.);
#2932=VECTOR('',#5384,1.);
#2933=VECTOR('',#5385,1.);
#2934=VECTOR('',#5386,1.);
#2935=VECTOR('',#5415,1.);
#2936=VECTOR('',#5418,1.);
#2937=VECTOR('',#5421,1.);
#2938=VECTOR('',#5422,1.);
#2939=VECTOR('',#5423,1.);
#2940=VECTOR('',#5424,1.);
#2941=VECTOR('',#5425,1.);
#2942=VECTOR('',#5430,1.);
#2943=VECTOR('',#5435,1.);
#2944=VECTOR('',#5436,1.);
#2945=VECTOR('',#5437,1.);
#2946=VECTOR('',#5446,1.);
#2947=VECTOR('',#5447,1.);
#2948=VECTOR('',#5448,1.);
#2949=VECTOR('',#5449,1.);
#2950=VECTOR('',#5472,1.);
#2951=VECTOR('',#5473,1.);
#2952=VECTOR('',#5474,1.);
#2953=VECTOR('',#5475,1.);
#2954=VECTOR('',#5476,1.);
#2955=VECTOR('',#5477,1.);
#2956=VECTOR('',#5482,1.);
#2957=VECTOR('',#5487,1.);
#2958=VECTOR('',#5488,1.);
#2959=VECTOR('',#5489,1.);
#2960=VECTOR('',#5490,1.);
#2961=VECTOR('',#5491,1.);
#2962=VECTOR('',#5532,1.);
#2963=VECTOR('',#5535,1.);
#2964=VECTOR('',#5540,1.);
#2965=VECTOR('',#5541,1.);
#2966=VECTOR('',#5542,1.);
#2967=VECTOR('',#5543,1.);
#2968=VECTOR('',#5544,1.);
#2969=VECTOR('',#5545,1.);
#2970=VECTOR('',#5546,1.);
#2971=VECTOR('',#5551,1.);
#2972=VECTOR('',#5556,1.);
#2973=VECTOR('',#5557,1.);
#2974=VECTOR('',#5558,1.);
#2975=VECTOR('',#5559,1.);
#2976=VECTOR('',#5560,1.);
#2977=VECTOR('',#5561,1.);
#2978=VECTOR('',#5602,1.);
#2979=VECTOR('',#5605,1.);
#2980=VECTOR('',#5610,1.);
#2981=VECTOR('',#5611,1.);
#2982=VECTOR('',#5612,1.);
#2983=VECTOR('',#5613,1.);
#2984=VECTOR('',#5614,1.);
#2985=VECTOR('',#5615,1.);
#2986=VECTOR('',#5616,1.);
#2987=VECTOR('',#5621,1.);
#2988=VECTOR('',#5626,1.);
#2989=VECTOR('',#5627,1.);
#2990=VECTOR('',#5628,1.);
#2991=VECTOR('',#5629,1.);
#2992=VECTOR('',#5630,1.);
#2993=VECTOR('',#5631,1.);
#2994=VECTOR('',#5672,1.);
#2995=VECTOR('',#5673,1.);
#2996=VECTOR('',#5674,1.);
#2997=VECTOR('',#5675,1.);
#2998=VECTOR('',#5680,1.);
#2999=VECTOR('',#5685,1.);
#3000=VECTOR('',#5686,1.);
#3001=VECTOR('',#5687,1.);
#3002=VECTOR('',#5714,1.);
#3003=VECTOR('',#5715,1.);
#3004=VECTOR('',#5716,1.);
#3005=VECTOR('',#5717,1.);
#3006=VECTOR('',#5718,1.);
#3007=VECTOR('',#5719,1.);
#3008=VECTOR('',#5722,1.);
#3009=VECTOR('',#5723,1.);
#3010=VECTOR('',#5724,1.);
#3011=VECTOR('',#5727,1.);
#3012=VECTOR('',#5728,1.);
#3013=VECTOR('',#5731,1.);
#3014=VECTOR('',#5732,1.);
#3015=VECTOR('',#5735,1.);
#3016=VECTOR('',#5736,1.);
#3017=VECTOR('',#5739,1.);
#3018=VECTOR('',#5740,1.);
#3019=VECTOR('',#5743,1.);
#3020=EDGE_LOOP('',(#565,#566,#567,#568));
#3021=EDGE_LOOP('',(#569,#570,#571,#572));
#3022=EDGE_LOOP('',(#573,#574,#575,#576));
#3023=EDGE_LOOP('',(#577,#578,#579,#580));
#3024=EDGE_LOOP('',(#581,#582,#583,#584));
#3025=EDGE_LOOP('',(#585,#586,#587,#588));
#3026=EDGE_LOOP('',(#589));
#3027=EDGE_LOOP('',(#590,#591,#592,#593,#594,#595));
#3028=EDGE_LOOP('',(#596));
#3029=EDGE_LOOP('',(#597));
#3030=EDGE_LOOP('',(#598,#599,#600,#601,#602,#603));
#3031=EDGE_LOOP('',(#604));
#3032=EDGE_LOOP('',(#605,#606,#607,#608));
#3033=EDGE_LOOP('',(#609,#610,#611,#612));
#3034=EDGE_LOOP('',(#613,#614,#615,#616));
#3035=EDGE_LOOP('',(#617,#618,#619,#620));
#3036=EDGE_LOOP('',(#621,#622,#623,#624));
#3037=EDGE_LOOP('',(#625,#626,#627,#628));
#3038=EDGE_LOOP('',(#629,#630,#631,#632,#633,#634));
#3039=EDGE_LOOP('',(#635,#636,#637,#638));
#3040=EDGE_LOOP('',(#639,#640,#641,#642));
#3041=EDGE_LOOP('',(#643,#644,#645,#646));
#3042=EDGE_LOOP('',(#647,#648,#649,#650));
#3043=EDGE_LOOP('',(#651,#652,#653,#654));
#3044=EDGE_LOOP('',(#655,#656,#657,#658));
#3045=EDGE_LOOP('',(#659,#660,#661,#662,#663,#664));
#3046=EDGE_LOOP('',(#665));
#3047=EDGE_LOOP('',(#666));
#3048=EDGE_LOOP('',(#667));
#3049=EDGE_LOOP('',(#668));
#3050=EDGE_LOOP('',(#669));
#3051=EDGE_LOOP('',(#670));
#3052=EDGE_LOOP('',(#671));
#3053=EDGE_LOOP('',(#672));
#3054=EDGE_LOOP('',(#673));
#3055=EDGE_LOOP('',(#674));
#3056=EDGE_LOOP('',(#675));
#3057=EDGE_LOOP('',(#676));
#3058=EDGE_LOOP('',(#677));
#3059=EDGE_LOOP('',(#678));
#3060=EDGE_LOOP('',(#679));
#3061=EDGE_LOOP('',(#680));
#3062=EDGE_LOOP('',(#681));
#3063=EDGE_LOOP('',(#682));
#3064=EDGE_LOOP('',(#683));
#3065=EDGE_LOOP('',(#684));
#3066=EDGE_LOOP('',(#685));
#3067=EDGE_LOOP('',(#686));
#3068=EDGE_LOOP('',(#687));
#3069=EDGE_LOOP('',(#688));
#3070=EDGE_LOOP('',(#689));
#3071=EDGE_LOOP('',(#690));
#3072=EDGE_LOOP('',(#691,#692,#693,#694));
#3073=EDGE_LOOP('',(#695,#696,#697,#698));
#3074=EDGE_LOOP('',(#699,#700,#701,#702));
#3075=EDGE_LOOP('',(#703,#704,#705,#706));
#3076=EDGE_LOOP('',(#707,#708,#709,#710));
#3077=EDGE_LOOP('',(#711,#712,#713,#714));
#3078=EDGE_LOOP('',(#715,#716,#717,#718));
#3079=EDGE_LOOP('',(#719,#720,#721,#722));
#3080=EDGE_LOOP('',(#723,#724,#725,#726));
#3081=EDGE_LOOP('',(#727,#728,#729,#730));
#3082=EDGE_LOOP('',(#731,#732,#733,#734));
#3083=EDGE_LOOP('',(#735,#736,#737,#738));
#3084=EDGE_LOOP('',(#739,#740,#741,#742));
#3085=EDGE_LOOP('',(#743,#744,#745,#746));
#3086=EDGE_LOOP('',(#747,#748,#749,#750));
#3087=EDGE_LOOP('',(#751,#752,#753,#754));
#3088=EDGE_LOOP('',(#755,#756,#757,#758));
#3089=EDGE_LOOP('',(#759,#760,#761,#762));
#3090=EDGE_LOOP('',(#763,#764,#765,#766));
#3091=EDGE_LOOP('',(#767,#768,#769,#770));
#3092=EDGE_LOOP('',(#771,#772,#773,#774));
#3093=EDGE_LOOP('',(#775,#776,#777,#778));
#3094=EDGE_LOOP('',(#779,#780,#781,#782));
#3095=EDGE_LOOP('',(#783,#784,#785,#786));
#3096=EDGE_LOOP('',(#787,#788,#789,#790));
#3097=EDGE_LOOP('',(#791,#792,#793,#794));
#3098=EDGE_LOOP('',(#795,#796,#797,#798));
#3099=EDGE_LOOP('',(#799,#800,#801,#802));
#3100=EDGE_LOOP('',(#803));
#3101=EDGE_LOOP('',(#804));
#3102=EDGE_LOOP('',(#805,#806,#807,#808));
#3103=EDGE_LOOP('',(#809,#810,#811,#812));
#3104=EDGE_LOOP('',(#813,#814,#815,#816,#817,#818,#819,#820,#821,#822));
#3105=EDGE_LOOP('',(#823,#824,#825,#826,#827,#828,#829,#830,#831,#832));
#3106=EDGE_LOOP('',(#833));
#3107=EDGE_LOOP('',(#834,#835,#836,#837));
#3108=EDGE_LOOP('',(#838,#839,#840,#841));
#3109=EDGE_LOOP('',(#842,#843,#844,#845,#846,#847,#848,#849,#850,#851));
#3110=EDGE_LOOP('',(#852,#853,#854,#855,#856,#857,#858,#859,#860,#861));
#3111=EDGE_LOOP('',(#862));
#3112=EDGE_LOOP('',(#863));
#3113=EDGE_LOOP('',(#864));
#3114=EDGE_LOOP('',(#865));
#3115=EDGE_LOOP('',(#866));
#3116=EDGE_LOOP('',(#867));
#3117=EDGE_LOOP('',(#868));
#3118=EDGE_LOOP('',(#869));
#3119=EDGE_LOOP('',(#870));
#3120=EDGE_LOOP('',(#871));
#3121=EDGE_LOOP('',(#872));
#3122=EDGE_LOOP('',(#873));
#3123=EDGE_LOOP('',(#874));
#3124=EDGE_LOOP('',(#875));
#3125=EDGE_LOOP('',(#876));
#3126=EDGE_LOOP('',(#877,#878,#879,#880));
#3127=EDGE_LOOP('',(#881,#882,#883,#884));
#3128=EDGE_LOOP('',(#885,#886,#887,#888));
#3129=EDGE_LOOP('',(#889));
#3130=EDGE_LOOP('',(#890));
#3131=EDGE_LOOP('',(#891,#892,#893,#894));
#3132=EDGE_LOOP('',(#895));
#3133=EDGE_LOOP('',(#896));
#3134=EDGE_LOOP('',(#897,#898,#899,#900));
#3135=EDGE_LOOP('',(#901));
#3136=EDGE_LOOP('',(#902));
#3137=EDGE_LOOP('',(#903,#904,#905,#906));
#3138=EDGE_LOOP('',(#907));
#3139=EDGE_LOOP('',(#908));
#3140=EDGE_LOOP('',(#909,#910,#911,#912));
#3141=EDGE_LOOP('',(#913,#914,#915,#916,#917,#918,#919,#920));
#3142=EDGE_LOOP('',(#921,#922,#923,#924));
#3143=EDGE_LOOP('',(#925,#926,#927,#928));
#3144=EDGE_LOOP('',(#929,#930,#931,#932));
#3145=EDGE_LOOP('',(#933,#934,#935,#936,#937,#938,#939,#940,#941,#942,#943,
#944));
#3146=EDGE_LOOP('',(#945,#946,#947,#948));
#3147=EDGE_LOOP('',(#949,#950,#951,#952));
#3148=EDGE_LOOP('',(#953,#954,#955,#956));
#3149=EDGE_LOOP('',(#957,#958,#959,#960));
#3150=EDGE_LOOP('',(#961,#962,#963,#964,#965,#966,#967,#968));
#3151=EDGE_LOOP('',(#969,#970,#971,#972));
#3152=EDGE_LOOP('',(#973));
#3153=EDGE_LOOP('',(#974));
#3154=EDGE_LOOP('',(#975,#976,#977,#978,#979,#980));
#3155=EDGE_LOOP('',(#981,#982,#983,#984,#985,#986));
#3156=EDGE_LOOP('',(#987));
#3157=EDGE_LOOP('',(#988,#989,#990,#991,#992,#993,#994,#995,#996,#997,#998,
#999,#1000,#1001,#1002,#1003));
#3158=EDGE_LOOP('',(#1004));
#3159=EDGE_LOOP('',(#1005));
#3160=EDGE_LOOP('',(#1006));
#3161=EDGE_LOOP('',(#1007));
#3162=EDGE_LOOP('',(#1008));
#3163=EDGE_LOOP('',(#1009));
#3164=EDGE_LOOP('',(#1010,#1011,#1012,#1013,#1014,#1015,#1016,#1017,#1018,
#1019,#1020,#1021,#1022,#1023,#1024,#1025));
#3165=EDGE_LOOP('',(#1026,#1027,#1028,#1029));
#3166=EDGE_LOOP('',(#1030,#1031,#1032,#1033));
#3167=EDGE_LOOP('',(#1034,#1035,#1036,#1037));
#3168=EDGE_LOOP('',(#1038,#1039,#1040,#1041));
#3169=EDGE_LOOP('',(#1042,#1043,#1044,#1045));
#3170=EDGE_LOOP('',(#1046,#1047,#1048,#1049));
#3171=EDGE_LOOP('',(#1050,#1051,#1052,#1053));
#3172=EDGE_LOOP('',(#1054,#1055,#1056,#1057));
#3173=EDGE_LOOP('',(#1058));
#3174=EDGE_LOOP('',(#1059));
#3175=EDGE_LOOP('',(#1060,#1061,#1062,#1063,#1064,#1065));
#3176=EDGE_LOOP('',(#1066,#1067,#1068,#1069,#1070,#1071));
#3177=EDGE_LOOP('',(#1072));
#3178=EDGE_LOOP('',(#1073,#1074,#1075,#1076));
#3179=EDGE_LOOP('',(#1077,#1078,#1079,#1080));
#3180=EDGE_LOOP('',(#1081,#1082,#1083,#1084));
#3181=EDGE_LOOP('',(#1085,#1086,#1087,#1088));
#3182=EDGE_LOOP('',(#1089));
#3183=EDGE_LOOP('',(#1090));
#3184=EDGE_LOOP('',(#1091));
#3185=EDGE_LOOP('',(#1092));
#3186=EDGE_LOOP('',(#1093,#1094,#1095,#1096));
#3187=EDGE_LOOP('',(#1097,#1098,#1099,#1100,#1101,#1102));
#3188=EDGE_LOOP('',(#1103,#1104,#1105,#1106));
#3189=EDGE_LOOP('',(#1107,#1108,#1109,#1110,#1111,#1112));
#3190=EDGE_LOOP('',(#1113,#1114,#1115,#1116));
#3191=EDGE_LOOP('',(#1117,#1118,#1119,#1120));
#3192=EDGE_LOOP('',(#1121,#1122,#1123,#1124,#1125,#1126,#1127,#1128));
#3193=EDGE_LOOP('',(#1129,#1130,#1131,#1132));
#3194=EDGE_LOOP('',(#1133,#1134,#1135,#1136));
#3195=EDGE_LOOP('',(#1137,#1138,#1139,#1140));
#3196=EDGE_LOOP('',(#1141,#1142,#1143,#1144,#1145,#1146,#1147,#1148));
#3197=EDGE_LOOP('',(#1149,#1150,#1151,#1152));
#3198=EDGE_LOOP('',(#1153,#1154,#1155,#1156,#1157,#1158));
#3199=EDGE_LOOP('',(#1159,#1160,#1161,#1162,#1163,#1164));
#3200=EDGE_LOOP('',(#1165,#1166,#1167,#1168,#1169,#1170,#1171,#1172,#1173,
#1174));
#3201=EDGE_LOOP('',(#1175));
#3202=EDGE_LOOP('',(#1176));
#3203=EDGE_LOOP('',(#1177));
#3204=EDGE_LOOP('',(#1178));
#3205=EDGE_LOOP('',(#1179));
#3206=EDGE_LOOP('',(#1180));
#3207=EDGE_LOOP('',(#1181,#1182,#1183,#1184,#1185,#1186,#1187,#1188,#1189,
#1190));
#3208=EDGE_LOOP('',(#1191,#1192,#1193,#1194));
#3209=EDGE_LOOP('',(#1195,#1196,#1197,#1198));
#3210=EDGE_LOOP('',(#1199,#1200,#1201,#1202));
#3211=EDGE_LOOP('',(#1203,#1204,#1205,#1206));
#3212=EDGE_LOOP('',(#1207,#1208,#1209,#1210));
#3213=EDGE_LOOP('',(#1211,#1212,#1213,#1214));
#3214=EDGE_LOOP('',(#1215,#1216,#1217,#1218,#1219,#1220));
#3215=EDGE_LOOP('',(#1221,#1222,#1223,#1224,#1225,#1226));
#3216=EDGE_LOOP('',(#1227,#1228,#1229,#1230));
#3217=EDGE_LOOP('',(#1231,#1232,#1233,#1234));
#3218=EDGE_LOOP('',(#1235));
#3219=EDGE_LOOP('',(#1236));
#3220=EDGE_LOOP('',(#1237));
#3221=EDGE_LOOP('',(#1238));
#3222=EDGE_LOOP('',(#1239));
#3223=EDGE_LOOP('',(#1240));
#3224=EDGE_LOOP('',(#1241,#1242,#1243,#1244));
#3225=EDGE_LOOP('',(#1245,#1246,#1247,#1248));
#3226=EDGE_LOOP('',(#1249,#1250,#1251,#1252));
#3227=EDGE_LOOP('',(#1253));
#3228=EDGE_LOOP('',(#1254));
#3229=EDGE_LOOP('',(#1255,#1256,#1257,#1258));
#3230=EDGE_LOOP('',(#1259));
#3231=EDGE_LOOP('',(#1260));
#3232=EDGE_LOOP('',(#1261,#1262,#1263,#1264));
#3233=EDGE_LOOP('',(#1265));
#3234=EDGE_LOOP('',(#1266));
#3235=EDGE_LOOP('',(#1267,#1268,#1269,#1270));
#3236=EDGE_LOOP('',(#1271));
#3237=EDGE_LOOP('',(#1272));
#3238=EDGE_LOOP('',(#1273,#1274,#1275,#1276));
#3239=EDGE_LOOP('',(#1277,#1278,#1279,#1280,#1281,#1282));
#3240=EDGE_LOOP('',(#1283,#1284,#1285,#1286));
#3241=EDGE_LOOP('',(#1287,#1288,#1289,#1290));
#3242=EDGE_LOOP('',(#1291));
#3243=EDGE_LOOP('',(#1292));
#3244=EDGE_LOOP('',(#1293,#1294,#1295,#1296,#1297,#1298));
#3245=EDGE_LOOP('',(#1299));
#3246=EDGE_LOOP('',(#1300,#1301,#1302,#1303,#1304));
#3247=EDGE_LOOP('',(#1305));
#3248=EDGE_LOOP('',(#1306,#1307,#1308,#1309));
#3249=EDGE_LOOP('',(#1310));
#3250=EDGE_LOOP('',(#1311,#1312,#1313,#1314));
#3251=EDGE_LOOP('',(#1315));
#3252=EDGE_LOOP('',(#1316));
#3253=EDGE_LOOP('',(#1317,#1318,#1319,#1320,#1321));
#3254=EDGE_LOOP('',(#1322));
#3255=EDGE_LOOP('',(#1323,#1324,#1325,#1326,#1327,#1328));
#3256=EDGE_LOOP('',(#1329,#1330,#1331,#1332));
#3257=EDGE_LOOP('',(#1333,#1334,#1335,#1336,#1337,#1338));
#3258=EDGE_LOOP('',(#1339,#1340,#1341,#1342));
#3259=EDGE_LOOP('',(#1343));
#3260=EDGE_LOOP('',(#1344));
#3261=EDGE_LOOP('',(#1345,#1346,#1347,#1348));
#3262=EDGE_LOOP('',(#1349));
#3263=EDGE_LOOP('',(#1350,#1351,#1352,#1353));
#3264=EDGE_LOOP('',(#1354));
#3265=EDGE_LOOP('',(#1355));
#3266=EDGE_LOOP('',(#1356,#1357,#1358,#1359));
#3267=EDGE_LOOP('',(#1360));
#3268=EDGE_LOOP('',(#1361));
#3269=EDGE_LOOP('',(#1362,#1363,#1364,#1365));
#3270=EDGE_LOOP('',(#1366));
#3271=EDGE_LOOP('',(#1367));
#3272=EDGE_LOOP('',(#1368,#1369,#1370,#1371));
#3273=EDGE_LOOP('',(#1372,#1373,#1374,#1375,#1376,#1377,#1378,#1379));
#3274=EDGE_LOOP('',(#1380,#1381,#1382,#1383));
#3275=EDGE_LOOP('',(#1384,#1385,#1386,#1387,#1388,#1389,#1390,#1391));
#3276=EDGE_LOOP('',(#1392,#1393,#1394,#1395));
#3277=EDGE_LOOP('',(#1396));
#3278=EDGE_LOOP('',(#1397));
#3279=EDGE_LOOP('',(#1398,#1399,#1400,#1401));
#3280=EDGE_LOOP('',(#1402));
#3281=EDGE_LOOP('',(#1403,#1404,#1405,#1406));
#3282=EDGE_LOOP('',(#1407));
#3283=EDGE_LOOP('',(#1408));
#3284=EDGE_LOOP('',(#1409,#1410,#1411,#1412));
#3285=EDGE_LOOP('',(#1413));
#3286=EDGE_LOOP('',(#1414,#1415,#1416,#1417));
#3287=EDGE_LOOP('',(#1418));
#3288=EDGE_LOOP('',(#1419,#1420,#1421,#1422));
#3289=EDGE_LOOP('',(#1423,#1424,#1425,#1426));
#3290=EDGE_LOOP('',(#1427,#1428,#1429,#1430,#1431,#1432,#1433,#1434));
#3291=EDGE_LOOP('',(#1435,#1436,#1437,#1438));
#3292=EDGE_LOOP('',(#1439,#1440,#1441,#1442,#1443,#1444,#1445,#1446));
#3293=EDGE_LOOP('',(#1447,#1448,#1449,#1450));
#3294=EDGE_LOOP('',(#1451));
#3295=EDGE_LOOP('',(#1452));
#3296=EDGE_LOOP('',(#1453,#1454,#1455,#1456));
#3297=EDGE_LOOP('',(#1457));
#3298=EDGE_LOOP('',(#1458,#1459,#1460,#1461));
#3299=EDGE_LOOP('',(#1462));
#3300=EDGE_LOOP('',(#1463,#1464,#1465,#1466));
#3301=EDGE_LOOP('',(#1467));
#3302=EDGE_LOOP('',(#1468));
#3303=EDGE_LOOP('',(#1469,#1470,#1471,#1472));
#3304=EDGE_LOOP('',(#1473));
#3305=EDGE_LOOP('',(#1474,#1475,#1476,#1477));
#3306=EDGE_LOOP('',(#1478));
#3307=EDGE_LOOP('',(#1479,#1480,#1481,#1482));
#3308=EDGE_LOOP('',(#1483,#1484,#1485,#1486));
#3309=EDGE_LOOP('',(#1487,#1488,#1489,#1490));
#3310=EDGE_LOOP('',(#1491,#1492,#1493,#1494));
#3311=EDGE_LOOP('',(#1495));
#3312=EDGE_LOOP('',(#1496));
#3313=EDGE_LOOP('',(#1497,#1498,#1499,#1500));
#3314=EDGE_LOOP('',(#1501));
#3315=EDGE_LOOP('',(#1502));
#3316=EDGE_LOOP('',(#1503,#1504,#1505,#1506));
#3317=EDGE_LOOP('',(#1507));
#3318=EDGE_LOOP('',(#1508));
#3319=EDGE_LOOP('',(#1509));
#3320=EDGE_LOOP('',(#1510,#1511,#1512,#1513,#1514,#1515));
#3321=EDGE_LOOP('',(#1516));
#3322=EDGE_LOOP('',(#1517,#1518,#1519,#1520));
#3323=EDGE_LOOP('',(#1521,#1522,#1523,#1524));
#3324=EDGE_LOOP('',(#1525,#1526,#1527,#1528));
#3325=EDGE_LOOP('',(#1529,#1530,#1531,#1532));
#3326=EDGE_LOOP('',(#1533,#1534,#1535,#1536));
#3327=EDGE_LOOP('',(#1537,#1538,#1539,#1540));
#3328=EDGE_LOOP('',(#1541,#1542,#1543,#1544,#1545,#1546));
#3329=FACE_BOUND('',#3020,.T.);
#3330=FACE_BOUND('',#3021,.T.);
#3331=FACE_BOUND('',#3022,.T.);
#3332=FACE_BOUND('',#3023,.T.);
#3333=FACE_BOUND('',#3024,.T.);
#3334=FACE_BOUND('',#3025,.T.);
#3335=FACE_BOUND('',#3026,.T.);
#3336=FACE_BOUND('',#3027,.T.);
#3337=FACE_BOUND('',#3028,.T.);
#3338=FACE_BOUND('',#3029,.T.);
#3339=FACE_BOUND('',#3030,.T.);
#3340=FACE_BOUND('',#3031,.T.);
#3341=FACE_BOUND('',#3032,.T.);
#3342=FACE_BOUND('',#3033,.T.);
#3343=FACE_BOUND('',#3034,.T.);
#3344=FACE_BOUND('',#3035,.T.);
#3345=FACE_BOUND('',#3036,.T.);
#3346=FACE_BOUND('',#3037,.T.);
#3347=FACE_BOUND('',#3038,.T.);
#3348=FACE_BOUND('',#3039,.T.);
#3349=FACE_BOUND('',#3040,.T.);
#3350=FACE_BOUND('',#3041,.T.);
#3351=FACE_BOUND('',#3042,.T.);
#3352=FACE_BOUND('',#3043,.T.);
#3353=FACE_BOUND('',#3044,.T.);
#3354=FACE_BOUND('',#3045,.T.);
#3355=FACE_BOUND('',#3046,.T.);
#3356=FACE_BOUND('',#3047,.T.);
#3357=FACE_BOUND('',#3048,.T.);
#3358=FACE_BOUND('',#3049,.T.);
#3359=FACE_BOUND('',#3050,.T.);
#3360=FACE_BOUND('',#3051,.T.);
#3361=FACE_BOUND('',#3052,.T.);
#3362=FACE_BOUND('',#3053,.T.);
#3363=FACE_BOUND('',#3054,.T.);
#3364=FACE_BOUND('',#3055,.T.);
#3365=FACE_BOUND('',#3056,.T.);
#3366=FACE_BOUND('',#3057,.T.);
#3367=FACE_BOUND('',#3058,.T.);
#3368=FACE_BOUND('',#3059,.T.);
#3369=FACE_BOUND('',#3060,.T.);
#3370=FACE_BOUND('',#3061,.T.);
#3371=FACE_BOUND('',#3062,.T.);
#3372=FACE_BOUND('',#3063,.T.);
#3373=FACE_BOUND('',#3064,.T.);
#3374=FACE_BOUND('',#3065,.T.);
#3375=FACE_BOUND('',#3066,.T.);
#3376=FACE_BOUND('',#3067,.T.);
#3377=FACE_BOUND('',#3068,.T.);
#3378=FACE_BOUND('',#3069,.T.);
#3379=FACE_BOUND('',#3070,.T.);
#3380=FACE_BOUND('',#3071,.T.);
#3381=FACE_BOUND('',#3072,.T.);
#3382=FACE_BOUND('',#3073,.T.);
#3383=FACE_BOUND('',#3074,.T.);
#3384=FACE_BOUND('',#3075,.T.);
#3385=FACE_BOUND('',#3076,.T.);
#3386=FACE_BOUND('',#3077,.T.);
#3387=FACE_BOUND('',#3078,.T.);
#3388=FACE_BOUND('',#3079,.T.);
#3389=FACE_BOUND('',#3080,.T.);
#3390=FACE_BOUND('',#3081,.T.);
#3391=FACE_BOUND('',#3082,.T.);
#3392=FACE_BOUND('',#3083,.T.);
#3393=FACE_BOUND('',#3084,.T.);
#3394=FACE_BOUND('',#3085,.T.);
#3395=FACE_BOUND('',#3086,.T.);
#3396=FACE_BOUND('',#3087,.T.);
#3397=FACE_BOUND('',#3088,.T.);
#3398=FACE_BOUND('',#3089,.T.);
#3399=FACE_BOUND('',#3090,.T.);
#3400=FACE_BOUND('',#3091,.T.);
#3401=FACE_BOUND('',#3092,.T.);
#3402=FACE_BOUND('',#3093,.T.);
#3403=FACE_BOUND('',#3094,.T.);
#3404=FACE_BOUND('',#3095,.T.);
#3405=FACE_BOUND('',#3096,.T.);
#3406=FACE_BOUND('',#3097,.T.);
#3407=FACE_BOUND('',#3098,.T.);
#3408=FACE_BOUND('',#3099,.T.);
#3409=FACE_BOUND('',#3100,.T.);
#3410=FACE_BOUND('',#3101,.T.);
#3411=FACE_BOUND('',#3102,.T.);
#3412=FACE_BOUND('',#3103,.T.);
#3413=FACE_BOUND('',#3104,.T.);
#3414=FACE_BOUND('',#3105,.T.);
#3415=FACE_BOUND('',#3106,.T.);
#3416=FACE_BOUND('',#3107,.T.);
#3417=FACE_BOUND('',#3108,.T.);
#3418=FACE_BOUND('',#3109,.T.);
#3419=FACE_BOUND('',#3110,.T.);
#3420=FACE_BOUND('',#3111,.T.);
#3421=FACE_BOUND('',#3112,.T.);
#3422=FACE_BOUND('',#3113,.T.);
#3423=FACE_BOUND('',#3114,.T.);
#3424=FACE_BOUND('',#3115,.T.);
#3425=FACE_BOUND('',#3116,.T.);
#3426=FACE_BOUND('',#3117,.T.);
#3427=FACE_BOUND('',#3118,.T.);
#3428=FACE_BOUND('',#3119,.T.);
#3429=FACE_BOUND('',#3120,.T.);
#3430=FACE_BOUND('',#3121,.T.);
#3431=FACE_BOUND('',#3122,.T.);
#3432=FACE_BOUND('',#3123,.T.);
#3433=FACE_BOUND('',#3124,.T.);
#3434=FACE_BOUND('',#3125,.T.);
#3435=FACE_BOUND('',#3126,.T.);
#3436=FACE_BOUND('',#3127,.T.);
#3437=FACE_BOUND('',#3128,.T.);
#3438=FACE_BOUND('',#3129,.T.);
#3439=FACE_BOUND('',#3130,.T.);
#3440=FACE_BOUND('',#3131,.T.);
#3441=FACE_BOUND('',#3132,.T.);
#3442=FACE_BOUND('',#3133,.T.);
#3443=FACE_BOUND('',#3134,.T.);
#3444=FACE_BOUND('',#3135,.T.);
#3445=FACE_BOUND('',#3136,.T.);
#3446=FACE_BOUND('',#3137,.T.);
#3447=FACE_BOUND('',#3138,.T.);
#3448=FACE_BOUND('',#3139,.T.);
#3449=FACE_BOUND('',#3140,.T.);
#3450=FACE_BOUND('',#3141,.T.);
#3451=FACE_BOUND('',#3142,.T.);
#3452=FACE_BOUND('',#3143,.T.);
#3453=FACE_BOUND('',#3144,.T.);
#3454=FACE_BOUND('',#3145,.T.);
#3455=FACE_BOUND('',#3146,.T.);
#3456=FACE_BOUND('',#3147,.T.);
#3457=FACE_BOUND('',#3148,.T.);
#3458=FACE_BOUND('',#3149,.T.);
#3459=FACE_BOUND('',#3150,.T.);
#3460=FACE_BOUND('',#3151,.T.);
#3461=FACE_BOUND('',#3152,.T.);
#3462=FACE_BOUND('',#3153,.T.);
#3463=FACE_BOUND('',#3154,.T.);
#3464=FACE_BOUND('',#3155,.T.);
#3465=FACE_BOUND('',#3156,.T.);
#3466=FACE_BOUND('',#3157,.T.);
#3467=FACE_BOUND('',#3158,.T.);
#3468=FACE_BOUND('',#3159,.T.);
#3469=FACE_BOUND('',#3160,.T.);
#3470=FACE_BOUND('',#3161,.T.);
#3471=FACE_BOUND('',#3162,.T.);
#3472=FACE_BOUND('',#3163,.T.);
#3473=FACE_BOUND('',#3164,.T.);
#3474=FACE_BOUND('',#3165,.T.);
#3475=FACE_BOUND('',#3166,.T.);
#3476=FACE_BOUND('',#3167,.T.);
#3477=FACE_BOUND('',#3168,.T.);
#3478=FACE_BOUND('',#3169,.T.);
#3479=FACE_BOUND('',#3170,.T.);
#3480=FACE_BOUND('',#3171,.T.);
#3481=FACE_BOUND('',#3172,.T.);
#3482=FACE_BOUND('',#3173,.T.);
#3483=FACE_BOUND('',#3174,.T.);
#3484=FACE_BOUND('',#3175,.T.);
#3485=FACE_BOUND('',#3176,.T.);
#3486=FACE_BOUND('',#3177,.T.);
#3487=FACE_BOUND('',#3178,.T.);
#3488=FACE_BOUND('',#3179,.T.);
#3489=FACE_BOUND('',#3180,.T.);
#3490=FACE_BOUND('',#3181,.T.);
#3491=FACE_BOUND('',#3182,.T.);
#3492=FACE_BOUND('',#3183,.T.);
#3493=FACE_BOUND('',#3184,.T.);
#3494=FACE_BOUND('',#3185,.T.);
#3495=FACE_BOUND('',#3186,.T.);
#3496=FACE_BOUND('',#3187,.T.);
#3497=FACE_BOUND('',#3188,.T.);
#3498=FACE_BOUND('',#3189,.T.);
#3499=FACE_BOUND('',#3190,.T.);
#3500=FACE_BOUND('',#3191,.T.);
#3501=FACE_BOUND('',#3192,.T.);
#3502=FACE_BOUND('',#3193,.T.);
#3503=FACE_BOUND('',#3194,.T.);
#3504=FACE_BOUND('',#3195,.T.);
#3505=FACE_BOUND('',#3196,.T.);
#3506=FACE_BOUND('',#3197,.T.);
#3507=FACE_BOUND('',#3198,.T.);
#3508=FACE_BOUND('',#3199,.T.);
#3509=FACE_BOUND('',#3200,.T.);
#3510=FACE_BOUND('',#3201,.T.);
#3511=FACE_BOUND('',#3202,.T.);
#3512=FACE_BOUND('',#3203,.T.);
#3513=FACE_BOUND('',#3204,.T.);
#3514=FACE_BOUND('',#3205,.T.);
#3515=FACE_BOUND('',#3206,.T.);
#3516=FACE_BOUND('',#3207,.T.);
#3517=FACE_BOUND('',#3208,.T.);
#3518=FACE_BOUND('',#3209,.T.);
#3519=FACE_BOUND('',#3210,.T.);
#3520=FACE_BOUND('',#3211,.T.);
#3521=FACE_BOUND('',#3212,.T.);
#3522=FACE_BOUND('',#3213,.T.);
#3523=FACE_BOUND('',#3214,.T.);
#3524=FACE_BOUND('',#3215,.T.);
#3525=FACE_BOUND('',#3216,.T.);
#3526=FACE_BOUND('',#3217,.T.);
#3527=FACE_BOUND('',#3218,.T.);
#3528=FACE_BOUND('',#3219,.T.);
#3529=FACE_BOUND('',#3220,.T.);
#3530=FACE_BOUND('',#3221,.T.);
#3531=FACE_BOUND('',#3222,.T.);
#3532=FACE_BOUND('',#3223,.T.);
#3533=FACE_BOUND('',#3224,.T.);
#3534=FACE_BOUND('',#3225,.T.);
#3535=FACE_BOUND('',#3226,.T.);
#3536=FACE_BOUND('',#3227,.T.);
#3537=FACE_BOUND('',#3228,.T.);
#3538=FACE_BOUND('',#3229,.T.);
#3539=FACE_BOUND('',#3230,.T.);
#3540=FACE_BOUND('',#3231,.T.);
#3541=FACE_BOUND('',#3232,.T.);
#3542=FACE_BOUND('',#3233,.T.);
#3543=FACE_BOUND('',#3234,.T.);
#3544=FACE_BOUND('',#3235,.T.);
#3545=FACE_BOUND('',#3236,.T.);
#3546=FACE_BOUND('',#3237,.T.);
#3547=FACE_BOUND('',#3238,.T.);
#3548=FACE_BOUND('',#3239,.T.);
#3549=FACE_BOUND('',#3240,.T.);
#3550=FACE_BOUND('',#3241,.T.);
#3551=FACE_BOUND('',#3242,.T.);
#3552=FACE_BOUND('',#3243,.T.);
#3553=FACE_BOUND('',#3244,.T.);
#3554=FACE_BOUND('',#3245,.T.);
#3555=FACE_BOUND('',#3246,.T.);
#3556=FACE_BOUND('',#3247,.T.);
#3557=FACE_BOUND('',#3248,.T.);
#3558=FACE_BOUND('',#3249,.T.);
#3559=FACE_BOUND('',#3250,.T.);
#3560=FACE_BOUND('',#3251,.T.);
#3561=FACE_BOUND('',#3252,.T.);
#3562=FACE_BOUND('',#3253,.T.);
#3563=FACE_BOUND('',#3254,.T.);
#3564=FACE_BOUND('',#3255,.T.);
#3565=FACE_BOUND('',#3256,.T.);
#3566=FACE_BOUND('',#3257,.T.);
#3567=FACE_BOUND('',#3258,.T.);
#3568=FACE_BOUND('',#3259,.T.);
#3569=FACE_BOUND('',#3260,.T.);
#3570=FACE_BOUND('',#3261,.T.);
#3571=FACE_BOUND('',#3262,.T.);
#3572=FACE_BOUND('',#3263,.T.);
#3573=FACE_BOUND('',#3264,.T.);
#3574=FACE_BOUND('',#3265,.T.);
#3575=FACE_BOUND('',#3266,.T.);
#3576=FACE_BOUND('',#3267,.T.);
#3577=FACE_BOUND('',#3268,.T.);
#3578=FACE_BOUND('',#3269,.T.);
#3579=FACE_BOUND('',#3270,.T.);
#3580=FACE_BOUND('',#3271,.T.);
#3581=FACE_BOUND('',#3272,.T.);
#3582=FACE_BOUND('',#3273,.T.);
#3583=FACE_BOUND('',#3274,.T.);
#3584=FACE_BOUND('',#3275,.T.);
#3585=FACE_BOUND('',#3276,.T.);
#3586=FACE_BOUND('',#3277,.T.);
#3587=FACE_BOUND('',#3278,.T.);
#3588=FACE_BOUND('',#3279,.T.);
#3589=FACE_BOUND('',#3280,.T.);
#3590=FACE_BOUND('',#3281,.T.);
#3591=FACE_BOUND('',#3282,.T.);
#3592=FACE_BOUND('',#3283,.T.);
#3593=FACE_BOUND('',#3284,.T.);
#3594=FACE_BOUND('',#3285,.T.);
#3595=FACE_BOUND('',#3286,.T.);
#3596=FACE_BOUND('',#3287,.T.);
#3597=FACE_BOUND('',#3288,.T.);
#3598=FACE_BOUND('',#3289,.T.);
#3599=FACE_BOUND('',#3290,.T.);
#3600=FACE_BOUND('',#3291,.T.);
#3601=FACE_BOUND('',#3292,.T.);
#3602=FACE_BOUND('',#3293,.T.);
#3603=FACE_BOUND('',#3294,.T.);
#3604=FACE_BOUND('',#3295,.T.);
#3605=FACE_BOUND('',#3296,.T.);
#3606=FACE_BOUND('',#3297,.T.);
#3607=FACE_BOUND('',#3298,.T.);
#3608=FACE_BOUND('',#3299,.T.);
#3609=FACE_BOUND('',#3300,.T.);
#3610=FACE_BOUND('',#3301,.T.);
#3611=FACE_BOUND('',#3302,.T.);
#3612=FACE_BOUND('',#3303,.T.);
#3613=FACE_BOUND('',#3304,.T.);
#3614=FACE_BOUND('',#3305,.T.);
#3615=FACE_BOUND('',#3306,.T.);
#3616=FACE_BOUND('',#3307,.T.);
#3617=FACE_BOUND('',#3308,.T.);
#3618=FACE_BOUND('',#3309,.T.);
#3619=FACE_BOUND('',#3310,.T.);
#3620=FACE_BOUND('',#3311,.T.);
#3621=FACE_BOUND('',#3312,.T.);
#3622=FACE_BOUND('',#3313,.T.);
#3623=FACE_BOUND('',#3314,.T.);
#3624=FACE_BOUND('',#3315,.T.);
#3625=FACE_BOUND('',#3316,.T.);
#3626=FACE_BOUND('',#3317,.T.);
#3627=FACE_BOUND('',#3318,.T.);
#3628=FACE_BOUND('',#3319,.T.);
#3629=FACE_BOUND('',#3320,.T.);
#3630=FACE_BOUND('',#3321,.T.);
#3631=FACE_BOUND('',#3322,.T.);
#3632=FACE_BOUND('',#3323,.T.);
#3633=FACE_BOUND('',#3324,.T.);
#3634=FACE_BOUND('',#3325,.T.);
#3635=FACE_BOUND('',#3326,.T.);
#3636=FACE_BOUND('',#3327,.T.);
#3637=FACE_BOUND('',#3328,.T.);
#3638=PLANE('',#4167);
#3639=PLANE('',#4168);
#3640=PLANE('',#4169);
#3641=PLANE('',#4170);
#3642=PLANE('',#4171);
#3643=PLANE('',#4172);
#3644=PLANE('',#4174);
#3645=PLANE('',#4178);
#3646=PLANE('',#4179);
#3647=PLANE('',#4180);
#3648=PLANE('',#4181);
#3649=PLANE('',#4182);
#3650=PLANE('',#4183);
#3651=PLANE('',#4184);
#3652=PLANE('',#4185);
#3653=PLANE('',#4186);
#3654=PLANE('',#4187);
#3655=PLANE('',#4188);
#3656=PLANE('',#4189);
#3657=PLANE('',#4190);
#3658=PLANE('',#4191);
#3659=PLANE('',#4192);
#3660=PLANE('',#4197);
#3661=PLANE('',#4201);
#3662=PLANE('',#4205);
#3663=PLANE('',#4209);
#3664=PLANE('',#4213);
#3665=PLANE('',#4217);
#3666=PLANE('',#4225);
#3667=PLANE('',#4229);
#3668=PLANE('',#4233);
#3669=PLANE('',#4237);
#3670=PLANE('',#4244);
#3671=PLANE('',#4248);
#3672=PLANE('',#4252);
#3673=PLANE('',#4256);
#3674=PLANE('',#4260);
#3675=PLANE('',#4261);
#3676=PLANE('',#4262);
#3677=PLANE('',#4263);
#3678=PLANE('',#4264);
#3679=PLANE('',#4265);
#3680=PLANE('',#4266);
#3681=PLANE('',#4267);
#3682=PLANE('',#4268);
#3683=PLANE('',#4269);
#3684=PLANE('',#4270);
#3685=PLANE('',#4274);
#3686=PLANE('',#4278);
#3687=PLANE('',#4281);
#3688=PLANE('',#4284);
#3689=PLANE('',#4287);
#3690=PLANE('',#4289);
#3691=PLANE('',#4293);
#3692=PLANE('',#4303);
#3693=PLANE('',#4304);
#3694=PLANE('',#4306);
#3695=PLANE('',#4312);
#3696=PLANE('',#4316);
#3697=PLANE('',#4317);
#3698=PLANE('',#4321);
#3699=PLANE('',#4325);
#3700=PLANE('',#4337);
#3701=PLANE('',#4338);
#3702=PLANE('',#4343);
#3703=PLANE('',#4353);
#3704=PLANE('',#4356);
#3705=PLANE('',#4359);
#3706=PLANE('',#4362);
#3707=PLANE('',#4367);
#3708=PLANE('',#4368);
#3709=PLANE('',#4369);
#3710=PLANE('',#4378);
#3711=PLANE('',#4382);
#3712=PLANE('',#4389);
#3713=PLANE('',#4393);
#3714=PLANE('',#4397);
#3715=PLANE('',#4398);
#3716=PLANE('',#4399);
#3717=PLANE('',#4400);
#3718=PLANE('',#4404);
#3719=PLANE('',#4418);
#3720=PLANE('',#4421);
#3721=PLANE('',#4422);
#3722=PLANE('',#4423);
#3723=PLANE('',#4424);
#3724=PLANE('',#4429);
#3725=PLANE('',#4433);
#3726=PLANE('',#4443);
#3727=PLANE('',#4444);
#3728=PLANE('',#4449);
#3729=PLANE('',#4453);
#3730=PLANE('',#4457);
#3731=PLANE('',#4458);
#3732=PLANE('',#4459);
#3733=PLANE('',#4466);
#3734=PLANE('',#4468);
#3735=PLANE('',#4472);
#3736=PLANE('',#4479);
#3737=PLANE('',#4480);
#3738=PLANE('',#4487);
#3739=PLANE('',#4491);
#3740=PLANE('',#4495);
#3741=PLANE('',#4499);
#3742=PLANE('',#4504);
#3743=PLANE('',#4511);
#3744=PLANE('',#4512);
#3745=PLANE('',#4522);
#3746=PLANE('',#4526);
#3747=PLANE('',#4533);
#3748=PLANE('',#4534);
#3749=PLANE('',#4541);
#3750=PLANE('',#4542);
#3751=PLANE('',#4546);
#3752=PLANE('',#4550);
#3753=PLANE('',#4557);
#3754=PLANE('',#4558);
#3755=PLANE('',#4562);
#3756=PLANE('',#4563);
#3757=PLANE('',#4564);
#3758=PLANE('',#4565);
#3759=PLANE('',#4566);
#3760=PLANE('',#4567);
#3761=PLANE('',#4568);
#3762=PLANE('',#4569);
#3763=PLANE('',#4570);
#3764=ADVANCED_FACE('',(#3329),#3638,.T.);
#3765=ADVANCED_FACE('',(#3330),#3639,.F.);
#3766=ADVANCED_FACE('',(#3331),#3640,.F.);
#3767=ADVANCED_FACE('',(#3332),#3641,.T.);
#3768=ADVANCED_FACE('',(#3333),#3642,.T.);
#3769=ADVANCED_FACE('',(#3334),#3643,.F.);
#3770=ADVANCED_FACE('',(#3335,#3336),#3644,.T.);
#3771=ADVANCED_FACE('',(#3337,#3338),#12,.T.);
#3772=ADVANCED_FACE('',(#3339,#3340),#3645,.F.);
#3773=ADVANCED_FACE('',(#3341),#3646,.T.);
#3774=ADVANCED_FACE('',(#3342),#3647,.T.);
#3775=ADVANCED_FACE('',(#3343),#3648,.T.);
#3776=ADVANCED_FACE('',(#3344),#3649,.T.);
#3777=ADVANCED_FACE('',(#3345),#3650,.T.);
#3778=ADVANCED_FACE('',(#3346),#3651,.T.);
#3779=ADVANCED_FACE('',(#3347),#3652,.T.);
#3780=ADVANCED_FACE('',(#3348),#3653,.F.);
#3781=ADVANCED_FACE('',(#3349),#3654,.F.);
#3782=ADVANCED_FACE('',(#3350),#3655,.F.);
#3783=ADVANCED_FACE('',(#3351),#3656,.F.);
#3784=ADVANCED_FACE('',(#3352),#3657,.F.);
#3785=ADVANCED_FACE('',(#3353),#3658,.F.);
#3786=ADVANCED_FACE('',(#3354),#3659,.T.);
#3787=ADVANCED_FACE('',(#3355,#3356),#13,.F.);
#3788=ADVANCED_FACE('',(#3357,#3358),#3660,.F.);
#3789=ADVANCED_FACE('',(#3359,#3360),#14,.T.);
#3790=ADVANCED_FACE('',(#3361,#3362),#3661,.F.);
#3791=ADVANCED_FACE('',(#3363,#3364),#15,.F.);
#3792=ADVANCED_FACE('',(#3365,#3366),#3662,.F.);
#3793=ADVANCED_FACE('',(#3367,#3368),#16,.T.);
#3794=ADVANCED_FACE('',(#3369,#3370),#3663,.F.);
#3795=ADVANCED_FACE('',(#3371,#3372),#17,.F.);
#3796=ADVANCED_FACE('',(#3373,#3374),#3664,.F.);
#3797=ADVANCED_FACE('',(#3375,#3376),#18,.T.);
#3798=ADVANCED_FACE('',(#3377,#3378),#3665,.F.);
#3799=ADVANCED_FACE('',(#3379,#3380),#19,.F.);
#3800=ADVANCED_FACE('',(#3381),#20,.F.);
#3801=ADVANCED_FACE('',(#3382),#3666,.F.);
#3802=ADVANCED_FACE('',(#3383),#21,.F.);
#3803=ADVANCED_FACE('',(#3384),#3667,.F.);
#3804=ADVANCED_FACE('',(#3385),#22,.F.);
#3805=ADVANCED_FACE('',(#3386),#3668,.T.);
#3806=ADVANCED_FACE('',(#3387),#23,.F.);
#3807=ADVANCED_FACE('',(#3388),#3669,.T.);
#3808=ADVANCED_FACE('',(#3389),#24,.F.);
#3809=ADVANCED_FACE('',(#3390),#25,.T.);
#3810=ADVANCED_FACE('',(#3391),#3670,.F.);
#3811=ADVANCED_FACE('',(#3392),#26,.T.);
#3812=ADVANCED_FACE('',(#3393),#3671,.T.);
#3813=ADVANCED_FACE('',(#3394),#27,.T.);
#3814=ADVANCED_FACE('',(#3395),#3672,.T.);
#3815=ADVANCED_FACE('',(#3396),#28,.T.);
#3816=ADVANCED_FACE('',(#3397),#3673,.F.);
#3817=ADVANCED_FACE('',(#3398),#29,.T.);
#3818=ADVANCED_FACE('',(#3399),#3674,.T.);
#3819=ADVANCED_FACE('',(#3400),#3675,.T.);
#3820=ADVANCED_FACE('',(#3401),#3676,.F.);
#3821=ADVANCED_FACE('',(#3402),#3677,.T.);
#3822=ADVANCED_FACE('',(#3403),#3678,.F.);
#3823=ADVANCED_FACE('',(#3404),#3679,.F.);
#3824=ADVANCED_FACE('',(#3405),#3680,.F.);
#3825=ADVANCED_FACE('',(#3406),#3681,.F.);
#3826=ADVANCED_FACE('',(#3407),#3682,.F.);
#3827=ADVANCED_FACE('',(#3408),#3683,.T.);
#3828=ADVANCED_FACE('',(#3409,#3410,#3411,#3412,#3413,#3414,#3415),#3684,
 .T.);
#3829=ADVANCED_FACE('',(#3416,#3417,#3418,#3419,#3420),#3685,.F.);
#3830=ADVANCED_FACE('',(#3421,#3422),#30,.F.);
#3831=ADVANCED_FACE('',(#3423,#3424),#3686,.T.);
#3832=ADVANCED_FACE('',(#3425,#3426),#31,.F.);
#3833=ADVANCED_FACE('',(#3427,#3428),#3687,.F.);
#3834=ADVANCED_FACE('',(#3429,#3430),#32,.T.);
#3835=ADVANCED_FACE('',(#3431),#3688,.T.);
#3836=ADVANCED_FACE('',(#3432,#3433),#33,.T.);
#3837=ADVANCED_FACE('',(#3434),#3689,.T.);
#3838=ADVANCED_FACE('',(#3435),#3690,.T.);
#3839=ADVANCED_FACE('',(#3436),#34,.T.);
#3840=ADVANCED_FACE('',(#3437),#3691,.F.);
#3841=ADVANCED_FACE('',(#3438,#3439),#35,.F.);
#3842=ADVANCED_FACE('',(#3440),#36,.T.);
#3843=ADVANCED_FACE('',(#3441,#3442),#37,.F.);
#3844=ADVANCED_FACE('',(#3443,#3444,#3445),#3692,.T.);
#3845=ADVANCED_FACE('',(#3446,#3447,#3448),#3693,.F.);
#3846=ADVANCED_FACE('',(#3449),#3694,.F.);
#3847=ADVANCED_FACE('',(#3450),#38,.F.);
#3848=ADVANCED_FACE('',(#3451),#3695,.T.);
#3849=ADVANCED_FACE('',(#3452),#39,.F.);
#3850=ADVANCED_FACE('',(#3453),#3696,.T.);
#3851=ADVANCED_FACE('',(#3454),#3697,.T.);
#3852=ADVANCED_FACE('',(#3455),#40,.T.);
#3853=ADVANCED_FACE('',(#3456),#3698,.T.);
#3854=ADVANCED_FACE('',(#3457),#41,.T.);
#3855=ADVANCED_FACE('',(#3458),#3699,.T.);
#3856=ADVANCED_FACE('',(#3459),#42,.F.);
#3857=ADVANCED_FACE('',(#3460),#43,.T.);
#3858=ADVANCED_FACE('',(#3461,#3462),#44,.F.);
#3859=ADVANCED_FACE('',(#3463,#3464,#3465),#3700,.F.);
#3860=ADVANCED_FACE('',(#3466,#3467,#3468,#3469),#3701,.T.);
#3861=ADVANCED_FACE('',(#3470,#3471,#3472,#3473),#3702,.F.);
#3862=ADVANCED_FACE('',(#3474),#3703,.F.);
#3863=ADVANCED_FACE('',(#3475),#45,.F.);
#3864=ADVANCED_FACE('',(#3476),#3704,.F.);
#3865=ADVANCED_FACE('',(#3477),#46,.T.);
#3866=ADVANCED_FACE('',(#3478),#3705,.F.);
#3867=ADVANCED_FACE('',(#3479),#47,.T.);
#3868=ADVANCED_FACE('',(#3480),#3706,.F.);
#3869=ADVANCED_FACE('',(#3481),#48,.T.);
#3870=ADVANCED_FACE('',(#3482,#3483),#49,.F.);
#3871=ADVANCED_FACE('',(#3484,#3485,#3486),#3707,.T.);
#3872=ADVANCED_FACE('',(#3487),#3708,.F.);
#3873=ADVANCED_FACE('',(#3488),#3709,.T.);
#3874=ADVANCED_FACE('',(#3489),#50,.F.);
#3875=ADVANCED_FACE('',(#3490),#51,.F.);
#3876=ADVANCED_FACE('',(#3491,#3492),#52,.T.);
#3877=ADVANCED_FACE('',(#3493,#3494),#53,.T.);
#3878=ADVANCED_FACE('',(#3495),#54,.F.);
#3879=ADVANCED_FACE('',(#3496),#3710,.F.);
#3880=ADVANCED_FACE('',(#3497),#55,.F.);
#3881=ADVANCED_FACE('',(#3498),#3711,.F.);
#3882=ADVANCED_FACE('',(#3499),#56,.F.);
#3883=ADVANCED_FACE('',(#3500),#57,.T.);
#3884=ADVANCED_FACE('',(#3501),#3712,.T.);
#3885=ADVANCED_FACE('',(#3502),#58,.T.);
#3886=ADVANCED_FACE('',(#3503),#3713,.F.);
#3887=ADVANCED_FACE('',(#3504),#59,.T.);
#3888=ADVANCED_FACE('',(#3505),#3714,.T.);
#3889=ADVANCED_FACE('',(#3506),#3715,.T.);
#3890=ADVANCED_FACE('',(#3507,#3508),#3716,.F.);
#3891=ADVANCED_FACE('',(#3509,#3510,#3511,#3512),#3717,.T.);
#3892=ADVANCED_FACE('',(#3513,#3514,#3515,#3516),#3718,.F.);
#3893=ADVANCED_FACE('',(#3517),#60,.F.);
#3894=ADVANCED_FACE('',(#3518),#61,.F.);
#3895=ADVANCED_FACE('',(#3519),#62,.T.);
#3896=ADVANCED_FACE('',(#3520),#3719,.T.);
#3897=ADVANCED_FACE('',(#3521),#63,.T.);
#3898=ADVANCED_FACE('',(#3522),#3720,.F.);
#3899=ADVANCED_FACE('',(#3523,#3524),#3721,.T.);
#3900=ADVANCED_FACE('',(#3525),#3722,.T.);
#3901=ADVANCED_FACE('',(#3526),#3723,.F.);
#3902=ADVANCED_FACE('',(#3527,#3528),#64,.T.);
#3903=ADVANCED_FACE('',(#3529,#3530),#65,.T.);
#3904=ADVANCED_FACE('',(#3531,#3532),#66,.T.);
#3905=ADVANCED_FACE('',(#3533),#3724,.T.);
#3906=ADVANCED_FACE('',(#3534),#67,.T.);
#3907=ADVANCED_FACE('',(#3535),#3725,.F.);
#3908=ADVANCED_FACE('',(#3536,#3537),#68,.F.);
#3909=ADVANCED_FACE('',(#3538),#69,.T.);
#3910=ADVANCED_FACE('',(#3539,#3540),#70,.F.);
#3911=ADVANCED_FACE('',(#3541,#3542,#3543),#3726,.T.);
#3912=ADVANCED_FACE('',(#3544,#3545,#3546),#3727,.F.);
#3913=ADVANCED_FACE('',(#3547),#71,.T.);
#3914=ADVANCED_FACE('',(#3548),#3728,.T.);
#3915=ADVANCED_FACE('',(#3549),#72,.T.);
#3916=ADVANCED_FACE('',(#3550),#3729,.T.);
#3917=ADVANCED_FACE('',(#3551,#3552),#73,.F.);
#3918=ADVANCED_FACE('',(#3553),#3730,.F.);
#3919=ADVANCED_FACE('',(#3554,#3555),#3731,.T.);
#3920=ADVANCED_FACE('',(#3556,#3557,#3558),#3732,.F.);
#3921=ADVANCED_FACE('',(#3559),#74,.T.);
#3922=ADVANCED_FACE('',(#3560,#3561),#75,.F.);
#3923=ADVANCED_FACE('',(#3562,#3563),#3733,.T.);
#3924=ADVANCED_FACE('',(#3564),#3734,.T.);
#3925=ADVANCED_FACE('',(#3565),#76,.T.);
#3926=ADVANCED_FACE('',(#3566),#3735,.F.);
#3927=ADVANCED_FACE('',(#3567),#77,.F.);
#3928=ADVANCED_FACE('',(#3568,#3569),#78,.F.);
#3929=ADVANCED_FACE('',(#3570,#3571),#3736,.T.);
#3930=ADVANCED_FACE('',(#3572,#3573,#3574),#3737,.F.);
#3931=ADVANCED_FACE('',(#3575),#79,.T.);
#3932=ADVANCED_FACE('',(#3576,#3577),#80,.F.);
#3933=ADVANCED_FACE('',(#3578,#3579),#3738,.T.);
#3934=ADVANCED_FACE('',(#3580,#3581),#3739,.F.);
#3935=ADVANCED_FACE('',(#3582),#3740,.T.);
#3936=ADVANCED_FACE('',(#3583),#81,.F.);
#3937=ADVANCED_FACE('',(#3584),#3741,.F.);
#3938=ADVANCED_FACE('',(#3585),#82,.T.);
#3939=ADVANCED_FACE('',(#3586,#3587),#83,.F.);
#3940=ADVANCED_FACE('',(#3588,#3589),#3742,.T.);
#3941=ADVANCED_FACE('',(#3590),#84,.T.);
#3942=ADVANCED_FACE('',(#3591,#3592),#85,.F.);
#3943=ADVANCED_FACE('',(#3593,#3594),#3743,.T.);
#3944=ADVANCED_FACE('',(#3595,#3596),#3744,.F.);
#3945=ADVANCED_FACE('',(#3597),#86,.F.);
#3946=ADVANCED_FACE('',(#3598),#87,.F.);
#3947=ADVANCED_FACE('',(#3599),#3745,.T.);
#3948=ADVANCED_FACE('',(#3600),#88,.T.);
#3949=ADVANCED_FACE('',(#3601),#3746,.F.);
#3950=ADVANCED_FACE('',(#3602),#89,.F.);
#3951=ADVANCED_FACE('',(#3603,#3604),#90,.F.);
#3952=ADVANCED_FACE('',(#3605,#3606),#3747,.T.);
#3953=ADVANCED_FACE('',(#3607,#3608),#3748,.F.);
#3954=ADVANCED_FACE('',(#3609),#91,.T.);
#3955=ADVANCED_FACE('',(#3610,#3611),#92,.F.);
#3956=ADVANCED_FACE('',(#3612,#3613),#3749,.T.);
#3957=ADVANCED_FACE('',(#3614,#3615),#3750,.F.);
#3958=ADVANCED_FACE('',(#3616),#3751,.F.);
#3959=ADVANCED_FACE('',(#3617),#93,.T.);
#3960=ADVANCED_FACE('',(#3618),#3752,.F.);
#3961=ADVANCED_FACE('',(#3619),#94,.T.);
#3962=ADVANCED_FACE('',(#3620,#3621),#95,.F.);
#3963=ADVANCED_FACE('',(#3622,#3623),#3753,.T.);
#3964=ADVANCED_FACE('',(#3624,#3625),#3754,.F.);
#3965=ADVANCED_FACE('',(#3626,#3627),#96,.T.);
#3966=ADVANCED_FACE('',(#3628),#3755,.F.);
#3967=ADVANCED_FACE('',(#3629,#3630),#3756,.T.);
#3968=ADVANCED_FACE('',(#3631),#3757,.F.);
#3969=ADVANCED_FACE('',(#3632),#3758,.F.);
#3970=ADVANCED_FACE('',(#3633),#3759,.F.);
#3971=ADVANCED_FACE('',(#3634),#3760,.F.);
#3972=ADVANCED_FACE('',(#3635),#3761,.F.);
#3973=ADVANCED_FACE('',(#3636),#3762,.F.);
#3974=ADVANCED_FACE('',(#3637),#3763,.T.);
#3975=CLOSED_SHELL('',(#3764,#3765,#3766,#3767,#3768,#3769));
#3976=CLOSED_SHELL('',(#3770,#3771,#3772,#3773,#3774,#3775,#3776,#3777,
#3778,#3779,#3780,#3781,#3782,#3783,#3784,#3785,#3786));
#3977=CLOSED_SHELL('',(#3787,#3788,#3789,#3790,#3791,#3792,#3793,#3794,
#3795,#3796,#3797,#3798));
#3978=CLOSED_SHELL('',(#3799,#3800,#3801,#3802,#3803,#3804,#3805,#3806,
#3807,#3808,#3809,#3810,#3811,#3812,#3813,#3814,#3815,#3816,#3817,#3818,
#3819,#3820,#3821,#3822,#3823,#3824,#3825,#3826,#3827,#3828,#3829,#3830,
#3831,#3832,#3833,#3834,#3835,#3836,#3837));
#3979=CLOSED_SHELL('',(#3838,#3839,#3840,#3841,#3842,#3843,#3844,#3845));
#3980=CLOSED_SHELL('',(#3846,#3847,#3848,#3849,#3850,#3851,#3852,#3853,
#3854,#3855,#3856,#3857,#3858,#3859,#3860,#3861,#3862,#3863,#3864,#3865,
#3866,#3867,#3868,#3869,#3870,#3871,#3872,#3873,#3874,#3875,#3876,#3877));
#3981=CLOSED_SHELL('',(#3878,#3879,#3880,#3881,#3882,#3883,#3884,#3885,
#3886,#3887,#3888,#3889,#3890,#3891,#3892,#3893,#3894,#3895,#3896,#3897,
#3898,#3899,#3900,#3901,#3902,#3903,#3904));
#3982=CLOSED_SHELL('',(#3905,#3906,#3907,#3908,#3909,#3910,#3911,#3912));
#3983=CLOSED_SHELL('',(#3913,#3914,#3915,#3916,#3917,#3918,#3919,#3920,
#3921,#3922,#3923));
#3984=CLOSED_SHELL('',(#3924,#3925,#3926,#3927,#3928,#3929,#3930,#3931,
#3932,#3933));
#3985=CLOSED_SHELL('',(#3934,#3935,#3936,#3937,#3938,#3939,#3940,#3941,
#3942,#3943,#3944,#3945));
#3986=CLOSED_SHELL('',(#3946,#3947,#3948,#3949,#3950,#3951,#3952,#3953,
#3954,#3955,#3956,#3957));
#3987=CLOSED_SHELL('',(#3958,#3959,#3960,#3961,#3962,#3963,#3964,#3965,
#3966,#3967,#3968,#3969,#3970,#3971,#3972,#3973,#3974));
#3988=STYLED_ITEM('',(#4001),#4095);
#3989=STYLED_ITEM('',(#4002),#4096);
#3990=STYLED_ITEM('',(#4003),#4097);
#3991=STYLED_ITEM('',(#4006),#4098);
#3992=STYLED_ITEM('',(#4007),#4099);
#3993=STYLED_ITEM('',(#4008),#4100);
#3994=STYLED_ITEM('',(#4009),#4101);
#3995=STYLED_ITEM('',(#4010),#4102);
#3996=STYLED_ITEM('',(#4011),#4103);
#3997=STYLED_ITEM('',(#4012),#4104);
#3998=STYLED_ITEM('',(#4013),#4105);
#3999=STYLED_ITEM('',(#4014),#4106);
#4000=STYLED_ITEM('',(#4015),#4107);
#4001=PRESENTATION_STYLE_ASSIGNMENT((#4016));
#4002=PRESENTATION_STYLE_ASSIGNMENT((#4017));
#4003=PRESENTATION_STYLE_ASSIGNMENT((#4018));
#4004=PRESENTATION_STYLE_ASSIGNMENT((#4019));
#4005=PRESENTATION_STYLE_ASSIGNMENT((#4020));
#4006=PRESENTATION_STYLE_ASSIGNMENT((#4021));
#4007=PRESENTATION_STYLE_ASSIGNMENT((#4022));
#4008=PRESENTATION_STYLE_ASSIGNMENT((#4023));
#4009=PRESENTATION_STYLE_ASSIGNMENT((#4024));
#4010=PRESENTATION_STYLE_ASSIGNMENT((#4025));
#4011=PRESENTATION_STYLE_ASSIGNMENT((#4026));
#4012=PRESENTATION_STYLE_ASSIGNMENT((#4027));
#4013=PRESENTATION_STYLE_ASSIGNMENT((#4028));
#4014=PRESENTATION_STYLE_ASSIGNMENT((#4029));
#4015=PRESENTATION_STYLE_ASSIGNMENT((#4030));
#4016=SURFACE_STYLE_USAGE(.BOTH.,#4031);
#4017=SURFACE_STYLE_USAGE(.BOTH.,#4032);
#4018=SURFACE_STYLE_USAGE(.BOTH.,#4033);
#4019=SURFACE_STYLE_USAGE(.BOTH.,#4034);
#4020=SURFACE_STYLE_USAGE(.BOTH.,#4035);
#4021=SURFACE_STYLE_USAGE(.BOTH.,#4036);
#4022=SURFACE_STYLE_USAGE(.BOTH.,#4037);
#4023=SURFACE_STYLE_USAGE(.BOTH.,#4038);
#4024=SURFACE_STYLE_USAGE(.BOTH.,#4039);
#4025=SURFACE_STYLE_USAGE(.BOTH.,#4040);
#4026=SURFACE_STYLE_USAGE(.BOTH.,#4041);
#4027=SURFACE_STYLE_USAGE(.BOTH.,#4042);
#4028=SURFACE_STYLE_USAGE(.BOTH.,#4043);
#4029=SURFACE_STYLE_USAGE(.BOTH.,#4044);
#4030=SURFACE_STYLE_USAGE(.BOTH.,#4045);
#4031=SURFACE_SIDE_STYLE('',(#4046));
#4032=SURFACE_SIDE_STYLE('',(#4047));
#4033=SURFACE_SIDE_STYLE('',(#4048));
#4034=SURFACE_SIDE_STYLE('',(#4049));
#4035=SURFACE_SIDE_STYLE('',(#4050));
#4036=SURFACE_SIDE_STYLE('',(#4051));
#4037=SURFACE_SIDE_STYLE('',(#4052));
#4038=SURFACE_SIDE_STYLE('',(#4053));
#4039=SURFACE_SIDE_STYLE('',(#4054));
#4040=SURFACE_SIDE_STYLE('',(#4055));
#4041=SURFACE_SIDE_STYLE('',(#4056));
#4042=SURFACE_SIDE_STYLE('',(#4057));
#4043=SURFACE_SIDE_STYLE('',(#4058));
#4044=SURFACE_SIDE_STYLE('',(#4059));
#4045=SURFACE_SIDE_STYLE('',(#4060));
#4046=SURFACE_STYLE_FILL_AREA(#4061);
#4047=SURFACE_STYLE_FILL_AREA(#4062);
#4048=SURFACE_STYLE_FILL_AREA(#4063);
#4049=SURFACE_STYLE_FILL_AREA(#4064);
#4050=SURFACE_STYLE_FILL_AREA(#4065);
#4051=SURFACE_STYLE_FILL_AREA(#4066);
#4052=SURFACE_STYLE_FILL_AREA(#4067);
#4053=SURFACE_STYLE_FILL_AREA(#4068);
#4054=SURFACE_STYLE_FILL_AREA(#4069);
#4055=SURFACE_STYLE_FILL_AREA(#4070);
#4056=SURFACE_STYLE_FILL_AREA(#4071);
#4057=SURFACE_STYLE_FILL_AREA(#4072);
#4058=SURFACE_STYLE_FILL_AREA(#4073);
#4059=SURFACE_STYLE_FILL_AREA(#4074);
#4060=SURFACE_STYLE_FILL_AREA(#4075);
#4061=FILL_AREA_STYLE('',(#4076));
#4062=FILL_AREA_STYLE('',(#4077));
#4063=FILL_AREA_STYLE('',(#4078));
#4064=FILL_AREA_STYLE('',(#4079));
#4065=FILL_AREA_STYLE('',(#4080));
#4066=FILL_AREA_STYLE('',(#4081));
#4067=FILL_AREA_STYLE('',(#4082));
#4068=FILL_AREA_STYLE('',(#4083));
#4069=FILL_AREA_STYLE('',(#4084));
#4070=FILL_AREA_STYLE('',(#4085));
#4071=FILL_AREA_STYLE('',(#4086));
#4072=FILL_AREA_STYLE('',(#4087));
#4073=FILL_AREA_STYLE('',(#4088));
#4074=FILL_AREA_STYLE('',(#4089));
#4075=FILL_AREA_STYLE('',(#4090));
#4076=FILL_AREA_STYLE_COLOUR('',#4091);
#4077=FILL_AREA_STYLE_COLOUR('',#4091);
#4078=FILL_AREA_STYLE_COLOUR('',#4092);
#4079=FILL_AREA_STYLE_COLOUR('',#4093);
#4080=FILL_AREA_STYLE_COLOUR('',#4093);
#4081=FILL_AREA_STYLE_COLOUR('',#4091);
#4082=FILL_AREA_STYLE_COLOUR('',#4091);
#4083=FILL_AREA_STYLE_COLOUR('',#4094);
#4084=FILL_AREA_STYLE_COLOUR('',#4094);
#4085=FILL_AREA_STYLE_COLOUR('',#4091);
#4086=FILL_AREA_STYLE_COLOUR('',#4091);
#4087=FILL_AREA_STYLE_COLOUR('',#4091);
#4088=FILL_AREA_STYLE_COLOUR('',#4091);
#4089=FILL_AREA_STYLE_COLOUR('',#4091);
#4090=FILL_AREA_STYLE_COLOUR('',#4091);
#4091=COLOUR_RGB('',0.917647058823529,0.917647058823529,0.917647058823529);
#4092=COLOUR_RGB('',0.776470588235294,0.776470588235294,0.776470588235294);
#4093=COLOUR_RGB('',0.788235294117647,0.752941176470588,0.63921568627451);
#4094=COLOUR_RGB('',1.,0.274509803921568,0.274509803921568);
#4095=MANIFOLD_SOLID_BREP('Part 1',#3975);
#4096=MANIFOLD_SOLID_BREP('Part 1',#3976);
#4097=MANIFOLD_SOLID_BREP('8mm ID Bearing (22mm OD, 7mm WD, Shielded)',
#3977);
#4098=MANIFOLD_SOLID_BREP('Part 1',#3978);
#4099=MANIFOLD_SOLID_BREP('Part 1',#3979);
#4100=MANIFOLD_SOLID_BREP('Part 1',#3980);
#4101=MANIFOLD_SOLID_BREP('Part 1',#3981);
#4102=MANIFOLD_SOLID_BREP('Part 1',#3982);
#4103=MANIFOLD_SOLID_BREP('Part 1',#3983);
#4104=MANIFOLD_SOLID_BREP('Part 1',#3984);
#4105=MANIFOLD_SOLID_BREP('Part 1',#3985);
#4106=MANIFOLD_SOLID_BREP('Part 1',#3986);
#4107=MANIFOLD_SOLID_BREP('Part 1',#3987);
#4108=SHAPE_DEFINITION_REPRESENTATION(#7022,#4137);
#4109=SHAPE_DEFINITION_REPRESENTATION(#7023,#4138);
#4110=SHAPE_DEFINITION_REPRESENTATION(#7025,#4139);
#4111=SHAPE_DEFINITION_REPRESENTATION(#7026,#4140);
#4112=SHAPE_DEFINITION_REPRESENTATION(#7028,#4141);
#4113=SHAPE_DEFINITION_REPRESENTATION(#7030,#4142);
#4114=SHAPE_DEFINITION_REPRESENTATION(#7032,#4143);
#4115=SHAPE_DEFINITION_REPRESENTATION(#7033,#4144);
#4116=SHAPE_DEFINITION_REPRESENTATION(#7034,#4145);
#4117=SHAPE_DEFINITION_REPRESENTATION(#7036,#4146);
#4118=SHAPE_DEFINITION_REPRESENTATION(#7038,#4147);
#4119=SHAPE_DEFINITION_REPRESENTATION(#7040,#4148);
#4120=SHAPE_DEFINITION_REPRESENTATION(#7042,#4149);
#4121=SHAPE_DEFINITION_REPRESENTATION(#7044,#4150);
#4122=SHAPE_DEFINITION_REPRESENTATION(#7047,#4151);
#4123=SHAPE_DEFINITION_REPRESENTATION(#7049,#4152);
#4124=SHAPE_DEFINITION_REPRESENTATION(#7054,#4153);
#4125=SHAPE_DEFINITION_REPRESENTATION(#7058,#4154);
#4126=SHAPE_DEFINITION_REPRESENTATION(#7059,#4155);
#4127=SHAPE_DEFINITION_REPRESENTATION(#7064,#4156);
#4128=SHAPE_DEFINITION_REPRESENTATION(#7068,#4157);
#4129=SHAPE_DEFINITION_REPRESENTATION(#7072,#4158);
#4130=SHAPE_DEFINITION_REPRESENTATION(#7073,#4159);
#4131=SHAPE_DEFINITION_REPRESENTATION(#7081,#4160);
#4132=SHAPE_DEFINITION_REPRESENTATION(#7091,#4161);
#4133=SHAPE_DEFINITION_REPRESENTATION(#7095,#4162);
#4134=SHAPE_DEFINITION_REPRESENTATION(#7096,#4163);
#4135=SHAPE_DEFINITION_REPRESENTATION(#7104,#4164);
#4136=SHAPE_DEFINITION_REPRESENTATION(#7113,#4165);
#4137=SHAPE_REPRESENTATION('3x Leg Pair',(#4166,#4173,#4574,#4596,#4618),
#6961);
#4138=SHAPE_REPRESENTATION('Part 1',(#4166),#6962);
#4139=SHAPE_REPRESENTATION('Leg W/ Backplate <1>',(#4166,#4193,#4218,#4288,
#4545,#4573),#6963);
#4140=SHAPE_REPRESENTATION('Part 1',(#4166),#6964);
#4141=SHAPE_REPRESENTATION('8mm ID Bearing (22mm OD, 7mm WD, Shielded)',
(#4166),#6965);
#4142=SHAPE_REPRESENTATION('Part 1',(#4166),#6966);
#4143=SHAPE_REPRESENTATION('Leg Pair <1>',(#4166,#4489,#4544),#6967);
#4144=SHAPE_REPRESENTATION('Left Leg <1>',(#4166,#4305,#4374,#4428,#4445,
#4467,#4488),#6968);
#4145=SHAPE_REPRESENTATION('Part 1',(#4166),#6969);
#4146=SHAPE_REPRESENTATION('Part 1',(#4166),#6970);
#4147=SHAPE_REPRESENTATION('Part 1',(#4166),#6971);
#4148=SHAPE_REPRESENTATION('Part 1',(#4166),#6972);
#4149=SHAPE_REPRESENTATION('Part 1',(#4166),#6973);
#4150=SHAPE_REPRESENTATION('Part 1',(#4166),#6974);
#4151=SHAPE_REPRESENTATION('Right Leg <1>',(#4166,#4490,#4515,#4516,#4517,
#4518,#4543),#6975);
#4152=SHAPE_REPRESENTATION('Part 1',(#4166),#6976);
#4153=SHAPE_REPRESENTATION('Part 1',(#4166),#6977);
#4154=SHAPE_REPRESENTATION('Offset Shaft <1>',(#4166,#4571,#4572),#6978);
#4155=SHAPE_REPRESENTATION('Part 1',(#4166),#6979);
#4156=SHAPE_REPRESENTATION('Leg W/ Backplate <3>',(#4166,#4575,#4576,#4577,
#4580,#4595),#6980);
#4157=SHAPE_REPRESENTATION('Offset Shaft <1>',(#4166,#4578,#4579),#6981);
#4158=SHAPE_REPRESENTATION('Leg Pair <1>',(#4166,#4587,#4594),#6982);
#4159=SHAPE_REPRESENTATION('Right Leg <1>',(#4166,#4581,#4582,#4583,#4584,
#4585,#4586),#6983);
#4160=SHAPE_REPRESENTATION('Left Leg <1>',(#4166,#4588,#4589,#4590,#4591,
#4592,#4593),#6984);
#4161=SHAPE_REPRESENTATION('Leg W/ Backplate <2>',(#4166,#4597,#4598,#4599,
#4614,#4617),#6985);
#4162=SHAPE_REPRESENTATION('Leg Pair <1>',(#4166,#4606,#4613),#6986);
#4163=SHAPE_REPRESENTATION('Right Leg <1>',(#4166,#4600,#4601,#4602,#4603,
#4604,#4605),#6987);
#4164=SHAPE_REPRESENTATION('Left Leg <1>',(#4166,#4607,#4608,#4609,#4610,
#4611,#4612),#6988);
#4165=SHAPE_REPRESENTATION('Offset Shaft <1>',(#4166,#4615,#4616),#6989);
#4166=AXIS2_PLACEMENT_3D('',#5842,#4619,#4620);
#4167=AXIS2_PLACEMENT_3D('',#5843,#4621,#4622);
#4168=AXIS2_PLACEMENT_3D('',#5852,#4627,#4628);
#4169=AXIS2_PLACEMENT_3D('',#5858,#4632,#4633);
#4170=AXIS2_PLACEMENT_3D('',#5864,#4637,#4638);
#4171=AXIS2_PLACEMENT_3D('',#5867,#4641,#4642);
#4172=AXIS2_PLACEMENT_3D('',#5868,#4643,#4644);
#4173=AXIS2_PLACEMENT_3D('',#5869,#4645,#4646);
#4174=AXIS2_PLACEMENT_3D('',#5870,#4647,#4648);
#4175=AXIS2_PLACEMENT_3D('',#5871,#4649,#4650);
#4176=AXIS2_PLACEMENT_3D('',#5885,#4657,#4658);
#4177=AXIS2_PLACEMENT_3D('',#5886,#4659,#4660);
#4178=AXIS2_PLACEMENT_3D('',#5888,#4661,#4662);
#4179=AXIS2_PLACEMENT_3D('',#5901,#4669,#4670);
#4180=AXIS2_PLACEMENT_3D('',#5907,#4674,#4675);
#4181=AXIS2_PLACEMENT_3D('',#5911,#4678,#4679);
#4182=AXIS2_PLACEMENT_3D('',#5915,#4682,#4683);
#4183=AXIS2_PLACEMENT_3D('',#5919,#4686,#4687);
#4184=AXIS2_PLACEMENT_3D('',#5923,#4690,#4691);
#4185=AXIS2_PLACEMENT_3D('',#5925,#4693,#4694);
#4186=AXIS2_PLACEMENT_3D('',#5926,#4695,#4696);
#4187=AXIS2_PLACEMENT_3D('',#5932,#4700,#4701);
#4188=AXIS2_PLACEMENT_3D('',#5936,#4704,#4705);
#4189=AXIS2_PLACEMENT_3D('',#5940,#4708,#4709);
#4190=AXIS2_PLACEMENT_3D('',#5944,#4712,#4713);
#4191=AXIS2_PLACEMENT_3D('',#5948,#4716,#4717);
#4192=AXIS2_PLACEMENT_3D('',#5950,#4719,#4720);
#4193=AXIS2_PLACEMENT_3D('',#5951,#4721,#4722);
#4194=AXIS2_PLACEMENT_3D('',#5952,#4723,#4724);
#4195=AXIS2_PLACEMENT_3D('',#5953,#4725,#4726);
#4196=AXIS2_PLACEMENT_3D('',#5955,#4727,#4728);
#4197=AXIS2_PLACEMENT_3D('',#5957,#4729,#4730);
#4198=AXIS2_PLACEMENT_3D('',#5958,#4731,#4732);
#4199=AXIS2_PLACEMENT_3D('',#5960,#4733,#4734);
#4200=AXIS2_PLACEMENT_3D('',#5961,#4735,#4736);
#4201=AXIS2_PLACEMENT_3D('',#5963,#4737,#4738);
#4202=AXIS2_PLACEMENT_3D('',#5964,#4739,#4740);
#4203=AXIS2_PLACEMENT_3D('',#5966,#4741,#4742);
#4204=AXIS2_PLACEMENT_3D('',#5967,#4743,#4744);
#4205=AXIS2_PLACEMENT_3D('',#5969,#4745,#4746);
#4206=AXIS2_PLACEMENT_3D('',#5970,#4747,#4748);
#4207=AXIS2_PLACEMENT_3D('',#5972,#4749,#4750);
#4208=AXIS2_PLACEMENT_3D('',#5973,#4751,#4752);
#4209=AXIS2_PLACEMENT_3D('',#5975,#4753,#4754);
#4210=AXIS2_PLACEMENT_3D('',#5976,#4755,#4756);
#4211=AXIS2_PLACEMENT_3D('',#5978,#4757,#4758);
#4212=AXIS2_PLACEMENT_3D('',#5979,#4759,#4760);
#4213=AXIS2_PLACEMENT_3D('',#5981,#4761,#4762);
#4214=AXIS2_PLACEMENT_3D('',#5982,#4763,#4764);
#4215=AXIS2_PLACEMENT_3D('',#5984,#4765,#4766);
#4216=AXIS2_PLACEMENT_3D('',#5985,#4767,#4768);
#4217=AXIS2_PLACEMENT_3D('',#5987,#4769,#4770);
#4218=AXIS2_PLACEMENT_3D('',#5988,#4771,#4772);
#4219=AXIS2_PLACEMENT_3D('',#5989,#4773,#4774);
#4220=AXIS2_PLACEMENT_3D('',#5990,#4775,#4776);
#4221=AXIS2_PLACEMENT_3D('',#5992,#4777,#4778);
#4222=AXIS2_PLACEMENT_3D('',#5994,#4779,#4780);
#4223=AXIS2_PLACEMENT_3D('',#5995,#4781,#4782);
#4224=AXIS2_PLACEMENT_3D('',#6000,#4784,#4785);
#4225=AXIS2_PLACEMENT_3D('',#6003,#4787,#4788);
#4226=AXIS2_PLACEMENT_3D('',#6009,#4792,#4793);
#4227=AXIS2_PLACEMENT_3D('',#6010,#4794,#4795);
#4228=AXIS2_PLACEMENT_3D('',#6014,#4797,#4798);
#4229=AXIS2_PLACEMENT_3D('',#6015,#4799,#4800);
#4230=AXIS2_PLACEMENT_3D('',#6021,#4804,#4805);
#4231=AXIS2_PLACEMENT_3D('',#6022,#4806,#4807);
#4232=AXIS2_PLACEMENT_3D('',#6026,#4809,#4810);
#4233=AXIS2_PLACEMENT_3D('',#6027,#4811,#4812);
#4234=AXIS2_PLACEMENT_3D('',#6033,#4816,#4817);
#4235=AXIS2_PLACEMENT_3D('',#6034,#4818,#4819);
#4236=AXIS2_PLACEMENT_3D('',#6038,#4821,#4822);
#4237=AXIS2_PLACEMENT_3D('',#6039,#4823,#4824);
#4238=AXIS2_PLACEMENT_3D('',#6045,#4828,#4829);
#4239=AXIS2_PLACEMENT_3D('',#6046,#4830,#4831);
#4240=AXIS2_PLACEMENT_3D('',#6050,#4833,#4834);
#4241=AXIS2_PLACEMENT_3D('',#6051,#4835,#4836);
#4242=AXIS2_PLACEMENT_3D('',#6052,#4837,#4838);
#4243=AXIS2_PLACEMENT_3D('',#6057,#4840,#4841);
#4244=AXIS2_PLACEMENT_3D('',#6060,#4843,#4844);
#4245=AXIS2_PLACEMENT_3D('',#6066,#4848,#4849);
#4246=AXIS2_PLACEMENT_3D('',#6067,#4850,#4851);
#4247=AXIS2_PLACEMENT_3D('',#6071,#4853,#4854);
#4248=AXIS2_PLACEMENT_3D('',#6072,#4855,#4856);
#4249=AXIS2_PLACEMENT_3D('',#6078,#4860,#4861);
#4250=AXIS2_PLACEMENT_3D('',#6079,#4862,#4863);
#4251=AXIS2_PLACEMENT_3D('',#6083,#4865,#4866);
#4252=AXIS2_PLACEMENT_3D('',#6084,#4867,#4868);
#4253=AXIS2_PLACEMENT_3D('',#6090,#4872,#4873);
#4254=AXIS2_PLACEMENT_3D('',#6091,#4874,#4875);
#4255=AXIS2_PLACEMENT_3D('',#6095,#4877,#4878);
#4256=AXIS2_PLACEMENT_3D('',#6096,#4879,#4880);
#4257=AXIS2_PLACEMENT_3D('',#6102,#4884,#4885);
#4258=AXIS2_PLACEMENT_3D('',#6103,#4886,#4887);
#4259=AXIS2_PLACEMENT_3D('',#6107,#4889,#4890);
#4260=AXIS2_PLACEMENT_3D('',#6108,#4891,#4892);
#4261=AXIS2_PLACEMENT_3D('',#6117,#4897,#4898);
#4262=AXIS2_PLACEMENT_3D('',#6123,#4902,#4903);
#4263=AXIS2_PLACEMENT_3D('',#6129,#4907,#4908);
#4264=AXIS2_PLACEMENT_3D('',#6138,#4913,#4914);
#4265=AXIS2_PLACEMENT_3D('',#6144,#4918,#4919);
#4266=AXIS2_PLACEMENT_3D('',#6150,#4923,#4924);
#4267=AXIS2_PLACEMENT_3D('',#6153,#4927,#4928);
#4268=AXIS2_PLACEMENT_3D('',#6156,#4931,#4932);
#4269=AXIS2_PLACEMENT_3D('',#6159,#4935,#4936);
#4270=AXIS2_PLACEMENT_3D('',#6162,#4939,#4940);
#4271=AXIS2_PLACEMENT_3D('',#6163,#4941,#4942);
#4272=AXIS2_PLACEMENT_3D('',#6165,#4943,#4944);
#4273=AXIS2_PLACEMENT_3D('',#6167,#4945,#4946);
#4274=AXIS2_PLACEMENT_3D('',#6169,#4947,#4948);
#4275=AXIS2_PLACEMENT_3D('',#6170,#4949,#4950);
#4276=AXIS2_PLACEMENT_3D('',#6172,#4951,#4952);
#4277=AXIS2_PLACEMENT_3D('',#6173,#4953,#4954);
#4278=AXIS2_PLACEMENT_3D('',#6175,#4955,#4956);
#4279=AXIS2_PLACEMENT_3D('',#6176,#4957,#4958);
#4280=AXIS2_PLACEMENT_3D('',#6177,#4959,#4960);
#4281=AXIS2_PLACEMENT_3D('',#6179,#4961,#4962);
#4282=AXIS2_PLACEMENT_3D('',#6180,#4963,#4964);
#4283=AXIS2_PLACEMENT_3D('',#6181,#4965,#4966);
#4284=AXIS2_PLACEMENT_3D('',#6183,#4967,#4968);
#4285=AXIS2_PLACEMENT_3D('',#6184,#4969,#4970);
#4286=AXIS2_PLACEMENT_3D('',#6185,#4971,#4972);
#4287=AXIS2_PLACEMENT_3D('',#6187,#4973,#4974);
#4288=AXIS2_PLACEMENT_3D('',#6188,#4975,#4976);
#4289=AXIS2_PLACEMENT_3D('',#6189,#4977,#4978);
#4290=AXIS2_PLACEMENT_3D('',#6198,#4983,#4984);
#4291=AXIS2_PLACEMENT_3D('',#6199,#4985,#4986);
#4292=AXIS2_PLACEMENT_3D('',#6203,#4988,#4989);
#4293=AXIS2_PLACEMENT_3D('',#6204,#4990,#4991);
#4294=AXIS2_PLACEMENT_3D('',#6210,#4995,#4996);
#4295=AXIS2_PLACEMENT_3D('',#6211,#4997,#4998);
#4296=AXIS2_PLACEMENT_3D('',#6213,#4999,#5000);
#4297=AXIS2_PLACEMENT_3D('',#6215,#5001,#5002);
#4298=AXIS2_PLACEMENT_3D('',#6216,#5003,#5004);
#4299=AXIS2_PLACEMENT_3D('',#6217,#5005,#5006);
#4300=AXIS2_PLACEMENT_3D('',#6218,#5007,#5008);
#4301=AXIS2_PLACEMENT_3D('',#6219,#5009,#5010);
#4302=AXIS2_PLACEMENT_3D('',#6221,#5011,#5012);
#4303=AXIS2_PLACEMENT_3D('',#6223,#5013,#5014);
#4304=AXIS2_PLACEMENT_3D('',#6224,#5015,#5016);
#4305=AXIS2_PLACEMENT_3D('',#6225,#5017,#5018);
#4306=AXIS2_PLACEMENT_3D('',#6226,#5019,#5020);
#4307=AXIS2_PLACEMENT_3D('',#6235,#5025,#5026);
#4308=AXIS2_PLACEMENT_3D('',#6236,#5027,#5028);
#4309=AXIS2_PLACEMENT_3D('',#6241,#5030,#5031);
#4310=AXIS2_PLACEMENT_3D('',#6245,#5033,#5034);
#4311=AXIS2_PLACEMENT_3D('',#6246,#5035,#5036);
#4312=AXIS2_PLACEMENT_3D('',#6249,#5038,#5039);
#4313=AXIS2_PLACEMENT_3D('',#6255,#5043,#5044);
#4314=AXIS2_PLACEMENT_3D('',#6256,#5045,#5046);
#4315=AXIS2_PLACEMENT_3D('',#6258,#5047,#5048);
#4316=AXIS2_PLACEMENT_3D('',#6261,#5050,#5051);
#4317=AXIS2_PLACEMENT_3D('',#6267,#5055,#5056);
#4318=AXIS2_PLACEMENT_3D('',#6292,#5069,#5070);
#4319=AXIS2_PLACEMENT_3D('',#6293,#5071,#5072);
#4320=AXIS2_PLACEMENT_3D('',#6295,#5073,#5074);
#4321=AXIS2_PLACEMENT_3D('',#6298,#5076,#5077);
#4322=AXIS2_PLACEMENT_3D('',#6304,#5081,#5082);
#4323=AXIS2_PLACEMENT_3D('',#6305,#5083,#5084);
#4324=AXIS2_PLACEMENT_3D('',#6307,#5085,#5086);
#4325=AXIS2_PLACEMENT_3D('',#6310,#5088,#5089);
#4326=AXIS2_PLACEMENT_3D('',#6316,#5093,#5094);
#4327=AXIS2_PLACEMENT_3D('',#6317,#5095,#5096);
#4328=AXIS2_PLACEMENT_3D('',#6321,#5098,#5099);
#4329=AXIS2_PLACEMENT_3D('',#6325,#5101,#5102);
#4330=AXIS2_PLACEMENT_3D('',#6326,#5103,#5104);
#4331=AXIS2_PLACEMENT_3D('',#6327,#5105,#5106);
#4332=AXIS2_PLACEMENT_3D('',#6328,#5107,#5108);
#4333=AXIS2_PLACEMENT_3D('',#6329,#5109,#5110);
#4334=AXIS2_PLACEMENT_3D('',#6330,#5111,#5112);
#4335=AXIS2_PLACEMENT_3D('',#6331,#5113,#5114);
#4336=AXIS2_PLACEMENT_3D('',#6333,#5115,#5116);
#4337=AXIS2_PLACEMENT_3D('',#6335,#5117,#5118);
#4338=AXIS2_PLACEMENT_3D('',#6336,#5119,#5120);
#4339=AXIS2_PLACEMENT_3D('',#6339,#5122,#5123);
#4340=AXIS2_PLACEMENT_3D('',#6340,#5124,#5125);
#4341=AXIS2_PLACEMENT_3D('',#6343,#5127,#5128);
#4342=AXIS2_PLACEMENT_3D('',#6345,#5129,#5130);
#4343=AXIS2_PLACEMENT_3D('',#6347,#5131,#5132);
#4344=AXIS2_PLACEMENT_3D('',#6348,#5133,#5134);
#4345=AXIS2_PLACEMENT_3D('',#6350,#5135,#5136);
#4346=AXIS2_PLACEMENT_3D('',#6352,#5137,#5138);
#4347=AXIS2_PLACEMENT_3D('',#6356,#5140,#5141);
#4348=AXIS2_PLACEMENT_3D('',#6359,#5143,#5144);
#4349=AXIS2_PLACEMENT_3D('',#6362,#5146,#5147);
#4350=AXIS2_PLACEMENT_3D('',#6365,#5149,#5150);
#4351=AXIS2_PLACEMENT_3D('',#6369,#5152,#5153);
#4352=AXIS2_PLACEMENT_3D('',#6373,#5155,#5156);
#4353=AXIS2_PLACEMENT_3D('',#6374,#5157,#5158);
#4354=AXIS2_PLACEMENT_3D('',#6378,#5161,#5162);
#4355=AXIS2_PLACEMENT_3D('',#6381,#5164,#5165);
#4356=AXIS2_PLACEMENT_3D('',#6382,#5166,#5167);
#4357=AXIS2_PLACEMENT_3D('',#6384,#5169,#5170);
#4358=AXIS2_PLACEMENT_3D('',#6387,#5172,#5173);
#4359=AXIS2_PLACEMENT_3D('',#6388,#5174,#5175);
#4360=AXIS2_PLACEMENT_3D('',#6392,#5178,#5179);
#4361=AXIS2_PLACEMENT_3D('',#6395,#5181,#5182);
#4362=AXIS2_PLACEMENT_3D('',#6396,#5183,#5184);
#4363=AXIS2_PLACEMENT_3D('',#6400,#5187,#5188);
#4364=AXIS2_PLACEMENT_3D('',#6401,#5189,#5190);
#4365=AXIS2_PLACEMENT_3D('',#6402,#5191,#5192);
#4366=AXIS2_PLACEMENT_3D('',#6403,#5193,#5194);
#4367=AXIS2_PLACEMENT_3D('',#6405,#5195,#5196);
#4368=AXIS2_PLACEMENT_3D('',#6406,#5197,#5198);
#4369=AXIS2_PLACEMENT_3D('',#6408,#5200,#5201);
#4370=AXIS2_PLACEMENT_3D('',#6410,#5203,#5204);
#4371=AXIS2_PLACEMENT_3D('',#6411,#5205,#5206);
#4372=AXIS2_PLACEMENT_3D('',#6412,#5207,#5208);
#4373=AXIS2_PLACEMENT_3D('',#6413,#5209,#5210);
#4374=AXIS2_PLACEMENT_3D('',#6414,#5211,#5212);
#4375=AXIS2_PLACEMENT_3D('',#6415,#5213,#5214);
#4376=AXIS2_PLACEMENT_3D('',#6416,#5215,#5216);
#4377=AXIS2_PLACEMENT_3D('',#6421,#5218,#5219);
#4378=AXIS2_PLACEMENT_3D('',#6424,#5221,#5222);
#4379=AXIS2_PLACEMENT_3D('',#6434,#5228,#5229);
#4380=AXIS2_PLACEMENT_3D('',#6438,#5231,#5232);
#4381=AXIS2_PLACEMENT_3D('',#6439,#5233,#5234);
#4382=AXIS2_PLACEMENT_3D('',#6440,#5235,#5236);
#4383=AXIS2_PLACEMENT_3D('',#6450,#5242,#5243);
#4384=AXIS2_PLACEMENT_3D('',#6451,#5244,#5245);
#4385=AXIS2_PLACEMENT_3D('',#6453,#5246,#5247);
#4386=AXIS2_PLACEMENT_3D('',#6456,#5249,#5250);
#4387=AXIS2_PLACEMENT_3D('',#6460,#5252,#5253);
#4388=AXIS2_PLACEMENT_3D('',#6464,#5255,#5256);
#4389=AXIS2_PLACEMENT_3D('',#6465,#5257,#5258);
#4390=AXIS2_PLACEMENT_3D('',#6479,#5266,#5267);
#4391=AXIS2_PLACEMENT_3D('',#6480,#5268,#5269);
#4392=AXIS2_PLACEMENT_3D('',#6482,#5270,#5271);
#4393=AXIS2_PLACEMENT_3D('',#6485,#5273,#5274);
#4394=AXIS2_PLACEMENT_3D('',#6491,#5278,#5279);
#4395=AXIS2_PLACEMENT_3D('',#6492,#5280,#5281);
#4396=AXIS2_PLACEMENT_3D('',#6494,#5282,#5283);
#4397=AXIS2_PLACEMENT_3D('',#6497,#5285,#5286);
#4398=AXIS2_PLACEMENT_3D('',#6508,#5293,#5294);
#4399=AXIS2_PLACEMENT_3D('',#6511,#5297,#5298);
#4400=AXIS2_PLACEMENT_3D('',#6512,#5299,#5300);
#4401=AXIS2_PLACEMENT_3D('',#6515,#5303,#5304);
#4402=AXIS2_PLACEMENT_3D('',#6517,#5305,#5306);
#4403=AXIS2_PLACEMENT_3D('',#6519,#5307,#5308);
#4404=AXIS2_PLACEMENT_3D('',#6521,#5309,#5310);
#4405=AXIS2_PLACEMENT_3D('',#6522,#5311,#5312);
#4406=AXIS2_PLACEMENT_3D('',#6524,#5313,#5314);
#4407=AXIS2_PLACEMENT_3D('',#6526,#5315,#5316);
#4408=AXIS2_PLACEMENT_3D('',#6529,#5318,#5319);
#4409=AXIS2_PLACEMENT_3D('',#6533,#5321,#5322);
#4410=AXIS2_PLACEMENT_3D('',#6535,#5324,#5325);
#4411=AXIS2_PLACEMENT_3D('',#6539,#5327,#5328);
#4412=AXIS2_PLACEMENT_3D('',#6540,#5329,#5330);
#4413=AXIS2_PLACEMENT_3D('',#6541,#5331,#5332);
#4414=AXIS2_PLACEMENT_3D('',#6544,#5334,#5335);
#4415=AXIS2_PLACEMENT_3D('',#6547,#5337,#5338);
#4416=AXIS2_PLACEMENT_3D('',#6548,#5339,#5340);
#4417=AXIS2_PLACEMENT_3D('',#6551,#5342,#5343);
#4418=AXIS2_PLACEMENT_3D('',#6552,#5344,#5345);
#4419=AXIS2_PLACEMENT_3D('',#6556,#5348,#5349);
#4420=AXIS2_PLACEMENT_3D('',#6557,#5350,#5351);
#4421=AXIS2_PLACEMENT_3D('',#6558,#5352,#5353);
#4422=AXIS2_PLACEMENT_3D('',#6560,#5355,#5356);
#4423=AXIS2_PLACEMENT_3D('',#6561,#5357,#5358);
#4424=AXIS2_PLACEMENT_3D('',#6562,#5359,#5360);
#4425=AXIS2_PLACEMENT_3D('',#6563,#5361,#5362);
#4426=AXIS2_PLACEMENT_3D('',#6564,#5363,#5364);
#4427=AXIS2_PLACEMENT_3D('',#6565,#5365,#5366);
#4428=AXIS2_PLACEMENT_3D('',#6566,#5367,#5368);
#4429=AXIS2_PLACEMENT_3D('',#6567,#5369,#5370);
#4430=AXIS2_PLACEMENT_3D('',#6576,#5375,#5376);
#4431=AXIS2_PLACEMENT_3D('',#6577,#5377,#5378);
#4432=AXIS2_PLACEMENT_3D('',#6581,#5380,#5381);
#4433=AXIS2_PLACEMENT_3D('',#6582,#5382,#5383);
#4434=AXIS2_PLACEMENT_3D('',#6588,#5387,#5388);
#4435=AXIS2_PLACEMENT_3D('',#6589,#5389,#5390);
#4436=AXIS2_PLACEMENT_3D('',#6591,#5391,#5392);
#4437=AXIS2_PLACEMENT_3D('',#6593,#5393,#5394);
#4438=AXIS2_PLACEMENT_3D('',#6594,#5395,#5396);
#4439=AXIS2_PLACEMENT_3D('',#6595,#5397,#5398);
#4440=AXIS2_PLACEMENT_3D('',#6596,#5399,#5400);
#4441=AXIS2_PLACEMENT_3D('',#6597,#5401,#5402);
#4442=AXIS2_PLACEMENT_3D('',#6599,#5403,#5404);
#4443=AXIS2_PLACEMENT_3D('',#6601,#5405,#5406);
#4444=AXIS2_PLACEMENT_3D('',#6602,#5407,#5408);
#4445=AXIS2_PLACEMENT_3D('',#6603,#5409,#5410);
#4446=AXIS2_PLACEMENT_3D('',#6604,#5411,#5412);
#4447=AXIS2_PLACEMENT_3D('',#6605,#5413,#5414);
#4448=AXIS2_PLACEMENT_3D('',#6610,#5416,#5417);
#4449=AXIS2_PLACEMENT_3D('',#6613,#5419,#5420);
#4450=AXIS2_PLACEMENT_3D('',#6623,#5426,#5427);
#4451=AXIS2_PLACEMENT_3D('',#6624,#5428,#5429);
#4452=AXIS2_PLACEMENT_3D('',#6628,#5431,#5432);
#4453=AXIS2_PLACEMENT_3D('',#6629,#5433,#5434);
#4454=AXIS2_PLACEMENT_3D('',#6635,#5438,#5439);
#4455=AXIS2_PLACEMENT_3D('',#6636,#5440,#5441);
#4456=AXIS2_PLACEMENT_3D('',#6638,#5442,#5443);
#4457=AXIS2_PLACEMENT_3D('',#6640,#5444,#5445);
#4458=AXIS2_PLACEMENT_3D('',#6647,#5450,#5451);
#4459=AXIS2_PLACEMENT_3D('',#6648,#5452,#5453);
#4460=AXIS2_PLACEMENT_3D('',#6649,#5454,#5455);
#4461=AXIS2_PLACEMENT_3D('',#6650,#5456,#5457);
#4462=AXIS2_PLACEMENT_3D('',#6652,#5458,#5459);
#4463=AXIS2_PLACEMENT_3D('',#6653,#5460,#5461);
#4464=AXIS2_PLACEMENT_3D('',#6654,#5462,#5463);
#4465=AXIS2_PLACEMENT_3D('',#6655,#5464,#5465);
#4466=AXIS2_PLACEMENT_3D('',#6657,#5466,#5467);
#4467=AXIS2_PLACEMENT_3D('',#6658,#5468,#5469);
#4468=AXIS2_PLACEMENT_3D('',#6659,#5470,#5471);
#4469=AXIS2_PLACEMENT_3D('',#6672,#5478,#5479);
#4470=AXIS2_PLACEMENT_3D('',#6673,#5480,#5481);
#4471=AXIS2_PLACEMENT_3D('',#6677,#5483,#5484);
#4472=AXIS2_PLACEMENT_3D('',#6678,#5485,#5486);
#4473=AXIS2_PLACEMENT_3D('',#6688,#5492,#5493);
#4474=AXIS2_PLACEMENT_3D('',#6689,#5494,#5495);
#4475=AXIS2_PLACEMENT_3D('',#6690,#5496,#5497);
#4476=AXIS2_PLACEMENT_3D('',#6691,#5498,#5499);
#4477=AXIS2_PLACEMENT_3D('',#6692,#5500,#5501);
#4478=AXIS2_PLACEMENT_3D('',#6694,#5502,#5503);
#4479=AXIS2_PLACEMENT_3D('',#6696,#5504,#5505);
#4480=AXIS2_PLACEMENT_3D('',#6697,#5506,#5507);
#4481=AXIS2_PLACEMENT_3D('',#6698,#5508,#5509);
#4482=AXIS2_PLACEMENT_3D('',#6699,#5510,#5511);
#4483=AXIS2_PLACEMENT_3D('',#6701,#5512,#5513);
#4484=AXIS2_PLACEMENT_3D('',#6702,#5514,#5515);
#4485=AXIS2_PLACEMENT_3D('',#6703,#5516,#5517);
#4486=AXIS2_PLACEMENT_3D('',#6704,#5518,#5519);
#4487=AXIS2_PLACEMENT_3D('',#6706,#5520,#5521);
#4488=AXIS2_PLACEMENT_3D('',#6707,#5522,#5523);
#4489=AXIS2_PLACEMENT_3D('',#6708,#5524,#5525);
#4490=AXIS2_PLACEMENT_3D('',#6709,#5526,#5527);
#4491=AXIS2_PLACEMENT_3D('',#6710,#5528,#5529);
#4492=AXIS2_PLACEMENT_3D('',#6711,#5530,#5531);
#4493=AXIS2_PLACEMENT_3D('',#6716,#5533,#5534);
#4494=AXIS2_PLACEMENT_3D('',#6720,#5536,#5537);
#4495=AXIS2_PLACEMENT_3D('',#6721,#5538,#5539);
#4496=AXIS2_PLACEMENT_3D('',#6735,#5547,#5548);
#4497=AXIS2_PLACEMENT_3D('',#6736,#5549,#5550);
#4498=AXIS2_PLACEMENT_3D('',#6740,#5552,#5553);
#4499=AXIS2_PLACEMENT_3D('',#6741,#5554,#5555);
#4500=AXIS2_PLACEMENT_3D('',#6752,#5562,#5563);
#4501=AXIS2_PLACEMENT_3D('',#6753,#5564,#5565);
#4502=AXIS2_PLACEMENT_3D('',#6754,#5566,#5567);
#4503=AXIS2_PLACEMENT_3D('',#6755,#5568,#5569);
#4504=AXIS2_PLACEMENT_3D('',#6757,#5570,#5571);
#4505=AXIS2_PLACEMENT_3D('',#6758,#5572,#5573);
#4506=AXIS2_PLACEMENT_3D('',#6759,#5574,#5575);
#4507=AXIS2_PLACEMENT_3D('',#6760,#5576,#5577);
#4508=AXIS2_PLACEMENT_3D('',#6761,#5578,#5579);
#4509=AXIS2_PLACEMENT_3D('',#6762,#5580,#5581);
#4510=AXIS2_PLACEMENT_3D('',#6764,#5582,#5583);
#4511=AXIS2_PLACEMENT_3D('',#6766,#5584,#5585);
#4512=AXIS2_PLACEMENT_3D('',#6767,#5586,#5587);
#4513=AXIS2_PLACEMENT_3D('',#6768,#5588,#5589);
#4514=AXIS2_PLACEMENT_3D('',#6769,#5590,#5591);
#4515=AXIS2_PLACEMENT_3D('',#6770,#5592,#5593);
#4516=AXIS2_PLACEMENT_3D('',#6771,#5594,#5595);
#4517=AXIS2_PLACEMENT_3D('',#6772,#5596,#5597);
#4518=AXIS2_PLACEMENT_3D('',#6773,#5598,#5599);
#4519=AXIS2_PLACEMENT_3D('',#6774,#5600,#5601);
#4520=AXIS2_PLACEMENT_3D('',#6778,#5603,#5604);
#4521=AXIS2_PLACEMENT_3D('',#6782,#5606,#5607);
#4522=AXIS2_PLACEMENT_3D('',#6783,#5608,#5609);
#4523=AXIS2_PLACEMENT_3D('',#6797,#5617,#5618);
#4524=AXIS2_PLACEMENT_3D('',#6798,#5619,#5620);
#4525=AXIS2_PLACEMENT_3D('',#6802,#5622,#5623);
#4526=AXIS2_PLACEMENT_3D('',#6803,#5624,#5625);
#4527=AXIS2_PLACEMENT_3D('',#6814,#5632,#5633);
#4528=AXIS2_PLACEMENT_3D('',#6815,#5634,#5635);
#4529=AXIS2_PLACEMENT_3D('',#6816,#5636,#5637);
#4530=AXIS2_PLACEMENT_3D('',#6817,#5638,#5639);
#4531=AXIS2_PLACEMENT_3D('',#6818,#5640,#5641);
#4532=AXIS2_PLACEMENT_3D('',#6820,#5642,#5643);
#4533=AXIS2_PLACEMENT_3D('',#6822,#5644,#5645);
#4534=AXIS2_PLACEMENT_3D('',#6823,#5646,#5647);
#4535=AXIS2_PLACEMENT_3D('',#6824,#5648,#5649);
#4536=AXIS2_PLACEMENT_3D('',#6825,#5650,#5651);
#4537=AXIS2_PLACEMENT_3D('',#6826,#5652,#5653);
#4538=AXIS2_PLACEMENT_3D('',#6827,#5654,#5655);
#4539=AXIS2_PLACEMENT_3D('',#6828,#5656,#5657);
#4540=AXIS2_PLACEMENT_3D('',#6830,#5658,#5659);
#4541=AXIS2_PLACEMENT_3D('',#6832,#5660,#5661);
#4542=AXIS2_PLACEMENT_3D('',#6833,#5662,#5663);
#4543=AXIS2_PLACEMENT_3D('',#6834,#5664,#5665);
#4544=AXIS2_PLACEMENT_3D('',#6835,#5666,#5667);
#4545=AXIS2_PLACEMENT_3D('',#6836,#5668,#5669);
#4546=AXIS2_PLACEMENT_3D('',#6837,#5670,#5671);
#4547=AXIS2_PLACEMENT_3D('',#6846,#5676,#5677);
#4548=AXIS2_PLACEMENT_3D('',#6847,#5678,#5679);
#4549=AXIS2_PLACEMENT_3D('',#6851,#5681,#5682);
#4550=AXIS2_PLACEMENT_3D('',#6852,#5683,#5684);
#4551=AXIS2_PLACEMENT_3D('',#6858,#5688,#5689);
#4552=AXIS2_PLACEMENT_3D('',#6859,#5690,#5691);
#4553=AXIS2_PLACEMENT_3D('',#6860,#5692,#5693);
#4554=AXIS2_PLACEMENT_3D('',#6861,#5694,#5695);
#4555=AXIS2_PLACEMENT_3D('',#6862,#5696,#5697);
#4556=AXIS2_PLACEMENT_3D('',#6864,#5698,#5699);
#4557=AXIS2_PLACEMENT_3D('',#6866,#5700,#5701);
#4558=AXIS2_PLACEMENT_3D('',#6867,#5702,#5703);
#4559=AXIS2_PLACEMENT_3D('',#6868,#5704,#5705);
#4560=AXIS2_PLACEMENT_3D('',#6870,#5706,#5707);
#4561=AXIS2_PLACEMENT_3D('',#6871,#5708,#5709);
#4562=AXIS2_PLACEMENT_3D('',#6873,#5710,#5711);
#4563=AXIS2_PLACEMENT_3D('',#6874,#5712,#5713);
#4564=AXIS2_PLACEMENT_3D('',#6887,#5720,#5721);
#4565=AXIS2_PLACEMENT_3D('',#6893,#5725,#5726);
#4566=AXIS2_PLACEMENT_3D('',#6897,#5729,#5730);
#4567=AXIS2_PLACEMENT_3D('',#6901,#5733,#5734);
#4568=AXIS2_PLACEMENT_3D('',#6905,#5737,#5738);
#4569=AXIS2_PLACEMENT_3D('',#6909,#5741,#5742);
#4570=AXIS2_PLACEMENT_3D('',#6911,#5744,#5745);
#4571=AXIS2_PLACEMENT_3D('',#6912,#5746,#5747);
#4572=AXIS2_PLACEMENT_3D('',#6913,#5748,#5749);
#4573=AXIS2_PLACEMENT_3D('',#6914,#5750,#5751);
#4574=AXIS2_PLACEMENT_3D('',#6915,#5752,#5753);
#4575=AXIS2_PLACEMENT_3D('',#6916,#5754,#5755);
#4576=AXIS2_PLACEMENT_3D('',#6917,#5756,#5757);
#4577=AXIS2_PLACEMENT_3D('',#6918,#5758,#5759);
#4578=AXIS2_PLACEMENT_3D('',#6919,#5760,#5761);
#4579=AXIS2_PLACEMENT_3D('',#6920,#5762,#5763);
#4580=AXIS2_PLACEMENT_3D('',#6921,#5764,#5765);
#4581=AXIS2_PLACEMENT_3D('',#6922,#5766,#5767);
#4582=AXIS2_PLACEMENT_3D('',#6923,#5768,#5769);
#4583=AXIS2_PLACEMENT_3D('',#6924,#5770,#5771);
#4584=AXIS2_PLACEMENT_3D('',#6925,#5772,#5773);
#4585=AXIS2_PLACEMENT_3D('',#6926,#5774,#5775);
#4586=AXIS2_PLACEMENT_3D('',#6927,#5776,#5777);
#4587=AXIS2_PLACEMENT_3D('',#6928,#5778,#5779);
#4588=AXIS2_PLACEMENT_3D('',#6929,#5780,#5781);
#4589=AXIS2_PLACEMENT_3D('',#6930,#5782,#5783);
#4590=AXIS2_PLACEMENT_3D('',#6931,#5784,#5785);
#4591=AXIS2_PLACEMENT_3D('',#6932,#5786,#5787);
#4592=AXIS2_PLACEMENT_3D('',#6933,#5788,#5789);
#4593=AXIS2_PLACEMENT_3D('',#6934,#5790,#5791);
#4594=AXIS2_PLACEMENT_3D('',#6935,#5792,#5793);
#4595=AXIS2_PLACEMENT_3D('',#6936,#5794,#5795);
#4596=AXIS2_PLACEMENT_3D('',#6937,#5796,#5797);
#4597=AXIS2_PLACEMENT_3D('',#6938,#5798,#5799);
#4598=AXIS2_PLACEMENT_3D('',#6939,#5800,#5801);
#4599=AXIS2_PLACEMENT_3D('',#6940,#5802,#5803);
#4600=AXIS2_PLACEMENT_3D('',#6941,#5804,#5805);
#4601=AXIS2_PLACEMENT_3D('',#6942,#5806,#5807);
#4602=AXIS2_PLACEMENT_3D('',#6943,#5808,#5809);
#4603=AXIS2_PLACEMENT_3D('',#6944,#5810,#5811);
#4604=AXIS2_PLACEMENT_3D('',#6945,#5812,#5813);
#4605=AXIS2_PLACEMENT_3D('',#6946,#5814,#5815);
#4606=AXIS2_PLACEMENT_3D('',#6947,#5816,#5817);
#4607=AXIS2_PLACEMENT_3D('',#6948,#5818,#5819);
#4608=AXIS2_PLACEMENT_3D('',#6949,#5820,#5821);
#4609=AXIS2_PLACEMENT_3D('',#6950,#5822,#5823);
#4610=AXIS2_PLACEMENT_3D('',#6951,#5824,#5825);
#4611=AXIS2_PLACEMENT_3D('',#6952,#5826,#5827);
#4612=AXIS2_PLACEMENT_3D('',#6953,#5828,#5829);
#4613=AXIS2_PLACEMENT_3D('',#6954,#5830,#5831);
#4614=AXIS2_PLACEMENT_3D('',#6955,#5832,#5833);
#4615=AXIS2_PLACEMENT_3D('',#6956,#5834,#5835);
#4616=AXIS2_PLACEMENT_3D('',#6957,#5836,#5837);
#4617=AXIS2_PLACEMENT_3D('',#6958,#5838,#5839);
#4618=AXIS2_PLACEMENT_3D('',#6959,#5840,#5841);
#4619=DIRECTION('',(0.,0.,1.));
#4620=DIRECTION('',(1.,0.,0.));
#4621=DIRECTION('',(1.,0.,-6.82961998416066E-17));
#4622=DIRECTION('',(-6.82961998416066E-17,0.,-1.));
#4623=DIRECTION('',(-6.82961998416066E-17,0.,-1.));
#4624=DIRECTION('',(0.,1.,0.));
#4625=DIRECTION('',(-6.82961998416066E-17,0.,-1.));
#4626=DIRECTION('',(0.,1.,0.));
#4627=DIRECTION('',(0.,0.,-1.));
#4628=DIRECTION('',(-1.,0.,0.));
#4629=DIRECTION('',(-1.,0.,0.));
#4630=DIRECTION('',(0.,1.,0.));
#4631=DIRECTION('',(-1.,0.,0.));
#4632=DIRECTION('',(1.,0.,-6.82961998416066E-17));
#4633=DIRECTION('',(-6.82961998416066E-17,0.,-1.));
#4634=DIRECTION('',(-6.82961998416066E-17,0.,-1.));
#4635=DIRECTION('',(0.,1.,0.));
#4636=DIRECTION('',(-6.82961998416066E-17,0.,-1.));
#4637=DIRECTION('',(0.,0.,-1.));
#4638=DIRECTION('',(-1.,0.,0.));
#4639=DIRECTION('',(-1.,0.,0.));
#4640=DIRECTION('',(-1.,0.,0.));
#4641=DIRECTION('',(0.,-1.,0.));
#4642=DIRECTION('',(1.,0.,0.));
#4643=DIRECTION('',(0.,-1.,0.));
#4644=DIRECTION('',(1.,0.,0.));
#4645=DIRECTION('',(1.,-6.24500451351651E-17,3.56702514747731E-17));
#4646=DIRECTION('',(-3.56702514747731E-17,-2.15105711021124E-16,1.));
#4647=DIRECTION('',(0.,-1.,0.));
#4648=DIRECTION('',(1.,0.,0.));
#4649=DIRECTION('',(0.,-1.,0.));
#4650=DIRECTION('',(0.,0.,-1.));
#4651=DIRECTION('',(1.,0.,0.));
#4652=DIRECTION('',(0.5,0.,-0.866025403784439));
#4653=DIRECTION('',(-0.5,0.,-0.866025403784439));
#4654=DIRECTION('',(-1.,0.,0.));
#4655=DIRECTION('',(-0.5,0.,0.866025403784439));
#4656=DIRECTION('',(0.5,0.,0.866025403784439));
#4657=DIRECTION('',(0.,1.,0.));
#4658=DIRECTION('',(0.,0.,1.));
#4659=DIRECTION('',(0.,-1.,0.));
#4660=DIRECTION('',(0.,0.,-1.));
#4661=DIRECTION('',(0.,-1.,0.));
#4662=DIRECTION('',(1.,0.,0.));
#4663=DIRECTION('',(-1.,0.,0.));
#4664=DIRECTION('',(-0.5,0.,-0.866025403784439));
#4665=DIRECTION('',(0.5,0.,-0.866025403784439));
#4666=DIRECTION('',(1.,0.,0.));
#4667=DIRECTION('',(0.5,0.,0.866025403784439));
#4668=DIRECTION('',(-0.5,0.,0.866025403784439));
#4669=DIRECTION('',(-0.866025403784438,0.,0.5));
#4670=DIRECTION('',(0.5,0.,0.866025403784439));
#4671=DIRECTION('',(0.,1.,0.));
#4672=DIRECTION('',(0.5,0.,0.866025403784439));
#4673=DIRECTION('',(0.,1.,0.));
#4674=DIRECTION('',(0.,0.,1.));
#4675=DIRECTION('',(1.,0.,0.));
#4676=DIRECTION('',(0.,1.,0.));
#4677=DIRECTION('',(1.,0.,0.));
#4678=DIRECTION('',(0.866025403784438,0.,0.5));
#4679=DIRECTION('',(0.5,0.,-0.866025403784439));
#4680=DIRECTION('',(0.,1.,0.));
#4681=DIRECTION('',(0.5,0.,-0.866025403784439));
#4682=DIRECTION('',(0.866025403784439,0.,-0.5));
#4683=DIRECTION('',(-0.5,0.,-0.866025403784439));
#4684=DIRECTION('',(0.,1.,0.));
#4685=DIRECTION('',(-0.5,0.,-0.866025403784439));
#4686=DIRECTION('',(0.,0.,-1.));
#4687=DIRECTION('',(-1.,0.,0.));
#4688=DIRECTION('',(0.,1.,0.));
#4689=DIRECTION('',(-1.,0.,0.));
#4690=DIRECTION('',(-0.866025403784439,0.,-0.5));
#4691=DIRECTION('',(-0.5,0.,0.866025403784439));
#4692=DIRECTION('',(-0.5,0.,0.866025403784438));
#4693=DIRECTION('',(0.,1.,0.));
#4694=DIRECTION('',(-1.,0.,0.));
#4695=DIRECTION('',(-0.866025403784438,0.,-0.5));
#4696=DIRECTION('',(-0.5,0.,0.866025403784439));
#4697=DIRECTION('',(0.,1.,0.));
#4698=DIRECTION('',(-0.5,0.,0.866025403784439));
#4699=DIRECTION('',(0.,1.,0.));
#4700=DIRECTION('',(0.,0.,-1.));
#4701=DIRECTION('',(-1.,0.,0.));
#4702=DIRECTION('',(0.,1.,0.));
#4703=DIRECTION('',(-1.,0.,0.));
#4704=DIRECTION('',(0.866025403784438,0.,-0.5));
#4705=DIRECTION('',(-0.5,0.,-0.866025403784439));
#4706=DIRECTION('',(0.,1.,0.));
#4707=DIRECTION('',(-0.5,0.,-0.866025403784439));
#4708=DIRECTION('',(0.866025403784439,0.,0.5));
#4709=DIRECTION('',(0.5,0.,-0.866025403784439));
#4710=DIRECTION('',(0.,1.,0.));
#4711=DIRECTION('',(0.5,0.,-0.866025403784439));
#4712=DIRECTION('',(0.,0.,1.));
#4713=DIRECTION('',(1.,0.,0.));
#4714=DIRECTION('',(0.,1.,0.));
#4715=DIRECTION('',(1.,0.,0.));
#4716=DIRECTION('',(-0.866025403784438,0.,0.5));
#4717=DIRECTION('',(0.5,0.,0.866025403784439));
#4718=DIRECTION('',(0.5,0.,0.866025403784438));
#4719=DIRECTION('',(0.,-1.,0.));
#4720=DIRECTION('',(1.,0.,0.));
#4721=DIRECTION('',(-0.999872014497822,1.30918177928051E-15,-0.0159985819392871));
#4722=DIRECTION('',(-0.0159985819392871,1.05390000617501E-16,0.999872014497822));
#4723=DIRECTION('',(0.,0.,-1.));
#4724=DIRECTION('',(-1.,0.,0.));
#4725=DIRECTION('',(0.,0.,-1.));
#4726=DIRECTION('',(-1.,0.,0.));
#4727=DIRECTION('',(0.,0.,-1.));
#4728=DIRECTION('',(-1.,0.,0.));
#4729=DIRECTION('',(0.,0.,1.));
#4730=DIRECTION('',(1.,0.,0.));
#4731=DIRECTION('',(0.,0.,-1.));
#4732=DIRECTION('',(-1.,0.,0.));
#4733=DIRECTION('',(0.,0.,-1.));
#4734=DIRECTION('',(-1.,0.,0.));
#4735=DIRECTION('',(0.,0.,-1.));
#4736=DIRECTION('',(-1.,0.,0.));
#4737=DIRECTION('',(0.,0.,1.));
#4738=DIRECTION('',(1.,0.,0.));
#4739=DIRECTION('',(0.,0.,-1.));
#4740=DIRECTION('',(-1.,0.,0.));
#4741=DIRECTION('',(0.,0.,-1.));
#4742=DIRECTION('',(-1.,0.,0.));
#4743=DIRECTION('',(0.,0.,-1.));
#4744=DIRECTION('',(-1.,0.,0.));
#4745=DIRECTION('',(0.,0.,1.));
#4746=DIRECTION('',(1.,0.,0.));
#4747=DIRECTION('',(0.,0.,-1.));
#4748=DIRECTION('',(-1.,0.,0.));
#4749=DIRECTION('',(0.,0.,-1.));
#4750=DIRECTION('',(-1.,0.,0.));
#4751=DIRECTION('',(0.,0.,-1.));
#4752=DIRECTION('',(-1.,0.,0.));
#4753=DIRECTION('',(0.,0.,-1.));
#4754=DIRECTION('',(-1.,0.,0.));
#4755=DIRECTION('',(0.,0.,-1.));
#4756=DIRECTION('',(-1.,0.,0.));
#4757=DIRECTION('',(0.,0.,-1.));
#4758=DIRECTION('',(-1.,0.,0.));
#4759=DIRECTION('',(0.,0.,-1.));
#4760=DIRECTION('',(-1.,0.,0.));
#4761=DIRECTION('',(0.,0.,-1.));
#4762=DIRECTION('',(-1.,0.,0.));
#4763=DIRECTION('',(0.,0.,-1.));
#4764=DIRECTION('',(-1.,0.,0.));
#4765=DIRECTION('',(0.,0.,-1.));
#4766=DIRECTION('',(-1.,0.,0.));
#4767=DIRECTION('',(0.,0.,-1.));
#4768=DIRECTION('',(-1.,0.,0.));
#4769=DIRECTION('',(0.,0.,-1.));
#4770=DIRECTION('',(-1.,0.,0.));
#4771=DIRECTION('',(5.60352001931611E-16,-1.,2.65570333501365E-16));
#4772=DIRECTION('',(1.,5.60352001931611E-16,3.46944695195361E-17));
#4773=DIRECTION('',(0.,0.,-1.));
#4774=DIRECTION('',(-1.,0.,0.));
#4775=DIRECTION('',(0.,0.,1.));
#4776=DIRECTION('',(1.,0.,0.));
#4777=DIRECTION('',(0.,0.,1.));
#4778=DIRECTION('',(1.,0.,0.));
#4779=DIRECTION('',(0.,0.,-1.));
#4780=DIRECTION('',(-1.,0.,0.));
#4781=DIRECTION('',(0.,0.,1.));
#4782=DIRECTION('',(1.,0.,0.));
#4783=DIRECTION('',(0.,0.,-1.));
#4784=DIRECTION('',(0.,0.,1.));
#4785=DIRECTION('',(1.,0.,0.));
#4786=DIRECTION('',(0.,0.,-1.));
#4787=DIRECTION('',(1.,0.,0.));
#4788=DIRECTION('',(0.,0.,-1.));
#4789=DIRECTION('',(0.,-1.,0.));
#4790=DIRECTION('',(0.,0.,-1.));
#4791=DIRECTION('',(0.,-1.,0.));
#4792=DIRECTION('',(0.,0.,-1.));
#4793=DIRECTION('',(-1.,0.,0.));
#4794=DIRECTION('',(0.,0.,1.));
#4795=DIRECTION('',(1.,0.,0.));
#4796=DIRECTION('',(0.,0.,-1.));
#4797=DIRECTION('',(0.,0.,1.));
#4798=DIRECTION('',(1.,0.,0.));
#4799=DIRECTION('',(0.438298477254103,-0.898829485963125,0.));
#4800=DIRECTION('',(0.898829485963125,0.438298477254103,0.));
#4801=DIRECTION('',(-0.898829485963125,-0.438298477254103,0.));
#4802=DIRECTION('',(0.,0.,-1.));
#4803=DIRECTION('',(-0.898829485963125,-0.438298477254103,0.));
#4804=DIRECTION('',(0.,0.,-1.));
#4805=DIRECTION('',(-1.,0.,0.));
#4806=DIRECTION('',(0.,0.,1.));
#4807=DIRECTION('',(1.,0.,0.));
#4808=DIRECTION('',(0.,0.,-1.));
#4809=DIRECTION('',(0.,0.,1.));
#4810=DIRECTION('',(1.,0.,0.));
#4811=DIRECTION('',(0.438298477254103,0.898829485963125,0.));
#4812=DIRECTION('',(-0.898829485963125,0.438298477254103,0.));
#4813=DIRECTION('',(0.898829485963125,-0.438298477254103,0.));
#4814=DIRECTION('',(0.,0.,-1.));
#4815=DIRECTION('',(0.898829485963125,-0.438298477254103,0.));
#4816=DIRECTION('',(0.,0.,-1.));
#4817=DIRECTION('',(-1.,0.,0.));
#4818=DIRECTION('',(0.,0.,1.));
#4819=DIRECTION('',(1.,0.,0.));
#4820=DIRECTION('',(0.,0.,-1.));
#4821=DIRECTION('',(0.,0.,1.));
#4822=DIRECTION('',(1.,0.,0.));
#4823=DIRECTION('',(1.,0.,0.));
#4824=DIRECTION('',(0.,0.,-1.));
#4825=DIRECTION('',(0.,-1.,0.));
#4826=DIRECTION('',(0.,0.,-1.));
#4827=DIRECTION('',(0.,-1.,0.));
#4828=DIRECTION('',(0.,0.,-1.));
#4829=DIRECTION('',(-1.,0.,0.));
#4830=DIRECTION('',(0.,0.,1.));
#4831=DIRECTION('',(1.,0.,0.));
#4832=DIRECTION('',(0.,0.,-1.));
#4833=DIRECTION('',(0.,0.,1.));
#4834=DIRECTION('',(1.,0.,0.));
#4835=DIRECTION('',(0.,0.,-1.));
#4836=DIRECTION('',(-1.,0.,0.));
#4837=DIRECTION('',(0.,0.,1.));
#4838=DIRECTION('',(1.,0.,0.));
#4839=DIRECTION('',(0.,0.,-1.));
#4840=DIRECTION('',(0.,0.,1.));
#4841=DIRECTION('',(1.,0.,0.));
#4842=DIRECTION('',(0.,0.,-1.));
#4843=DIRECTION('',(0.,-1.,0.));
#4844=DIRECTION('',(0.,0.,-1.));
#4845=DIRECTION('',(-1.,0.,0.));
#4846=DIRECTION('',(0.,0.,-1.));
#4847=DIRECTION('',(-1.,0.,0.));
#4848=DIRECTION('',(0.,0.,-1.));
#4849=DIRECTION('',(-1.,0.,0.));
#4850=DIRECTION('',(0.,0.,-1.));
#4851=DIRECTION('',(1.,0.,0.));
#4852=DIRECTION('',(0.,0.,-1.));
#4853=DIRECTION('',(0.,0.,-1.));
#4854=DIRECTION('',(1.,0.,0.));
#4855=DIRECTION('',(-1.,0.,0.));
#4856=DIRECTION('',(0.,0.,1.));
#4857=DIRECTION('',(0.,1.,0.));
#4858=DIRECTION('',(0.,0.,-1.));
#4859=DIRECTION('',(0.,1.,0.));
#4860=DIRECTION('',(0.,0.,-1.));
#4861=DIRECTION('',(-1.,0.,0.));
#4862=DIRECTION('',(0.,0.,1.));
#4863=DIRECTION('',(1.,0.,0.));
#4864=DIRECTION('',(0.,0.,-1.));
#4865=DIRECTION('',(0.,0.,1.));
#4866=DIRECTION('',(1.,0.,0.));
#4867=DIRECTION('',(-0.699504912718635,-0.714627789189936,0.));
#4868=DIRECTION('',(0.714627789189936,-0.699504912718635,0.));
#4869=DIRECTION('',(-0.714627789189936,0.699504912718635,0.));
#4870=DIRECTION('',(0.,0.,-1.));
#4871=DIRECTION('',(-0.714627789189936,0.699504912718635,0.));
#4872=DIRECTION('',(0.,0.,-1.));
#4873=DIRECTION('',(-1.,0.,0.));
#4874=DIRECTION('',(0.,0.,1.));
#4875=DIRECTION('',(1.,0.,0.));
#4876=DIRECTION('',(0.,0.,-1.));
#4877=DIRECTION('',(0.,0.,1.));
#4878=DIRECTION('',(1.,0.,0.));
#4879=DIRECTION('',(-0.699504912718635,0.714627789189936,0.));
#4880=DIRECTION('',(-0.714627789189936,-0.699504912718635,0.));
#4881=DIRECTION('',(0.714627789189936,0.699504912718635,0.));
#4882=DIRECTION('',(0.,0.,-1.));
#4883=DIRECTION('',(0.714627789189936,0.699504912718635,0.));
#4884=DIRECTION('',(0.,0.,-1.));
#4885=DIRECTION('',(-1.,0.,0.));
#4886=DIRECTION('',(0.,0.,1.));
#4887=DIRECTION('',(1.,0.,0.));
#4888=DIRECTION('',(0.,0.,-1.));
#4889=DIRECTION('',(0.,0.,1.));
#4890=DIRECTION('',(1.,0.,0.));
#4891=DIRECTION('',(1.,0.,0.));
#4892=DIRECTION('',(0.,0.,-1.));
#4893=DIRECTION('',(0.,-1.,0.));
#4894=DIRECTION('',(0.,0.,-1.));
#4895=DIRECTION('',(0.,-1.,0.));
#4896=DIRECTION('',(0.,0.,-1.));
#4897=DIRECTION('',(0.,-1.,0.));
#4898=DIRECTION('',(0.,0.,-1.));
#4899=DIRECTION('',(-1.,0.,0.));
#4900=DIRECTION('',(0.,0.,-1.));
#4901=DIRECTION('',(-1.,0.,0.));
#4902=DIRECTION('',(1.,0.,0.));
#4903=DIRECTION('',(0.,0.,-1.));
#4904=DIRECTION('',(0.,-1.,0.));
#4905=DIRECTION('',(0.,0.,-1.));
#4906=DIRECTION('',(0.,-1.,0.));
#4907=DIRECTION('',(1.,0.,0.));
#4908=DIRECTION('',(0.,0.,-1.));
#4909=DIRECTION('',(0.,-1.,0.));
#4910=DIRECTION('',(0.,0.,-1.));
#4911=DIRECTION('',(0.,-1.,0.));
#4912=DIRECTION('',(0.,0.,-1.));
#4913=DIRECTION('',(0.,1.,0.));
#4914=DIRECTION('',(0.,0.,1.));
#4915=DIRECTION('',(1.,0.,0.));
#4916=DIRECTION('',(0.,0.,-1.));
#4917=DIRECTION('',(1.,0.,0.));
#4918=DIRECTION('',(1.,0.,0.));
#4919=DIRECTION('',(0.,0.,-1.));
#4920=DIRECTION('',(0.,-1.,0.));
#4921=DIRECTION('',(0.,0.,-1.));
#4922=DIRECTION('',(0.,-1.,0.));
#4923=DIRECTION('',(0.,1.,0.));
#4924=DIRECTION('',(0.,0.,1.));
#4925=DIRECTION('',(1.,0.,0.));
#4926=DIRECTION('',(1.,0.,0.));
#4927=DIRECTION('',(-1.,0.,0.));
#4928=DIRECTION('',(0.,0.,1.));
#4929=DIRECTION('',(0.,1.,0.));
#4930=DIRECTION('',(0.,1.,0.));
#4931=DIRECTION('',(0.,-1.,0.));
#4932=DIRECTION('',(0.,0.,-1.));
#4933=DIRECTION('',(-1.,0.,0.));
#4934=DIRECTION('',(-1.,0.,0.));
#4935=DIRECTION('',(0.,1.,0.));
#4936=DIRECTION('',(0.,0.,1.));
#4937=DIRECTION('',(1.,0.,0.));
#4938=DIRECTION('',(1.,0.,0.));
#4939=DIRECTION('',(0.,0.,1.));
#4940=DIRECTION('',(1.,0.,0.));
#4941=DIRECTION('',(0.,0.,1.));
#4942=DIRECTION('',(1.,0.,0.));
#4943=DIRECTION('',(0.,0.,1.));
#4944=DIRECTION('',(1.,0.,0.));
#4945=DIRECTION('',(0.,0.,1.));
#4946=DIRECTION('',(1.,0.,0.));
#4947=DIRECTION('',(0.,0.,1.));
#4948=DIRECTION('',(1.,0.,0.));
#4949=DIRECTION('',(0.,0.,1.));
#4950=DIRECTION('',(1.,0.,0.));
#4951=DIRECTION('',(0.,0.,-1.));
#4952=DIRECTION('',(-1.,0.,0.));
#4953=DIRECTION('',(0.,0.,1.));
#4954=DIRECTION('',(1.,0.,0.));
#4955=DIRECTION('',(0.,0.,1.));
#4956=DIRECTION('',(1.,0.,0.));
#4957=DIRECTION('',(0.,0.,-1.));
#4958=DIRECTION('',(-1.,0.,0.));
#4959=DIRECTION('',(0.,0.,1.));
#4960=DIRECTION('',(1.,0.,0.));
#4961=DIRECTION('',(0.,0.,1.));
#4962=DIRECTION('',(1.,0.,0.));
#4963=DIRECTION('',(0.,0.,-1.));
#4964=DIRECTION('',(-1.,0.,0.));
#4965=DIRECTION('',(0.,0.,1.));
#4966=DIRECTION('',(1.,0.,0.));
#4967=DIRECTION('',(0.,0.,1.));
#4968=DIRECTION('',(1.,0.,0.));
#4969=DIRECTION('',(0.,0.,-1.));
#4970=DIRECTION('',(-1.,0.,0.));
#4971=DIRECTION('',(0.,0.,1.));
#4972=DIRECTION('',(1.,0.,0.));
#4973=DIRECTION('',(0.,0.,1.));
#4974=DIRECTION('',(1.,0.,0.));
#4975=DIRECTION('',(5.54478524214623E-16,-1.,-2.70291449858297E-16));
#4976=DIRECTION('',(1.,5.54478524214623E-16,2.77555756156283E-17));
#4977=DIRECTION('',(0.922198502923166,0.386716848878183,0.));
#4978=DIRECTION('',(-0.386716848878183,0.922198502923166,0.));
#4979=DIRECTION('',(0.386716848878183,-0.922198502923166,0.));
#4980=DIRECTION('',(0.,0.,-1.));
#4981=DIRECTION('',(0.386716848878183,-0.922198502923166,0.));
#4982=DIRECTION('',(0.,0.,-1.));
#4983=DIRECTION('',(0.,0.,-1.));
#4984=DIRECTION('',(-1.,0.,0.));
#4985=DIRECTION('',(0.,0.,1.));
#4986=DIRECTION('',(1.,0.,0.));
#4987=DIRECTION('',(0.,0.,-1.));
#4988=DIRECTION('',(0.,0.,1.));
#4989=DIRECTION('',(1.,0.,0.));
#4990=DIRECTION('',(0.922198502923166,0.386716848878183,0.));
#4991=DIRECTION('',(-0.386716848878183,0.922198502923166,0.));
#4992=DIRECTION('',(0.386716848878183,-0.922198502923166,0.));
#4993=DIRECTION('',(0.,0.,-1.));
#4994=DIRECTION('',(0.386716848878183,-0.922198502923166,0.));
#4995=DIRECTION('',(0.,0.,-1.));
#4996=DIRECTION('',(-1.,0.,0.));
#4997=DIRECTION('',(0.,0.,1.));
#4998=DIRECTION('',(1.,0.,0.));
#4999=DIRECTION('',(0.,0.,1.));
#5000=DIRECTION('',(1.,0.,0.));
#5001=DIRECTION('',(0.,0.,-1.));
#5002=DIRECTION('',(-1.,0.,0.));
#5003=DIRECTION('',(0.,0.,1.));
#5004=DIRECTION('',(1.,0.,0.));
#5005=DIRECTION('',(0.,0.,1.));
#5006=DIRECTION('',(1.,0.,0.));
#5007=DIRECTION('',(0.,0.,-1.));
#5008=DIRECTION('',(-1.,0.,0.));
#5009=DIRECTION('',(0.,0.,1.));
#5010=DIRECTION('',(1.,0.,0.));
#5011=DIRECTION('',(0.,0.,1.));
#5012=DIRECTION('',(1.,0.,0.));
#5013=DIRECTION('',(0.,0.,1.));
#5014=DIRECTION('',(1.,0.,0.));
#5015=DIRECTION('',(0.,0.,1.));
#5016=DIRECTION('',(1.,0.,0.));
#5017=DIRECTION('',(-4.22766695172884E-16,-1.,2.43557232641575E-16));
#5018=DIRECTION('',(0.975798634470265,-4.65794077896168E-16,-0.218671042815381));
#5019=DIRECTION('',(-0.649501096547258,0.760360654942054,0.));
#5020=DIRECTION('',(-0.760360654942054,-0.649501096547258,0.));
#5021=DIRECTION('',(0.,0.,1.));
#5022=DIRECTION('',(-0.760360654942054,-0.649501096547258,0.));
#5023=DIRECTION('',(0.,0.,1.));
#5024=DIRECTION('',(-0.760360654942054,-0.649501096547258,0.));
#5025=DIRECTION('',(0.,0.,1.));
#5026=DIRECTION('',(1.,0.,0.));
#5027=DIRECTION('',(0.,0.,1.));
#5028=DIRECTION('',(1.,0.,0.));
#5029=DIRECTION('',(0.,0.,-1.));
#5030=DIRECTION('',(0.,0.,1.));
#5031=DIRECTION('',(1.,0.,0.));
#5032=DIRECTION('',(0.,0.,-1.));
#5033=DIRECTION('',(0.,0.,1.));
#5034=DIRECTION('',(1.,0.,0.));
#5035=DIRECTION('',(0.,0.,1.));
#5036=DIRECTION('',(1.,0.,0.));
#5037=DIRECTION('',(0.,0.,1.));
#5038=DIRECTION('',(-0.849570404734733,0.527475238659467,0.));
#5039=DIRECTION('',(-0.527475238659467,-0.849570404734733,0.));
#5040=DIRECTION('',(-0.527475238659467,-0.849570404734733,0.));
#5041=DIRECTION('',(-0.527475238659467,-0.849570404734733,0.));
#5042=DIRECTION('',(0.,0.,1.));
#5043=DIRECTION('',(0.,0.,1.));
#5044=DIRECTION('',(1.,0.,0.));
#5045=DIRECTION('',(0.,0.,1.));
#5046=DIRECTION('',(1.,0.,0.));
#5047=DIRECTION('',(0.,0.,1.));
#5048=DIRECTION('',(1.,0.,0.));
#5049=DIRECTION('',(0.,0.,1.));
#5050=DIRECTION('',(-0.035281952370522,0.9993773981019,0.));
#5051=DIRECTION('',(-0.999377398101901,-0.035281952370522,0.));
#5052=DIRECTION('',(-0.9993773981019,-0.035281952370522,0.));
#5053=DIRECTION('',(-0.9993773981019,-0.035281952370522,0.));
#5054=DIRECTION('',(0.,0.,1.));
#5055=DIRECTION('',(-0.649501096547257,0.760360654942055,0.));
#5056=DIRECTION('',(-0.760360654942055,-0.649501096547257,0.));
#5057=DIRECTION('',(-0.760360654942055,-0.649501096547257,0.));
#5058=DIRECTION('',(0.,0.,1.));
#5059=DIRECTION('',(-0.760360654942055,-0.649501096547257,0.));
#5060=DIRECTION('',(0.,0.,1.));
#5061=DIRECTION('',(-0.760360654942055,-0.649501096547257,0.));
#5062=DIRECTION('',(0.,0.,-1.));
#5063=DIRECTION('',(-0.760360654942055,-0.649501096547257,0.));
#5064=DIRECTION('',(0.,0.,-1.));
#5065=DIRECTION('',(-0.760360654942055,-0.649501096547257,0.));
#5066=DIRECTION('',(0.,0.,-1.));
#5067=DIRECTION('',(-0.760360654942055,-0.649501096547257,0.));
#5068=DIRECTION('',(0.,0.,-1.));
#5069=DIRECTION('',(0.,0.,1.));
#5070=DIRECTION('',(1.,0.,0.));
#5071=DIRECTION('',(0.,0.,1.));
#5072=DIRECTION('',(1.,0.,0.));
#5073=DIRECTION('',(0.,0.,1.));
#5074=DIRECTION('',(1.,0.,0.));
#5075=DIRECTION('',(0.,0.,1.));
#5076=DIRECTION('',(-0.00121518061800359,-0.99999926166776,0.));
#5077=DIRECTION('',(0.99999926166776,-0.00121518061800359,0.));
#5078=DIRECTION('',(0.99999926166776,-0.00121518061800359,0.));
#5079=DIRECTION('',(0.99999926166776,-0.00121518061800359,0.));
#5080=DIRECTION('',(0.,0.,1.));
#5081=DIRECTION('',(0.,0.,1.));
#5082=DIRECTION('',(1.,0.,0.));
#5083=DIRECTION('',(0.,0.,1.));
#5084=DIRECTION('',(1.,0.,0.));
#5085=DIRECTION('',(0.,0.,1.));
#5086=DIRECTION('',(1.,0.,0.));
#5087=DIRECTION('',(0.,0.,1.));
#5088=DIRECTION('',(0.858821582399007,-0.51227481843798,0.));
#5089=DIRECTION('',(0.51227481843798,0.858821582399007,0.));
#5090=DIRECTION('',(0.51227481843798,0.858821582399007,0.));
#5091=DIRECTION('',(0.51227481843798,0.858821582399007,0.));
#5092=DIRECTION('',(0.,0.,1.));
#5093=DIRECTION('',(0.,0.,1.));
#5094=DIRECTION('',(1.,0.,0.));
#5095=DIRECTION('',(0.,0.,1.));
#5096=DIRECTION('',(1.,0.,0.));
#5097=DIRECTION('',(0.,0.,-1.));
#5098=DIRECTION('',(0.,0.,1.));
#5099=DIRECTION('',(1.,0.,0.));
#5100=DIRECTION('',(0.,0.,-1.));
#5101=DIRECTION('',(0.,0.,1.));
#5102=DIRECTION('',(1.,0.,0.));
#5103=DIRECTION('',(0.,0.,1.));
#5104=DIRECTION('',(1.,0.,0.));
#5105=DIRECTION('',(0.,0.,1.));
#5106=DIRECTION('',(1.,0.,0.));
#5107=DIRECTION('',(0.,0.,1.));
#5108=DIRECTION('',(1.,0.,0.));
#5109=DIRECTION('',(0.,0.,1.));
#5110=DIRECTION('',(1.,0.,0.));
#5111=DIRECTION('',(0.,0.,1.));
#5112=DIRECTION('',(1.,0.,0.));
#5113=DIRECTION('',(0.,0.,1.));
#5114=DIRECTION('',(1.,0.,0.));
#5115=DIRECTION('',(0.,0.,1.));
#5116=DIRECTION('',(1.,0.,0.));
#5117=DIRECTION('',(0.,0.,1.));
#5118=DIRECTION('',(1.,0.,0.));
#5119=DIRECTION('',(0.,0.,1.));
#5120=DIRECTION('',(1.,0.,0.));
#5121=DIRECTION('',(0.48219235390547,0.876065370754433,0.));
#5122=DIRECTION('',(0.,0.,1.));
#5123=DIRECTION('',(1.,0.,0.));
#5124=DIRECTION('',(0.,0.,1.));
#5125=DIRECTION('',(1.,0.,0.));
#5126=DIRECTION('',(-0.990057122334161,0.140665896774594,0.));
#5127=DIRECTION('',(0.,0.,1.));
#5128=DIRECTION('',(1.,0.,0.));
#5129=DIRECTION('',(0.,0.,1.));
#5130=DIRECTION('',(1.,0.,0.));
#5131=DIRECTION('',(0.,0.,1.));
#5132=DIRECTION('',(1.,0.,0.));
#5133=DIRECTION('',(0.,0.,1.));
#5134=DIRECTION('',(1.,0.,0.));
#5135=DIRECTION('',(0.,0.,1.));
#5136=DIRECTION('',(1.,0.,0.));
#5137=DIRECTION('',(0.,0.,1.));
#5138=DIRECTION('',(1.,0.,0.));
#5139=DIRECTION('',(-0.990057122334161,0.140665896774594,0.));
#5140=DIRECTION('',(0.,0.,1.));
#5141=DIRECTION('',(1.,0.,0.));
#5142=DIRECTION('',(-0.9993773981019,-0.035281952370522,0.));
#5143=DIRECTION('',(0.,0.,1.));
#5144=DIRECTION('',(1.,0.,0.));
#5145=DIRECTION('',(-0.527475238659467,-0.849570404734733,0.));
#5146=DIRECTION('',(0.,0.,1.));
#5147=DIRECTION('',(1.,0.,0.));
#5148=DIRECTION('',(0.48219235390547,0.876065370754433,0.));
#5149=DIRECTION('',(0.,0.,1.));
#5150=DIRECTION('',(1.,0.,0.));
#5151=DIRECTION('',(0.51227481843798,0.858821582399007,0.));
#5152=DIRECTION('',(0.,0.,1.));
#5153=DIRECTION('',(1.,0.,0.));
#5154=DIRECTION('',(0.99999926166776,-0.00121518061800359,0.));
#5155=DIRECTION('',(0.,0.,1.));
#5156=DIRECTION('',(1.,0.,0.));
#5157=DIRECTION('',(0.849570404734733,-0.527475238659467,0.));
#5158=DIRECTION('',(0.527475238659467,0.849570404734733,0.));
#5159=DIRECTION('',(0.,0.,-1.));
#5160=DIRECTION('',(-0.527475238659467,-0.849570404734733,0.));
#5161=DIRECTION('',(0.,0.,-1.));
#5162=DIRECTION('',(-1.,0.,0.));
#5163=DIRECTION('',(0.,0.,-1.));
#5164=DIRECTION('',(0.,0.,1.));
#5165=DIRECTION('',(1.,0.,0.));
#5166=DIRECTION('',(0.035281952370522,-0.9993773981019,0.));
#5167=DIRECTION('',(0.999377398101901,0.035281952370522,0.));
#5168=DIRECTION('',(-0.9993773981019,-0.035281952370522,0.));
#5169=DIRECTION('',(0.,0.,-1.));
#5170=DIRECTION('',(-1.,0.,0.));
#5171=DIRECTION('',(0.,0.,-1.));
#5172=DIRECTION('',(0.,0.,1.));
#5173=DIRECTION('',(1.,0.,0.));
#5174=DIRECTION('',(0.00121518061800359,0.99999926166776,0.));
#5175=DIRECTION('',(-0.99999926166776,0.00121518061800359,0.));
#5176=DIRECTION('',(0.,0.,-1.));
#5177=DIRECTION('',(0.99999926166776,-0.00121518061800359,0.));
#5178=DIRECTION('',(0.,0.,-1.));
#5179=DIRECTION('',(-1.,0.,0.));
#5180=DIRECTION('',(0.,0.,-1.));
#5181=DIRECTION('',(0.,0.,1.));
#5182=DIRECTION('',(1.,0.,0.));
#5183=DIRECTION('',(-0.858821582399007,0.51227481843798,0.));
#5184=DIRECTION('',(-0.51227481843798,-0.858821582399007,0.));
#5185=DIRECTION('',(0.,0.,-1.));
#5186=DIRECTION('',(0.51227481843798,0.858821582399007,0.));
#5187=DIRECTION('',(0.,0.,-1.));
#5188=DIRECTION('',(-1.,0.,0.));
#5189=DIRECTION('',(0.,0.,1.));
#5190=DIRECTION('',(1.,0.,0.));
#5191=DIRECTION('',(0.,0.,-1.));
#5192=DIRECTION('',(-1.,0.,0.));
#5193=DIRECTION('',(0.,0.,1.));
#5194=DIRECTION('',(1.,0.,0.));
#5195=DIRECTION('',(0.,0.,1.));
#5196=DIRECTION('',(1.,0.,0.));
#5197=DIRECTION('',(-0.876065370754433,0.48219235390547,0.));
#5198=DIRECTION('',(-0.48219235390547,-0.876065370754433,0.));
#5199=DIRECTION('',(0.,0.,-1.));
#5200=DIRECTION('',(-0.140665896774594,-0.990057122334161,0.));
#5201=DIRECTION('',(0.990057122334161,-0.140665896774594,0.));
#5202=DIRECTION('',(0.,0.,-1.));
#5203=DIRECTION('',(0.,0.,-1.));
#5204=DIRECTION('',(-1.,0.,0.));
#5205=DIRECTION('',(0.,0.,-1.));
#5206=DIRECTION('',(-1.,0.,0.));
#5207=DIRECTION('',(0.,0.,-1.));
#5208=DIRECTION('',(-1.,0.,0.));
#5209=DIRECTION('',(0.,0.,-1.));
#5210=DIRECTION('',(-1.,0.,0.));
#5211=DIRECTION('',(-5.86886932831565E-16,-1.,3.8812575504901E-16));
#5212=DIRECTION('',(0.920731519720145,-3.88919906823656E-16,0.39019670500125));
#5213=DIRECTION('',(0.,0.,1.));
#5214=DIRECTION('',(1.,0.,0.));
#5215=DIRECTION('',(0.,0.,1.));
#5216=DIRECTION('',(1.,0.,0.));
#5217=DIRECTION('',(0.,0.,1.));
#5218=DIRECTION('',(0.,0.,1.));
#5219=DIRECTION('',(1.,0.,0.));
#5220=DIRECTION('',(0.,0.,1.));
#5221=DIRECTION('',(0.987381651146551,-0.158358690885947,0.));
#5222=DIRECTION('',(0.158358690885947,0.987381651146551,0.));
#5223=DIRECTION('',(0.,0.,1.));
#5224=DIRECTION('',(0.158358690885947,0.987381651146551,0.));
#5225=DIRECTION('',(0.,0.,-1.));
#5226=DIRECTION('',(0.,0.,-1.));
#5227=DIRECTION('',(0.158358690885947,0.987381651146551,0.));
#5228=DIRECTION('',(0.,0.,1.));
#5229=DIRECTION('',(1.,0.,0.));
#5230=DIRECTION('',(0.,0.,1.));
#5231=DIRECTION('',(0.,0.,1.));
#5232=DIRECTION('',(1.,0.,0.));
#5233=DIRECTION('',(0.,0.,1.));
#5234=DIRECTION('',(1.,0.,0.));
#5235=DIRECTION('',(-0.70461822124631,-0.709586613661565,0.));
#5236=DIRECTION('',(0.709586613661565,-0.70461822124631,0.));
#5237=DIRECTION('',(0.,0.,1.));
#5238=DIRECTION('',(0.,0.,-1.));
#5239=DIRECTION('',(0.,0.,-1.));
#5240=DIRECTION('',(0.709586613661565,-0.70461822124631,0.));
#5241=DIRECTION('',(0.709586613661565,-0.70461822124631,0.));
#5242=DIRECTION('',(0.,0.,1.));
#5243=DIRECTION('',(1.,0.,0.));
#5244=DIRECTION('',(0.,0.,1.));
#5245=DIRECTION('',(1.,0.,0.));
#5246=DIRECTION('',(0.,0.,1.));
#5247=DIRECTION('',(1.,0.,0.));
#5248=DIRECTION('',(0.,0.,1.));
#5249=DIRECTION('',(0.,0.,1.));
#5250=DIRECTION('',(1.,0.,0.));
#5251=DIRECTION('',(0.,0.,1.));
#5252=DIRECTION('',(0.,0.,1.));
#5253=DIRECTION('',(1.,0.,0.));
#5254=DIRECTION('',(0.,0.,1.));
#5255=DIRECTION('',(0.,0.,1.));
#5256=DIRECTION('',(1.,0.,0.));
#5257=DIRECTION('',(0.989418725093632,-0.145088202256738,0.));
#5258=DIRECTION('',(0.145088202256738,0.989418725093632,0.));
#5259=DIRECTION('',(0.145088202256738,0.989418725093632,0.));
#5260=DIRECTION('',(0.,0.,-1.));
#5261=DIRECTION('',(0.145088202256738,0.989418725093632,0.));
#5262=DIRECTION('',(0.,0.,-1.));
#5263=DIRECTION('',(0.145088202256738,0.989418725093632,0.));
#5264=DIRECTION('',(0.145088202256738,0.989418725093632,0.));
#5265=DIRECTION('',(0.,0.,1.));
#5266=DIRECTION('',(0.,0.,1.));
#5267=DIRECTION('',(1.,0.,0.));
#5268=DIRECTION('',(0.,0.,1.));
#5269=DIRECTION('',(1.,0.,0.));
#5270=DIRECTION('',(0.,0.,1.));
#5271=DIRECTION('',(1.,0.,0.));
#5272=DIRECTION('',(0.,0.,1.));
#5273=DIRECTION('',(0.0352819523705213,-0.9993773981019,0.));
#5274=DIRECTION('',(0.999377398101901,0.0352819523705213,0.));
#5275=DIRECTION('',(0.9993773981019,0.0352819523705213,0.));
#5276=DIRECTION('',(0.9993773981019,0.0352819523705213,0.));
#5277=DIRECTION('',(0.,0.,1.));
#5278=DIRECTION('',(0.,0.,1.));
#5279=DIRECTION('',(1.,0.,0.));
#5280=DIRECTION('',(0.,0.,1.));
#5281=DIRECTION('',(1.,0.,0.));
#5282=DIRECTION('',(0.,0.,1.));
#5283=DIRECTION('',(1.,0.,0.));
#5284=DIRECTION('',(0.,0.,1.));
#5285=DIRECTION('',(-0.711660798032486,-0.702523244130587,0.));
#5286=DIRECTION('',(0.702523244130587,-0.711660798032487,0.));
#5287=DIRECTION('',(0.702523244130587,-0.711660798032487,0.));
#5288=DIRECTION('',(0.702523244130587,-0.711660798032487,0.));
#5289=DIRECTION('',(0.702523244130587,-0.711660798032487,0.));
#5290=DIRECTION('',(0.,0.,-1.));
#5291=DIRECTION('',(0.702523244130587,-0.711660798032487,0.));
#5292=DIRECTION('',(0.,0.,-1.));
#5293=DIRECTION('',(0.0352819523705215,-0.9993773981019,0.));
#5294=DIRECTION('',(0.999377398101901,0.0352819523705215,0.));
#5295=DIRECTION('',(0.9993773981019,0.0352819523705215,0.));
#5296=DIRECTION('',(0.9993773981019,0.0352819523705215,0.));
#5297=DIRECTION('',(0.,0.,1.));
#5298=DIRECTION('',(1.,0.,0.));
#5299=DIRECTION('',(0.,0.,1.));
#5300=DIRECTION('',(1.,0.,0.));
#5301=DIRECTION('',(-0.084781808667533,-0.996399540806328,0.));
#5302=DIRECTION('',(0.654509915752018,-0.756053417545537,0.));
#5303=DIRECTION('',(0.,0.,1.));
#5304=DIRECTION('',(1.,0.,0.));
#5305=DIRECTION('',(0.,0.,1.));
#5306=DIRECTION('',(1.,0.,0.));
#5307=DIRECTION('',(0.,0.,1.));
#5308=DIRECTION('',(1.,0.,0.));
#5309=DIRECTION('',(0.,0.,1.));
#5310=DIRECTION('',(1.,0.,0.));
#5311=DIRECTION('',(0.,0.,1.));
#5312=DIRECTION('',(1.,0.,0.));
#5313=DIRECTION('',(0.,0.,1.));
#5314=DIRECTION('',(1.,0.,0.));
#5315=DIRECTION('',(0.,0.,1.));
#5316=DIRECTION('',(1.,0.,0.));
#5317=DIRECTION('',(0.654509915752018,-0.756053417545537,0.));
#5318=DIRECTION('',(0.,0.,1.));
#5319=DIRECTION('',(1.,0.,0.));
#5320=DIRECTION('',(0.9993773981019,0.0352819523705215,0.));
#5321=DIRECTION('',(0.,0.,1.));
#5322=DIRECTION('',(1.,0.,0.));
#5323=DIRECTION('',(-0.084781808667533,-0.996399540806328,0.));
#5324=DIRECTION('',(0.,0.,1.));
#5325=DIRECTION('',(1.,0.,0.));
#5326=DIRECTION('',(0.9993773981019,0.0352819523705213,0.));
#5327=DIRECTION('',(0.,0.,1.));
#5328=DIRECTION('',(1.,0.,0.));
#5329=DIRECTION('',(0.,0.,-1.));
#5330=DIRECTION('',(-1.,0.,0.));
#5331=DIRECTION('',(0.,0.,1.));
#5332=DIRECTION('',(1.,0.,0.));
#5333=DIRECTION('',(0.,0.,-1.));
#5334=DIRECTION('',(0.,0.,-1.));
#5335=DIRECTION('',(-1.,0.,0.));
#5336=DIRECTION('',(0.,0.,-1.));
#5337=DIRECTION('',(0.,0.,1.));
#5338=DIRECTION('',(1.,0.,0.));
#5339=DIRECTION('',(0.,0.,-1.));
#5340=DIRECTION('',(-1.,0.,0.));
#5341=DIRECTION('',(0.,0.,-1.));
#5342=DIRECTION('',(0.,0.,1.));
#5343=DIRECTION('',(1.,0.,0.));
#5344=DIRECTION('',(-0.0352819523705213,0.9993773981019,0.));
#5345=DIRECTION('',(-0.999377398101901,-0.0352819523705213,0.));
#5346=DIRECTION('',(0.,0.,-1.));
#5347=DIRECTION('',(0.9993773981019,0.0352819523705213,0.));
#5348=DIRECTION('',(0.,0.,-1.));
#5349=DIRECTION('',(-1.,0.,0.));
#5350=DIRECTION('',(0.,0.,1.));
#5351=DIRECTION('',(1.,0.,0.));
#5352=DIRECTION('',(-0.0352819523705215,0.9993773981019,0.));
#5353=DIRECTION('',(-0.999377398101901,-0.0352819523705215,0.));
#5354=DIRECTION('',(0.9993773981019,0.0352819523705215,0.));
#5355=DIRECTION('',(0.,0.,1.));
#5356=DIRECTION('',(1.,0.,0.));
#5357=DIRECTION('',(0.756053417545537,0.654509915752018,0.));
#5358=DIRECTION('',(-0.654509915752018,0.756053417545538,0.));
#5359=DIRECTION('',(0.996399540806328,-0.084781808667533,0.));
#5360=DIRECTION('',(0.084781808667533,0.996399540806328,0.));
#5361=DIRECTION('',(0.,0.,-1.));
#5362=DIRECTION('',(-1.,0.,0.));
#5363=DIRECTION('',(0.,0.,-1.));
#5364=DIRECTION('',(-1.,0.,0.));
#5365=DIRECTION('',(0.,0.,-1.));
#5366=DIRECTION('',(-1.,0.,0.));
#5367=DIRECTION('',(-6.5463265931456E-16,-1.,2.90177570834323E-16));
#5368=DIRECTION('',(0.920731519720128,-4.89514591264292E-16,0.39019670500129));
#5369=DIRECTION('',(0.922198502923166,0.386716848878183,0.));
#5370=DIRECTION('',(-0.386716848878183,0.922198502923166,0.));
#5371=DIRECTION('',(0.386716848878183,-0.922198502923166,0.));
#5372=DIRECTION('',(0.,0.,-1.));
#5373=DIRECTION('',(0.386716848878183,-0.922198502923166,0.));
#5374=DIRECTION('',(0.,0.,-1.));
#5375=DIRECTION('',(0.,0.,-1.));
#5376=DIRECTION('',(-1.,0.,0.));
#5377=DIRECTION('',(0.,0.,1.));
#5378=DIRECTION('',(1.,0.,0.));
#5379=DIRECTION('',(0.,0.,-1.));
#5380=DIRECTION('',(0.,0.,1.));
#5381=DIRECTION('',(1.,0.,0.));
#5382=DIRECTION('',(0.922198502923166,0.386716848878183,0.));
#5383=DIRECTION('',(-0.386716848878183,0.922198502923166,0.));
#5384=DIRECTION('',(0.386716848878183,-0.922198502923166,0.));
#5385=DIRECTION('',(0.,0.,-1.));
#5386=DIRECTION('',(0.386716848878183,-0.922198502923166,0.));
#5387=DIRECTION('',(0.,0.,-1.));
#5388=DIRECTION('',(-1.,0.,0.));
#5389=DIRECTION('',(0.,0.,1.));
#5390=DIRECTION('',(1.,0.,0.));
#5391=DIRECTION('',(0.,0.,1.));
#5392=DIRECTION('',(1.,0.,0.));
#5393=DIRECTION('',(0.,0.,-1.));
#5394=DIRECTION('',(-1.,0.,0.));
#5395=DIRECTION('',(0.,0.,1.));
#5396=DIRECTION('',(1.,0.,0.));
#5397=DIRECTION('',(0.,0.,1.));
#5398=DIRECTION('',(1.,0.,0.));
#5399=DIRECTION('',(0.,0.,-1.));
#5400=DIRECTION('',(-1.,0.,0.));
#5401=DIRECTION('',(0.,0.,1.));
#5402=DIRECTION('',(1.,0.,0.));
#5403=DIRECTION('',(0.,0.,1.));
#5404=DIRECTION('',(1.,0.,0.));
#5405=DIRECTION('',(0.,0.,1.));
#5406=DIRECTION('',(1.,0.,0.));
#5407=DIRECTION('',(0.,0.,1.));
#5408=DIRECTION('',(1.,0.,0.));
#5409=DIRECTION('',(-3.1361039999826E-16,-1.,9.1934540907945E-16));
#5410=DIRECTION('',(0.975798634470265,-5.07054819384913E-16,-0.218671042815382));
#5411=DIRECTION('',(0.,0.,-1.));
#5412=DIRECTION('',(-1.,0.,0.));
#5413=DIRECTION('',(0.,0.,1.));
#5414=DIRECTION('',(1.,0.,0.));
#5415=DIRECTION('',(0.,0.,-1.));
#5416=DIRECTION('',(0.,0.,1.));
#5417=DIRECTION('',(1.,0.,0.));
#5418=DIRECTION('',(0.,0.,-1.));
#5419=DIRECTION('',(-0.74650634931832,-0.665378291220442,0.));
#5420=DIRECTION('',(0.665378291220442,-0.74650634931832,0.));
#5421=DIRECTION('',(-0.665378291220442,0.74650634931832,0.));
#5422=DIRECTION('',(0.,0.,-1.));
#5423=DIRECTION('',(-0.665378291220442,0.74650634931832,0.));
#5424=DIRECTION('',(0.,0.,-1.));
#5425=DIRECTION('',(-0.665378291220442,0.74650634931832,0.));
#5426=DIRECTION('',(0.,0.,-1.));
#5427=DIRECTION('',(-1.,0.,0.));
#5428=DIRECTION('',(0.,0.,1.));
#5429=DIRECTION('',(1.,0.,0.));
#5430=DIRECTION('',(0.,0.,-1.));
#5431=DIRECTION('',(0.,0.,1.));
#5432=DIRECTION('',(1.,0.,0.));
#5433=DIRECTION('',(0.889146237492098,0.4576231728766,0.));
#5434=DIRECTION('',(-0.4576231728766,0.889146237492098,0.));
#5435=DIRECTION('',(0.4576231728766,-0.889146237492098,0.));
#5436=DIRECTION('',(0.,0.,-1.));
#5437=DIRECTION('',(0.4576231728766,-0.889146237492098,0.));
#5438=DIRECTION('',(0.,0.,-1.));
#5439=DIRECTION('',(-1.,0.,0.));
#5440=DIRECTION('',(0.,0.,1.));
#5441=DIRECTION('',(1.,0.,0.));
#5442=DIRECTION('',(0.,0.,1.));
#5443=DIRECTION('',(1.,0.,0.));
#5444=DIRECTION('',(-0.74650634931832,-0.665378291220442,0.));
#5445=DIRECTION('',(0.665378291220442,-0.74650634931832,0.));
#5446=DIRECTION('',(-0.665378291220442,0.74650634931832,0.));
#5447=DIRECTION('',(-0.665378291220442,0.74650634931832,0.));
#5448=DIRECTION('',(-0.665378291220442,0.74650634931832,0.));
#5449=DIRECTION('',(0.,0.,-1.));
#5450=DIRECTION('',(0.,0.,1.));
#5451=DIRECTION('',(1.,0.,0.));
#5452=DIRECTION('',(0.,0.,1.));
#5453=DIRECTION('',(1.,0.,0.));
#5454=DIRECTION('',(0.,0.,1.));
#5455=DIRECTION('',(1.,0.,0.));
#5456=DIRECTION('',(0.,0.,1.));
#5457=DIRECTION('',(1.,0.,0.));
#5458=DIRECTION('',(0.,0.,-1.));
#5459=DIRECTION('',(-1.,0.,0.));
#5460=DIRECTION('',(0.,0.,1.));
#5461=DIRECTION('',(1.,0.,0.));
#5462=DIRECTION('',(0.,0.,-1.));
#5463=DIRECTION('',(-1.,0.,0.));
#5464=DIRECTION('',(0.,0.,1.));
#5465=DIRECTION('',(1.,0.,0.));
#5466=DIRECTION('',(0.,0.,1.));
#5467=DIRECTION('',(1.,0.,0.));
#5468=DIRECTION('',(-7.38406229779177E-16,-1.,7.72692072650234E-16));
#5469=DIRECTION('',(0.999929071043296,-7.47556773117877E-16,-0.0119102007745943));
#5470=DIRECTION('',(-0.874098360040121,0.485748964975914,0.));
#5471=DIRECTION('',(-0.485748964975914,-0.874098360040121,0.));
#5472=DIRECTION('',(0.485748964975914,0.874098360040121,0.));
#5473=DIRECTION('',(0.,0.,-1.));
#5474=DIRECTION('',(0.485748964975914,0.874098360040121,0.));
#5475=DIRECTION('',(0.,0.,-1.));
#5476=DIRECTION('',(0.485748964975914,0.874098360040121,0.));
#5477=DIRECTION('',(0.,0.,-1.));
#5478=DIRECTION('',(0.,0.,-1.));
#5479=DIRECTION('',(-1.,0.,0.));
#5480=DIRECTION('',(0.,0.,1.));
#5481=DIRECTION('',(1.,0.,0.));
#5482=DIRECTION('',(0.,0.,-1.));
#5483=DIRECTION('',(0.,0.,1.));
#5484=DIRECTION('',(1.,0.,0.));
#5485=DIRECTION('',(-0.874098360040121,0.485748964975914,0.));
#5486=DIRECTION('',(-0.485748964975914,-0.874098360040121,0.));
#5487=DIRECTION('',(0.485748964975914,0.874098360040121,0.));
#5488=DIRECTION('',(0.,0.,-1.));
#5489=DIRECTION('',(0.485748964975914,0.874098360040121,0.));
#5490=DIRECTION('',(0.,0.,-1.));
#5491=DIRECTION('',(0.485748964975914,0.874098360040121,0.));
#5492=DIRECTION('',(0.,0.,-1.));
#5493=DIRECTION('',(-1.,0.,0.));
#5494=DIRECTION('',(0.,0.,1.));
#5495=DIRECTION('',(1.,0.,0.));
#5496=DIRECTION('',(0.,0.,1.));
#5497=DIRECTION('',(1.,0.,0.));
#5498=DIRECTION('',(0.,0.,-1.));
#5499=DIRECTION('',(-1.,0.,0.));
#5500=DIRECTION('',(0.,0.,1.));
#5501=DIRECTION('',(1.,0.,0.));
#5502=DIRECTION('',(0.,0.,1.));
#5503=DIRECTION('',(1.,0.,0.));
#5504=DIRECTION('',(0.,0.,1.));
#5505=DIRECTION('',(1.,0.,0.));
#5506=DIRECTION('',(0.,0.,1.));
#5507=DIRECTION('',(1.,0.,0.));
#5508=DIRECTION('',(0.,0.,1.));
#5509=DIRECTION('',(1.,0.,0.));
#5510=DIRECTION('',(0.,0.,1.));
#5511=DIRECTION('',(1.,0.,0.));
#5512=DIRECTION('',(0.,0.,-1.));
#5513=DIRECTION('',(-1.,0.,0.));
#5514=DIRECTION('',(0.,0.,1.));
#5515=DIRECTION('',(1.,0.,0.));
#5516=DIRECTION('',(0.,0.,-1.));
#5517=DIRECTION('',(-1.,0.,0.));
#5518=DIRECTION('',(0.,0.,1.));
#5519=DIRECTION('',(1.,0.,0.));
#5520=DIRECTION('',(0.,0.,1.));
#5521=DIRECTION('',(1.,0.,0.));
#5522=DIRECTION('',(8.7593929228628E-16,1.,-6.21178100921565E-16));
#5523=DIRECTION('',(-0.568248419019303,1.00889190125116E-15,0.822857055801348));
#5524=DIRECTION('',(0.,0.,1.));
#5525=DIRECTION('',(1.,0.,0.));
#5526=DIRECTION('',(1.1105715812998E-15,1.,1.42997638276244E-15));
#5527=DIRECTION('',(-0.927263273713662,4.94394834026964E-16,0.374409964105954));
#5528=DIRECTION('',(0.,0.,1.));
#5529=DIRECTION('',(1.,0.,0.));
#5530=DIRECTION('',(0.,0.,1.));
#5531=DIRECTION('',(1.,0.,0.));
#5532=DIRECTION('',(-0.665378291220442,0.74650634931832,0.));
#5533=DIRECTION('',(0.,0.,1.));
#5534=DIRECTION('',(1.,0.,0.));
#5535=DIRECTION('',(-0.665378291220442,0.74650634931832,0.));
#5536=DIRECTION('',(0.,0.,1.));
#5537=DIRECTION('',(1.,0.,0.));
#5538=DIRECTION('',(-0.74650634931832,-0.665378291220442,0.));
#5539=DIRECTION('',(0.665378291220442,-0.74650634931832,0.));
#5540=DIRECTION('',(0.,0.,-1.));
#5541=DIRECTION('',(-0.665378291220442,0.74650634931832,0.));
#5542=DIRECTION('',(0.,0.,-1.));
#5543=DIRECTION('',(-0.665378291220442,0.74650634931832,0.));
#5544=DIRECTION('',(0.,0.,-1.));
#5545=DIRECTION('',(-0.665378291220442,0.74650634931832,0.));
#5546=DIRECTION('',(0.,0.,-1.));
#5547=DIRECTION('',(0.,0.,-1.));
#5548=DIRECTION('',(-1.,0.,0.));
#5549=DIRECTION('',(0.,0.,1.));
#5550=DIRECTION('',(1.,0.,0.));
#5551=DIRECTION('',(0.,0.,-1.));
#5552=DIRECTION('',(0.,0.,1.));
#5553=DIRECTION('',(1.,0.,0.));
#5554=DIRECTION('',(-0.74650634931832,-0.665378291220442,0.));
#5555=DIRECTION('',(0.665378291220442,-0.74650634931832,0.));
#5556=DIRECTION('',(-0.665378291220442,0.74650634931832,0.));
#5557=DIRECTION('',(0.,0.,-1.));
#5558=DIRECTION('',(0.,0.,-1.));
#5559=DIRECTION('',(-0.665378291220442,0.74650634931832,0.));
#5560=DIRECTION('',(-0.665378291220442,0.74650634931832,0.));
#5561=DIRECTION('',(0.,0.,-1.));
#5562=DIRECTION('',(0.,0.,-1.));
#5563=DIRECTION('',(-1.,0.,0.));
#5564=DIRECTION('',(0.,0.,1.));
#5565=DIRECTION('',(1.,0.,0.));
#5566=DIRECTION('',(0.,0.,-1.));
#5567=DIRECTION('',(-1.,0.,0.));
#5568=DIRECTION('',(0.,0.,1.));
#5569=DIRECTION('',(1.,0.,0.));
#5570=DIRECTION('',(0.,0.,1.));
#5571=DIRECTION('',(1.,0.,0.));
#5572=DIRECTION('',(0.,0.,-1.));
#5573=DIRECTION('',(-1.,0.,0.));
#5574=DIRECTION('',(0.,0.,1.));
#5575=DIRECTION('',(1.,0.,0.));
#5576=DIRECTION('',(0.,0.,1.));
#5577=DIRECTION('',(1.,0.,0.));
#5578=DIRECTION('',(0.,0.,-1.));
#5579=DIRECTION('',(-1.,0.,0.));
#5580=DIRECTION('',(0.,0.,1.));
#5581=DIRECTION('',(1.,0.,0.));
#5582=DIRECTION('',(0.,0.,1.));
#5583=DIRECTION('',(1.,0.,0.));
#5584=DIRECTION('',(0.,0.,1.));
#5585=DIRECTION('',(1.,0.,0.));
#5586=DIRECTION('',(0.,0.,1.));
#5587=DIRECTION('',(1.,0.,0.));
#5588=DIRECTION('',(0.,0.,1.));
#5589=DIRECTION('',(1.,0.,0.));
#5590=DIRECTION('',(0.,0.,-1.));
#5591=DIRECTION('',(-1.,0.,0.));
#5592=DIRECTION('',(-5.83374948316552E-16,-1.,9.20405678384793E-17));
#5593=DIRECTION('',(0.123671558902676,-1.63480880658962E-16,-0.992323206177595));
#5594=DIRECTION('',(3.92893867286826E-16,1.,2.7185138850067E-16));
#5595=DIRECTION('',(-0.979348687676373,4.39742600674727E-16,-0.202178505154641));
#5596=DIRECTION('',(5.66719423291065E-16,1.,-3.52757939123451E-16));
#5597=DIRECTION('',(-0.927263273713667,6.57574195043292E-16,0.374409964105941));
#5598=DIRECTION('',(1.11110270044046E-15,1.,1.24551559854955E-15));
#5599=DIRECTION('',(-0.979348687676375,1.33997345341157E-15,-0.202178505154633));
#5600=DIRECTION('',(0.,0.,-1.));
#5601=DIRECTION('',(-1.,0.,0.));
#5602=DIRECTION('',(0.,0.,-1.));
#5603=DIRECTION('',(0.,0.,1.));
#5604=DIRECTION('',(1.,0.,0.));
#5605=DIRECTION('',(0.,0.,-1.));
#5606=DIRECTION('',(0.,0.,1.));
#5607=DIRECTION('',(1.,0.,0.));
#5608=DIRECTION('',(-0.874098360040121,0.485748964975914,0.));
#5609=DIRECTION('',(-0.485748964975914,-0.874098360040121,0.));
#5610=DIRECTION('',(0.485748964975914,0.874098360040121,0.));
#5611=DIRECTION('',(0.,0.,-1.));
#5612=DIRECTION('',(0.485748964975914,0.874098360040121,0.));
#5613=DIRECTION('',(0.,0.,-1.));
#5614=DIRECTION('',(0.485748964975914,0.874098360040121,0.));
#5615=DIRECTION('',(0.,0.,-1.));
#5616=DIRECTION('',(0.485748964975914,0.874098360040121,0.));
#5617=DIRECTION('',(0.,0.,-1.));
#5618=DIRECTION('',(-1.,0.,0.));
#5619=DIRECTION('',(0.,0.,1.));
#5620=DIRECTION('',(1.,0.,0.));
#5621=DIRECTION('',(0.,0.,-1.));
#5622=DIRECTION('',(0.,0.,1.));
#5623=DIRECTION('',(1.,0.,0.));
#5624=DIRECTION('',(-0.874098360040121,0.485748964975914,0.));
#5625=DIRECTION('',(-0.485748964975914,-0.874098360040121,0.));
#5626=DIRECTION('',(0.485748964975914,0.874098360040121,0.));
#5627=DIRECTION('',(0.485748964975914,0.874098360040121,0.));
#5628=DIRECTION('',(0.,0.,-1.));
#5629=DIRECTION('',(0.485748964975914,0.874098360040121,0.));
#5630=DIRECTION('',(0.,0.,-1.));
#5631=DIRECTION('',(0.485748964975914,0.874098360040121,0.));
#5632=DIRECTION('',(0.,0.,-1.));
#5633=DIRECTION('',(-1.,0.,0.));
#5634=DIRECTION('',(0.,0.,1.));
#5635=DIRECTION('',(1.,0.,0.));
#5636=DIRECTION('',(0.,0.,1.));
#5637=DIRECTION('',(1.,0.,0.));
#5638=DIRECTION('',(0.,0.,-1.));
#5639=DIRECTION('',(-1.,0.,0.));
#5640=DIRECTION('',(0.,0.,1.));
#5641=DIRECTION('',(1.,0.,0.));
#5642=DIRECTION('',(0.,0.,1.));
#5643=DIRECTION('',(1.,0.,0.));
#5644=DIRECTION('',(0.,0.,1.));
#5645=DIRECTION('',(1.,0.,0.));
#5646=DIRECTION('',(0.,0.,1.));
#5647=DIRECTION('',(1.,0.,0.));
#5648=DIRECTION('',(0.,0.,-1.));
#5649=DIRECTION('',(-1.,0.,0.));
#5650=DIRECTION('',(0.,0.,1.));
#5651=DIRECTION('',(1.,0.,0.));
#5652=DIRECTION('',(0.,0.,1.));
#5653=DIRECTION('',(1.,0.,0.));
#5654=DIRECTION('',(0.,0.,-1.));
#5655=DIRECTION('',(-1.,0.,0.));
#5656=DIRECTION('',(0.,0.,1.));
#5657=DIRECTION('',(1.,0.,0.));
#5658=DIRECTION('',(0.,0.,1.));
#5659=DIRECTION('',(1.,0.,0.));
#5660=DIRECTION('',(0.,0.,1.));
#5661=DIRECTION('',(1.,0.,0.));
#5662=DIRECTION('',(0.,0.,1.));
#5663=DIRECTION('',(1.,0.,0.));
#5664=DIRECTION('',(-8.25275712331111E-16,1.,1.8628004361167E-15));
#5665=DIRECTION('',(-0.998503876934817,-9.25900720563551E-16,0.0546809632883358));
#5666=DIRECTION('',(0.,0.,1.));
#5667=DIRECTION('',(1.,0.,0.));
#5668=DIRECTION('',(0.,0.,1.));
#5669=DIRECTION('',(1.,0.,0.));
#5670=DIRECTION('',(1.,1.55218636003651E-16,0.));
#5671=DIRECTION('',(-1.55218636003651E-16,1.,0.));
#5672=DIRECTION('',(1.55218636003651E-16,-1.,0.));
#5673=DIRECTION('',(0.,0.,-1.));
#5674=DIRECTION('',(1.55218636003651E-16,-1.,0.));
#5675=DIRECTION('',(0.,0.,-1.));
#5676=DIRECTION('',(0.,0.,-1.));
#5677=DIRECTION('',(-1.,0.,0.));
#5678=DIRECTION('',(0.,0.,1.));
#5679=DIRECTION('',(1.,0.,0.));
#5680=DIRECTION('',(0.,0.,-1.));
#5681=DIRECTION('',(0.,0.,1.));
#5682=DIRECTION('',(1.,0.,0.));
#5683=DIRECTION('',(-1.,0.,0.));
#5684=DIRECTION('',(0.,0.,1.));
#5685=DIRECTION('',(0.,1.,0.));
#5686=DIRECTION('',(0.,0.,-1.));
#5687=DIRECTION('',(0.,1.,0.));
#5688=DIRECTION('',(0.,0.,-1.));
#5689=DIRECTION('',(-1.,0.,0.));
#5690=DIRECTION('',(0.,0.,1.));
#5691=DIRECTION('',(1.,0.,0.));
#5692=DIRECTION('',(0.,0.,1.));
#5693=DIRECTION('',(1.,0.,0.));
#5694=DIRECTION('',(0.,0.,-1.));
#5695=DIRECTION('',(-1.,0.,0.));
#5696=DIRECTION('',(0.,0.,1.));
#5697=DIRECTION('',(1.,0.,0.));
#5698=DIRECTION('',(0.,0.,1.));
#5699=DIRECTION('',(1.,0.,0.));
#5700=DIRECTION('',(0.,0.,1.));
#5701=DIRECTION('',(1.,0.,0.));
#5702=DIRECTION('',(0.,0.,1.));
#5703=DIRECTION('',(1.,0.,0.));
#5704=DIRECTION('',(0.,0.,1.));
#5705=DIRECTION('',(1.,0.,0.));
#5706=DIRECTION('',(0.,0.,1.));
#5707=DIRECTION('',(1.,0.,0.));
#5708=DIRECTION('',(0.,0.,1.));
#5709=DIRECTION('',(1.,0.,0.));
#5710=DIRECTION('',(0.,0.,1.));
#5711=DIRECTION('',(1.,0.,0.));
#5712=DIRECTION('',(0.,0.,1.));
#5713=DIRECTION('',(1.,0.,0.));
#5714=DIRECTION('',(-0.5,0.866025403784439,0.));
#5715=DIRECTION('',(0.5,0.866025403784439,0.));
#5716=DIRECTION('',(1.,0.,0.));
#5717=DIRECTION('',(0.5,-0.866025403784439,0.));
#5718=DIRECTION('',(-0.5,-0.866025403784439,0.));
#5719=DIRECTION('',(-1.,-3.00462919747432E-16,0.));
#5720=DIRECTION('',(0.866025403784438,0.5,0.));
#5721=DIRECTION('',(-0.5,0.866025403784439,0.));
#5722=DIRECTION('',(0.,0.,1.));
#5723=DIRECTION('',(-0.5,0.866025403784439,0.));
#5724=DIRECTION('',(0.,0.,1.));
#5725=DIRECTION('',(-3.00462919747432E-16,1.,0.));
#5726=DIRECTION('',(-1.,-3.00462919747432E-16,0.));
#5727=DIRECTION('',(0.,0.,1.));
#5728=DIRECTION('',(-1.,-3.00462919747432E-16,0.));
#5729=DIRECTION('',(-0.866025403784439,0.5,0.));
#5730=DIRECTION('',(-0.5,-0.866025403784439,0.));
#5731=DIRECTION('',(0.,0.,1.));
#5732=DIRECTION('',(-0.5,-0.866025403784439,0.));
#5733=DIRECTION('',(-0.866025403784438,-0.5,0.));
#5734=DIRECTION('',(0.5,-0.866025403784439,0.));
#5735=DIRECTION('',(0.,0.,1.));
#5736=DIRECTION('',(0.5,-0.866025403784439,0.));
#5737=DIRECTION('',(0.,-1.,0.));
#5738=DIRECTION('',(0.,0.,-1.));
#5739=DIRECTION('',(0.,0.,1.));
#5740=DIRECTION('',(1.,0.,0.));
#5741=DIRECTION('',(0.866025403784438,-0.5,0.));
#5742=DIRECTION('',(0.5,0.866025403784439,0.));
#5743=DIRECTION('',(0.5,0.866025403784439,0.));
#5744=DIRECTION('',(0.,0.,1.));
#5745=DIRECTION('',(1.,0.,0.));
#5746=DIRECTION('',(6.67245352843095E-16,1.,5.81412299575014E-17));
#5747=DIRECTION('',(-0.999872014497822,6.68090132343061E-16,-0.0159985819392873));
#5748=DIRECTION('',(-7.56723987667814E-16,-1.,9.30381190388631E-17));
#5749=DIRECTION('',(0.999872014497822,-7.55138659997321E-16,0.0159985819392882));
#5750=DIRECTION('',(0.,0.,1.));
#5751=DIRECTION('',(1.,0.,0.));
#5752=DIRECTION('',(0.,0.,1.));
#5753=DIRECTION('',(1.,0.,0.));
#5754=DIRECTION('',(-0.999872014497822,1.05749443423424E-15,-0.0159985819392857));
#5755=DIRECTION('',(-0.0159985819392857,7.12225182093627E-17,0.999872014497822));
#5756=DIRECTION('',(-2.45723168861978E-16,-1.,-2.12862591414608E-16));
#5757=DIRECTION('',(1.,-2.45723168861979E-16,2.35922392732846E-16));
#5758=DIRECTION('',(-2.45723168861977E-16,-1.,2.44087613982191E-16));
#5759=DIRECTION('',(1.,-2.45723168861977E-16,2.22044604925032E-16));
#5760=DIRECTION('',(1.82902018770447E-15,1.,-1.16556884180247E-15));
#5761=DIRECTION('',(-0.999872014497822,1.81013865101579E-15,-0.0159985819392879));
#5762=DIRECTION('',(-1.78315120811581E-15,-1.,1.09417770517319E-15));
#5763=DIRECTION('',(0.999872014497822,-1.76541769894062E-15,0.0159985819392878));
#5764=DIRECTION('',(0.,0.,1.));
#5765=DIRECTION('',(1.,0.,0.));
#5766=DIRECTION('',(3.22673215553167E-15,1.,-2.47433547542161E-15));
#5767=DIRECTION('',(-0.998503876934815,3.35720361442326E-15,0.0546809632883756));
#5768=DIRECTION('',(-1.88493781889293E-15,-1.,1.32655559878454E-15));
#5769=DIRECTION('',(0.123671558902685,-1.54948510345583E-15,-0.992323206177594));
#5770=DIRECTION('',(1.61378408072521E-15,1.,-1.15839843441694E-15));
#5771=DIRECTION('',(-0.927263273713664,1.93011862601069E-15,0.374409964105949));
#5772=DIRECTION('',(3.38152019476386E-15,1.,-2.19263736850513E-15));
#5773=DIRECTION('',(-0.927263273713661,3.95650476436498E-15,0.374409964105956));
#5774=DIRECTION('',(3.11197195033328E-15,1.,-2.76220103548321E-15));
#5775=DIRECTION('',(-0.979348687676381,2.4892479693541E-15,-0.202178505154607));
#5776=DIRECTION('',(1.6813929443022E-15,1.,-1.47811873386893E-15));
#5777=DIRECTION('',(-0.979348687676383,1.34782613741606E-15,-0.202178505154595));
#5778=DIRECTION('',(0.,0.,1.));
#5779=DIRECTION('',(1.,0.,0.));
#5780=DIRECTION('',(1.84050073088782E-15,1.,-1.28864326400103E-15));
#5781=DIRECTION('',(-0.568248419019287,2.10623083272499E-15,0.822857055801359));
#5782=DIRECTION('',(-1.78907335159181E-16,-1.,5.36030951330941E-16));
#5783=DIRECTION('',(0.920731519720098,4.44318883978913E-17,0.39019670500136));
#5784=DIRECTION('',(-4.7629531628273E-16,-1.,-5.13584893695289E-17));
#5785=DIRECTION('',(0.975798634470262,-4.53537704805411E-16,-0.218671042815396));
#5786=DIRECTION('',(-4.17749238057549E-16,-1.,-1.45178568543799E-16));
#5787=DIRECTION('',(0.975798634470265,-3.75892787069633E-16,-0.218671042815381));
#5788=DIRECTION('',(-1.83128769545896E-15,-1.,1.41875973311934E-15));
#5789=DIRECTION('',(0.920731519720114,-1.13252892983295E-15,0.390196705001322));
#5790=DIRECTION('',(-1.60079365837751E-15,-1.,5.61744779143727E-16));
#5791=DIRECTION('',(0.999929071043297,-1.60737060885708E-15,-0.0119102007745526));
#5792=DIRECTION('',(0.,0.,1.));
#5793=DIRECTION('',(1.,0.,0.));
#5794=DIRECTION('',(0.,0.,1.));
#5795=DIRECTION('',(1.,0.,0.));
#5796=DIRECTION('',(0.,0.,1.));
#5797=DIRECTION('',(1.,0.,0.));
#5798=DIRECTION('',(0.486080828864962,-8.49042514455719E-17,0.873913856057879));
#5799=DIRECTION('',(0.873913856057879,-7.11503279644231E-16,-0.486080828864962));
#5800=DIRECTION('',(-5.51518382144265E-16,-1.,2.15105711021124E-16));
#5801=DIRECTION('',(1.,-5.51518382144265E-16,3.56702514747727E-17));
#5802=DIRECTION('',(3.12250228046415E-16,-1.,6.43911433387993E-16));
#5803=DIRECTION('',(1.,3.12250228046415E-16,-6.93889390390704E-17));
#5804=DIRECTION('',(7.51515792598267E-16,1.,-3.14072700635453E-16));
#5805=DIRECTION('',(-0.673009145066069,2.73478102962839E-16,-0.739634160012529));
#5806=DIRECTION('',(-4.46466335862455E-16,-1.,1.5029817732827E-16));
#5807=DIRECTION('',(0.851364165937231,-4.58948124120664E-16,-0.52457512041461));
#5808=DIRECTION('',(5.62427201648624E-16,1.,-1.77774614842944E-16));
#5809=DIRECTION('',(-0.498880195766033,1.2651169662328E-16,-0.866670958479886));
#5810=DIRECTION('',(5.12632717248735E-16,1.,-1.64250834531072E-16));
#5811=DIRECTION('',(-0.832697635202923,3.35917772642191E-16,-0.553727955161612));
#5812=DIRECTION('',(1.36149910262609E-15,1.,-6.28451525047892E-16));
#5813=DIRECTION('',(-0.832697635202923,7.8572590520468E-16,-0.553727955161612));
#5814=DIRECTION('',(5.26332865218191E-16,1.,8.3356165279258E-16));
#5815=DIRECTION('',(-0.49888019576602,9.85000719415971E-16,-0.866670958479894));
#5816=DIRECTION('',(0.,0.,1.));
#5817=DIRECTION('',(1.,0.,0.));
#5818=DIRECTION('',(-7.48217065710513E-16,-1.,9.65068031377182E-16));
#5819=DIRECTION('',(0.71598557350172,-1.20944116641287E-15,-0.698115075426261));
#5820=DIRECTION('',(-4.82897333960287E-16,-1.,2.45837422275711E-16));
#5821=DIRECTION('',(0.715985573501762,-5.17370335192623E-16,-0.698115075426218));
#5822=DIRECTION('',(5.82291755749665E-16,-1.,1.84308715632001E-15));
#5823=DIRECTION('',(0.995591503904079,4.06851821379461E-16,-0.0937952949460407));
#5824=DIRECTION('',(6.08681551170781E-16,-1.,-1.63070989293459E-16));
#5825=DIRECTION('',(0.995591503904077,6.2129347246671E-16,-0.0937952949460573));
#5826=DIRECTION('',(6.32098076911511E-16,1.,-7.00409751815343E-18));
#5827=DIRECTION('',(-0.0132142073718326,1.53561610478893E-17,0.999912688550122));
#5828=DIRECTION('',(-9.09199889777438E-16,-1.,1.7946246818038E-16));
#5829=DIRECTION('',(0.976722361124779,-9.26531892459076E-16,-0.21450741077836));
#5830=DIRECTION('',(0.,0.,1.));
#5831=DIRECTION('',(1.,0.,0.));
#5832=DIRECTION('',(0.,0.,1.));
#5833=DIRECTION('',(1.,0.,0.));
#5834=DIRECTION('',(6.6234040942158E-16,1.,-2.59668073532494E-16));
#5835=DIRECTION('',(0.486080828864961,-9.50234477664964E-17,0.87391385605788));
#5836=DIRECTION('',(-7.96114664405401E-16,-1.,5.78125642147017E-16));
#5837=DIRECTION('',(-0.486080828864963,-1.18255933268908E-16,-0.873913856057879));
#5838=DIRECTION('',(0.,0.,1.));
#5839=DIRECTION('',(1.,0.,0.));
#5840=DIRECTION('',(0.,0.,1.));
#5841=DIRECTION('',(1.,0.,0.));
#5842=CARTESIAN_POINT('',(0.,0.,0.));
#5843=CARTESIAN_POINT('',(0.003175,-0.078,2.16840434497101E-19));
#5844=CARTESIAN_POINT('',(0.003175,0.,2.16840434497101E-19));
#5845=CARTESIAN_POINT('',(0.003175,0.,0.003175));
#5846=CARTESIAN_POINT('',(0.003175,0.,-0.003175));
#5847=CARTESIAN_POINT('',(0.003175,-0.078,0.003175));
#5848=CARTESIAN_POINT('',(0.003175,-0.078,0.003175));
#5849=CARTESIAN_POINT('',(0.003175,-0.078,2.16840434497101E-19));
#5850=CARTESIAN_POINT('',(0.003175,-0.078,-0.003175));
#5851=CARTESIAN_POINT('',(0.003175,-0.078,-0.003175));
#5852=CARTESIAN_POINT('',(2.16840434497101E-19,-0.078,0.003175));
#5853=CARTESIAN_POINT('',(2.16840434497101E-19,0.,0.003175));
#5854=CARTESIAN_POINT('',(-0.003175,0.,0.003175));
#5855=CARTESIAN_POINT('',(-0.003175,-0.078,0.003175));
#5856=CARTESIAN_POINT('',(-0.003175,-0.078,0.003175));
#5857=CARTESIAN_POINT('',(2.16840434497101E-19,-0.078,0.003175));
#5858=CARTESIAN_POINT('',(-0.003175,-0.078,-2.16840434497101E-19));
#5859=CARTESIAN_POINT('',(-0.003175,0.,-2.16840434497101E-19));
#5860=CARTESIAN_POINT('',(-0.003175,0.,-0.003175));
#5861=CARTESIAN_POINT('',(-0.003175,-0.078,-0.003175));
#5862=CARTESIAN_POINT('',(-0.003175,-0.078,-0.003175));
#5863=CARTESIAN_POINT('',(-0.003175,-0.078,-2.16840434497101E-19));
#5864=CARTESIAN_POINT('',(-4.33680868994202E-19,-0.078,-0.003175));
#5865=CARTESIAN_POINT('',(-4.33680868994202E-19,0.,-0.003175));
#5866=CARTESIAN_POINT('',(-4.33680868994202E-19,-0.078,-0.003175));
#5867=CARTESIAN_POINT('',(0.,-0.078,0.));
#5868=CARTESIAN_POINT('',(0.,0.,0.));
#5869=CARTESIAN_POINT('',(0.,-0.078,0.));
#5870=CARTESIAN_POINT('',(0.,-0.016,0.));
#5871=CARTESIAN_POINT('',(0.,-0.016,2.4492935982947E-19));
#5872=CARTESIAN_POINT('',(0.,-0.016,-0.004));
#5873=CARTESIAN_POINT('',(0.,-0.016,0.00235));
#5874=CARTESIAN_POINT('',(-0.00135677313259562,-0.016,0.00235));
#5875=CARTESIAN_POINT('',(0.00135677313259562,-0.016,0.00235));
#5876=CARTESIAN_POINT('',(0.00203515969889343,-0.016,0.001175));
#5877=CARTESIAN_POINT('',(0.00271354626519124,-0.016,1.3010426069826E-18));
#5878=CARTESIAN_POINT('',(0.00203515969889343,-0.016,-0.001175));
#5879=CARTESIAN_POINT('',(0.00135677313259562,-0.016,-0.00235));
#5880=CARTESIAN_POINT('',(0.,-0.016,-0.00235));
#5881=CARTESIAN_POINT('',(-0.00135677313259562,-0.016,-0.00235));
#5882=CARTESIAN_POINT('',(-0.00203515969889343,-0.016,-0.001175));
#5883=CARTESIAN_POINT('',(-0.00271354626519124,-0.016,1.95156391047391E-18));
#5884=CARTESIAN_POINT('',(-0.00203515969889343,-0.016,0.001175));
#5885=CARTESIAN_POINT('',(0.,-0.016,2.4492935982947E-19));
#5886=CARTESIAN_POINT('',(0.,0.,2.4492935982947E-19));
#5887=CARTESIAN_POINT('',(0.,0.,-0.004));
#5888=CARTESIAN_POINT('',(0.,0.,0.));
#5889=CARTESIAN_POINT('',(0.,0.,0.00235));
#5890=CARTESIAN_POINT('',(0.00135677313259562,0.,0.00235));
#5891=CARTESIAN_POINT('',(-0.00135677313259562,0.,0.00235));
#5892=CARTESIAN_POINT('',(-0.00203515969889343,0.,0.001175));
#5893=CARTESIAN_POINT('',(-0.00271354626519124,0.,4.33680868994202E-19));
#5894=CARTESIAN_POINT('',(-0.00203515969889343,0.,-0.001175));
#5895=CARTESIAN_POINT('',(-0.00135677313259562,0.,-0.00235));
#5896=CARTESIAN_POINT('',(0.,0.,-0.00235));
#5897=CARTESIAN_POINT('',(0.00135677313259562,0.,-0.00235));
#5898=CARTESIAN_POINT('',(0.00203515969889343,0.,-0.001175));
#5899=CARTESIAN_POINT('',(0.00271354626519124,0.,1.51788304147971E-18));
#5900=CARTESIAN_POINT('',(0.00203515969889343,0.,0.001175));
#5901=CARTESIAN_POINT('',(-0.00203515969889343,-0.0015,0.001175));
#5902=CARTESIAN_POINT('',(-0.00135677313259562,-0.0015,0.00235));
#5903=CARTESIAN_POINT('',(-0.00135677313259562,0.0015,0.00235));
#5904=CARTESIAN_POINT('',(-0.00203515969889343,0.0015,0.001175));
#5905=CARTESIAN_POINT('',(-0.00271354626519124,0.0015,4.33680868994202E-19));
#5906=CARTESIAN_POINT('',(-0.00271354626519124,-0.0015,4.33680868994202E-19));
#5907=CARTESIAN_POINT('',(0.,-0.0015,0.00235));
#5908=CARTESIAN_POINT('',(0.00135677313259562,-0.0015,0.00235));
#5909=CARTESIAN_POINT('',(0.00135677313259562,0.0015,0.00235));
#5910=CARTESIAN_POINT('',(0.,0.0015,0.00235));
#5911=CARTESIAN_POINT('',(0.00203515969889343,-0.0015,0.001175));
#5912=CARTESIAN_POINT('',(0.00271354626519124,-0.0015,1.51788304147971E-18));
#5913=CARTESIAN_POINT('',(0.00271354626519124,0.0015,1.51788304147971E-18));
#5914=CARTESIAN_POINT('',(0.00203515969889343,0.0015,0.001175));
#5915=CARTESIAN_POINT('',(0.00203515969889343,-0.0015,-0.001175));
#5916=CARTESIAN_POINT('',(0.00135677313259562,-0.0015,-0.00235));
#5917=CARTESIAN_POINT('',(0.00135677313259562,0.0015,-0.00235));
#5918=CARTESIAN_POINT('',(0.00203515969889343,0.0015,-0.001175));
#5919=CARTESIAN_POINT('',(2.16840434497101E-19,-0.0015,-0.00235));
#5920=CARTESIAN_POINT('',(-0.00135677313259562,-0.0015,-0.00235));
#5921=CARTESIAN_POINT('',(-0.00135677313259562,0.0015,-0.00235));
#5922=CARTESIAN_POINT('',(2.16840434497101E-19,0.0015,-0.00235));
#5923=CARTESIAN_POINT('',(-0.00203515969889343,-0.0015,-0.001175));
#5924=CARTESIAN_POINT('',(-0.00203515969889343,0.0015,-0.001175));
#5925=CARTESIAN_POINT('',(0.,0.0015,0.));
#5926=CARTESIAN_POINT('',(0.00203515969889343,-0.0175,0.001175));
#5927=CARTESIAN_POINT('',(0.00135677313259562,-0.0175,0.00235));
#5928=CARTESIAN_POINT('',(0.00135677313259562,-0.0175,0.00235));
#5929=CARTESIAN_POINT('',(0.00203515969889343,-0.0175,0.001175));
#5930=CARTESIAN_POINT('',(0.00271354626519124,-0.0175,1.3010426069826E-18));
#5931=CARTESIAN_POINT('',(0.00271354626519124,-0.0175,1.3010426069826E-18));
#5932=CARTESIAN_POINT('',(0.,-0.0175,0.00235));
#5933=CARTESIAN_POINT('',(-0.00135677313259562,-0.0175,0.00235));
#5934=CARTESIAN_POINT('',(-0.00135677313259562,-0.0175,0.00235));
#5935=CARTESIAN_POINT('',(0.,-0.0175,0.00235));
#5936=CARTESIAN_POINT('',(-0.00203515969889343,-0.0175,0.001175));
#5937=CARTESIAN_POINT('',(-0.00271354626519124,-0.0175,1.95156391047391E-18));
#5938=CARTESIAN_POINT('',(-0.00271354626519124,-0.0175,1.95156391047391E-18));
#5939=CARTESIAN_POINT('',(-0.00203515969889343,-0.0175,0.001175));
#5940=CARTESIAN_POINT('',(-0.00203515969889343,-0.0175,-0.001175));
#5941=CARTESIAN_POINT('',(-0.00135677313259562,-0.0175,-0.00235));
#5942=CARTESIAN_POINT('',(-0.00135677313259562,-0.0175,-0.00235));
#5943=CARTESIAN_POINT('',(-0.00203515969889343,-0.0175,-0.001175));
#5944=CARTESIAN_POINT('',(-2.16840434497101E-19,-0.0175,-0.00235));
#5945=CARTESIAN_POINT('',(0.00135677313259562,-0.0175,-0.00235));
#5946=CARTESIAN_POINT('',(0.00135677313259562,-0.0175,-0.00235));
#5947=CARTESIAN_POINT('',(-2.16840434497101E-19,-0.0175,-0.00235));
#5948=CARTESIAN_POINT('',(0.00203515969889343,-0.0175,-0.001175));
#5949=CARTESIAN_POINT('',(0.00203515969889343,-0.0175,-0.001175));
#5950=CARTESIAN_POINT('',(0.,-0.0175,0.));
#5951=CARTESIAN_POINT('',(0.0382124182583395,0.00149999999999992,-0.0760212784858198));
#5952=CARTESIAN_POINT('',(0.,0.,0.));
#5953=CARTESIAN_POINT('',(0.,0.,0.007));
#5954=CARTESIAN_POINT('',(-0.004,0.,0.007));
#5955=CARTESIAN_POINT('',(0.,0.,0.));
#5956=CARTESIAN_POINT('',(-0.004,0.,0.));
#5957=CARTESIAN_POINT('',(0.00475,0.,0.));
#5958=CARTESIAN_POINT('',(0.,0.,0.));
#5959=CARTESIAN_POINT('',(-0.0055,0.,0.));
#5960=CARTESIAN_POINT('',(0.,0.,0.));
#5961=CARTESIAN_POINT('',(0.,0.,0.0002));
#5962=CARTESIAN_POINT('',(-0.0055,0.,0.0002));
#5963=CARTESIAN_POINT('',(0.0075,0.,0.0002));
#5964=CARTESIAN_POINT('',(0.,0.,0.0002));
#5965=CARTESIAN_POINT('',(-0.0095,0.,0.0002));
#5966=CARTESIAN_POINT('',(0.,0.,0.));
#5967=CARTESIAN_POINT('',(0.,0.,-5.96311194867027E-19));
#5968=CARTESIAN_POINT('',(-0.0095,0.,-5.96311194867027E-19));
#5969=CARTESIAN_POINT('',(0.01025,0.,-2.98155597433513E-19));
#5970=CARTESIAN_POINT('',(0.,0.,0.));
#5971=CARTESIAN_POINT('',(-0.011,0.,0.));
#5972=CARTESIAN_POINT('',(0.,0.,0.));
#5973=CARTESIAN_POINT('',(0.,0.,0.007));
#5974=CARTESIAN_POINT('',(-0.011,0.,0.007));
#5975=CARTESIAN_POINT('',(0.01025,0.,0.007));
#5976=CARTESIAN_POINT('',(0.,0.,0.007));
#5977=CARTESIAN_POINT('',(-0.0095,0.,0.007));
#5978=CARTESIAN_POINT('',(0.,0.,0.));
#5979=CARTESIAN_POINT('',(0.,0.,0.0068));
#5980=CARTESIAN_POINT('',(-0.0095,0.,0.0068));
#5981=CARTESIAN_POINT('',(0.0075,0.,0.0068));
#5982=CARTESIAN_POINT('',(0.,0.,0.0068));
#5983=CARTESIAN_POINT('',(-0.0055,0.,0.0068));
#5984=CARTESIAN_POINT('',(0.,0.,0.));
#5985=CARTESIAN_POINT('',(0.,0.,0.007));
#5986=CARTESIAN_POINT('',(-0.0055,0.,0.007));
#5987=CARTESIAN_POINT('',(0.00475,0.,0.007));
#5988=CARTESIAN_POINT('',(0.0382124182583395,-0.00299999999999995,-0.0760212784858198));
#5989=CARTESIAN_POINT('',(-3.46944695195361E-18,6.88863824520385E-19,0.013));
#5990=CARTESIAN_POINT('',(-3.46944695195361E-18,6.88863824520385E-19,0.003));
#5991=CARTESIAN_POINT('',(0.01125,6.88863824520385E-19,0.003));
#5992=CARTESIAN_POINT('',(-3.46944695195361E-18,6.88863824520385E-19,0.01));
#5993=CARTESIAN_POINT('',(0.01125,6.88863824520385E-19,0.01));
#5994=CARTESIAN_POINT('',(0.020701,0.058166,0.013));
#5995=CARTESIAN_POINT('',(0.020701,0.058166,0.));
#5996=CARTESIAN_POINT('',(0.035941,0.058166,0.));
#5997=CARTESIAN_POINT('',(0.020701,0.073406,0.));
#5998=CARTESIAN_POINT('',(0.035941,0.058166,0.013));
#5999=CARTESIAN_POINT('',(0.035941,0.058166,0.013));
#6000=CARTESIAN_POINT('',(0.020701,0.058166,0.013));
#6001=CARTESIAN_POINT('',(0.020701,0.073406,0.013));
#6002=CARTESIAN_POINT('',(0.020701,0.073406,0.013));
#6003=CARTESIAN_POINT('',(0.035941,0.0514979327916656,0.013));
#6004=CARTESIAN_POINT('',(0.035941,0.0514979327916656,0.));
#6005=CARTESIAN_POINT('',(0.035941,0.0448298655833312,0.));
#6006=CARTESIAN_POINT('',(0.035941,0.0448298655833312,0.013));
#6007=CARTESIAN_POINT('',(0.035941,0.0448298655833312,0.013));
#6008=CARTESIAN_POINT('',(0.035941,0.0514979327916656,0.013));
#6009=CARTESIAN_POINT('',(0.020701,0.0448298655833312,0.013));
#6010=CARTESIAN_POINT('',(0.020701,0.0448298655833312,0.));
#6011=CARTESIAN_POINT('',(0.0273806687933526,0.0311317042172532,0.));
#6012=CARTESIAN_POINT('',(0.0273806687933526,0.0311317042172532,0.013));
#6013=CARTESIAN_POINT('',(0.0273806687933526,0.0311317042172532,0.013));
#6014=CARTESIAN_POINT('',(0.020701,0.0448298655833312,0.013));
#6015=CARTESIAN_POINT('',(0.0170301687933526,0.0260844639345677,0.013));
#6016=CARTESIAN_POINT('',(0.0170301687933526,0.0260844639345677,0.));
#6017=CARTESIAN_POINT('',(0.00667966879335252,0.0210372236518821,0.));
#6018=CARTESIAN_POINT('',(0.00667966879335252,0.0210372236518821,0.013));
#6019=CARTESIAN_POINT('',(0.00667966879335252,0.0210372236518821,0.013));
#6020=CARTESIAN_POINT('',(0.0170301687933526,0.0260844639345677,0.013));
#6021=CARTESIAN_POINT('',(-1.7347234759768E-18,0.0347353850179602,0.013));
#6022=CARTESIAN_POINT('',(-1.7347234759768E-18,0.0347353850179602,0.));
#6023=CARTESIAN_POINT('',(-0.00667966879335251,0.0210372236518821,0.));
#6024=CARTESIAN_POINT('',(-0.00667966879335251,0.0210372236518821,0.013));
#6025=CARTESIAN_POINT('',(-0.00667966879335251,0.0210372236518821,0.013));
#6026=CARTESIAN_POINT('',(-1.7347234759768E-18,0.0347353850179602,0.013));
#6027=CARTESIAN_POINT('',(-0.0170301687933525,0.0260844639345677,0.013));
#6028=CARTESIAN_POINT('',(-0.0170301687933525,0.0260844639345677,0.));
#6029=CARTESIAN_POINT('',(-0.0273806687933525,0.0311317042172532,0.));
#6030=CARTESIAN_POINT('',(-0.0273806687933525,0.0311317042172532,0.013));
#6031=CARTESIAN_POINT('',(-0.0273806687933525,0.0311317042172532,0.013));
#6032=CARTESIAN_POINT('',(-0.0170301687933525,0.0260844639345677,0.013));
#6033=CARTESIAN_POINT('',(-0.020701,0.0448298655833312,0.013));
#6034=CARTESIAN_POINT('',(-0.020701,0.0448298655833312,0.));
#6035=CARTESIAN_POINT('',(-0.035941,0.0448298655833312,0.));
#6036=CARTESIAN_POINT('',(-0.035941,0.0448298655833312,0.013));
#6037=CARTESIAN_POINT('',(-0.035941,0.0448298655833312,0.013));
#6038=CARTESIAN_POINT('',(-0.020701,0.0448298655833312,0.013));
#6039=CARTESIAN_POINT('',(-0.035941,0.0514979327916656,0.013));
#6040=CARTESIAN_POINT('',(-0.035941,0.0514979327916656,0.));
#6041=CARTESIAN_POINT('',(-0.035941,0.058166,0.));
#6042=CARTESIAN_POINT('',(-0.035941,0.058166,0.013));
#6043=CARTESIAN_POINT('',(-0.035941,0.058166,0.013));
#6044=CARTESIAN_POINT('',(-0.035941,0.0514979327916656,0.013));
#6045=CARTESIAN_POINT('',(-0.020701,0.058166,0.013));
#6046=CARTESIAN_POINT('',(-0.020701,0.058166,0.));
#6047=CARTESIAN_POINT('',(-0.020701,0.073406,0.));
#6048=CARTESIAN_POINT('',(-0.020701,0.073406,0.013));
#6049=CARTESIAN_POINT('',(-0.020701,0.073406,0.013));
#6050=CARTESIAN_POINT('',(-0.020701,0.058166,0.013));
#6051=CARTESIAN_POINT('',(0.042291,0.079756,0.013));
#6052=CARTESIAN_POINT('',(0.042291,0.079756,0.));
#6053=CARTESIAN_POINT('',(0.048641,0.079756,0.));
#6054=CARTESIAN_POINT('',(0.042291,0.086106,0.));
#6055=CARTESIAN_POINT('',(0.042291,0.086106,0.013));
#6056=CARTESIAN_POINT('',(0.042291,0.086106,0.013));
#6057=CARTESIAN_POINT('',(0.042291,0.079756,0.013));
#6058=CARTESIAN_POINT('',(0.048641,0.079756,0.013));
#6059=CARTESIAN_POINT('',(0.048641,0.079756,0.013));
#6060=CARTESIAN_POINT('',(0.,0.086106,0.013));
#6061=CARTESIAN_POINT('',(0.,0.086106,0.));
#6062=CARTESIAN_POINT('',(-0.042291,0.086106,0.));
#6063=CARTESIAN_POINT('',(-0.042291,0.086106,0.013));
#6064=CARTESIAN_POINT('',(-0.042291,0.086106,0.013));
#6065=CARTESIAN_POINT('',(0.,0.086106,0.013));
#6066=CARTESIAN_POINT('',(-0.042291,0.079756,0.013));
#6067=CARTESIAN_POINT('',(-0.042291,0.079756,0.));
#6068=CARTESIAN_POINT('',(-0.048641,0.079756,0.));
#6069=CARTESIAN_POINT('',(-0.048641,0.079756,0.013));
#6070=CARTESIAN_POINT('',(-0.048641,0.079756,0.013));
#6071=CARTESIAN_POINT('',(-0.042291,0.079756,0.013));
#6072=CARTESIAN_POINT('',(-0.048641,0.054623012259123,0.013));
#6073=CARTESIAN_POINT('',(-0.048641,0.054623012259123,0.));
#6074=CARTESIAN_POINT('',(-0.048641,0.0294900245182459,0.));
#6075=CARTESIAN_POINT('',(-0.048641,0.0294900245182459,0.013));
#6076=CARTESIAN_POINT('',(-0.048641,0.0294900245182459,0.013));
#6077=CARTESIAN_POINT('',(-0.048641,0.054623012259123,0.013));
#6078=CARTESIAN_POINT('',(-0.041021,0.0294900245182459,0.013));
#6079=CARTESIAN_POINT('',(-0.041021,0.0294900245182459,0.));
#6080=CARTESIAN_POINT('',(-0.046351227434916,0.0240445607646186,0.));
#6081=CARTESIAN_POINT('',(-0.046351227434916,0.0240445607646186,0.013));
#6082=CARTESIAN_POINT('',(-0.046351227434916,0.0240445607646186,0.013));
#6083=CARTESIAN_POINT('',(-0.041021,0.0294900245182459,0.013));
#6084=CARTESIAN_POINT('',(-0.028505841152374,0.00657681662868201,0.013));
#6085=CARTESIAN_POINT('',(-0.028505841152374,0.00657681662868201,0.));
#6086=CARTESIAN_POINT('',(-0.010660454869832,-0.0108909275072546,0.));
#6087=CARTESIAN_POINT('',(-0.010660454869832,-0.0108909275072546,0.013));
#6088=CARTESIAN_POINT('',(-0.010660454869832,-0.0108909275072546,0.013));
#6089=CARTESIAN_POINT('',(-0.028505841152374,0.00657681662868201,0.013));
#6090=CARTESIAN_POINT('',(-4.33680868994202E-18,-8.67361737988404E-19,0.013));
#6091=CARTESIAN_POINT('',(-4.33680868994202E-18,-8.67361737988404E-19,0.));
#6092=CARTESIAN_POINT('',(0.010660454869832,-0.0108909275072546,0.));
#6093=CARTESIAN_POINT('',(0.010660454869832,-0.0108909275072546,0.013));
#6094=CARTESIAN_POINT('',(0.010660454869832,-0.0108909275072546,0.013));
#6095=CARTESIAN_POINT('',(-4.33680868994202E-18,-8.67361737988404E-19,0.013));
#6096=CARTESIAN_POINT('',(0.0286966555327977,0.00676359301569465,0.013));
#6097=CARTESIAN_POINT('',(0.0286966555327977,0.00676359301569465,0.));
#6098=CARTESIAN_POINT('',(0.0467328561957633,0.0244181135386439,0.));
#6099=CARTESIAN_POINT('',(0.0467328561957633,0.0244181135386439,0.013));
#6100=CARTESIAN_POINT('',(0.0467328561957633,0.0244181135386439,0.013));
#6101=CARTESIAN_POINT('',(0.0286966555327977,0.00676359301569465,0.013));
#6102=CARTESIAN_POINT('',(0.042291,0.028956,0.013));
#6103=CARTESIAN_POINT('',(0.042291,0.028956,0.));
#6104=CARTESIAN_POINT('',(0.048641,0.028956,0.));
#6105=CARTESIAN_POINT('',(0.048641,0.028956,0.013));
#6106=CARTESIAN_POINT('',(0.048641,0.028956,0.013));
#6107=CARTESIAN_POINT('',(0.042291,0.028956,0.013));
#6108=CARTESIAN_POINT('',(0.0350374182583388,0.0760212784858175,0.013));
#6109=CARTESIAN_POINT('',(0.0350374182583388,0.0760212784858175,0.));
#6110=CARTESIAN_POINT('',(0.0350374182583388,0.0798312784858175,0.));
#6111=CARTESIAN_POINT('',(0.0350374182583388,0.0722112784858175,0.));
#6112=CARTESIAN_POINT('',(0.0350374182583388,0.0798312784858175,0.013));
#6113=CARTESIAN_POINT('',(0.0350374182583388,0.0798312784858175,0.013));
#6114=CARTESIAN_POINT('',(0.0350374182583388,0.0760212784858175,0.013));
#6115=CARTESIAN_POINT('',(0.0350374182583388,0.0722112784858175,0.013));
#6116=CARTESIAN_POINT('',(0.0350374182583388,0.0722112784858175,0.013));
#6117=CARTESIAN_POINT('',(0.0388474182583388,0.0798312784858175,0.013));
#6118=CARTESIAN_POINT('',(0.0388474182583388,0.0798312784858175,0.));
#6119=CARTESIAN_POINT('',(0.0426574182583388,0.0798312784858175,0.));
#6120=CARTESIAN_POINT('',(0.0426574182583388,0.0798312784858175,0.013));
#6121=CARTESIAN_POINT('',(0.0426574182583388,0.0798312784858175,0.013));
#6122=CARTESIAN_POINT('',(0.0388474182583388,0.0798312784858175,0.013));
#6123=CARTESIAN_POINT('',(0.0426574182583388,0.0760212784858175,0.013));
#6124=CARTESIAN_POINT('',(0.0426574182583388,0.0760212784858175,0.));
#6125=CARTESIAN_POINT('',(0.0426574182583388,0.0722112784858175,0.));
#6126=CARTESIAN_POINT('',(0.0426574182583388,0.0722112784858175,0.013));
#6127=CARTESIAN_POINT('',(0.0426574182583388,0.0722112784858175,0.013));
#6128=CARTESIAN_POINT('',(0.0426574182583388,0.0760212784858175,0.013));
#6129=CARTESIAN_POINT('',(-0.0426574182583388,0.0760212784858175,0.013));
#6130=CARTESIAN_POINT('',(-0.0426574182583388,0.0760212784858175,0.));
#6131=CARTESIAN_POINT('',(-0.0426574182583388,0.0798312784858175,0.));
#6132=CARTESIAN_POINT('',(-0.0426574182583388,0.0722112784858175,0.));
#6133=CARTESIAN_POINT('',(-0.0426574182583388,0.0798312784858175,0.013));
#6134=CARTESIAN_POINT('',(-0.0426574182583388,0.0798312784858175,0.013));
#6135=CARTESIAN_POINT('',(-0.0426574182583388,0.0760212784858175,0.013));
#6136=CARTESIAN_POINT('',(-0.0426574182583388,0.0722112784858175,0.013));
#6137=CARTESIAN_POINT('',(-0.0426574182583388,0.0722112784858175,0.013));
#6138=CARTESIAN_POINT('',(-0.0388474182583388,0.0798312784858175,0.013));
#6139=CARTESIAN_POINT('',(-0.0388474182583388,0.0798312784858175,0.));
#6140=CARTESIAN_POINT('',(-0.0350374182583388,0.0798312784858175,0.));
#6141=CARTESIAN_POINT('',(-0.0350374182583388,0.0798312784858175,0.013));
#6142=CARTESIAN_POINT('',(-0.0350374182583388,0.0798312784858175,0.013));
#6143=CARTESIAN_POINT('',(-0.0388474182583388,0.0798312784858175,0.013));
#6144=CARTESIAN_POINT('',(-0.0350374182583388,0.0760212784858175,0.013));
#6145=CARTESIAN_POINT('',(-0.0350374182583388,0.0760212784858175,0.));
#6146=CARTESIAN_POINT('',(-0.0350374182583388,0.0722112784858175,0.));
#6147=CARTESIAN_POINT('',(-0.0350374182583388,0.0722112784858175,0.013));
#6148=CARTESIAN_POINT('',(-0.0350374182583388,0.0722112784858175,0.013));
#6149=CARTESIAN_POINT('',(-0.0350374182583388,0.0760212784858175,0.013));
#6150=CARTESIAN_POINT('',(-3.46944695195361E-18,0.073406,0.013));
#6151=CARTESIAN_POINT('',(-3.46944695195361E-18,0.073406,0.));
#6152=CARTESIAN_POINT('',(-3.46944695195361E-18,0.073406,0.013));
#6153=CARTESIAN_POINT('',(0.048641,0.054356,0.013));
#6154=CARTESIAN_POINT('',(0.048641,0.054356,0.));
#6155=CARTESIAN_POINT('',(0.048641,0.054356,0.013));
#6156=CARTESIAN_POINT('',(0.0388474182583388,0.0722112784858175,0.013));
#6157=CARTESIAN_POINT('',(0.0388474182583388,0.0722112784858175,0.));
#6158=CARTESIAN_POINT('',(0.0388474182583388,0.0722112784858175,0.013));
#6159=CARTESIAN_POINT('',(-0.0388474182583388,0.0722112784858175,0.013));
#6160=CARTESIAN_POINT('',(-0.0388474182583388,0.0722112784858175,0.));
#6161=CARTESIAN_POINT('',(-0.0388474182583388,0.0722112784858175,0.013));
#6162=CARTESIAN_POINT('',(0.,0.0319892593462613,0.013));
#6163=CARTESIAN_POINT('',(-0.042291,0.028956,0.013));
#6164=CARTESIAN_POINT('',(-0.039751,0.028956,0.013));
#6165=CARTESIAN_POINT('',(0.042291,0.028956,0.013));
#6166=CARTESIAN_POINT('',(0.044831,0.028956,0.013));
#6167=CARTESIAN_POINT('',(-3.46944695195361E-18,6.58247654541702E-19,0.013));
#6168=CARTESIAN_POINT('',(0.01075,6.58247654541702E-19,0.013));
#6169=CARTESIAN_POINT('',(0.,0.0319892593462613,0.));
#6170=CARTESIAN_POINT('',(-3.46944695195361E-18,6.58247654541702E-19,0.));
#6171=CARTESIAN_POINT('',(0.01075,6.58247654541702E-19,0.));
#6172=CARTESIAN_POINT('',(-3.46944695195361E-18,6.58247654541702E-19,0.003));
#6173=CARTESIAN_POINT('',(-3.46944695195361E-18,6.58247654541702E-19,0.003));
#6174=CARTESIAN_POINT('',(0.01075,6.58247654541702E-19,0.003));
#6175=CARTESIAN_POINT('',(0.,0.0319892593462613,0.003));
#6176=CARTESIAN_POINT('',(-3.46944695195361E-18,6.58247654541702E-19,0.013));
#6177=CARTESIAN_POINT('',(-3.46944695195361E-18,6.58247654541702E-19,0.01));
#6178=CARTESIAN_POINT('',(0.01075,6.58247654541702E-19,0.01));
#6179=CARTESIAN_POINT('',(0.,0.0319892593462613,0.01));
#6180=CARTESIAN_POINT('',(0.042291,0.028956,0.029));
#6181=CARTESIAN_POINT('',(0.042291,0.028956,0.029));
#6182=CARTESIAN_POINT('',(0.044831,0.028956,0.029));
#6183=CARTESIAN_POINT('',(0.,0.0319892593462613,0.029));
#6184=CARTESIAN_POINT('',(-0.042291,0.028956,0.029));
#6185=CARTESIAN_POINT('',(-0.042291,0.028956,0.029));
#6186=CARTESIAN_POINT('',(-0.039751,0.028956,0.029));
#6187=CARTESIAN_POINT('',(0.,0.0319892593462613,0.029));
#6188=CARTESIAN_POINT('',(0.0382124182583395,5.38531853580027E-17,-0.0760212784858198));
#6189=CARTESIAN_POINT('',(-0.0465148787312582,0.006801595765232,0.005));
#6190=CARTESIAN_POINT('',(-0.0465148787312582,0.006801595765232,0.));
#6191=CARTESIAN_POINT('',(-0.0561655910534377,0.0298155205049311,0.));
#6192=CARTESIAN_POINT('',(-0.0368641664090788,-0.0162123289744671,0.));
#6193=CARTESIAN_POINT('',(-0.0561655910534377,0.0298155205049311,0.005));
#6194=CARTESIAN_POINT('',(-0.0561655910534377,0.0298155205049311,0.005));
#6195=CARTESIAN_POINT('',(-0.0465148787312582,0.006801595765232,0.005));
#6196=CARTESIAN_POINT('',(-0.0368641664090788,-0.0162123289744671,0.005));
#6197=CARTESIAN_POINT('',(-0.0368641664090788,-0.0162123289744671,0.005));
#6198=CARTESIAN_POINT('',(-0.059679167349575,0.0283421293107053,0.005));
#6199=CARTESIAN_POINT('',(-0.059679167349575,0.0283421293107053,0.));
#6200=CARTESIAN_POINT('',(-0.0631927436457122,0.0268687381164794,0.));
#6201=CARTESIAN_POINT('',(-0.0631927436457122,0.0268687381164794,0.005));
#6202=CARTESIAN_POINT('',(-0.0631927436457122,0.0268687381164794,0.005));
#6203=CARTESIAN_POINT('',(-0.059679167349575,0.0283421293107053,0.005));
#6204=CARTESIAN_POINT('',(-0.0535420313235327,0.00385481337678026,0.005));
#6205=CARTESIAN_POINT('',(-0.0535420313235327,0.00385481337678026,0.));
#6206=CARTESIAN_POINT('',(-0.0438913190013532,-0.0191591113629188,0.));
#6207=CARTESIAN_POINT('',(-0.0438913190013532,-0.0191591113629188,0.005));
#6208=CARTESIAN_POINT('',(-0.0438913190013532,-0.0191591113629188,0.005));
#6209=CARTESIAN_POINT('',(-0.0535420313235327,0.00385481337678026,0.005));
#6210=CARTESIAN_POINT('',(-0.040377742705216,-0.0176857201686929,0.005));
#6211=CARTESIAN_POINT('',(-0.040377742705216,-0.0176857201686929,0.005));
#6212=CARTESIAN_POINT('',(-0.037202742705216,-0.0176857201686929,0.005));
#6213=CARTESIAN_POINT('',(-0.040377742705216,-0.0176857201686929,0.));
#6214=CARTESIAN_POINT('',(-0.037202742705216,-0.0176857201686929,0.));
#6215=CARTESIAN_POINT('',(-0.040377742705216,-0.0176857201686929,0.005));
#6216=CARTESIAN_POINT('',(-0.040377742705216,-0.0176857201686929,0.));
#6217=CARTESIAN_POINT('',(-0.040377742705216,-0.0176857201686929,0.005));
#6218=CARTESIAN_POINT('',(-0.059679167349575,0.0283421293107053,0.005));
#6219=CARTESIAN_POINT('',(-0.059679167349575,0.0283421293107053,0.005));
#6220=CARTESIAN_POINT('',(-0.056504167349575,0.0283421293107053,0.005));
#6221=CARTESIAN_POINT('',(-0.059679167349575,0.0283421293107053,0.));
#6222=CARTESIAN_POINT('',(-0.056504167349575,0.0283421293107053,0.));
#6223=CARTESIAN_POINT('',(-0.0500284550273955,0.0053282045710062,0.005));
#6224=CARTESIAN_POINT('',(-0.0500284550273955,0.0053282045710062,0.));
#6225=CARTESIAN_POINT('',(0.0321883618637328,-0.017,-0.0951216110223508));
#6226=CARTESIAN_POINT('',(-0.0440640071228311,0.0366698401790613,-0.003));
#6227=CARTESIAN_POINT('',(-0.0408832441738102,0.0393868521783255,-0.003));
#6228=CARTESIAN_POINT('',(-0.0408832441738102,0.0393868521783255,-0.003));
#6229=CARTESIAN_POINT('',(-0.0408832441738102,0.0393868521783255,0.01));
#6230=CARTESIAN_POINT('',(-0.0440640071228311,0.0366698401790613,0.01));
#6231=CARTESIAN_POINT('',(-0.047244770071852,0.0339528281797971,0.01));
#6232=CARTESIAN_POINT('',(-0.047244770071852,0.0339528281797971,-0.003));
#6233=CARTESIAN_POINT('',(-0.047244770071852,0.0339528281797971,-0.003));
#6234=CARTESIAN_POINT('',(-0.0440640071228311,0.0366698401790613,-0.003));
#6235=CARTESIAN_POINT('',(-0.0407182708952872,0.0391937205719703,-0.003));
#6236=CARTESIAN_POINT('',(-0.0407182708952872,0.0391937205719703,0.));
#6237=CARTESIAN_POINT('',(-0.0405024800124846,0.0390597418613507,0.));
#6238=CARTESIAN_POINT('',(-0.0404985248044236,0.0393211083875186,0.));
#6239=CARTESIAN_POINT('',(-0.0404985248044236,0.0393211083875186,0.007));
#6240=CARTESIAN_POINT('',(-0.0404985248044236,0.0393211083875186,0.007));
#6241=CARTESIAN_POINT('',(-0.0407182708952872,0.0391937205719703,0.007));
#6242=CARTESIAN_POINT('',(-0.0405024800124846,0.0390597418613507,0.007));
#6243=CARTESIAN_POINT('',(-0.0405024800124846,0.0390597418613507,0.01));
#6244=CARTESIAN_POINT('',(-0.0405024800124846,0.0390597418613507,0.01));
#6245=CARTESIAN_POINT('',(-0.0407182708952872,0.0391937205719703,0.01));
#6246=CARTESIAN_POINT('',(-0.0407182708952872,0.0391937205719703,-0.003));
#6247=CARTESIAN_POINT('',(-0.0405024800124846,0.0390597418613507,-0.003));
#6248=CARTESIAN_POINT('',(-0.0405024800124846,0.0390597418613507,-0.003));
#6249=CARTESIAN_POINT('',(-0.042372099841131,0.0360484655812359,-0.003));
#6250=CARTESIAN_POINT('',(-0.042372099841131,0.0360484655812359,0.));
#6251=CARTESIAN_POINT('',(-0.0442417196697773,0.033037189301121,0.));
#6252=CARTESIAN_POINT('',(-0.042372099841131,0.0360484655812359,-0.003));
#6253=CARTESIAN_POINT('',(-0.0442417196697773,0.033037189301121,-0.003));
#6254=CARTESIAN_POINT('',(-0.0442417196697773,0.033037189301121,-0.003));
#6255=CARTESIAN_POINT('',(-0.0448890923181852,0.0334391254329796,-0.003));
#6256=CARTESIAN_POINT('',(-0.0448890923181852,0.0334391254329796,0.));
#6257=CARTESIAN_POINT('',(-0.0448622074704789,0.0326775998556259,0.));
#6258=CARTESIAN_POINT('',(-0.0448890923181852,0.0334391254329796,-0.003));
#6259=CARTESIAN_POINT('',(-0.0448622074704789,0.0326775998556259,-0.003));
#6260=CARTESIAN_POINT('',(-0.0448622074704789,0.0326775998556259,-0.003));
#6261=CARTESIAN_POINT('',(-0.0457925864295277,0.0326447538195018,-0.003));
#6262=CARTESIAN_POINT('',(-0.0457925864295277,0.0326447538195018,0.));
#6263=CARTESIAN_POINT('',(-0.0467229653885766,0.0326119077833776,0.));
#6264=CARTESIAN_POINT('',(-0.0457925864295277,0.0326447538195018,-0.003));
#6265=CARTESIAN_POINT('',(-0.0467229653885766,0.0326119077833776,-0.003));
#6266=CARTESIAN_POINT('',(-0.0467229653885766,0.0326119077833776,-0.003));
#6267=CARTESIAN_POINT('',(-0.0282071507943978,0.0602363483310057,-0.003));
#6268=CARTESIAN_POINT('',(-0.0282071507943978,0.0602363483310057,0.));
#6269=CARTESIAN_POINT('',(-0.0259415903358047,0.0621715931290977,0.));
#6270=CARTESIAN_POINT('',(-0.0304727112529911,0.0583011035329138,0.));
#6271=CARTESIAN_POINT('',(-0.0259415903358047,0.0621715931290977,-0.003));
#6272=CARTESIAN_POINT('',(-0.0259415903358047,0.0621715931290977,-0.003));
#6273=CARTESIAN_POINT('',(-0.0282071507943978,0.0602363483310057,-0.003));
#6274=CARTESIAN_POINT('',(-0.06215376652742,0.0312391034060346,-0.003));
#6275=CARTESIAN_POINT('',(-0.06215376652742,0.0312391034060346,-0.003));
#6276=CARTESIAN_POINT('',(-0.06215376652742,0.0312391034060346,0.));
#6277=CARTESIAN_POINT('',(-0.0282071507943978,0.0602363483310057,0.));
#6278=CARTESIAN_POINT('',(-0.057303750434767,0.035381993691027,0.));
#6279=CARTESIAN_POINT('',(-0.057303750434767,0.035381993691027,0.007));
#6280=CARTESIAN_POINT('',(-0.057303750434767,0.035381993691027,0.007));
#6281=CARTESIAN_POINT('',(-0.0282071507943978,0.0602363483310057,0.007));
#6282=CARTESIAN_POINT('',(-0.06215376652742,0.0312391034060346,0.007));
#6283=CARTESIAN_POINT('',(-0.06215376652742,0.0312391034060346,0.01));
#6284=CARTESIAN_POINT('',(-0.06215376652742,0.0312391034060346,0.01));
#6285=CARTESIAN_POINT('',(-0.0282071507943978,0.0602363483310057,0.01));
#6286=CARTESIAN_POINT('',(-0.0259415903358047,0.0621715931290977,0.01));
#6287=CARTESIAN_POINT('',(-0.0259415903358047,0.0621715931290977,0.01));
#6288=CARTESIAN_POINT('',(-0.0259415903358047,0.0621715931290977,0.007));
#6289=CARTESIAN_POINT('',(-0.0282071507943978,0.0602363483310057,0.007));
#6290=CARTESIAN_POINT('',(-0.030472711252991,0.0583011035329138,0.007));
#6291=CARTESIAN_POINT('',(-0.0304727112529911,0.0583011035329138,0.007));
#6292=CARTESIAN_POINT('',(-0.059679167349575,0.0283421293107053,-0.003));
#6293=CARTESIAN_POINT('',(-0.059679167349575,0.0283421293107053,0.));
#6294=CARTESIAN_POINT('',(-0.0596837971877296,0.0245321321237511,0.));
#6295=CARTESIAN_POINT('',(-0.059679167349575,0.0283421293107053,-0.003));
#6296=CARTESIAN_POINT('',(-0.0596837971877296,0.0245321321237511,-0.003));
#6297=CARTESIAN_POINT('',(-0.0596837971877296,0.0245321321237511,-0.003));
#6298=CARTESIAN_POINT('',(-0.0509900993327883,0.024521567702819,-0.003));
#6299=CARTESIAN_POINT('',(-0.0509900993327883,0.024521567702819,0.));
#6300=CARTESIAN_POINT('',(-0.0422964014778471,0.0245110032818868,0.));
#6301=CARTESIAN_POINT('',(-0.0509900993327883,0.024521567702819,-0.003));
#6302=CARTESIAN_POINT('',(-0.0422964014778471,0.0245110032818868,-0.003));
#6303=CARTESIAN_POINT('',(-0.0422964014778471,0.0245110032818868,-0.003));
#6304=CARTESIAN_POINT('',(-0.042291,0.028956,-0.003));
#6305=CARTESIAN_POINT('',(-0.042291,0.028956,0.));
#6306=CARTESIAN_POINT('',(-0.0384735380662364,0.0266789384320432,0.));
#6307=CARTESIAN_POINT('',(-0.042291,0.028956,-0.003));
#6308=CARTESIAN_POINT('',(-0.0384735380662364,0.0266789384320432,-0.003));
#6309=CARTESIAN_POINT('',(-0.0384735380662364,0.0266789384320432,-0.003));
#6310=CARTESIAN_POINT('',(-0.0293342094976279,0.0420008952037814,-0.003));
#6311=CARTESIAN_POINT('',(-0.0293342094976279,0.0420008952037814,0.));
#6312=CARTESIAN_POINT('',(-0.0201948809290194,0.0573228519755197,0.));
#6313=CARTESIAN_POINT('',(-0.0293342094976279,0.0420008952037814,-0.003));
#6314=CARTESIAN_POINT('',(-0.0201948809290194,0.0573228519755197,-0.003));
#6315=CARTESIAN_POINT('',(-0.0201948809290194,0.0573228519755197,-0.003));
#6316=CARTESIAN_POINT('',(-0.046749850236283,0.0333734333607313,-0.003));
#6317=CARTESIAN_POINT('',(-0.046749850236283,0.0333734333607313,0.01));
#6318=CARTESIAN_POINT('',(-0.0467229653885766,0.0326119077833776,0.01));
#6319=CARTESIAN_POINT('',(-0.0467229653885766,0.0326119077833776,0.01));
#6320=CARTESIAN_POINT('',(-0.0467229653885766,0.0326119077833776,0.007));
#6321=CARTESIAN_POINT('',(-0.046749850236283,0.0333734333607313,0.007));
#6322=CARTESIAN_POINT('',(-0.0475115305837752,0.0333513641911929,0.007));
#6323=CARTESIAN_POINT('',(-0.0475115305837752,0.0333513641911929,0.007));
#6324=CARTESIAN_POINT('',(-0.0475115305837752,0.0333513641911929,0.));
#6325=CARTESIAN_POINT('',(-0.046749850236283,0.0333734333607313,0.));
#6326=CARTESIAN_POINT('',(-0.046749850236283,0.0333734333607313,-0.003));
#6327=CARTESIAN_POINT('',(-0.0234669911579596,0.0592746190337685,-0.003));
#6328=CARTESIAN_POINT('',(-0.0234669911579596,0.0592746190337685,0.));
#6329=CARTESIAN_POINT('',(-0.0234669911579596,0.0592746190337685,-0.003));
#6330=CARTESIAN_POINT('',(-0.042291,0.028956,-0.003));
#6331=CARTESIAN_POINT('',(-0.042291,0.028956,-0.003));
#6332=CARTESIAN_POINT('',(-0.039116,0.028956,-0.003));
#6333=CARTESIAN_POINT('',(-0.042291,0.028956,0.));
#6334=CARTESIAN_POINT('',(-0.039116,0.028956,0.));
#6335=CARTESIAN_POINT('',(-0.0415730792537673,0.0437978095168843,-0.003));
#6336=CARTESIAN_POINT('',(-0.0415730792537673,0.0437978095168843,0.));
#6337=CARTESIAN_POINT('',(-0.0354897797986695,0.0491859029703768,0.));
#6338=CARTESIAN_POINT('',(-0.040506848344348,0.0400707024078398,0.));
#6339=CARTESIAN_POINT('',(-0.039839286531833,0.0397032718341639,0.));
#6340=CARTESIAN_POINT('',(-0.0482732109312674,0.0333292950216545,0.));
#6341=CARTESIAN_POINT('',(-0.0481660235179252,0.0340837185488731,0.));
#6342=CARTESIAN_POINT('',(-0.0527348869763461,0.03473285611995,0.));
#6343=CARTESIAN_POINT('',(-0.059679167349575,0.0283421293107053,0.));
#6344=CARTESIAN_POINT('',(-0.057139167349575,0.0283421293107053,0.));
#6345=CARTESIAN_POINT('',(-0.0234669911579597,0.0592746190337685,0.));
#6346=CARTESIAN_POINT('',(-0.0209269911579597,0.0592746190337685,0.));
#6347=CARTESIAN_POINT('',(-0.0415730792537673,0.0437978095168843,0.007));
#6348=CARTESIAN_POINT('',(-0.0234669911579597,0.0592746190337685,0.007));
#6349=CARTESIAN_POINT('',(-0.0209269911579597,0.0592746190337685,0.007));
#6350=CARTESIAN_POINT('',(-0.059679167349575,0.0283421293107053,0.007));
#6351=CARTESIAN_POINT('',(-0.057139167349575,0.0283421293107053,0.007));
#6352=CARTESIAN_POINT('',(-0.042291,0.028956,0.007));
#6353=CARTESIAN_POINT('',(-0.039116,0.028956,0.007));
#6354=CARTESIAN_POINT('',(-0.0527348869763461,0.03473285611995,0.007));
#6355=CARTESIAN_POINT('',(-0.0481660235179252,0.0340837185488731,0.007));
#6356=CARTESIAN_POINT('',(-0.0482732109312674,0.0333292950216545,0.007));
#6357=CARTESIAN_POINT('',(-0.0457925864295277,0.0326447538195018,0.007));
#6358=CARTESIAN_POINT('',(-0.0448622074704789,0.0326775998556259,0.007));
#6359=CARTESIAN_POINT('',(-0.0448890923181852,0.0334391254329796,0.007));
#6360=CARTESIAN_POINT('',(-0.0442417196697773,0.033037189301121,0.007));
#6361=CARTESIAN_POINT('',(-0.042372099841131,0.0360484655812359,0.007));
#6362=CARTESIAN_POINT('',(-0.039839286531833,0.0397032718341639,0.007));
#6363=CARTESIAN_POINT('',(-0.040506848344348,0.0400707024078398,0.007));
#6364=CARTESIAN_POINT('',(-0.0354897797986695,0.0491859029703768,0.007));
#6365=CARTESIAN_POINT('',(-0.0234669911579596,0.0592746190337685,0.007));
#6366=CARTESIAN_POINT('',(-0.0201948809290194,0.0573228519755197,0.007));
#6367=CARTESIAN_POINT('',(-0.0293342094976279,0.0420008952037814,0.007));
#6368=CARTESIAN_POINT('',(-0.0384735380662364,0.0266789384320432,0.007));
#6369=CARTESIAN_POINT('',(-0.042291,0.028956,0.007));
#6370=CARTESIAN_POINT('',(-0.0422964014778471,0.0245110032818868,0.007));
#6371=CARTESIAN_POINT('',(-0.0509900993327883,0.024521567702819,0.007));
#6372=CARTESIAN_POINT('',(-0.0596837971877296,0.0245321321237511,0.007));
#6373=CARTESIAN_POINT('',(-0.059679167349575,0.0283421293107053,0.007));
#6374=CARTESIAN_POINT('',(-0.042372099841131,0.0360484655812359,0.01));
#6375=CARTESIAN_POINT('',(-0.0442417196697773,0.033037189301121,0.01));
#6376=CARTESIAN_POINT('',(-0.0442417196697773,0.033037189301121,0.01));
#6377=CARTESIAN_POINT('',(-0.042372099841131,0.0360484655812359,0.01));
#6378=CARTESIAN_POINT('',(-0.0448890923181852,0.0334391254329796,0.01));
#6379=CARTESIAN_POINT('',(-0.0448622074704789,0.0326775998556259,0.01));
#6380=CARTESIAN_POINT('',(-0.0448622074704789,0.0326775998556259,0.01));
#6381=CARTESIAN_POINT('',(-0.0448890923181852,0.0334391254329796,0.01));
#6382=CARTESIAN_POINT('',(-0.0457925864295277,0.0326447538195018,0.01));
#6383=CARTESIAN_POINT('',(-0.0457925864295277,0.0326447538195018,0.01));
#6384=CARTESIAN_POINT('',(-0.059679167349575,0.0283421293107053,0.01));
#6385=CARTESIAN_POINT('',(-0.0596837971877296,0.0245321321237511,0.01));
#6386=CARTESIAN_POINT('',(-0.0596837971877296,0.0245321321237511,0.01));
#6387=CARTESIAN_POINT('',(-0.059679167349575,0.0283421293107053,0.01));
#6388=CARTESIAN_POINT('',(-0.0509900993327883,0.024521567702819,0.01));
#6389=CARTESIAN_POINT('',(-0.0422964014778471,0.0245110032818868,0.01));
#6390=CARTESIAN_POINT('',(-0.0422964014778471,0.0245110032818868,0.01));
#6391=CARTESIAN_POINT('',(-0.0509900993327883,0.024521567702819,0.01));
#6392=CARTESIAN_POINT('',(-0.042291,0.028956,0.01));
#6393=CARTESIAN_POINT('',(-0.0384735380662364,0.0266789384320432,0.01));
#6394=CARTESIAN_POINT('',(-0.0384735380662364,0.0266789384320432,0.01));
#6395=CARTESIAN_POINT('',(-0.042291,0.028956,0.01));
#6396=CARTESIAN_POINT('',(-0.0293342094976279,0.0420008952037814,0.01));
#6397=CARTESIAN_POINT('',(-0.0201948809290194,0.0573228519755197,0.01));
#6398=CARTESIAN_POINT('',(-0.0201948809290194,0.0573228519755197,0.01));
#6399=CARTESIAN_POINT('',(-0.0293342094976279,0.0420008952037814,0.01));
#6400=CARTESIAN_POINT('',(-0.0234669911579596,0.0592746190337685,0.01));
#6401=CARTESIAN_POINT('',(-0.0234669911579596,0.0592746190337685,0.01));
#6402=CARTESIAN_POINT('',(-0.042291,0.028956,0.01));
#6403=CARTESIAN_POINT('',(-0.042291,0.028956,0.01));
#6404=CARTESIAN_POINT('',(-0.039116,0.028956,0.01));
#6405=CARTESIAN_POINT('',(-0.0415730792537673,0.0437978095168843,0.01));
#6406=CARTESIAN_POINT('',(-0.0354897797986695,0.0491859029703768,0.007));
#6407=CARTESIAN_POINT('',(-0.040506848344348,0.0400707024078398,0.007));
#6408=CARTESIAN_POINT('',(-0.0527348869763461,0.03473285611995,0.007));
#6409=CARTESIAN_POINT('',(-0.0481660235179252,0.0340837185488731,0.007));
#6410=CARTESIAN_POINT('',(-0.0482732109312674,0.0333292950216545,0.007));
#6411=CARTESIAN_POINT('',(-0.039839286531833,0.0397032718341639,0.007));
#6412=CARTESIAN_POINT('',(-0.059679167349575,0.0283421293107053,0.007));
#6413=CARTESIAN_POINT('',(-0.0234669911579597,0.0592746190337685,0.007));
#6414=CARTESIAN_POINT('',(0.0461586107488417,-0.016,-0.057224171519628));
#6415=CARTESIAN_POINT('',(-0.0109961072541843,-0.0212232811983532,-0.003));
#6416=CARTESIAN_POINT('',(-0.0109961072541843,-0.0212232811983532,0.));
#6417=CARTESIAN_POINT('',(-0.0102437224360107,-0.0213439505208083,0.));
#6418=CARTESIAN_POINT('',(-0.0110229921018907,-0.0204617556209996,0.));
#6419=CARTESIAN_POINT('',(-0.0110229921018907,-0.0204617556209996,-0.003));
#6420=CARTESIAN_POINT('',(-0.0110229921018907,-0.0204617556209996,-0.003));
#6421=CARTESIAN_POINT('',(-0.0109961072541843,-0.0212232811983532,-0.003));
#6422=CARTESIAN_POINT('',(-0.0102437224360107,-0.0213439505208083,-0.003));
#6423=CARTESIAN_POINT('',(-0.0102437224360107,-0.0213439505208083,-0.003));
#6424=CARTESIAN_POINT('',(-0.0115715386605583,-0.0296230122437751,-0.003));
#6425=CARTESIAN_POINT('',(-0.0128993548851058,-0.037902073966742,-0.003));
#6426=CARTESIAN_POINT('',(-0.0128993548851058,-0.037902073966742,-0.003));
#6427=CARTESIAN_POINT('',(-0.0128993548851058,-0.037902073966742,0.01));
#6428=CARTESIAN_POINT('',(-0.0115715386605583,-0.0296230122437751,0.01));
#6429=CARTESIAN_POINT('',(-0.0102437224360107,-0.0213439505208083,0.01));
#6430=CARTESIAN_POINT('',(-0.0102437224360107,-0.0213439505208083,0.01));
#6431=CARTESIAN_POINT('',(-0.0102437224360107,-0.0213439505208083,0.007));
#6432=CARTESIAN_POINT('',(-0.0102437224360107,-0.0213439505208083,0.007));
#6433=CARTESIAN_POINT('',(-0.0115715386605583,-0.0296230122437751,-0.003));
#6434=CARTESIAN_POINT('',(-0.0136517397032795,-0.0377814046442869,-0.003));
#6435=CARTESIAN_POINT('',(-0.0141886587878692,-0.0383221096438969,-0.003));
#6436=CARTESIAN_POINT('',(-0.0141886587878692,-0.0383221096438969,-0.003));
#6437=CARTESIAN_POINT('',(-0.0141886587878692,-0.0383221096438969,0.01));
#6438=CARTESIAN_POINT('',(-0.0136517397032795,-0.0377814046442869,0.01));
#6439=CARTESIAN_POINT('',(-0.0136517397032795,-0.0377814046442869,-0.003));
#6440=CARTESIAN_POINT('',(-0.0221942676715547,-0.0303725545324945,-0.003));
#6441=CARTESIAN_POINT('',(-0.03019987655524,-0.022422999421092,-0.003));
#6442=CARTESIAN_POINT('',(-0.03019987655524,-0.022422999421092,-0.003));
#6443=CARTESIAN_POINT('',(-0.03019987655524,-0.022422999421092,0.));
#6444=CARTESIAN_POINT('',(-0.03019987655524,-0.022422999421092,0.007));
#6445=CARTESIAN_POINT('',(-0.03019987655524,-0.022422999421092,0.007));
#6446=CARTESIAN_POINT('',(-0.03019987655524,-0.022422999421092,0.01));
#6447=CARTESIAN_POINT('',(-0.03019987655524,-0.022422999421092,0.01));
#6448=CARTESIAN_POINT('',(-0.0221942676715547,-0.0303725545324945,0.01));
#6449=CARTESIAN_POINT('',(-0.0221942676715547,-0.0303725545324945,-0.003));
#6450=CARTESIAN_POINT('',(-0.0296629574706503,-0.0218822944214818,-0.003));
#6451=CARTESIAN_POINT('',(-0.0296629574706503,-0.0218822944214818,0.));
#6452=CARTESIAN_POINT('',(-0.0296898423183568,-0.0211207688441282,0.));
#6453=CARTESIAN_POINT('',(-0.0296629574706503,-0.0218822944214818,-0.003));
#6454=CARTESIAN_POINT('',(-0.0296898423183568,-0.0211207688441282,-0.003));
#6455=CARTESIAN_POINT('',(-0.0296898423183568,-0.0211207688441282,-0.003));
#6456=CARTESIAN_POINT('',(-0.0105488502267248,-0.047305756335224,-0.003));
#6457=CARTESIAN_POINT('',(-0.00636449949643136,-0.0479193488513882,-0.003));
#6458=CARTESIAN_POINT('',(-0.00636449949643136,-0.0479193488513882,-0.003));
#6459=CARTESIAN_POINT('',(-0.00636449949643136,-0.0479193488513882,0.01));
#6460=CARTESIAN_POINT('',(-0.0105488502267248,-0.047305756335224,0.01));
#6461=CARTESIAN_POINT('',(-0.013558534907684,-0.0502767973869766,0.01));
#6462=CARTESIAN_POINT('',(-0.013558534907684,-0.0502767973869766,-0.003));
#6463=CARTESIAN_POINT('',(-0.013558534907684,-0.0502767973869766,-0.003));
#6464=CARTESIAN_POINT('',(-0.0105488502267248,-0.047305756335224,-0.003));
#6465=CARTESIAN_POINT('',(-0.00271669280358393,-0.023043389322725,-0.003));
#6466=CARTESIAN_POINT('',(-0.00271669280358393,-0.023043389322725,0.));
#6467=CARTESIAN_POINT('',(-0.00359390169197015,-0.029025453243071,0.));
#6468=CARTESIAN_POINT('',(-0.00183948391519771,-0.0170613254023789,0.));
#6469=CARTESIAN_POINT('',(-0.00359390169197015,-0.029025453243071,0.007));
#6470=CARTESIAN_POINT('',(-0.00359390169197015,-0.029025453243071,0.007));
#6471=CARTESIAN_POINT('',(-0.00271669280358393,-0.023043389322725,0.007));
#6472=CARTESIAN_POINT('',(-0.00183948391519771,-0.0170613254023789,0.007));
#6473=CARTESIAN_POINT('',(-0.00183948391519771,-0.0170613254023789,0.01));
#6474=CARTESIAN_POINT('',(-0.00183948391519771,-0.0170613254023789,0.01));
#6475=CARTESIAN_POINT('',(-0.00271669280358393,-0.023043389322725,0.01));
#6476=CARTESIAN_POINT('',(-0.00271669280358393,-0.023043389322725,-0.003));
#6477=CARTESIAN_POINT('',(-0.00183948391519771,-0.0170613254023789,-0.003));
#6478=CARTESIAN_POINT('',(-0.00183948391519771,-0.0170613254023789,-0.003));
#6479=CARTESIAN_POINT('',(-0.00560140800606607,-0.0164579787901034,-0.003));
#6480=CARTESIAN_POINT('',(-0.00560140800606607,-0.0164579787901034,0.));
#6481=CARTESIAN_POINT('',(-0.00573583224459787,-0.0126503509033352,0.));
#6482=CARTESIAN_POINT('',(-0.00560140800606607,-0.0164579787901034,-0.003));
#6483=CARTESIAN_POINT('',(-0.00573583224459787,-0.0126503509033352,-0.003));
#6484=CARTESIAN_POINT('',(-0.00573583224459787,-0.0126503509033352,-0.003));
#6485=CARTESIAN_POINT('',(-0.0144299159193855,-0.0129572862479826,-0.003));
#6486=CARTESIAN_POINT('',(-0.0144299159193855,-0.0129572862479826,0.));
#6487=CARTESIAN_POINT('',(-0.0405121669437477,-0.0138780922819246,0.));
#6488=CARTESIAN_POINT('',(-0.0144299159193855,-0.0129572862479826,-0.003));
#6489=CARTESIAN_POINT('',(-0.0405121669437477,-0.0138780922819246,-0.003));
#6490=CARTESIAN_POINT('',(-0.0405121669437477,-0.0138780922819246,-0.003));
#6491=CARTESIAN_POINT('',(-0.040377742705216,-0.0176857201686929,-0.003));
#6492=CARTESIAN_POINT('',(-0.040377742705216,-0.0176857201686929,0.));
#6493=CARTESIAN_POINT('',(-0.0430623381281644,-0.0203892451667434,0.));
#6494=CARTESIAN_POINT('',(-0.040377742705216,-0.0176857201686929,-0.003));
#6495=CARTESIAN_POINT('',(-0.0430623381281644,-0.0203892451667434,-0.003));
#6496=CARTESIAN_POINT('',(-0.0430623381281644,-0.0203892451667434,-0.003));
#6497=CARTESIAN_POINT('',(-0.0370617989297333,-0.0264678319612138,-0.003));
#6498=CARTESIAN_POINT('',(-0.0370617989297333,-0.0264678319612138,0.));
#6499=CARTESIAN_POINT('',(-0.0310612597313022,-0.0325464187556843,0.));
#6500=CARTESIAN_POINT('',(-0.0370617989297333,-0.0264678319612138,-0.003));
#6501=CARTESIAN_POINT('',(-0.0370617989297333,-0.0264678319612138,0.01));
#6502=CARTESIAN_POINT('',(-0.0430623381281644,-0.0203892451667434,0.01));
#6503=CARTESIAN_POINT('',(-0.0430623381281644,-0.0203892451667434,0.01));
#6504=CARTESIAN_POINT('',(-0.0430623381281644,-0.0203892451667434,0.007));
#6505=CARTESIAN_POINT('',(-0.0370617989297333,-0.0264678319612138,0.007));
#6506=CARTESIAN_POINT('',(-0.0310612597313022,-0.0325464187556843,0.007));
#6507=CARTESIAN_POINT('',(-0.0310612597313022,-0.0325464187556843,0.007));
#6508=CARTESIAN_POINT('',(-0.0262724967177332,-0.0210001231051473,-0.003));
#6509=CARTESIAN_POINT('',(-0.0262724967177332,-0.0210001231051473,0.));
#6510=CARTESIAN_POINT('',(-0.0262724967177332,-0.0210001231051473,-0.003));
#6511=CARTESIAN_POINT('',(-0.022989575355641,-0.0320914175626637,-0.003));
#6512=CARTESIAN_POINT('',(-0.022989575355641,-0.0320914175626637,0.));
#6513=CARTESIAN_POINT('',(-0.0306305681432711,-0.0274847090883882,0.));
#6514=CARTESIAN_POINT('',(-0.00691881206399041,-0.0251847018819397,0.));
#6515=CARTESIAN_POINT('',(-0.040377742705216,-0.0176857201686929,0.));
#6516=CARTESIAN_POINT('',(-0.037837742705216,-0.0176857201686929,0.));
#6517=CARTESIAN_POINT('',(-0.022989575355641,-0.0170718494793981,0.));
#6518=CARTESIAN_POINT('',(-0.020449575355641,-0.0170718494793981,0.));
#6519=CARTESIAN_POINT('',(-0.00560140800606616,-0.0164579787901034,0.));
#6520=CARTESIAN_POINT('',(-0.00306140800606616,-0.0164579787901034,0.));
#6521=CARTESIAN_POINT('',(-0.022989575355641,-0.0320914175626637,0.007));
#6522=CARTESIAN_POINT('',(-0.00560140800606616,-0.0164579787901034,0.007));
#6523=CARTESIAN_POINT('',(-0.00306140800606616,-0.0164579787901034,0.007));
#6524=CARTESIAN_POINT('',(-0.022989575355641,-0.0170718494793981,0.007));
#6525=CARTESIAN_POINT('',(-0.020449575355641,-0.0170718494793981,0.007));
#6526=CARTESIAN_POINT('',(-0.040377742705216,-0.0176857201686929,0.007));
#6527=CARTESIAN_POINT('',(-0.037837742705216,-0.0176857201686929,0.007));
#6528=CARTESIAN_POINT('',(-0.00691881206399041,-0.0251847018819397,0.007));
#6529=CARTESIAN_POINT('',(-0.0109961072541843,-0.0212232811983532,0.007));
#6530=CARTESIAN_POINT('',(-0.0110229921018907,-0.0204617556209996,0.007));
#6531=CARTESIAN_POINT('',(-0.0262724967177332,-0.0210001231051473,0.007));
#6532=CARTESIAN_POINT('',(-0.0296898423183568,-0.0211207688441282,0.007));
#6533=CARTESIAN_POINT('',(-0.0296629574706503,-0.0218822944214818,0.007));
#6534=CARTESIAN_POINT('',(-0.0306305681432711,-0.0274847090883882,0.007));
#6535=CARTESIAN_POINT('',(-0.040377742705216,-0.0176857201686929,0.007));
#6536=CARTESIAN_POINT('',(-0.0405121669437477,-0.0138780922819246,0.007));
#6537=CARTESIAN_POINT('',(-0.0144299159193855,-0.0129572862479826,0.007));
#6538=CARTESIAN_POINT('',(-0.00573583224459787,-0.0126503509033352,0.007));
#6539=CARTESIAN_POINT('',(-0.00560140800606607,-0.0164579787901034,0.007));
#6540=CARTESIAN_POINT('',(-0.0109961072541843,-0.0212232811983532,0.01));
#6541=CARTESIAN_POINT('',(-0.0109961072541843,-0.0212232811983532,0.01));
#6542=CARTESIAN_POINT('',(-0.0110229921018907,-0.0204617556209996,0.01));
#6543=CARTESIAN_POINT('',(-0.0110229921018907,-0.0204617556209996,0.01));
#6544=CARTESIAN_POINT('',(-0.0296629574706503,-0.0218822944214818,0.01));
#6545=CARTESIAN_POINT('',(-0.0296898423183568,-0.0211207688441282,0.01));
#6546=CARTESIAN_POINT('',(-0.0296898423183568,-0.0211207688441282,0.01));
#6547=CARTESIAN_POINT('',(-0.0296629574706503,-0.0218822944214818,0.01));
#6548=CARTESIAN_POINT('',(-0.00560140800606607,-0.0164579787901034,0.01));
#6549=CARTESIAN_POINT('',(-0.00573583224459787,-0.0126503509033352,0.01));
#6550=CARTESIAN_POINT('',(-0.00573583224459787,-0.0126503509033352,0.01));
#6551=CARTESIAN_POINT('',(-0.00560140800606607,-0.0164579787901034,0.01));
#6552=CARTESIAN_POINT('',(-0.0144299159193855,-0.0129572862479826,0.01));
#6553=CARTESIAN_POINT('',(-0.0405121669437477,-0.0138780922819246,0.01));
#6554=CARTESIAN_POINT('',(-0.0405121669437477,-0.0138780922819246,0.01));
#6555=CARTESIAN_POINT('',(-0.0144299159193855,-0.0129572862479826,0.01));
#6556=CARTESIAN_POINT('',(-0.040377742705216,-0.0176857201686929,0.01));
#6557=CARTESIAN_POINT('',(-0.040377742705216,-0.0176857201686929,0.01));
#6558=CARTESIAN_POINT('',(-0.0262724967177332,-0.0210001231051473,0.01));
#6559=CARTESIAN_POINT('',(-0.0262724967177332,-0.0210001231051473,0.01));
#6560=CARTESIAN_POINT('',(-0.022989575355641,-0.0320914175626637,0.01));
#6561=CARTESIAN_POINT('',(-0.00691881206399041,-0.0251847018819397,0.007));
#6562=CARTESIAN_POINT('',(-0.0306305681432711,-0.0274847090883882,0.007));
#6563=CARTESIAN_POINT('',(-0.040377742705216,-0.0176857201686929,0.007));
#6564=CARTESIAN_POINT('',(-0.022989575355641,-0.0170718494793981,0.007));
#6565=CARTESIAN_POINT('',(-0.00560140800606616,-0.0164579787901034,0.007));
#6566=CARTESIAN_POINT('',(0.0191966114652062,-0.016,-0.0715108073414729));
#6567=CARTESIAN_POINT('',(-0.0291267113816832,0.00741546645452667,0.005));
#6568=CARTESIAN_POINT('',(-0.0291267113816832,0.00741546645452667,0.));
#6569=CARTESIAN_POINT('',(-0.0387774237038627,0.0304293911942258,0.));
#6570=CARTESIAN_POINT('',(-0.0194759990595038,-0.0155984582851723,0.));
#6571=CARTESIAN_POINT('',(-0.0387774237038627,0.0304293911942258,0.005));
#6572=CARTESIAN_POINT('',(-0.0387774237038627,0.0304293911942258,0.005));
#6573=CARTESIAN_POINT('',(-0.0291267113816832,0.00741546645452667,0.005));
#6574=CARTESIAN_POINT('',(-0.0194759990595038,-0.0155984582851723,0.005));
#6575=CARTESIAN_POINT('',(-0.0194759990595038,-0.0155984582851723,0.005));
#6576=CARTESIAN_POINT('',(-0.042291,0.028956,0.005));
#6577=CARTESIAN_POINT('',(-0.042291,0.028956,0.));
#6578=CARTESIAN_POINT('',(-0.0458045762961372,0.0274826088057741,0.));
#6579=CARTESIAN_POINT('',(-0.0458045762961372,0.0274826088057741,0.005));
#6580=CARTESIAN_POINT('',(-0.0458045762961372,0.0274826088057741,0.005));
#6581=CARTESIAN_POINT('',(-0.042291,0.028956,0.005));
#6582=CARTESIAN_POINT('',(-0.0361538639739577,0.00446868406607494,0.005));
#6583=CARTESIAN_POINT('',(-0.0361538639739577,0.00446868406607494,0.));
#6584=CARTESIAN_POINT('',(-0.0265031516517783,-0.018545240673624,0.));
#6585=CARTESIAN_POINT('',(-0.0265031516517783,-0.018545240673624,0.005));
#6586=CARTESIAN_POINT('',(-0.0265031516517783,-0.018545240673624,0.005));
#6587=CARTESIAN_POINT('',(-0.0361538639739577,0.00446868406607494,0.005));
#6588=CARTESIAN_POINT('',(-0.022989575355641,-0.0170718494793981,0.005));
#6589=CARTESIAN_POINT('',(-0.022989575355641,-0.0170718494793981,0.005));
#6590=CARTESIAN_POINT('',(-0.019814575355641,-0.0170718494793981,0.005));
#6591=CARTESIAN_POINT('',(-0.022989575355641,-0.0170718494793981,0.));
#6592=CARTESIAN_POINT('',(-0.019814575355641,-0.0170718494793981,0.));
#6593=CARTESIAN_POINT('',(-0.022989575355641,-0.0170718494793981,0.005));
#6594=CARTESIAN_POINT('',(-0.022989575355641,-0.0170718494793981,0.));
#6595=CARTESIAN_POINT('',(-0.022989575355641,-0.0170718494793981,0.005));
#6596=CARTESIAN_POINT('',(-0.042291,0.028956,0.005));
#6597=CARTESIAN_POINT('',(-0.042291,0.028956,0.005));
#6598=CARTESIAN_POINT('',(-0.039116,0.028956,0.005));
#6599=CARTESIAN_POINT('',(-0.042291,0.028956,0.));
#6600=CARTESIAN_POINT('',(-0.039116,0.028956,0.));
#6601=CARTESIAN_POINT('',(-0.0326402876778205,0.00594207526030093,0.005));
#6602=CARTESIAN_POINT('',(-0.0326402876778205,0.00594207526030093,0.));
#6603=CARTESIAN_POINT('',(0.0308570795929582,-0.017,-0.0845683208172448));
#6604=CARTESIAN_POINT('',(-0.0234669911579597,0.0592746190337685,0.005));
#6605=CARTESIAN_POINT('',(-0.0234669911579597,0.0592746190337685,0.));
#6606=CARTESIAN_POINT('',(-0.0206228019670569,0.0618097103233183,0.));
#6607=CARTESIAN_POINT('',(-0.0263111803488624,0.0567395277442186,0.));
#6608=CARTESIAN_POINT('',(-0.0263111803488624,0.0567395277442186,0.005));
#6609=CARTESIAN_POINT('',(-0.0263111803488624,0.0567395277442186,0.005));
#6610=CARTESIAN_POINT('',(-0.0234669911579597,0.0592746190337685,0.005));
#6611=CARTESIAN_POINT('',(-0.0206228019670569,0.0618097103233183,0.005));
#6612=CARTESIAN_POINT('',(-0.0206228019670569,0.0618097103233183,0.005));
#6613=CARTESIAN_POINT('',(-0.0156452014425944,0.0447730703465479,0.005));
#6614=CARTESIAN_POINT('',(-0.0156452014425944,0.0447730703465479,0.));
#6615=CARTESIAN_POINT('',(0.010616649435581,0.0153091718634011,0.));
#6616=CARTESIAN_POINT('',(0.010616649435581,0.0153091718634011,0.00125));
#6617=CARTESIAN_POINT('',(0.010616649435581,0.0153091718634011,0.00125));
#6618=CARTESIAN_POINT('',(0.00614516870025091,0.0203258500505656,0.00125));
#6619=CARTESIAN_POINT('',(-0.00497922253632638,0.0328066129488771,0.00125));
#6620=CARTESIAN_POINT('',(-0.00497922253632638,0.0328066129488771,0.005));
#6621=CARTESIAN_POINT('',(-0.00497922253632638,0.0328066129488771,0.005));
#6622=CARTESIAN_POINT('',(-0.0156452014425944,0.0447730703465479,0.005));
#6623=CARTESIAN_POINT('',(-0.0040311594726921,0.0336516433787271,0.005));
#6624=CARTESIAN_POINT('',(-0.0040311594726921,0.0336516433787271,0.00125));
#6625=CARTESIAN_POINT('',(-0.00290194375107715,0.0342328248082804,0.00125));
#6626=CARTESIAN_POINT('',(-0.00290194375107715,0.0342328248082804,0.005));
#6627=CARTESIAN_POINT('',(-0.00290194375107715,0.0342328248082804,0.005));
#6628=CARTESIAN_POINT('',(-0.0040311594726921,0.0336516433787271,0.005));
#6629=CARTESIAN_POINT('',(-0.00758830504771753,0.0433382651823849,0.005));
#6630=CARTESIAN_POINT('',(-0.00758830504771753,0.0433382651823849,0.00125));
#6631=CARTESIAN_POINT('',(-0.0122746663443579,0.0524437055564893,0.00125));
#6632=CARTESIAN_POINT('',(-0.0122746663443579,0.0524437055564893,0.005));
#6633=CARTESIAN_POINT('',(-0.0122746663443579,0.0524437055564893,0.005));
#6634=CARTESIAN_POINT('',(-0.00758830504771753,0.0433382651823849,0.005));
#6635=CARTESIAN_POINT('',(-0.0234669911579597,0.0592746190337685,0.005));
#6636=CARTESIAN_POINT('',(-0.0234669911579597,0.0592746190337685,0.005));
#6637=CARTESIAN_POINT('',(-0.0202919911579597,0.0592746190337685,0.005));
#6638=CARTESIAN_POINT('',(-0.0234669911579597,0.0592746190337685,0.));
#6639=CARTESIAN_POINT('',(-0.0202919911579597,0.0592746190337685,0.));
#6640=CARTESIAN_POINT('',(-0.0164487341557074,0.0571267079399038,0.005));
#6641=CARTESIAN_POINT('',(-0.0164487341557074,0.0571267079399038,0.));
#6642=CARTESIAN_POINT('',(0.0163050278173865,0.0203793544425009,0.));
#6643=CARTESIAN_POINT('',(-0.0164487341557074,0.0571267079399038,0.005));
#6644=CARTESIAN_POINT('',(0.0118335470820565,0.0253960326296654,0.00125));
#6645=CARTESIAN_POINT('',(0.0163050278173865,0.0203793544425009,0.00125));
#6646=CARTESIAN_POINT('',(0.0163050278173865,0.0203793544425009,0.00125));
#6647=CARTESIAN_POINT('',(-0.00500307626573796,0.0385594410933597,0.005));
#6648=CARTESIAN_POINT('',(-0.00500307626573796,0.0385594410933597,0.));
#6649=CARTESIAN_POINT('',(0.0134608386264837,0.017844263152951,0.));
#6650=CARTESIAN_POINT('',(0.0134608386264837,0.017844263152951,0.));
#6651=CARTESIAN_POINT('',(0.0166358386264837,0.017844263152951,0.));
#6652=CARTESIAN_POINT('',(0.0134608386264837,0.017844263152951,0.00125));
#6653=CARTESIAN_POINT('',(0.0134608386264837,0.017844263152951,0.00125));
#6654=CARTESIAN_POINT('',(0.0134608386264837,0.017844263152951,0.00125));
#6655=CARTESIAN_POINT('',(0.0134608386264837,0.017844263152951,0.00125));
#6656=CARTESIAN_POINT('',(0.0166358386264837,0.017844263152951,0.00125));
#6657=CARTESIAN_POINT('',(-0.00500307626573796,0.0385594410933597,0.00125));
#6658=CARTESIAN_POINT('',(0.0241824053347622,-0.017,-0.0713548154051112));
#6659=CARTESIAN_POINT('',(-0.00234303056288195,-0.00275101725327521,0.005));
#6660=CARTESIAN_POINT('',(-0.00234303056288195,-0.00275101725327521,0.));
#6661=CARTESIAN_POINT('',(-0.00893172275781917,-0.0146072752335456,0.));
#6662=CARTESIAN_POINT('',(0.0101305238747308,0.0196949667095092,0.));
#6663=CARTESIAN_POINT('',(-0.00893172275781917,-0.0146072752335456,0.005));
#6664=CARTESIAN_POINT('',(-0.00893172275781917,-0.0146072752335456,0.005));
#6665=CARTESIAN_POINT('',(-0.00234303056288195,-0.00275101725327521,0.005));
#6666=CARTESIAN_POINT('',(0.00424566163205528,0.00910524072699521,0.005));
#6667=CARTESIAN_POINT('',(0.00424566163205528,0.00910524072699521,0.005));
#6668=CARTESIAN_POINT('',(0.00424566163205528,0.00910524072699521,0.00125));
#6669=CARTESIAN_POINT('',(0.00718809275339298,0.0144001037182521,0.00125));
#6670=CARTESIAN_POINT('',(0.0101305238747308,0.0196949667095092,0.00125));
#6671=CARTESIAN_POINT('',(0.0101305238747308,0.0196949667095092,0.00125));
#6672=CARTESIAN_POINT('',(-0.00560140800606616,-0.0164579787901034,0.005));
#6673=CARTESIAN_POINT('',(-0.00560140800606616,-0.0164579787901034,0.));
#6674=CARTESIAN_POINT('',(-0.00227109325431345,-0.0183086823466621,0.));
#6675=CARTESIAN_POINT('',(-0.00227109325431345,-0.0183086823466621,0.005));
#6676=CARTESIAN_POINT('',(-0.00227109325431345,-0.0183086823466621,0.005));
#6677=CARTESIAN_POINT('',(-0.00560140800606616,-0.0164579787901034,0.005));
#6678=CARTESIAN_POINT('',(0.00431759894062377,-0.00645242436639168,0.005));
#6679=CARTESIAN_POINT('',(0.00431759894062377,-0.00645242436639168,0.));
#6680=CARTESIAN_POINT('',(0.0167911533782365,0.0159935595963928,0.));
#6681=CARTESIAN_POINT('',(0.0167911533782365,0.0159935595963928,0.00125));
#6682=CARTESIAN_POINT('',(0.0167911533782365,0.0159935595963928,0.00125));
#6683=CARTESIAN_POINT('',(0.0138487222568987,0.0106986966051356,0.00125));
#6684=CARTESIAN_POINT('',(0.010906291135561,0.00540383361387874,0.00125));
#6685=CARTESIAN_POINT('',(0.010906291135561,0.00540383361387874,0.005));
#6686=CARTESIAN_POINT('',(0.010906291135561,0.00540383361387874,0.005));
#6687=CARTESIAN_POINT('',(0.00431759894062377,-0.00645242436639168,0.005));
#6688=CARTESIAN_POINT('',(0.0134608386264837,0.017844263152951,0.005));
#6689=CARTESIAN_POINT('',(0.0134608386264837,0.017844263152951,0.00125));
#6690=CARTESIAN_POINT('',(0.0134608386264837,0.017844263152951,0.005));
#6691=CARTESIAN_POINT('',(-0.00560140800606616,-0.0164579787901034,0.005));
#6692=CARTESIAN_POINT('',(-0.00560140800606616,-0.0164579787901034,0.005));
#6693=CARTESIAN_POINT('',(-0.00242640800606616,-0.0164579787901034,0.005));
#6694=CARTESIAN_POINT('',(-0.00560140800606616,-0.0164579787901034,0.));
#6695=CARTESIAN_POINT('',(-0.00242640800606616,-0.0164579787901034,0.));
#6696=CARTESIAN_POINT('',(0.00392971531020877,0.000693142181423766,0.005));
#6697=CARTESIAN_POINT('',(0.00392971531020877,0.000693142181423766,0.));
#6698=CARTESIAN_POINT('',(0.0134608386264837,0.017844263152951,0.));
#6699=CARTESIAN_POINT('',(0.0134608386264837,0.017844263152951,0.));
#6700=CARTESIAN_POINT('',(0.0166358386264837,0.017844263152951,0.));
#6701=CARTESIAN_POINT('',(0.0134608386264837,0.017844263152951,0.00125));
#6702=CARTESIAN_POINT('',(0.0134608386264837,0.017844263152951,0.00125));
#6703=CARTESIAN_POINT('',(0.0134608386264837,0.017844263152951,0.00125));
#6704=CARTESIAN_POINT('',(0.0134608386264837,0.017844263152951,0.00125));
#6705=CARTESIAN_POINT('',(0.0166358386264837,0.017844263152951,0.00125));
#6706=CARTESIAN_POINT('',(0.00392971531020877,0.000693142181423766,0.00125));
#6707=CARTESIAN_POINT('',(0.0308206403820242,-0.022,-0.0748884595837982));
#6708=CARTESIAN_POINT('',(0.,0.,0.));
#6709=CARTESIAN_POINT('',(0.0559809168110744,-0.023,-0.0716073005316527));
#6710=CARTESIAN_POINT('',(-0.00500307626573796,0.0385594410933597,0.));
#6711=CARTESIAN_POINT('',(-0.0234669911579597,0.0592746190337685,0.));
#6712=CARTESIAN_POINT('',(-0.0202919911579597,0.0592746190337685,0.));
#6713=CARTESIAN_POINT('',(-0.0147708069999379,0.0552441949514232,0.));
#6714=CARTESIAN_POINT('',(-0.00891881203281905,0.0486786795795281,0.));
#6715=CARTESIAN_POINT('',(-0.0206228019670569,0.0618097103233183,0.));
#6716=CARTESIAN_POINT('',(0.0134608386264831,0.0178442631529516,0.));
#6717=CARTESIAN_POINT('',(-0.0146071904146246,0.0436084970004284,0.));
#6718=CARTESIAN_POINT('',(-0.0204591853817436,0.0501740123723235,0.));
#6719=CARTESIAN_POINT('',(-0.0263111803488624,0.0567395277442186,0.));
#6720=CARTESIAN_POINT('',(-0.0234669911579597,0.0592746190337685,0.));
#6721=CARTESIAN_POINT('',(-0.0204591853817436,0.0501740123723235,0.005));
#6722=CARTESIAN_POINT('',(-0.0146071904146246,0.0436084970004284,0.00125));
#6723=CARTESIAN_POINT('',(-0.0146071904146246,0.0436084970004284,0.00125));
#6724=CARTESIAN_POINT('',(0.00658611116846048,0.0198311444724819,0.00125));
#6725=CARTESIAN_POINT('',(0.010616649435581,0.0153091718634011,0.00125));
#6726=CARTESIAN_POINT('',(0.010616649435581,0.0153091718634011,0.0025));
#6727=CARTESIAN_POINT('',(0.010616649435581,0.0153091718634011,0.0025));
#6728=CARTESIAN_POINT('',(0.00658611116846048,0.0198311444724819,0.0025));
#6729=CARTESIAN_POINT('',(0.00255557290134001,0.0243531170815629,0.0025));
#6730=CARTESIAN_POINT('',(0.00255557290134001,0.0243531170815629,0.005));
#6731=CARTESIAN_POINT('',(0.00255557290134001,0.0243531170815629,0.005));
#6732=CARTESIAN_POINT('',(-0.0204591853817436,0.0501740123723235,0.005));
#6733=CARTESIAN_POINT('',(-0.0263111803488624,0.0567395277442186,0.005));
#6734=CARTESIAN_POINT('',(-0.0263111803488624,0.0567395277442186,0.005));
#6735=CARTESIAN_POINT('',(0.0134608386264837,0.017844263152951,0.005));
#6736=CARTESIAN_POINT('',(0.0134608386264837,0.017844263152951,0.0025));
#6737=CARTESIAN_POINT('',(0.0082439512831456,0.0294232996606626,0.0025));
#6738=CARTESIAN_POINT('',(0.0082439512831456,0.0294232996606626,0.005));
#6739=CARTESIAN_POINT('',(0.0082439512831456,0.0294232996606626,0.005));
#6740=CARTESIAN_POINT('',(0.0134608386264837,0.017844263152951,0.005));
#6741=CARTESIAN_POINT('',(-0.0147708069999379,0.0552441949514232,0.005));
#6742=CARTESIAN_POINT('',(0.0122744895502661,0.0249013270515817,0.00125));
#6743=CARTESIAN_POINT('',(0.0163050278173866,0.0203793544425008,0.00125));
#6744=CARTESIAN_POINT('',(-0.00891881203281905,0.0486786795795281,0.00125));
#6745=CARTESIAN_POINT('',(-0.00891881203281905,0.0486786795795281,0.00125));
#6746=CARTESIAN_POINT('',(-0.0206228019670569,0.0618097103233183,0.005));
#6747=CARTESIAN_POINT('',(-0.0206228019670569,0.0618097103233183,0.005));
#6748=CARTESIAN_POINT('',(-0.0147708069999379,0.0552441949514232,0.005));
#6749=CARTESIAN_POINT('',(0.0122744895502661,0.0249013270515817,0.0025));
#6750=CARTESIAN_POINT('',(0.0163050278173866,0.0203793544425008,0.0025));
#6751=CARTESIAN_POINT('',(0.0163050278173866,0.0203793544425008,0.0025));
#6752=CARTESIAN_POINT('',(-0.0234669911579597,0.0592746190337685,0.005));
#6753=CARTESIAN_POINT('',(-0.0234669911579597,0.0592746190337685,0.005));
#6754=CARTESIAN_POINT('',(-0.0234669911579597,0.0592746190337685,0.005));
#6755=CARTESIAN_POINT('',(-0.0234669911579597,0.0592746190337685,0.005));
#6756=CARTESIAN_POINT('',(-0.0202919911579597,0.0592746190337685,0.005));
#6757=CARTESIAN_POINT('',(-0.00500307626573796,0.0385594410933597,0.005));
#6758=CARTESIAN_POINT('',(0.0134608386264837,0.017844263152951,0.0025));
#6759=CARTESIAN_POINT('',(0.0134608386264837,0.017844263152951,0.00125));
#6760=CARTESIAN_POINT('',(0.0134608386264837,0.017844263152951,0.0025));
#6761=CARTESIAN_POINT('',(0.0134608386264837,0.017844263152951,0.0025));
#6762=CARTESIAN_POINT('',(0.0134608386264837,0.017844263152951,0.0025));
#6763=CARTESIAN_POINT('',(0.0166358386264837,0.017844263152951,0.0025));
#6764=CARTESIAN_POINT('',(0.0134608386264837,0.017844263152951,0.00125));
#6765=CARTESIAN_POINT('',(0.0166358386264837,0.017844263152951,0.00125));
#6766=CARTESIAN_POINT('',(-0.00500307626573796,0.0385594410933597,0.0025));
#6767=CARTESIAN_POINT('',(-0.00500307626573796,0.0385594410933597,0.00125));
#6768=CARTESIAN_POINT('',(0.0134608386264831,0.0178442631529516,0.00125));
#6769=CARTESIAN_POINT('',(0.0134608386264831,0.0178442631529516,0.00125));
#6770=CARTESIAN_POINT('',(0.0184828186339446,-0.017,-0.0425214645156873));
#6771=CARTESIAN_POINT('',(0.043680443047557,-0.022,-0.0939674733340378));
#6772=CARTESIAN_POINT('',(0.0304471122290637,-0.023,-0.0580809420474676));
#6773=CARTESIAN_POINT('',(0.0449400637030764,-0.022,-0.0839736302476704));
#6774=CARTESIAN_POINT('',(0.0134608386264837,0.017844263152951,0.005));
#6775=CARTESIAN_POINT('',(0.00424566163205528,0.00910524072699521,0.005));
#6776=CARTESIAN_POINT('',(0.00424566163205528,0.00910524072699521,0.00125));
#6777=CARTESIAN_POINT('',(0.00424566163205528,0.00910524072699521,0.));
#6778=CARTESIAN_POINT('',(0.0134608386264837,0.017844263152951,0.00125));
#6779=CARTESIAN_POINT('',(0.010906291135561,0.00540383361387874,0.00125));
#6780=CARTESIAN_POINT('',(0.010906291135561,0.00540383361387874,0.005));
#6781=CARTESIAN_POINT('',(0.010906291135561,0.00540383361387874,0.));
#6782=CARTESIAN_POINT('',(0.0134608386264837,0.017844263152951,0.));
#6783=CARTESIAN_POINT('',(-0.00234303056288195,-0.00275101725327521,0.005));
#6784=CARTESIAN_POINT('',(-0.00234303056288195,-0.00275101725327521,0.));
#6785=CARTESIAN_POINT('',(-0.00893172275781917,-0.0146072752335456,0.));
#6786=CARTESIAN_POINT('',(-0.00893172275781917,-0.0146072752335456,0.005));
#6787=CARTESIAN_POINT('',(-0.00893172275781917,-0.0146072752335456,0.005));
#6788=CARTESIAN_POINT('',(-0.00234303056288195,-0.00275101725327521,0.005));
#6789=CARTESIAN_POINT('',(0.00424566163205528,0.00910524072699521,0.005));
#6790=CARTESIAN_POINT('',(0.00424566163205528,0.00910524072699521,0.005));
#6791=CARTESIAN_POINT('',(0.00424566163205528,0.00910524072699521,0.0025));
#6792=CARTESIAN_POINT('',(0.00718809275339298,0.0144001037182521,0.0025));
#6793=CARTESIAN_POINT('',(0.0101305238747308,0.0196949667095092,0.0025));
#6794=CARTESIAN_POINT('',(0.0101305238747308,0.0196949667095092,0.0025));
#6795=CARTESIAN_POINT('',(0.0101305238747308,0.0196949667095092,0.00125));
#6796=CARTESIAN_POINT('',(0.00718809275339298,0.0144001037182521,0.00125));
#6797=CARTESIAN_POINT('',(-0.00560140800606616,-0.0164579787901034,0.005));
#6798=CARTESIAN_POINT('',(-0.00560140800606616,-0.0164579787901034,0.));
#6799=CARTESIAN_POINT('',(-0.00227109325431345,-0.0183086823466621,0.));
#6800=CARTESIAN_POINT('',(-0.00227109325431345,-0.0183086823466621,0.005));
#6801=CARTESIAN_POINT('',(-0.00227109325431345,-0.0183086823466621,0.005));
#6802=CARTESIAN_POINT('',(-0.00560140800606616,-0.0164579787901034,0.005));
#6803=CARTESIAN_POINT('',(0.00431759894062377,-0.00645242436639168,0.005));
#6804=CARTESIAN_POINT('',(0.00431759894062377,-0.00645242436639168,0.));
#6805=CARTESIAN_POINT('',(0.0138487222568987,0.0106986966051356,0.00125));
#6806=CARTESIAN_POINT('',(0.0167911533782365,0.0159935595963928,0.00125));
#6807=CARTESIAN_POINT('',(0.0167911533782365,0.0159935595963928,0.0025));
#6808=CARTESIAN_POINT('',(0.0167911533782365,0.0159935595963928,0.0025));
#6809=CARTESIAN_POINT('',(0.0138487222568987,0.0106986966051356,0.0025));
#6810=CARTESIAN_POINT('',(0.010906291135561,0.00540383361387874,0.0025));
#6811=CARTESIAN_POINT('',(0.010906291135561,0.00540383361387874,0.005));
#6812=CARTESIAN_POINT('',(0.010906291135561,0.00540383361387874,0.005));
#6813=CARTESIAN_POINT('',(0.00431759894062377,-0.00645242436639168,0.005));
#6814=CARTESIAN_POINT('',(0.0134608386264837,0.017844263152951,0.005));
#6815=CARTESIAN_POINT('',(0.0134608386264837,0.017844263152951,0.0025));
#6816=CARTESIAN_POINT('',(0.0134608386264837,0.017844263152951,0.005));
#6817=CARTESIAN_POINT('',(-0.00560140800606616,-0.0164579787901034,0.005));
#6818=CARTESIAN_POINT('',(-0.00560140800606616,-0.0164579787901034,0.005));
#6819=CARTESIAN_POINT('',(-0.00242640800606616,-0.0164579787901034,0.005));
#6820=CARTESIAN_POINT('',(-0.00560140800606616,-0.0164579787901034,0.));
#6821=CARTESIAN_POINT('',(-0.00242640800606616,-0.0164579787901034,0.));
#6822=CARTESIAN_POINT('',(0.00392971531020877,0.000693142181423766,0.005));
#6823=CARTESIAN_POINT('',(0.00392971531020877,0.000693142181423766,0.));
#6824=CARTESIAN_POINT('',(0.0134608386264837,0.017844263152951,0.0025));
#6825=CARTESIAN_POINT('',(0.0134608386264837,0.017844263152951,0.00125));
#6826=CARTESIAN_POINT('',(0.0134608386264837,0.017844263152951,0.0025));
#6827=CARTESIAN_POINT('',(0.0134608386264837,0.017844263152951,0.0025));
#6828=CARTESIAN_POINT('',(0.0134608386264837,0.017844263152951,0.0025));
#6829=CARTESIAN_POINT('',(0.0166358386264837,0.017844263152951,0.0025));
#6830=CARTESIAN_POINT('',(0.0134608386264837,0.017844263152951,0.00125));
#6831=CARTESIAN_POINT('',(0.0166358386264837,0.017844263152951,0.00125));
#6832=CARTESIAN_POINT('',(0.00392971531020877,0.000693142181423766,0.0025));
#6833=CARTESIAN_POINT('',(0.00392971531020877,0.000693142181423766,0.00125));
#6834=CARTESIAN_POINT('',(0.0503197760117969,-0.022,-0.0722257567797964));
#6835=CARTESIAN_POINT('',(0.,0.,0.));
#6836=CARTESIAN_POINT('',(0.,0.,0.));
#6837=CARTESIAN_POINT('',(-0.004699,0.011176,0.004));
#6838=CARTESIAN_POINT('',(-0.004699,0.011176,0.));
#6839=CARTESIAN_POINT('',(-0.004699,0.022352,0.));
#6840=CARTESIAN_POINT('',(-0.004699,0.,0.));
#6841=CARTESIAN_POINT('',(-0.004699,0.,0.004));
#6842=CARTESIAN_POINT('',(-0.004699,0.,0.004));
#6843=CARTESIAN_POINT('',(-0.004699,0.011176,0.004));
#6844=CARTESIAN_POINT('',(-0.004699,0.022352,0.004));
#6845=CARTESIAN_POINT('',(-0.004699,0.022352,0.004));
#6846=CARTESIAN_POINT('',(0.,2.87730765459671E-19,0.004));
#6847=CARTESIAN_POINT('',(0.,2.87730765459671E-19,0.));
#6848=CARTESIAN_POINT('',(0.004699,0.,0.));
#6849=CARTESIAN_POINT('',(0.004699,0.,0.004));
#6850=CARTESIAN_POINT('',(0.004699,0.,0.004));
#6851=CARTESIAN_POINT('',(0.,2.87730765459671E-19,0.004));
#6852=CARTESIAN_POINT('',(0.004699,0.011176,0.004));
#6853=CARTESIAN_POINT('',(0.004699,0.011176,0.));
#6854=CARTESIAN_POINT('',(0.004699,0.022352,0.));
#6855=CARTESIAN_POINT('',(0.004699,0.022352,0.004));
#6856=CARTESIAN_POINT('',(0.004699,0.022352,0.004));
#6857=CARTESIAN_POINT('',(0.004699,0.011176,0.004));
#6858=CARTESIAN_POINT('',(0.,0.022352,0.004));
#6859=CARTESIAN_POINT('',(0.,0.022352,0.));
#6860=CARTESIAN_POINT('',(0.,0.022352,0.004));
#6861=CARTESIAN_POINT('',(0.,2.29621274840129E-19,0.004));
#6862=CARTESIAN_POINT('',(0.,2.29621274840129E-19,0.0025));
#6863=CARTESIAN_POINT('',(0.00375,2.29621274840129E-19,0.0025));
#6864=CARTESIAN_POINT('',(0.,2.29621274840129E-19,0.004));
#6865=CARTESIAN_POINT('',(0.00375,2.29621274840129E-19,0.004));
#6866=CARTESIAN_POINT('',(-1.7347234759768E-18,0.011176,0.004));
#6867=CARTESIAN_POINT('',(-1.7347234759768E-18,0.011176,0.));
#6868=CARTESIAN_POINT('',(0.,0.022352,0.));
#6869=CARTESIAN_POINT('',(0.00254,0.022352,0.));
#6870=CARTESIAN_POINT('',(0.,0.022352,-0.004));
#6871=CARTESIAN_POINT('',(0.,0.022352,-0.004));
#6872=CARTESIAN_POINT('',(0.00254,0.022352,-0.004));
#6873=CARTESIAN_POINT('',(-1.7347234759768E-18,0.011176,-0.004));
#6874=CARTESIAN_POINT('',(-1.7347234759768E-18,0.011176,0.0025));
#6875=CARTESIAN_POINT('',(0.0021650635094611,0.00125,0.0025));
#6876=CARTESIAN_POINT('',(0.00288675134594814,-3.46944695195361E-18,0.0025));
#6877=CARTESIAN_POINT('',(0.00144337567297406,0.0025,0.0025));
#6878=CARTESIAN_POINT('',(0.0021650635094611,-0.00125,0.0025));
#6879=CARTESIAN_POINT('',(0.00144337567297407,-0.0025,0.0025));
#6880=CARTESIAN_POINT('',(-8.67361737988404E-19,-0.0025,0.0025));
#6881=CARTESIAN_POINT('',(-0.00144337567297407,-0.0025,0.0025));
#6882=CARTESIAN_POINT('',(-0.0021650635094611,-0.00125,0.0025));
#6883=CARTESIAN_POINT('',(-0.00288675134594813,0.,0.0025));
#6884=CARTESIAN_POINT('',(-0.00216506350946109,0.00125,0.0025));
#6885=CARTESIAN_POINT('',(-0.00144337567297406,0.0025,0.0025));
#6886=CARTESIAN_POINT('',(2.16840434497101E-19,0.0025,0.0025));
#6887=CARTESIAN_POINT('',(0.0021650635094611,0.00125,0.001));
#6888=CARTESIAN_POINT('',(0.00144337567297406,0.0025,0.001));
#6889=CARTESIAN_POINT('',(0.00144337567297406,0.0025,0.001));
#6890=CARTESIAN_POINT('',(0.0021650635094611,0.00125,0.001));
#6891=CARTESIAN_POINT('',(0.00288675134594814,-3.46944695195361E-18,0.001));
#6892=CARTESIAN_POINT('',(0.00288675134594814,-3.46944695195361E-18,0.001));
#6893=CARTESIAN_POINT('',(2.16840434497101E-19,0.0025,0.001));
#6894=CARTESIAN_POINT('',(-0.00144337567297406,0.0025,0.001));
#6895=CARTESIAN_POINT('',(-0.00144337567297406,0.0025,0.001));
#6896=CARTESIAN_POINT('',(2.16840434497101E-19,0.0025,0.001));
#6897=CARTESIAN_POINT('',(-0.00216506350946109,0.00125,0.001));
#6898=CARTESIAN_POINT('',(-0.00288675134594813,0.,0.001));
#6899=CARTESIAN_POINT('',(-0.00288675134594813,0.,0.001));
#6900=CARTESIAN_POINT('',(-0.00216506350946109,0.00125,0.001));
#6901=CARTESIAN_POINT('',(-0.0021650635094611,-0.00125,0.001));
#6902=CARTESIAN_POINT('',(-0.00144337567297407,-0.0025,0.001));
#6903=CARTESIAN_POINT('',(-0.00144337567297407,-0.0025,0.001));
#6904=CARTESIAN_POINT('',(-0.0021650635094611,-0.00125,0.001));
#6905=CARTESIAN_POINT('',(-8.67361737988404E-19,-0.0025,0.001));
#6906=CARTESIAN_POINT('',(0.00144337567297407,-0.0025,0.001));
#6907=CARTESIAN_POINT('',(0.00144337567297407,-0.0025,0.001));
#6908=CARTESIAN_POINT('',(-8.67361737988404E-19,-0.0025,0.001));
#6909=CARTESIAN_POINT('',(0.0021650635094611,-0.00125,0.001));
#6910=CARTESIAN_POINT('',(0.0021650635094611,-0.00125,0.001));
#6911=CARTESIAN_POINT('',(0.,0.,0.001));
#6912=CARTESIAN_POINT('',(0.0382124182583395,-0.017,-0.0760212784858198));
#6913=CARTESIAN_POINT('',(0.0382124182583395,-0.025,-0.0760212784858199));
#6914=CARTESIAN_POINT('',(0.,0.,0.));
#6915=CARTESIAN_POINT('',(0.,0.,0.));
#6916=CARTESIAN_POINT('',(0.0382124182583394,-0.0565,-0.0760212784858198));
#6917=CARTESIAN_POINT('',(0.0382124182583392,-0.058,-0.0760212784858182));
#6918=CARTESIAN_POINT('',(0.0382124182583392,-0.061,-0.0760212784858182));
#6919=CARTESIAN_POINT('',(0.0382124182583394,-0.075,-0.0760212784858198));
#6920=CARTESIAN_POINT('',(0.0382124182583394,-0.083,-0.0760212784858199));
#6921=CARTESIAN_POINT('',(0.,0.,0.));
#6922=CARTESIAN_POINT('',(0.0503197760117959,-0.08,-0.0722257567797952));
#6923=CARTESIAN_POINT('',(0.0184828186339441,-0.075,-0.0425214645156858));
#6924=CARTESIAN_POINT('',(0.0304471122290612,-0.081,-0.0580809420474665));
#6925=CARTESIAN_POINT('',(0.0559809168110727,-0.081,-0.0716073005316523));
#6926=CARTESIAN_POINT('',(0.0449400637030744,-0.08,-0.0839736302476686));
#6927=CARTESIAN_POINT('',(0.0436804430475548,-0.08,-0.0939674733340345));
#6928=CARTESIAN_POINT('',(0.,0.,0.));
#6929=CARTESIAN_POINT('',(0.0308206403820234,-0.08,-0.0748884595837964));
#6930=CARTESIAN_POINT('',(0.0191966114652037,-0.074,-0.0715108073414707));
#6931=CARTESIAN_POINT('',(0.0308570795929576,-0.075,-0.0845683208172444));
#6932=CARTESIAN_POINT('',(0.0321883618637335,-0.075,-0.095121611022351));
#6933=CARTESIAN_POINT('',(0.0461586107488419,-0.074,-0.057224171519623));
#6934=CARTESIAN_POINT('',(0.0241824053347624,-0.075,-0.0713548154051103));
#6935=CARTESIAN_POINT('',(0.,0.,0.));
#6936=CARTESIAN_POINT('',(0.,0.,0.));
#6937=CARTESIAN_POINT('',(0.,0.,0.));
#6938=CARTESIAN_POINT('',(0.0382124182583395,-0.0275,-0.0760212784858199));
#6939=CARTESIAN_POINT('',(0.0382124182583388,-0.029,-0.0760212784858175));
#6940=CARTESIAN_POINT('',(0.0382124182583388,-0.032,-0.0760212784858175));
#6941=CARTESIAN_POINT('',(0.0800036348530031,-0.051,-0.0889394133909454));
#6942=CARTESIAN_POINT('',(0.0369254086267232,-0.046,-0.0950169023452146));
#6943=CARTESIAN_POINT('',(0.0901129671369197,-0.051,-0.103809660993713));
#6944=CARTESIAN_POINT('',(0.0613215492376314,-0.052,-0.0945945801624937));
#6945=CARTESIAN_POINT('',(0.082168794842259,-0.052,-0.08526992710302));
#6946=CARTESIAN_POINT('',(0.0845006001729418,-0.051,-0.0981632349394912));
#6947=CARTESIAN_POINT('',(0.,0.,0.));
#6948=CARTESIAN_POINT('',(0.0059865440232576,-0.045,-0.0973213414069871));
#6949=CARTESIAN_POINT('',(0.0391988767124012,-0.045,-0.0985267683810555));
#6950=CARTESIAN_POINT('',(0.0353100419894882,-0.046,-0.0798603228914267));
#6951=CARTESIAN_POINT('',(0.0398009024990598,-0.046,-0.0691806675305522));
#6952=CARTESIAN_POINT('',(0.0400813099374909,-0.051,-0.100581618307454));
#6953=CARTESIAN_POINT('',(0.0407709119967785,-0.046,-0.101427598371217));
#6954=CARTESIAN_POINT('',(0.,0.,0.));
#6955=CARTESIAN_POINT('',(0.,0.,0.));
#6956=CARTESIAN_POINT('',(0.0382124182583388,-0.046,-0.0760212784858175));
#6957=CARTESIAN_POINT('',(0.0382124182583388,-0.054,-0.0760212784858174));
#6958=CARTESIAN_POINT('',(0.,0.,0.));
#6959=CARTESIAN_POINT('',(0.,0.,0.));
#6960=MECHANICAL_DESIGN_GEOMETRIC_PRESENTATION_REPRESENTATION('',(#3988,
#3989,#3990,#10,#11,#3991,#3992,#3993,#3994,#3995,#3996,#3997,#3998,#3999,
#4000),#6961);
#6961=(
GEOMETRIC_REPRESENTATION_CONTEXT(3)
GLOBAL_UNCERTAINTY_ASSIGNED_CONTEXT((#6990))
GLOBAL_UNIT_ASSIGNED_CONTEXT((#7021,#7020,#7019))
REPRESENTATION_CONTEXT('3x Leg Pair','TOP_LEVEL_ASSEMBLY_PART')
);
#6962=(
GEOMETRIC_REPRESENTATION_CONTEXT(3)
GLOBAL_UNCERTAINTY_ASSIGNED_CONTEXT((#6991))
GLOBAL_UNIT_ASSIGNED_CONTEXT((#7021,#7020,#7019))
REPRESENTATION_CONTEXT('Part 1','COMPONENT_PART')
);
#6963=(
GEOMETRIC_REPRESENTATION_CONTEXT(3)
GLOBAL_UNCERTAINTY_ASSIGNED_CONTEXT((#6992))
GLOBAL_UNIT_ASSIGNED_CONTEXT((#7021,#7020,#7019))
REPRESENTATION_CONTEXT('Leg W/ Backplate <1>','COMPONENT_PART')
);
#6964=(
GEOMETRIC_REPRESENTATION_CONTEXT(3)
GLOBAL_UNCERTAINTY_ASSIGNED_CONTEXT((#6993))
GLOBAL_UNIT_ASSIGNED_CONTEXT((#7021,#7020,#7019))
REPRESENTATION_CONTEXT('Part 1','COMPONENT_PART')
);
#6965=(
GEOMETRIC_REPRESENTATION_CONTEXT(3)
GLOBAL_UNCERTAINTY_ASSIGNED_CONTEXT((#6994))
GLOBAL_UNIT_ASSIGNED_CONTEXT((#7021,#7020,#7019))
REPRESENTATION_CONTEXT('8mm ID Bearing (22mm OD, 7mm WD, Shielded)',
'COMPONENT_PART')
);
#6966=(
GEOMETRIC_REPRESENTATION_CONTEXT(3)
GLOBAL_UNCERTAINTY_ASSIGNED_CONTEXT((#6995))
GLOBAL_UNIT_ASSIGNED_CONTEXT((#7021,#7020,#7019))
REPRESENTATION_CONTEXT('Part 1','COMPONENT_PART')
);
#6967=(
GEOMETRIC_REPRESENTATION_CONTEXT(3)
GLOBAL_UNCERTAINTY_ASSIGNED_CONTEXT((#6996))
GLOBAL_UNIT_ASSIGNED_CONTEXT((#7021,#7020,#7019))
REPRESENTATION_CONTEXT('Leg Pair <1>','COMPONENT_PART')
);
#6968=(
GEOMETRIC_REPRESENTATION_CONTEXT(3)
GLOBAL_UNCERTAINTY_ASSIGNED_CONTEXT((#6997))
GLOBAL_UNIT_ASSIGNED_CONTEXT((#7021,#7020,#7019))
REPRESENTATION_CONTEXT('Left Leg <1>','COMPONENT_PART')
);
#6969=(
GEOMETRIC_REPRESENTATION_CONTEXT(3)
GLOBAL_UNCERTAINTY_ASSIGNED_CONTEXT((#6998))
GLOBAL_UNIT_ASSIGNED_CONTEXT((#7021,#7020,#7019))
REPRESENTATION_CONTEXT('Part 1','COMPONENT_PART')
);
#6970=(
GEOMETRIC_REPRESENTATION_CONTEXT(3)
GLOBAL_UNCERTAINTY_ASSIGNED_CONTEXT((#6999))
GLOBAL_UNIT_ASSIGNED_CONTEXT((#7021,#7020,#7019))
REPRESENTATION_CONTEXT('Part 1','COMPONENT_PART')
);
#6971=(
GEOMETRIC_REPRESENTATION_CONTEXT(3)
GLOBAL_UNCERTAINTY_ASSIGNED_CONTEXT((#7000))
GLOBAL_UNIT_ASSIGNED_CONTEXT((#7021,#7020,#7019))
REPRESENTATION_CONTEXT('Part 1','COMPONENT_PART')
);
#6972=(
GEOMETRIC_REPRESENTATION_CONTEXT(3)
GLOBAL_UNCERTAINTY_ASSIGNED_CONTEXT((#7001))
GLOBAL_UNIT_ASSIGNED_CONTEXT((#7021,#7020,#7019))
REPRESENTATION_CONTEXT('Part 1','COMPONENT_PART')
);
#6973=(
GEOMETRIC_REPRESENTATION_CONTEXT(3)
GLOBAL_UNCERTAINTY_ASSIGNED_CONTEXT((#7002))
GLOBAL_UNIT_ASSIGNED_CONTEXT((#7021,#7020,#7019))
REPRESENTATION_CONTEXT('Part 1','COMPONENT_PART')
);
#6974=(
GEOMETRIC_REPRESENTATION_CONTEXT(3)
GLOBAL_UNCERTAINTY_ASSIGNED_CONTEXT((#7003))
GLOBAL_UNIT_ASSIGNED_CONTEXT((#7021,#7020,#7019))
REPRESENTATION_CONTEXT('Part 1','COMPONENT_PART')
);
#6975=(
GEOMETRIC_REPRESENTATION_CONTEXT(3)
GLOBAL_UNCERTAINTY_ASSIGNED_CONTEXT((#7004))
GLOBAL_UNIT_ASSIGNED_CONTEXT((#7021,#7020,#7019))
REPRESENTATION_CONTEXT('Right Leg <1>','COMPONENT_PART')
);
#6976=(
GEOMETRIC_REPRESENTATION_CONTEXT(3)
GLOBAL_UNCERTAINTY_ASSIGNED_CONTEXT((#7005))
GLOBAL_UNIT_ASSIGNED_CONTEXT((#7021,#7020,#7019))
REPRESENTATION_CONTEXT('Part 1','COMPONENT_PART')
);
#6977=(
GEOMETRIC_REPRESENTATION_CONTEXT(3)
GLOBAL_UNCERTAINTY_ASSIGNED_CONTEXT((#7006))
GLOBAL_UNIT_ASSIGNED_CONTEXT((#7021,#7020,#7019))
REPRESENTATION_CONTEXT('Part 1','COMPONENT_PART')
);
#6978=(
GEOMETRIC_REPRESENTATION_CONTEXT(3)
GLOBAL_UNCERTAINTY_ASSIGNED_CONTEXT((#7007))
GLOBAL_UNIT_ASSIGNED_CONTEXT((#7021,#7020,#7019))
REPRESENTATION_CONTEXT('Offset Shaft <1>','COMPONENT_PART')
);
#6979=(
GEOMETRIC_REPRESENTATION_CONTEXT(3)
GLOBAL_UNCERTAINTY_ASSIGNED_CONTEXT((#7008))
GLOBAL_UNIT_ASSIGNED_CONTEXT((#7021,#7020,#7019))
REPRESENTATION_CONTEXT('Part 1','COMPONENT_PART')
);
#6980=(
GEOMETRIC_REPRESENTATION_CONTEXT(3)
GLOBAL_UNCERTAINTY_ASSIGNED_CONTEXT((#7009))
GLOBAL_UNIT_ASSIGNED_CONTEXT((#7021,#7020,#7019))
REPRESENTATION_CONTEXT('Leg W/ Backplate <3>','COMPONENT_PART')
);
#6981=(
GEOMETRIC_REPRESENTATION_CONTEXT(3)
GLOBAL_UNCERTAINTY_ASSIGNED_CONTEXT((#7010))
GLOBAL_UNIT_ASSIGNED_CONTEXT((#7021,#7020,#7019))
REPRESENTATION_CONTEXT('Offset Shaft <1>','COMPONENT_PART')
);
#6982=(
GEOMETRIC_REPRESENTATION_CONTEXT(3)
GLOBAL_UNCERTAINTY_ASSIGNED_CONTEXT((#7011))
GLOBAL_UNIT_ASSIGNED_CONTEXT((#7021,#7020,#7019))
REPRESENTATION_CONTEXT('Leg Pair <1>','COMPONENT_PART')
);
#6983=(
GEOMETRIC_REPRESENTATION_CONTEXT(3)
GLOBAL_UNCERTAINTY_ASSIGNED_CONTEXT((#7012))
GLOBAL_UNIT_ASSIGNED_CONTEXT((#7021,#7020,#7019))
REPRESENTATION_CONTEXT('Right Leg <1>','COMPONENT_PART')
);
#6984=(
GEOMETRIC_REPRESENTATION_CONTEXT(3)
GLOBAL_UNCERTAINTY_ASSIGNED_CONTEXT((#7013))
GLOBAL_UNIT_ASSIGNED_CONTEXT((#7021,#7020,#7019))
REPRESENTATION_CONTEXT('Left Leg <1>','COMPONENT_PART')
);
#6985=(
GEOMETRIC_REPRESENTATION_CONTEXT(3)
GLOBAL_UNCERTAINTY_ASSIGNED_CONTEXT((#7014))
GLOBAL_UNIT_ASSIGNED_CONTEXT((#7021,#7020,#7019))
REPRESENTATION_CONTEXT('Leg W/ Backplate <2>','COMPONENT_PART')
);
#6986=(
GEOMETRIC_REPRESENTATION_CONTEXT(3)
GLOBAL_UNCERTAINTY_ASSIGNED_CONTEXT((#7015))
GLOBAL_UNIT_ASSIGNED_CONTEXT((#7021,#7020,#7019))
REPRESENTATION_CONTEXT('Leg Pair <1>','COMPONENT_PART')
);
#6987=(
GEOMETRIC_REPRESENTATION_CONTEXT(3)
GLOBAL_UNCERTAINTY_ASSIGNED_CONTEXT((#7016))
GLOBAL_UNIT_ASSIGNED_CONTEXT((#7021,#7020,#7019))
REPRESENTATION_CONTEXT('Right Leg <1>','COMPONENT_PART')
);
#6988=(
GEOMETRIC_REPRESENTATION_CONTEXT(3)
GLOBAL_UNCERTAINTY_ASSIGNED_CONTEXT((#7017))
GLOBAL_UNIT_ASSIGNED_CONTEXT((#7021,#7020,#7019))
REPRESENTATION_CONTEXT('Left Leg <1>','COMPONENT_PART')
);
#6989=(
GEOMETRIC_REPRESENTATION_CONTEXT(3)
GLOBAL_UNCERTAINTY_ASSIGNED_CONTEXT((#7018))
GLOBAL_UNIT_ASSIGNED_CONTEXT((#7021,#7020,#7019))
REPRESENTATION_CONTEXT('Offset Shaft <1>','COMPONENT_PART')
);
#6990=UNCERTAINTY_MEASURE_WITH_UNIT(LENGTH_MEASURE(1.E-8),#7021,
'DISTANCE_ACCURACY_VALUE','Maximum Tolerance applied to model');
#6991=UNCERTAINTY_MEASURE_WITH_UNIT(LENGTH_MEASURE(1.E-8),#7021,
'DISTANCE_ACCURACY_VALUE','Maximum Tolerance applied to model');
#6992=UNCERTAINTY_MEASURE_WITH_UNIT(LENGTH_MEASURE(1.E-8),#7021,
'DISTANCE_ACCURACY_VALUE','Maximum Tolerance applied to model');
#6993=UNCERTAINTY_MEASURE_WITH_UNIT(LENGTH_MEASURE(1.E-8),#7021,
'DISTANCE_ACCURACY_VALUE','Maximum Tolerance applied to model');
#6994=UNCERTAINTY_MEASURE_WITH_UNIT(LENGTH_MEASURE(1.E-8),#7021,
'DISTANCE_ACCURACY_VALUE','Maximum Tolerance applied to model');
#6995=UNCERTAINTY_MEASURE_WITH_UNIT(LENGTH_MEASURE(1.E-8),#7021,
'DISTANCE_ACCURACY_VALUE','Maximum Tolerance applied to model');
#6996=UNCERTAINTY_MEASURE_WITH_UNIT(LENGTH_MEASURE(1.E-8),#7021,
'DISTANCE_ACCURACY_VALUE','Maximum Tolerance applied to model');
#6997=UNCERTAINTY_MEASURE_WITH_UNIT(LENGTH_MEASURE(1.E-8),#7021,
'DISTANCE_ACCURACY_VALUE','Maximum Tolerance applied to model');
#6998=UNCERTAINTY_MEASURE_WITH_UNIT(LENGTH_MEASURE(1.E-8),#7021,
'DISTANCE_ACCURACY_VALUE','Maximum Tolerance applied to model');
#6999=UNCERTAINTY_MEASURE_WITH_UNIT(LENGTH_MEASURE(1.E-8),#7021,
'DISTANCE_ACCURACY_VALUE','Maximum Tolerance applied to model');
#7000=UNCERTAINTY_MEASURE_WITH_UNIT(LENGTH_MEASURE(1.E-8),#7021,
'DISTANCE_ACCURACY_VALUE','Maximum Tolerance applied to model');
#7001=UNCERTAINTY_MEASURE_WITH_UNIT(LENGTH_MEASURE(1.E-8),#7021,
'DISTANCE_ACCURACY_VALUE','Maximum Tolerance applied to model');
#7002=UNCERTAINTY_MEASURE_WITH_UNIT(LENGTH_MEASURE(1.E-8),#7021,
'DISTANCE_ACCURACY_VALUE','Maximum Tolerance applied to model');
#7003=UNCERTAINTY_MEASURE_WITH_UNIT(LENGTH_MEASURE(1.E-8),#7021,
'DISTANCE_ACCURACY_VALUE','Maximum Tolerance applied to model');
#7004=UNCERTAINTY_MEASURE_WITH_UNIT(LENGTH_MEASURE(1.E-8),#7021,
'DISTANCE_ACCURACY_VALUE','Maximum Tolerance applied to model');
#7005=UNCERTAINTY_MEASURE_WITH_UNIT(LENGTH_MEASURE(1.E-8),#7021,
'DISTANCE_ACCURACY_VALUE','Maximum Tolerance applied to model');
#7006=UNCERTAINTY_MEASURE_WITH_UNIT(LENGTH_MEASURE(1.E-8),#7021,
'DISTANCE_ACCURACY_VALUE','Maximum Tolerance applied to model');
#7007=UNCERTAINTY_MEASURE_WITH_UNIT(LENGTH_MEASURE(1.E-8),#7021,
'DISTANCE_ACCURACY_VALUE','Maximum Tolerance applied to model');
#7008=UNCERTAINTY_MEASURE_WITH_UNIT(LENGTH_MEASURE(1.E-8),#7021,
'DISTANCE_ACCURACY_VALUE','Maximum Tolerance applied to model');
#7009=UNCERTAINTY_MEASURE_WITH_UNIT(LENGTH_MEASURE(1.E-8),#7021,
'DISTANCE_ACCURACY_VALUE','Maximum Tolerance applied to model');
#7010=UNCERTAINTY_MEASURE_WITH_UNIT(LENGTH_MEASURE(1.E-8),#7021,
'DISTANCE_ACCURACY_VALUE','Maximum Tolerance applied to model');
#7011=UNCERTAINTY_MEASURE_WITH_UNIT(LENGTH_MEASURE(1.E-8),#7021,
'DISTANCE_ACCURACY_VALUE','Maximum Tolerance applied to model');
#7012=UNCERTAINTY_MEASURE_WITH_UNIT(LENGTH_MEASURE(1.E-8),#7021,
'DISTANCE_ACCURACY_VALUE','Maximum Tolerance applied to model');
#7013=UNCERTAINTY_MEASURE_WITH_UNIT(LENGTH_MEASURE(1.E-8),#7021,
'DISTANCE_ACCURACY_VALUE','Maximum Tolerance applied to model');
#7014=UNCERTAINTY_MEASURE_WITH_UNIT(LENGTH_MEASURE(1.E-8),#7021,
'DISTANCE_ACCURACY_VALUE','Maximum Tolerance applied to model');
#7015=UNCERTAINTY_MEASURE_WITH_UNIT(LENGTH_MEASURE(1.E-8),#7021,
'DISTANCE_ACCURACY_VALUE','Maximum Tolerance applied to model');
#7016=UNCERTAINTY_MEASURE_WITH_UNIT(LENGTH_MEASURE(1.E-8),#7021,
'DISTANCE_ACCURACY_VALUE','Maximum Tolerance applied to model');
#7017=UNCERTAINTY_MEASURE_WITH_UNIT(LENGTH_MEASURE(1.E-8),#7021,
'DISTANCE_ACCURACY_VALUE','Maximum Tolerance applied to model');
#7018=UNCERTAINTY_MEASURE_WITH_UNIT(LENGTH_MEASURE(1.E-8),#7021,
'DISTANCE_ACCURACY_VALUE','Maximum Tolerance applied to model');
#7019=(
NAMED_UNIT(*)
SI_UNIT($,.STERADIAN.)
SOLID_ANGLE_UNIT()
);
#7020=(
NAMED_UNIT(*)
PLANE_ANGLE_UNIT()
SI_UNIT($,.RADIAN.)
);
#7021=(
LENGTH_UNIT()
NAMED_UNIT(*)
SI_UNIT($,.METRE.)
);
#7022=PRODUCT_DEFINITION_SHAPE('','',#7118);
#7023=PRODUCT_DEFINITION_SHAPE('','',#7119);
#7024=PRODUCT_DEFINITION_SHAPE(' ','NAUO PRDDFN',#338);
#7025=PRODUCT_DEFINITION_SHAPE('','',#7120);
#7026=PRODUCT_DEFINITION_SHAPE('','',#7121);
#7027=PRODUCT_DEFINITION_SHAPE(' ','NAUO PRDDFN',#339);
#7028=PRODUCT_DEFINITION_SHAPE('','',#7122);
#7029=PRODUCT_DEFINITION_SHAPE(' ','NAUO PRDDFN',#340);
#7030=PRODUCT_DEFINITION_SHAPE('','',#7123);
#7031=PRODUCT_DEFINITION_SHAPE(' ','NAUO PRDDFN',#341);
#7032=PRODUCT_DEFINITION_SHAPE('','',#7124);
#7033=PRODUCT_DEFINITION_SHAPE('','',#7125);
#7034=PRODUCT_DEFINITION_SHAPE('','',#7126);
#7035=PRODUCT_DEFINITION_SHAPE(' ','NAUO PRDDFN',#342);
#7036=PRODUCT_DEFINITION_SHAPE('','',#7127);
#7037=PRODUCT_DEFINITION_SHAPE(' ','NAUO PRDDFN',#343);
#7038=PRODUCT_DEFINITION_SHAPE('','',#7128);
#7039=PRODUCT_DEFINITION_SHAPE(' ','NAUO PRDDFN',#344);
#7040=PRODUCT_DEFINITION_SHAPE('','',#7129);
#7041=PRODUCT_DEFINITION_SHAPE(' ','NAUO PRDDFN',#345);
#7042=PRODUCT_DEFINITION_SHAPE('','',#7130);
#7043=PRODUCT_DEFINITION_SHAPE(' ','NAUO PRDDFN',#346);
#7044=PRODUCT_DEFINITION_SHAPE('','',#7131);
#7045=PRODUCT_DEFINITION_SHAPE(' ','NAUO PRDDFN',#347);
#7046=PRODUCT_DEFINITION_SHAPE(' ','NAUO PRDDFN',#348);
#7047=PRODUCT_DEFINITION_SHAPE('','',#7132);
#7048=PRODUCT_DEFINITION_SHAPE(' ','NAUO PRDDFN',#349);
#7049=PRODUCT_DEFINITION_SHAPE('','',#7133);
#7050=PRODUCT_DEFINITION_SHAPE(' ','NAUO PRDDFN',#350);
#7051=PRODUCT_DEFINITION_SHAPE(' ','NAUO PRDDFN',#351);
#7052=PRODUCT_DEFINITION_SHAPE(' ','NAUO PRDDFN',#352);
#7053=PRODUCT_DEFINITION_SHAPE(' ','NAUO PRDDFN',#353);
#7054=PRODUCT_DEFINITION_SHAPE('','',#7134);
#7055=PRODUCT_DEFINITION_SHAPE(' ','NAUO PRDDFN',#354);
#7056=PRODUCT_DEFINITION_SHAPE(' ','NAUO PRDDFN',#355);
#7057=PRODUCT_DEFINITION_SHAPE(' ','NAUO PRDDFN',#356);
#7058=PRODUCT_DEFINITION_SHAPE('','',#7135);
#7059=PRODUCT_DEFINITION_SHAPE('','',#7136);
#7060=PRODUCT_DEFINITION_SHAPE(' ','NAUO PRDDFN',#357);
#7061=PRODUCT_DEFINITION_SHAPE(' ','NAUO PRDDFN',#358);
#7062=PRODUCT_DEFINITION_SHAPE(' ','NAUO PRDDFN',#359);
#7063=PRODUCT_DEFINITION_SHAPE(' ','NAUO PRDDFN',#360);
#7064=PRODUCT_DEFINITION_SHAPE('','',#7137);
#7065=PRODUCT_DEFINITION_SHAPE(' ','NAUO PRDDFN',#361);
#7066=PRODUCT_DEFINITION_SHAPE(' ','NAUO PRDDFN',#362);
#7067=PRODUCT_DEFINITION_SHAPE(' ','NAUO PRDDFN',#363);
#7068=PRODUCT_DEFINITION_SHAPE('','',#7138);
#7069=PRODUCT_DEFINITION_SHAPE(' ','NAUO PRDDFN',#364);
#7070=PRODUCT_DEFINITION_SHAPE(' ','NAUO PRDDFN',#365);
#7071=PRODUCT_DEFINITION_SHAPE(' ','NAUO PRDDFN',#366);
#7072=PRODUCT_DEFINITION_SHAPE('','',#7139);
#7073=PRODUCT_DEFINITION_SHAPE('','',#7140);
#7074=PRODUCT_DEFINITION_SHAPE(' ','NAUO PRDDFN',#367);
#7075=PRODUCT_DEFINITION_SHAPE(' ','NAUO PRDDFN',#368);
#7076=PRODUCT_DEFINITION_SHAPE(' ','NAUO PRDDFN',#369);
#7077=PRODUCT_DEFINITION_SHAPE(' ','NAUO PRDDFN',#370);
#7078=PRODUCT_DEFINITION_SHAPE(' ','NAUO PRDDFN',#371);
#7079=PRODUCT_DEFINITION_SHAPE(' ','NAUO PRDDFN',#372);
#7080=PRODUCT_DEFINITION_SHAPE(' ','NAUO PRDDFN',#373);
#7081=PRODUCT_DEFINITION_SHAPE('','',#7141);
#7082=PRODUCT_DEFINITION_SHAPE(' ','NAUO PRDDFN',#374);
#7083=PRODUCT_DEFINITION_SHAPE(' ','NAUO PRDDFN',#375);
#7084=PRODUCT_DEFINITION_SHAPE(' ','NAUO PRDDFN',#376);
#7085=PRODUCT_DEFINITION_SHAPE(' ','NAUO PRDDFN',#377);
#7086=PRODUCT_DEFINITION_SHAPE(' ','NAUO PRDDFN',#378);
#7087=PRODUCT_DEFINITION_SHAPE(' ','NAUO PRDDFN',#379);
#7088=PRODUCT_DEFINITION_SHAPE(' ','NAUO PRDDFN',#380);
#7089=PRODUCT_DEFINITION_SHAPE(' ','NAUO PRDDFN',#381);
#7090=PRODUCT_DEFINITION_SHAPE(' ','NAUO PRDDFN',#382);
#7091=PRODUCT_DEFINITION_SHAPE('','',#7142);
#7092=PRODUCT_DEFINITION_SHAPE(' ','NAUO PRDDFN',#383);
#7093=PRODUCT_DEFINITION_SHAPE(' ','NAUO PRDDFN',#384);
#7094=PRODUCT_DEFINITION_SHAPE(' ','NAUO PRDDFN',#385);
#7095=PRODUCT_DEFINITION_SHAPE('','',#7143);
#7096=PRODUCT_DEFINITION_SHAPE('','',#7144);
#7097=PRODUCT_DEFINITION_SHAPE(' ','NAUO PRDDFN',#386);
#7098=PRODUCT_DEFINITION_SHAPE(' ','NAUO PRDDFN',#387);
#7099=PRODUCT_DEFINITION_SHAPE(' ','NAUO PRDDFN',#388);
#7100=PRODUCT_DEFINITION_SHAPE(' ','NAUO PRDDFN',#389);
#7101=PRODUCT_DEFINITION_SHAPE(' ','NAUO PRDDFN',#390);
#7102=PRODUCT_DEFINITION_SHAPE(' ','NAUO PRDDFN',#391);
#7103=PRODUCT_DEFINITION_SHAPE(' ','NAUO PRDDFN',#392);
#7104=PRODUCT_DEFINITION_SHAPE('','',#7145);
#7105=PRODUCT_DEFINITION_SHAPE(' ','NAUO PRDDFN',#393);
#7106=PRODUCT_DEFINITION_SHAPE(' ','NAUO PRDDFN',#394);
#7107=PRODUCT_DEFINITION_SHAPE(' ','NAUO PRDDFN',#395);
#7108=PRODUCT_DEFINITION_SHAPE(' ','NAUO PRDDFN',#396);
#7109=PRODUCT_DEFINITION_SHAPE(' ','NAUO PRDDFN',#397);
#7110=PRODUCT_DEFINITION_SHAPE(' ','NAUO PRDDFN',#398);
#7111=PRODUCT_DEFINITION_SHAPE(' ','NAUO PRDDFN',#399);
#7112=PRODUCT_DEFINITION_SHAPE(' ','NAUO PRDDFN',#400);
#7113=PRODUCT_DEFINITION_SHAPE('','',#7146);
#7114=PRODUCT_DEFINITION_SHAPE(' ','NAUO PRDDFN',#401);
#7115=PRODUCT_DEFINITION_SHAPE(' ','NAUO PRDDFN',#402);
#7116=PRODUCT_DEFINITION_SHAPE(' ','NAUO PRDDFN',#403);
#7117=PRODUCT_DEFINITION_SHAPE(' ','NAUO PRDDFN',#404);
#7118=PRODUCT_DEFINITION('','',#7176,#7147);
#7119=PRODUCT_DEFINITION('','',#7177,#7148);
#7120=PRODUCT_DEFINITION('','',#7178,#7149);
#7121=PRODUCT_DEFINITION('','',#7179,#7150);
#7122=PRODUCT_DEFINITION('','',#7180,#7151);
#7123=PRODUCT_DEFINITION('','',#7181,#7152);
#7124=PRODUCT_DEFINITION('','',#7182,#7153);
#7125=PRODUCT_DEFINITION('','',#7183,#7154);
#7126=PRODUCT_DEFINITION('','',#7184,#7155);
#7127=PRODUCT_DEFINITION('','',#7185,#7156);
#7128=PRODUCT_DEFINITION('','',#7186,#7157);
#7129=PRODUCT_DEFINITION('','',#7187,#7158);
#7130=PRODUCT_DEFINITION('','',#7188,#7159);
#7131=PRODUCT_DEFINITION('','',#7189,#7160);
#7132=PRODUCT_DEFINITION('','',#7190,#7161);
#7133=PRODUCT_DEFINITION('','',#7191,#7162);
#7134=PRODUCT_DEFINITION('','',#7192,#7163);
#7135=PRODUCT_DEFINITION('','',#7193,#7164);
#7136=PRODUCT_DEFINITION('','',#7194,#7165);
#7137=PRODUCT_DEFINITION('','',#7195,#7166);
#7138=PRODUCT_DEFINITION('','',#7196,#7167);
#7139=PRODUCT_DEFINITION('','',#7197,#7168);
#7140=PRODUCT_DEFINITION('','',#7198,#7169);
#7141=PRODUCT_DEFINITION('','',#7199,#7170);
#7142=PRODUCT_DEFINITION('','',#7200,#7171);
#7143=PRODUCT_DEFINITION('','',#7201,#7172);
#7144=PRODUCT_DEFINITION('','',#7202,#7173);
#7145=PRODUCT_DEFINITION('','',#7203,#7174);
#7146=PRODUCT_DEFINITION('','',#7204,#7175);
#7147=PRODUCT_DEFINITION_CONTEXT('',#7322,'design');
#7148=PRODUCT_DEFINITION_CONTEXT('',#7322,'design');
#7149=PRODUCT_DEFINITION_CONTEXT('',#7322,'design');
#7150=PRODUCT_DEFINITION_CONTEXT('',#7322,'design');
#7151=PRODUCT_DEFINITION_CONTEXT('',#7322,'design');
#7152=PRODUCT_DEFINITION_CONTEXT('',#7322,'design');
#7153=PRODUCT_DEFINITION_CONTEXT('',#7322,'design');
#7154=PRODUCT_DEFINITION_CONTEXT('',#7322,'design');
#7155=PRODUCT_DEFINITION_CONTEXT('',#7322,'design');
#7156=PRODUCT_DEFINITION_CONTEXT('',#7322,'design');
#7157=PRODUCT_DEFINITION_CONTEXT('',#7322,'design');
#7158=PRODUCT_DEFINITION_CONTEXT('',#7322,'design');
#7159=PRODUCT_DEFINITION_CONTEXT('',#7322,'design');
#7160=PRODUCT_DEFINITION_CONTEXT('',#7322,'design');
#7161=PRODUCT_DEFINITION_CONTEXT('',#7322,'design');
#7162=PRODUCT_DEFINITION_CONTEXT('',#7322,'design');
#7163=PRODUCT_DEFINITION_CONTEXT('',#7322,'design');
#7164=PRODUCT_DEFINITION_CONTEXT('',#7322,'design');
#7165=PRODUCT_DEFINITION_CONTEXT('',#7322,'design');
#7166=PRODUCT_DEFINITION_CONTEXT('',#7322,'design');
#7167=PRODUCT_DEFINITION_CONTEXT('',#7322,'design');
#7168=PRODUCT_DEFINITION_CONTEXT('',#7322,'design');
#7169=PRODUCT_DEFINITION_CONTEXT('',#7322,'design');
#7170=PRODUCT_DEFINITION_CONTEXT('',#7322,'design');
#7171=PRODUCT_DEFINITION_CONTEXT('',#7322,'design');
#7172=PRODUCT_DEFINITION_CONTEXT('',#7322,'design');
#7173=PRODUCT_DEFINITION_CONTEXT('',#7322,'design');
#7174=PRODUCT_DEFINITION_CONTEXT('',#7322,'design');
#7175=PRODUCT_DEFINITION_CONTEXT('',#7322,'design');
#7176=PRODUCT_DEFINITION_FORMATION_WITH_SPECIFIED_SOURCE('','',#7234,
 .NOT_KNOWN.);
#7177=PRODUCT_DEFINITION_FORMATION_WITH_SPECIFIED_SOURCE('','',#7235,
 .NOT_KNOWN.);
#7178=PRODUCT_DEFINITION_FORMATION_WITH_SPECIFIED_SOURCE('','',#7236,
 .NOT_KNOWN.);
#7179=PRODUCT_DEFINITION_FORMATION_WITH_SPECIFIED_SOURCE('','',#7237,
 .NOT_KNOWN.);
#7180=PRODUCT_DEFINITION_FORMATION_WITH_SPECIFIED_SOURCE('','',#7238,
 .NOT_KNOWN.);
#7181=PRODUCT_DEFINITION_FORMATION_WITH_SPECIFIED_SOURCE('','',#7239,
 .NOT_KNOWN.);
#7182=PRODUCT_DEFINITION_FORMATION_WITH_SPECIFIED_SOURCE('','',#7240,
 .NOT_KNOWN.);
#7183=PRODUCT_DEFINITION_FORMATION_WITH_SPECIFIED_SOURCE('','',#7241,
 .NOT_KNOWN.);
#7184=PRODUCT_DEFINITION_FORMATION_WITH_SPECIFIED_SOURCE('','',#7242,
 .NOT_KNOWN.);
#7185=PRODUCT_DEFINITION_FORMATION_WITH_SPECIFIED_SOURCE('','',#7243,
 .NOT_KNOWN.);
#7186=PRODUCT_DEFINITION_FORMATION_WITH_SPECIFIED_SOURCE('','',#7244,
 .NOT_KNOWN.);
#7187=PRODUCT_DEFINITION_FORMATION_WITH_SPECIFIED_SOURCE('','',#7245,
 .NOT_KNOWN.);
#7188=PRODUCT_DEFINITION_FORMATION_WITH_SPECIFIED_SOURCE('','',#7246,
 .NOT_KNOWN.);
#7189=PRODUCT_DEFINITION_FORMATION_WITH_SPECIFIED_SOURCE('','',#7247,
 .NOT_KNOWN.);
#7190=PRODUCT_DEFINITION_FORMATION_WITH_SPECIFIED_SOURCE('','',#7248,
 .NOT_KNOWN.);
#7191=PRODUCT_DEFINITION_FORMATION_WITH_SPECIFIED_SOURCE('','',#7249,
 .NOT_KNOWN.);
#7192=PRODUCT_DEFINITION_FORMATION_WITH_SPECIFIED_SOURCE('','',#7250,
 .NOT_KNOWN.);
#7193=PRODUCT_DEFINITION_FORMATION_WITH_SPECIFIED_SOURCE('','',#7251,
 .NOT_KNOWN.);
#7194=PRODUCT_DEFINITION_FORMATION_WITH_SPECIFIED_SOURCE('','',#7252,
 .NOT_KNOWN.);
#7195=PRODUCT_DEFINITION_FORMATION_WITH_SPECIFIED_SOURCE('','',#7253,
 .NOT_KNOWN.);
#7196=PRODUCT_DEFINITION_FORMATION_WITH_SPECIFIED_SOURCE('','',#7254,
 .NOT_KNOWN.);
#7197=PRODUCT_DEFINITION_FORMATION_WITH_SPECIFIED_SOURCE('','',#7255,
 .NOT_KNOWN.);
#7198=PRODUCT_DEFINITION_FORMATION_WITH_SPECIFIED_SOURCE('','',#7256,
 .NOT_KNOWN.);
#7199=PRODUCT_DEFINITION_FORMATION_WITH_SPECIFIED_SOURCE('','',#7257,
 .NOT_KNOWN.);
#7200=PRODUCT_DEFINITION_FORMATION_WITH_SPECIFIED_SOURCE('','',#7258,
 .NOT_KNOWN.);
#7201=PRODUCT_DEFINITION_FORMATION_WITH_SPECIFIED_SOURCE('','',#7259,
 .NOT_KNOWN.);
#7202=PRODUCT_DEFINITION_FORMATION_WITH_SPECIFIED_SOURCE('','',#7260,
 .NOT_KNOWN.);
#7203=PRODUCT_DEFINITION_FORMATION_WITH_SPECIFIED_SOURCE('','',#7261,
 .NOT_KNOWN.);
#7204=PRODUCT_DEFINITION_FORMATION_WITH_SPECIFIED_SOURCE('','',#7262,
 .NOT_KNOWN.);
#7205=PRODUCT_RELATED_PRODUCT_CATEGORY('','',(#7234));
#7206=PRODUCT_RELATED_PRODUCT_CATEGORY('','',(#7235));
#7207=PRODUCT_RELATED_PRODUCT_CATEGORY('','',(#7236));
#7208=PRODUCT_RELATED_PRODUCT_CATEGORY('','',(#7237));
#7209=PRODUCT_RELATED_PRODUCT_CATEGORY('','',(#7238));
#7210=PRODUCT_RELATED_PRODUCT_CATEGORY('','',(#7239));
#7211=PRODUCT_RELATED_PRODUCT_CATEGORY('','',(#7240));
#7212=PRODUCT_RELATED_PRODUCT_CATEGORY('','',(#7241));
#7213=PRODUCT_RELATED_PRODUCT_CATEGORY('','',(#7242));
#7214=PRODUCT_RELATED_PRODUCT_CATEGORY('','',(#7243));
#7215=PRODUCT_RELATED_PRODUCT_CATEGORY('','',(#7244));
#7216=PRODUCT_RELATED_PRODUCT_CATEGORY('','',(#7245));
#7217=PRODUCT_RELATED_PRODUCT_CATEGORY('','',(#7246));
#7218=PRODUCT_RELATED_PRODUCT_CATEGORY('','',(#7247));
#7219=PRODUCT_RELATED_PRODUCT_CATEGORY('','',(#7248));
#7220=PRODUCT_RELATED_PRODUCT_CATEGORY('','',(#7249));
#7221=PRODUCT_RELATED_PRODUCT_CATEGORY('','',(#7250));
#7222=PRODUCT_RELATED_PRODUCT_CATEGORY('','',(#7251));
#7223=PRODUCT_RELATED_PRODUCT_CATEGORY('','',(#7252));
#7224=PRODUCT_RELATED_PRODUCT_CATEGORY('','',(#7253));
#7225=PRODUCT_RELATED_PRODUCT_CATEGORY('','',(#7254));
#7226=PRODUCT_RELATED_PRODUCT_CATEGORY('','',(#7255));
#7227=PRODUCT_RELATED_PRODUCT_CATEGORY('','',(#7256));
#7228=PRODUCT_RELATED_PRODUCT_CATEGORY('','',(#7257));
#7229=PRODUCT_RELATED_PRODUCT_CATEGORY('','',(#7258));
#7230=PRODUCT_RELATED_PRODUCT_CATEGORY('','',(#7259));
#7231=PRODUCT_RELATED_PRODUCT_CATEGORY('','',(#7260));
#7232=PRODUCT_RELATED_PRODUCT_CATEGORY('','',(#7261));
#7233=PRODUCT_RELATED_PRODUCT_CATEGORY('','',(#7262));
#7234=PRODUCT('3x Leg Pair','3x Leg Pair','3x Leg Pair',(#7292));
#7235=PRODUCT('Part 1','Part 1','Part 1',(#7293));
#7236=PRODUCT('Leg W/ Backplate <1>','Leg W/ Backplate <1>',
'Leg W/ Backplate <1>',(#7294));
#7237=PRODUCT('Part 1','Part 1','Part 1',(#7295));
#7238=PRODUCT('8mm ID Bearing (22mm OD, 7mm WD, Shielded)',
'8mm ID Bearing (22mm OD, 7mm WD, Shielded)',
'8mm ID Bearing (22mm OD, 7mm WD, Shielded)',(#7296));
#7239=PRODUCT('Part 1','Part 1','Part 1',(#7297));
#7240=PRODUCT('Leg Pair <1>','Leg Pair <1>','Leg Pair <1>',(#7298));
#7241=PRODUCT('Left Leg <1>','Left Leg <1>','Left Leg <1>',(#7299));
#7242=PRODUCT('Part 1','Part 1','Part 1',(#7300));
#7243=PRODUCT('Part 1','Part 1','Part 1',(#7301));
#7244=PRODUCT('Part 1','Part 1','Part 1',(#7302));
#7245=PRODUCT('Part 1','Part 1','Part 1',(#7303));
#7246=PRODUCT('Part 1','Part 1','Part 1',(#7304));
#7247=PRODUCT('Part 1','Part 1','Part 1',(#7305));
#7248=PRODUCT('Right Leg <1>','Right Leg <1>','Right Leg <1>',(#7306));
#7249=PRODUCT('Part 1','Part 1','Part 1',(#7307));
#7250=PRODUCT('Part 1','Part 1','Part 1',(#7308));
#7251=PRODUCT('Offset Shaft <1>','Offset Shaft <1>','Offset Shaft <1>',
(#7309));
#7252=PRODUCT('Part 1','Part 1','Part 1',(#7310));
#7253=PRODUCT('Leg W/ Backplate <3>','Leg W/ Backplate <3>',
'Leg W/ Backplate <3>',(#7311));
#7254=PRODUCT('Offset Shaft <1>','Offset Shaft <1>','Offset Shaft <1>',
(#7312));
#7255=PRODUCT('Leg Pair <1>','Leg Pair <1>','Leg Pair <1>',(#7313));
#7256=PRODUCT('Right Leg <1>','Right Leg <1>','Right Leg <1>',(#7314));
#7257=PRODUCT('Left Leg <1>','Left Leg <1>','Left Leg <1>',(#7315));
#7258=PRODUCT('Leg W/ Backplate <2>','Leg W/ Backplate <2>',
'Leg W/ Backplate <2>',(#7316));
#7259=PRODUCT('Leg Pair <1>','Leg Pair <1>','Leg Pair <1>',(#7317));
#7260=PRODUCT('Right Leg <1>','Right Leg <1>','Right Leg <1>',(#7318));
#7261=PRODUCT('Left Leg <1>','Left Leg <1>','Left Leg <1>',(#7319));
#7262=PRODUCT('Offset Shaft <1>','Offset Shaft <1>','Offset Shaft <1>',
(#7320));
#7263=PRODUCT_CATEGORY('','');
#7264=PRODUCT_CATEGORY('','');
#7265=PRODUCT_CATEGORY('','');
#7266=PRODUCT_CATEGORY('','');
#7267=PRODUCT_CATEGORY('','');
#7268=PRODUCT_CATEGORY('','');
#7269=PRODUCT_CATEGORY('','');
#7270=PRODUCT_CATEGORY('','');
#7271=PRODUCT_CATEGORY('','');
#7272=PRODUCT_CATEGORY('','');
#7273=PRODUCT_CATEGORY('','');
#7274=PRODUCT_CATEGORY('','');
#7275=PRODUCT_CATEGORY('','');
#7276=PRODUCT_CATEGORY('','');
#7277=PRODUCT_CATEGORY('','');
#7278=PRODUCT_CATEGORY('','');
#7279=PRODUCT_CATEGORY('','');
#7280=PRODUCT_CATEGORY('','');
#7281=PRODUCT_CATEGORY('','');
#7282=PRODUCT_CATEGORY('','');
#7283=PRODUCT_CATEGORY('','');
#7284=PRODUCT_CATEGORY('','');
#7285=PRODUCT_CATEGORY('','');
#7286=PRODUCT_CATEGORY('','');
#7287=PRODUCT_CATEGORY('','');
#7288=PRODUCT_CATEGORY('','');
#7289=PRODUCT_CATEGORY('','');
#7290=PRODUCT_CATEGORY('','');
#7291=PRODUCT_CATEGORY('','');
#7292=PRODUCT_CONTEXT('',#7322,'mechanical');
#7293=PRODUCT_CONTEXT('',#7322,'mechanical');
#7294=PRODUCT_CONTEXT('',#7322,'mechanical');
#7295=PRODUCT_CONTEXT('',#7322,'mechanical');
#7296=PRODUCT_CONTEXT('',#7322,'mechanical');
#7297=PRODUCT_CONTEXT('',#7322,'mechanical');
#7298=PRODUCT_CONTEXT('',#7322,'mechanical');
#7299=PRODUCT_CONTEXT('',#7322,'mechanical');
#7300=PRODUCT_CONTEXT('',#7322,'mechanical');
#7301=PRODUCT_CONTEXT('',#7322,'mechanical');
#7302=PRODUCT_CONTEXT('',#7322,'mechanical');
#7303=PRODUCT_CONTEXT('',#7322,'mechanical');
#7304=PRODUCT_CONTEXT('',#7322,'mechanical');
#7305=PRODUCT_CONTEXT('',#7322,'mechanical');
#7306=PRODUCT_CONTEXT('',#7322,'mechanical');
#7307=PRODUCT_CONTEXT('',#7322,'mechanical');
#7308=PRODUCT_CONTEXT('',#7322,'mechanical');
#7309=PRODUCT_CONTEXT('',#7322,'mechanical');
#7310=PRODUCT_CONTEXT('',#7322,'mechanical');
#7311=PRODUCT_CONTEXT('',#7322,'mechanical');
#7312=PRODUCT_CONTEXT('',#7322,'mechanical');
#7313=PRODUCT_CONTEXT('',#7322,'mechanical');
#7314=PRODUCT_CONTEXT('',#7322,'mechanical');
#7315=PRODUCT_CONTEXT('',#7322,'mechanical');
#7316=PRODUCT_CONTEXT('',#7322,'mechanical');
#7317=PRODUCT_CONTEXT('',#7322,'mechanical');
#7318=PRODUCT_CONTEXT('',#7322,'mechanical');
#7319=PRODUCT_CONTEXT('',#7322,'mechanical');
#7320=PRODUCT_CONTEXT('',#7322,'mechanical');
#7321=APPLICATION_PROTOCOL_DEFINITION('international standard',
'ap242_managed_model_based_3d_engineering',2020,#7322);
#7322=APPLICATION_CONTEXT('managed model based 3d engineering');
ENDSEC;
END-ISO-10303-21;
