ISO-10303-21;
HEADER;
/* Generated by software containing ST-Developer
 * from STEP Tools, Inc. (www.steptools.com) 
 */
/* OPTION: using custom renumber hook */

FILE_DESCRIPTION(
/* description */ ('STEP AP242 Edition 2',
'CAx-IF Rec.Pracs.---Representation and Presentation of Product Manufa
cturing Information (PMI)---4.0---2014-10-13',
'CAx-IF Rec.Pracs.---3D Tessellated Geometry---0.4---2014-09-14','2;1',
'CAx-IF Rec.Pracs.---User Defined Attributes---1.5---2016-08-15'),
/* implementation_level */ '2;1');

FILE_NAME(
/* name */ '6abda5fe625352acf6b02de9',
/* time_stamp */ '2026-10-01T00:14:54Z',
/* author */ (''),
/* organization */ (''),
/* preprocessor_version */ 'ST-DEVELOPER v20',
/* originating_system */ 'ONSHAPE BY PTC INC, 1.221',
/* authorisation */ '  ');

FILE_SCHEMA (('AP242_MANAGED_MODEL_BASED_3D_ENGINEERING_MIM_LF { 1 0 10303 442 3 1 4 }'));
ENDSEC;

DATA;
#10=CONTEXT_DEPENDENT_SHAPE_REPRESENTATION(#22,#3187);
#11=CONTEXT_DEPENDENT_SHAPE_REPRESENTATION(#23,#3189);
#12=CONTEXT_DEPENDENT_SHAPE_REPRESENTATION(#24,#3191);
#13=CONTEXT_DEPENDENT_SHAPE_REPRESENTATION(#25,#3193);
#14=CONTEXT_DEPENDENT_SHAPE_REPRESENTATION(#26,#3195);
#15=CONTEXT_DEPENDENT_SHAPE_REPRESENTATION(#27,#3197);
#16=NEXT_ASSEMBLY_USAGE_OCCURRENCE('NAUO1','Part 1','Part 1',#3198,#3199,
'');
#17=NEXT_ASSEMBLY_USAGE_OCCURRENCE('NAUO2','Part 1','Part 1',#3198,#3200,
'');
#18=NEXT_ASSEMBLY_USAGE_OCCURRENCE('NAUO3','Part 1','Part 1',#3198,#3201,
'');
#19=NEXT_ASSEMBLY_USAGE_OCCURRENCE('NAUO4','Part 1','Part 1',#3198,#3202,
'');
#20=NEXT_ASSEMBLY_USAGE_OCCURRENCE('NAUO5','Part 1','Part 1',#3198,#3203,
'');
#21=NEXT_ASSEMBLY_USAGE_OCCURRENCE('NAUO6','Part 1','Part 1',#3198,#3204,
'');
#22=(
REPRESENTATION_RELATIONSHIP(' ',' ',#1891,#1890)
REPRESENTATION_RELATIONSHIP_WITH_TRANSFORMATION(#28)
SHAPE_REPRESENTATION_RELATIONSHIP()
);
#23=(
REPRESENTATION_RELATIONSHIP(' ',' ',#1892,#1890)
REPRESENTATION_RELATIONSHIP_WITH_TRANSFORMATION(#29)
SHAPE_REPRESENTATION_RELATIONSHIP()
);
#24=(
REPRESENTATION_RELATIONSHIP(' ',' ',#1893,#1890)
REPRESENTATION_RELATIONSHIP_WITH_TRANSFORMATION(#30)
SHAPE_REPRESENTATION_RELATIONSHIP()
);
#25=(
REPRESENTATION_RELATIONSHIP(' ',' ',#1894,#1890)
REPRESENTATION_RELATIONSHIP_WITH_TRANSFORMATION(#31)
SHAPE_REPRESENTATION_RELATIONSHIP()
);
#26=(
REPRESENTATION_RELATIONSHIP(' ',' ',#1895,#1890)
REPRESENTATION_RELATIONSHIP_WITH_TRANSFORMATION(#32)
SHAPE_REPRESENTATION_RELATIONSHIP()
);
#27=(
REPRESENTATION_RELATIONSHIP(' ',' ',#1896,#1890)
REPRESENTATION_RELATIONSHIP_WITH_TRANSFORMATION(#33)
SHAPE_REPRESENTATION_RELATIONSHIP()
);
#28=ITEM_DEFINED_TRANSFORMATION(' ',' ',#1897,#1966);
#29=ITEM_DEFINED_TRANSFORMATION(' ',' ',#1897,#1983);
#30=ITEM_DEFINED_TRANSFORMATION(' ',' ',#1897,#2005);
#31=ITEM_DEFINED_TRANSFORMATION(' ',' ',#1897,#2026);
#32=ITEM_DEFINED_TRANSFORMATION(' ',' ',#1897,#2080);
#33=ITEM_DEFINED_TRANSFORMATION(' ',' ',#1897,#2097);
#34=SHAPE_REPRESENTATION_RELATIONSHIP('','',#1891,#40);
#35=SHAPE_REPRESENTATION_RELATIONSHIP('','',#1892,#41);
#36=SHAPE_REPRESENTATION_RELATIONSHIP('','',#1893,#42);
#37=SHAPE_REPRESENTATION_RELATIONSHIP('','',#1894,#43);
#38=SHAPE_REPRESENTATION_RELATIONSHIP('','',#1895,#44);
#39=SHAPE_REPRESENTATION_RELATIONSHIP('','',#1896,#45);
#40=ADVANCED_BREP_SHAPE_REPRESENTATION('',(#1877),#3169);
#41=ADVANCED_BREP_SHAPE_REPRESENTATION('',(#1878),#3170);
#42=ADVANCED_BREP_SHAPE_REPRESENTATION('',(#1879),#3171);
#43=ADVANCED_BREP_SHAPE_REPRESENTATION('',(#1880),#3172);
#44=ADVANCED_BREP_SHAPE_REPRESENTATION('',(#1881),#3173);
#45=ADVANCED_BREP_SHAPE_REPRESENTATION('',(#1882),#3174);
#46=CIRCLE('',#1900,0.00025400000000001);
#47=CIRCLE('',#1901,0.00025400000000001);
#48=CIRCLE('',#1902,0.00025400000000001);
#49=CIRCLE('',#1903,0.00025400000000001);
#50=CIRCLE('',#1906,0.000762000000000041);
#51=CIRCLE('',#1907,0.000762000000000041);
#52=CIRCLE('',#1911,0.00381);
#53=CIRCLE('',#1912,0.00381);
#54=CIRCLE('',#1915,0.004445);
#55=CIRCLE('',#1916,0.004445);
#56=CIRCLE('',#1919,0.000762);
#57=CIRCLE('',#1920,0.000762);
#58=CIRCLE('',#1921,0.000762);
#59=CIRCLE('',#1922,0.000762);
#60=CIRCLE('',#1924,0.00381);
#61=CIRCLE('',#1925,0.00381);
#62=CIRCLE('',#1927,0.003175);
#63=CIRCLE('',#1928,0.003175);
#64=CIRCLE('',#1931,0.000762000000000056);
#65=CIRCLE('',#1932,0.000762);
#66=CIRCLE('',#1933,0.00254);
#67=CIRCLE('',#1934,0.00254);
#68=CIRCLE('',#1936,0.00254);
#69=CIRCLE('',#1937,0.00254);
#70=CIRCLE('',#1938,0.003175);
#71=CIRCLE('',#1939,0.000762);
#72=CIRCLE('',#1940,0.000762000000000041);
#73=CIRCLE('',#1941,0.000762000000000056);
#74=CIRCLE('',#1942,0.00381);
#75=CIRCLE('',#1943,0.004445);
#76=CIRCLE('',#1944,0.00381);
#77=CIRCLE('',#1947,0.000762000000000041);
#78=CIRCLE('',#1950,0.00381);
#79=CIRCLE('',#1953,0.004445);
#80=CIRCLE('',#1956,0.00381);
#81=CIRCLE('',#1958,0.003175);
#82=CIRCLE('',#1969,0.00381);
#83=CIRCLE('',#1970,0.00381);
#84=CIRCLE('',#1973,0.003175);
#85=CIRCLE('',#1974,0.003175);
#86=CIRCLE('',#1976,0.00381);
#87=CIRCLE('',#1977,0.00381);
#88=CIRCLE('',#1979,0.003175);
#89=CIRCLE('',#1980,0.003175);
#90=CIRCLE('',#1985,0.00381);
#91=CIRCLE('',#1986,0.00381);
#92=CIRCLE('',#1989,0.00127);
#93=CIRCLE('',#1990,0.00127);
#94=CIRCLE('',#1993,0.003175);
#95=CIRCLE('',#1994,0.003175);
#96=CIRCLE('',#1998,0.00381);
#97=CIRCLE('',#1999,0.003175);
#98=CIRCLE('',#2001,0.00381);
#99=CIRCLE('',#2003,0.003175);
#100=CIRCLE('',#2008,0.00381);
#101=CIRCLE('',#2009,0.00381);
#102=CIRCLE('',#2012,0.0127);
#103=CIRCLE('',#2013,0.0127);
#104=CIRCLE('',#2015,0.003175);
#105=CIRCLE('',#2016,0.003175);
#106=CIRCLE('',#2019,0.00381);
#107=CIRCLE('',#2020,0.003175);
#108=CIRCLE('',#2022,0.00381);
#109=CIRCLE('',#2024,0.003175);
#110=CIRCLE('',#2028,0.000762);
#111=CIRCLE('',#2029,0.000762);
#112=CIRCLE('',#2032,0.000762);
#113=CIRCLE('',#2033,0.000762);
#114=CIRCLE('',#2036,0.000762);
#115=CIRCLE('',#2037,0.000762);
#116=CIRCLE('',#2039,0.0042291);
#117=CIRCLE('',#2040,0.0042291);
#118=CIRCLE('',#2043,0.00381);
#119=CIRCLE('',#2044,0.00381);
#120=CIRCLE('',#2047,0.00381);
#121=CIRCLE('',#2048,0.00381);
#122=CIRCLE('',#2053,0.00254);
#123=CIRCLE('',#2054,0.00254);
#124=CIRCLE('',#2055,0.00254);
#125=CIRCLE('',#2057,0.00254);
#126=CIRCLE('',#2058,0.00254);
#127=CIRCLE('',#2059,0.00254);
#128=CIRCLE('',#2060,0.000762);
#129=CIRCLE('',#2061,0.000762);
#130=CIRCLE('',#2062,0.00381);
#131=CIRCLE('',#2063,0.00381);
#132=CIRCLE('',#2065,0.000762);
#133=CIRCLE('',#2067,0.000762);
#134=CIRCLE('',#2069,0.00381);
#135=CIRCLE('',#2072,0.00381);
#136=CIRCLE('',#2083,0.00381);
#137=CIRCLE('',#2084,0.00381);
#138=CIRCLE('',#2087,0.003175);
#139=CIRCLE('',#2088,0.003175);
#140=CIRCLE('',#2090,0.00381);
#141=CIRCLE('',#2091,0.00381);
#142=CIRCLE('',#2093,0.003175);
#143=CIRCLE('',#2094,0.003175);
#144=CYLINDRICAL_SURFACE('',#1899,0.00025400000000001);
#145=CYLINDRICAL_SURFACE('',#1905,0.000762000000000041);
#146=CYLINDRICAL_SURFACE('',#1910,0.00381);
#147=CYLINDRICAL_SURFACE('',#1914,0.004445);
#148=CYLINDRICAL_SURFACE('',#1918,0.000762);
#149=CYLINDRICAL_SURFACE('',#1923,0.00381);
#150=CYLINDRICAL_SURFACE('',#1926,0.003175);
#151=CYLINDRICAL_SURFACE('',#1946,0.000762000000000041);
#152=CYLINDRICAL_SURFACE('',#1949,0.00381);
#153=CYLINDRICAL_SURFACE('',#1952,0.004445);
#154=CYLINDRICAL_SURFACE('',#1955,0.00381);
#155=CYLINDRICAL_SURFACE('',#1957,0.003175);
#156=CYLINDRICAL_SURFACE('',#1962,0.000762);
#157=CYLINDRICAL_SURFACE('',#1963,0.000762000000000056);
#158=CYLINDRICAL_SURFACE('',#1964,0.00254);
#159=CYLINDRICAL_SURFACE('',#1965,0.00254);
#160=CYLINDRICAL_SURFACE('',#1968,0.00381);
#161=CYLINDRICAL_SURFACE('',#1972,0.003175);
#162=CYLINDRICAL_SURFACE('',#1975,0.00381);
#163=CYLINDRICAL_SURFACE('',#1978,0.003175);
#164=CYLINDRICAL_SURFACE('',#1984,0.00381);
#165=CYLINDRICAL_SURFACE('',#1988,0.00127);
#166=CYLINDRICAL_SURFACE('',#1992,0.003175);
#167=CYLINDRICAL_SURFACE('',#2000,0.00381);
#168=CYLINDRICAL_SURFACE('',#2002,0.003175);
#169=CYLINDRICAL_SURFACE('',#2007,0.00381);
#170=CYLINDRICAL_SURFACE('',#2011,0.0127);
#171=CYLINDRICAL_SURFACE('',#2014,0.003175);
#172=CYLINDRICAL_SURFACE('',#2021,0.00381);
#173=CYLINDRICAL_SURFACE('',#2023,0.003175);
#174=CYLINDRICAL_SURFACE('',#2027,0.000762);
#175=CYLINDRICAL_SURFACE('',#2031,0.000762);
#176=CYLINDRICAL_SURFACE('',#2035,0.000762);
#177=CYLINDRICAL_SURFACE('',#2038,0.0042291);
#178=CYLINDRICAL_SURFACE('',#2042,0.00381);
#179=CYLINDRICAL_SURFACE('',#2046,0.00381);
#180=CYLINDRICAL_SURFACE('',#2064,0.000762);
#181=CYLINDRICAL_SURFACE('',#2066,0.000762);
#182=CYLINDRICAL_SURFACE('',#2068,0.00381);
#183=CYLINDRICAL_SURFACE('',#2071,0.00381);
#184=CYLINDRICAL_SURFACE('',#2077,0.00254);
#185=CYLINDRICAL_SURFACE('',#2078,0.00254);
#186=CYLINDRICAL_SURFACE('',#2079,0.00254);
#187=CYLINDRICAL_SURFACE('',#2082,0.00381);
#188=CYLINDRICAL_SURFACE('',#2086,0.003175);
#189=CYLINDRICAL_SURFACE('',#2089,0.00381);
#190=CYLINDRICAL_SURFACE('',#2092,0.003175);
#191=ORIENTED_EDGE('',*,*,#681,.T.);
#192=ORIENTED_EDGE('',*,*,#682,.T.);
#193=ORIENTED_EDGE('',*,*,#683,.F.);
#194=ORIENTED_EDGE('',*,*,#684,.F.);
#195=ORIENTED_EDGE('',*,*,#685,.T.);
#196=ORIENTED_EDGE('',*,*,#686,.F.);
#197=ORIENTED_EDGE('',*,*,#687,.F.);
#198=ORIENTED_EDGE('',*,*,#688,.F.);
#199=ORIENTED_EDGE('',*,*,#689,.T.);
#200=ORIENTED_EDGE('',*,*,#681,.F.);
#201=ORIENTED_EDGE('',*,*,#690,.F.);
#202=ORIENTED_EDGE('',*,*,#691,.T.);
#203=ORIENTED_EDGE('',*,*,#692,.F.);
#204=ORIENTED_EDGE('',*,*,#691,.F.);
#205=ORIENTED_EDGE('',*,*,#693,.T.);
#206=ORIENTED_EDGE('',*,*,#694,.T.);
#207=ORIENTED_EDGE('',*,*,#695,.T.);
#208=ORIENTED_EDGE('',*,*,#694,.F.);
#209=ORIENTED_EDGE('',*,*,#696,.F.);
#210=ORIENTED_EDGE('',*,*,#697,.T.);
#211=ORIENTED_EDGE('',*,*,#698,.F.);
#212=ORIENTED_EDGE('',*,*,#697,.F.);
#213=ORIENTED_EDGE('',*,*,#699,.T.);
#214=ORIENTED_EDGE('',*,*,#700,.T.);
#215=ORIENTED_EDGE('',*,*,#701,.F.);
#216=ORIENTED_EDGE('',*,*,#702,.F.);
#217=ORIENTED_EDGE('',*,*,#703,.T.);
#218=ORIENTED_EDGE('',*,*,#704,.T.);
#219=ORIENTED_EDGE('',*,*,#705,.F.);
#220=ORIENTED_EDGE('',*,*,#706,.F.);
#221=ORIENTED_EDGE('',*,*,#707,.T.);
#222=ORIENTED_EDGE('',*,*,#708,.F.);
#223=ORIENTED_EDGE('',*,*,#709,.F.);
#224=ORIENTED_EDGE('',*,*,#710,.T.);
#225=ORIENTED_EDGE('',*,*,#711,.T.);
#226=ORIENTED_EDGE('',*,*,#712,.T.);
#227=ORIENTED_EDGE('',*,*,#713,.F.);
#228=ORIENTED_EDGE('',*,*,#704,.F.);
#229=ORIENTED_EDGE('',*,*,#714,.T.);
#230=ORIENTED_EDGE('',*,*,#715,.T.);
#231=ORIENTED_EDGE('',*,*,#716,.F.);
#232=ORIENTED_EDGE('',*,*,#715,.F.);
#233=ORIENTED_EDGE('',*,*,#717,.T.);
#234=ORIENTED_EDGE('',*,*,#718,.T.);
#235=ORIENTED_EDGE('',*,*,#719,.F.);
#236=ORIENTED_EDGE('',*,*,#718,.F.);
#237=ORIENTED_EDGE('',*,*,#720,.T.);
#238=ORIENTED_EDGE('',*,*,#721,.T.);
#239=ORIENTED_EDGE('',*,*,#722,.F.);
#240=ORIENTED_EDGE('',*,*,#721,.F.);
#241=ORIENTED_EDGE('',*,*,#723,.T.);
#242=ORIENTED_EDGE('',*,*,#724,.T.);
#243=ORIENTED_EDGE('',*,*,#683,.T.);
#244=ORIENTED_EDGE('',*,*,#725,.T.);
#245=ORIENTED_EDGE('',*,*,#726,.T.);
#246=ORIENTED_EDGE('',*,*,#727,.F.);
#247=ORIENTED_EDGE('',*,*,#728,.T.);
#248=ORIENTED_EDGE('',*,*,#729,.T.);
#249=ORIENTED_EDGE('',*,*,#700,.F.);
#250=ORIENTED_EDGE('',*,*,#730,.F.);
#251=ORIENTED_EDGE('',*,*,#731,.F.);
#252=ORIENTED_EDGE('',*,*,#724,.F.);
#253=ORIENTED_EDGE('',*,*,#732,.T.);
#254=ORIENTED_EDGE('',*,*,#702,.T.);
#255=ORIENTED_EDGE('',*,*,#733,.F.);
#256=ORIENTED_EDGE('',*,*,#734,.T.);
#257=ORIENTED_EDGE('',*,*,#703,.F.);
#258=ORIENTED_EDGE('',*,*,#732,.F.);
#259=ORIENTED_EDGE('',*,*,#723,.F.);
#260=ORIENTED_EDGE('',*,*,#720,.F.);
#261=ORIENTED_EDGE('',*,*,#717,.F.);
#262=ORIENTED_EDGE('',*,*,#714,.F.);
#263=ORIENTED_EDGE('',*,*,#684,.T.);
#264=ORIENTED_EDGE('',*,*,#730,.T.);
#265=ORIENTED_EDGE('',*,*,#699,.F.);
#266=ORIENTED_EDGE('',*,*,#696,.T.);
#267=ORIENTED_EDGE('',*,*,#693,.F.);
#268=ORIENTED_EDGE('',*,*,#690,.T.);
#269=ORIENTED_EDGE('',*,*,#733,.T.);
#270=ORIENTED_EDGE('',*,*,#735,.F.);
#271=ORIENTED_EDGE('',*,*,#736,.T.);
#272=ORIENTED_EDGE('',*,*,#685,.F.);
#273=ORIENTED_EDGE('',*,*,#692,.T.);
#274=ORIENTED_EDGE('',*,*,#695,.F.);
#275=ORIENTED_EDGE('',*,*,#698,.T.);
#276=ORIENTED_EDGE('',*,*,#729,.F.);
#277=ORIENTED_EDGE('',*,*,#737,.T.);
#278=ORIENTED_EDGE('',*,*,#738,.T.);
#279=ORIENTED_EDGE('',*,*,#705,.T.);
#280=ORIENTED_EDGE('',*,*,#713,.T.);
#281=ORIENTED_EDGE('',*,*,#716,.T.);
#282=ORIENTED_EDGE('',*,*,#719,.T.);
#283=ORIENTED_EDGE('',*,*,#722,.T.);
#284=ORIENTED_EDGE('',*,*,#731,.T.);
#285=ORIENTED_EDGE('',*,*,#701,.T.);
#286=ORIENTED_EDGE('',*,*,#739,.F.);
#287=ORIENTED_EDGE('',*,*,#740,.F.);
#288=ORIENTED_EDGE('',*,*,#734,.F.);
#289=ORIENTED_EDGE('',*,*,#741,.F.);
#290=ORIENTED_EDGE('',*,*,#742,.F.);
#291=ORIENTED_EDGE('',*,*,#743,.T.);
#292=ORIENTED_EDGE('',*,*,#744,.F.);
#293=ORIENTED_EDGE('',*,*,#745,.F.);
#294=ORIENTED_EDGE('',*,*,#727,.T.);
#295=ORIENTED_EDGE('',*,*,#746,.F.);
#296=ORIENTED_EDGE('',*,*,#747,.T.);
#297=ORIENTED_EDGE('',*,*,#748,.F.);
#298=ORIENTED_EDGE('',*,*,#687,.T.);
#299=ORIENTED_EDGE('',*,*,#749,.F.);
#300=ORIENTED_EDGE('',*,*,#750,.T.);
#301=ORIENTED_EDGE('',*,*,#711,.F.);
#302=ORIENTED_EDGE('',*,*,#751,.F.);
#303=ORIENTED_EDGE('',*,*,#752,.F.);
#304=ORIENTED_EDGE('',*,*,#753,.F.);
#305=ORIENTED_EDGE('',*,*,#754,.F.);
#306=ORIENTED_EDGE('',*,*,#755,.F.);
#307=ORIENTED_EDGE('',*,*,#707,.F.);
#308=ORIENTED_EDGE('',*,*,#748,.T.);
#309=ORIENTED_EDGE('',*,*,#756,.F.);
#310=ORIENTED_EDGE('',*,*,#757,.F.);
#311=ORIENTED_EDGE('',*,*,#688,.T.);
#312=ORIENTED_EDGE('',*,*,#747,.F.);
#313=ORIENTED_EDGE('',*,*,#758,.F.);
#314=ORIENTED_EDGE('',*,*,#759,.T.);
#315=ORIENTED_EDGE('',*,*,#756,.T.);
#316=ORIENTED_EDGE('',*,*,#746,.T.);
#317=ORIENTED_EDGE('',*,*,#726,.F.);
#318=ORIENTED_EDGE('',*,*,#760,.F.);
#319=ORIENTED_EDGE('',*,*,#758,.T.);
#320=ORIENTED_EDGE('',*,*,#755,.T.);
#321=ORIENTED_EDGE('',*,*,#761,.F.);
#322=ORIENTED_EDGE('',*,*,#762,.F.);
#323=ORIENTED_EDGE('',*,*,#708,.T.);
#324=ORIENTED_EDGE('',*,*,#754,.T.);
#325=ORIENTED_EDGE('',*,*,#763,.F.);
#326=ORIENTED_EDGE('',*,*,#764,.F.);
#327=ORIENTED_EDGE('',*,*,#761,.T.);
#328=ORIENTED_EDGE('',*,*,#753,.T.);
#329=ORIENTED_EDGE('',*,*,#765,.F.);
#330=ORIENTED_EDGE('',*,*,#766,.F.);
#331=ORIENTED_EDGE('',*,*,#763,.T.);
#332=ORIENTED_EDGE('',*,*,#752,.T.);
#333=ORIENTED_EDGE('',*,*,#767,.F.);
#334=ORIENTED_EDGE('',*,*,#768,.F.);
#335=ORIENTED_EDGE('',*,*,#765,.T.);
#336=ORIENTED_EDGE('',*,*,#751,.T.);
#337=ORIENTED_EDGE('',*,*,#710,.F.);
#338=ORIENTED_EDGE('',*,*,#769,.F.);
#339=ORIENTED_EDGE('',*,*,#767,.T.);
#340=ORIENTED_EDGE('',*,*,#770,.T.);
#341=ORIENTED_EDGE('',*,*,#743,.F.);
#342=ORIENTED_EDGE('',*,*,#709,.T.);
#343=ORIENTED_EDGE('',*,*,#762,.T.);
#344=ORIENTED_EDGE('',*,*,#764,.T.);
#345=ORIENTED_EDGE('',*,*,#766,.T.);
#346=ORIENTED_EDGE('',*,*,#768,.T.);
#347=ORIENTED_EDGE('',*,*,#769,.T.);
#348=ORIENTED_EDGE('',*,*,#682,.F.);
#349=ORIENTED_EDGE('',*,*,#689,.F.);
#350=ORIENTED_EDGE('',*,*,#757,.T.);
#351=ORIENTED_EDGE('',*,*,#759,.F.);
#352=ORIENTED_EDGE('',*,*,#760,.T.);
#353=ORIENTED_EDGE('',*,*,#725,.F.);
#354=ORIENTED_EDGE('',*,*,#770,.F.);
#355=ORIENTED_EDGE('',*,*,#735,.T.);
#356=ORIENTED_EDGE('',*,*,#712,.F.);
#357=ORIENTED_EDGE('',*,*,#750,.F.);
#358=ORIENTED_EDGE('',*,*,#771,.T.);
#359=ORIENTED_EDGE('',*,*,#738,.F.);
#360=ORIENTED_EDGE('',*,*,#772,.F.);
#361=ORIENTED_EDGE('',*,*,#744,.T.);
#362=ORIENTED_EDGE('',*,*,#706,.T.);
#363=ORIENTED_EDGE('',*,*,#737,.F.);
#364=ORIENTED_EDGE('',*,*,#728,.F.);
#365=ORIENTED_EDGE('',*,*,#745,.T.);
#366=ORIENTED_EDGE('',*,*,#772,.T.);
#367=ORIENTED_EDGE('',*,*,#736,.F.);
#368=ORIENTED_EDGE('',*,*,#771,.F.);
#369=ORIENTED_EDGE('',*,*,#749,.T.);
#370=ORIENTED_EDGE('',*,*,#686,.T.);
#371=ORIENTED_EDGE('',*,*,#742,.T.);
#372=ORIENTED_EDGE('',*,*,#739,.T.);
#373=ORIENTED_EDGE('',*,*,#741,.T.);
#374=ORIENTED_EDGE('',*,*,#740,.T.);
#375=ORIENTED_EDGE('',*,*,#773,.F.);
#376=ORIENTED_EDGE('',*,*,#774,.F.);
#377=ORIENTED_EDGE('',*,*,#775,.T.);
#378=ORIENTED_EDGE('',*,*,#776,.T.);
#379=ORIENTED_EDGE('',*,*,#777,.T.);
#380=ORIENTED_EDGE('',*,*,#778,.F.);
#381=ORIENTED_EDGE('',*,*,#779,.F.);
#382=ORIENTED_EDGE('',*,*,#774,.T.);
#383=ORIENTED_EDGE('',*,*,#780,.T.);
#384=ORIENTED_EDGE('',*,*,#781,.F.);
#385=ORIENTED_EDGE('',*,*,#782,.F.);
#386=ORIENTED_EDGE('',*,*,#778,.T.);
#387=ORIENTED_EDGE('',*,*,#783,.T.);
#388=ORIENTED_EDGE('',*,*,#784,.F.);
#389=ORIENTED_EDGE('',*,*,#785,.T.);
#390=ORIENTED_EDGE('',*,*,#776,.F.);
#391=ORIENTED_EDGE('',*,*,#786,.F.);
#392=ORIENTED_EDGE('',*,*,#781,.T.);
#393=ORIENTED_EDGE('',*,*,#787,.T.);
#394=ORIENTED_EDGE('',*,*,#788,.F.);
#395=ORIENTED_EDGE('',*,*,#775,.F.);
#396=ORIENTED_EDGE('',*,*,#779,.T.);
#397=ORIENTED_EDGE('',*,*,#782,.T.);
#398=ORIENTED_EDGE('',*,*,#786,.T.);
#399=ORIENTED_EDGE('',*,*,#783,.F.);
#400=ORIENTED_EDGE('',*,*,#787,.F.);
#401=ORIENTED_EDGE('',*,*,#773,.T.);
#402=ORIENTED_EDGE('',*,*,#785,.F.);
#403=ORIENTED_EDGE('',*,*,#780,.F.);
#404=ORIENTED_EDGE('',*,*,#777,.F.);
#405=ORIENTED_EDGE('',*,*,#784,.T.);
#406=ORIENTED_EDGE('',*,*,#788,.T.);
#407=ORIENTED_EDGE('',*,*,#789,.T.);
#408=ORIENTED_EDGE('',*,*,#790,.F.);
#409=ORIENTED_EDGE('',*,*,#791,.F.);
#410=ORIENTED_EDGE('',*,*,#792,.T.);
#411=ORIENTED_EDGE('',*,*,#793,.F.);
#412=ORIENTED_EDGE('',*,*,#794,.F.);
#413=ORIENTED_EDGE('',*,*,#795,.T.);
#414=ORIENTED_EDGE('',*,*,#796,.F.);
#415=ORIENTED_EDGE('',*,*,#797,.T.);
#416=ORIENTED_EDGE('',*,*,#790,.T.);
#417=ORIENTED_EDGE('',*,*,#796,.T.);
#418=ORIENTED_EDGE('',*,*,#798,.T.);
#419=ORIENTED_EDGE('',*,*,#799,.F.);
#420=ORIENTED_EDGE('',*,*,#800,.F.);
#421=ORIENTED_EDGE('',*,*,#801,.F.);
#422=ORIENTED_EDGE('',*,*,#802,.F.);
#423=ORIENTED_EDGE('',*,*,#803,.T.);
#424=ORIENTED_EDGE('',*,*,#799,.T.);
#425=ORIENTED_EDGE('',*,*,#804,.T.);
#426=ORIENTED_EDGE('',*,*,#805,.F.);
#427=ORIENTED_EDGE('',*,*,#806,.T.);
#428=ORIENTED_EDGE('',*,*,#792,.F.);
#429=ORIENTED_EDGE('',*,*,#807,.F.);
#430=ORIENTED_EDGE('',*,*,#802,.T.);
#431=ORIENTED_EDGE('',*,*,#808,.F.);
#432=ORIENTED_EDGE('',*,*,#809,.T.);
#433=ORIENTED_EDGE('',*,*,#804,.F.);
#434=ORIENTED_EDGE('',*,*,#791,.T.);
#435=ORIENTED_EDGE('',*,*,#797,.F.);
#436=ORIENTED_EDGE('',*,*,#800,.T.);
#437=ORIENTED_EDGE('',*,*,#803,.F.);
#438=ORIENTED_EDGE('',*,*,#807,.T.);
#439=ORIENTED_EDGE('',*,*,#805,.T.);
#440=ORIENTED_EDGE('',*,*,#789,.F.);
#441=ORIENTED_EDGE('',*,*,#806,.F.);
#442=ORIENTED_EDGE('',*,*,#810,.F.);
#443=ORIENTED_EDGE('',*,*,#793,.T.);
#444=ORIENTED_EDGE('',*,*,#811,.T.);
#445=ORIENTED_EDGE('',*,*,#810,.T.);
#446=ORIENTED_EDGE('',*,*,#809,.F.);
#447=ORIENTED_EDGE('',*,*,#812,.F.);
#448=ORIENTED_EDGE('',*,*,#794,.T.);
#449=ORIENTED_EDGE('',*,*,#813,.T.);
#450=ORIENTED_EDGE('',*,*,#811,.F.);
#451=ORIENTED_EDGE('',*,*,#795,.F.);
#452=ORIENTED_EDGE('',*,*,#812,.T.);
#453=ORIENTED_EDGE('',*,*,#808,.T.);
#454=ORIENTED_EDGE('',*,*,#801,.T.);
#455=ORIENTED_EDGE('',*,*,#798,.F.);
#456=ORIENTED_EDGE('',*,*,#813,.F.);
#457=ORIENTED_EDGE('',*,*,#814,.F.);
#458=ORIENTED_EDGE('',*,*,#815,.F.);
#459=ORIENTED_EDGE('',*,*,#816,.T.);
#460=ORIENTED_EDGE('',*,*,#817,.T.);
#461=ORIENTED_EDGE('',*,*,#818,.T.);
#462=ORIENTED_EDGE('',*,*,#819,.T.);
#463=ORIENTED_EDGE('',*,*,#820,.T.);
#464=ORIENTED_EDGE('',*,*,#821,.F.);
#465=ORIENTED_EDGE('',*,*,#822,.F.);
#466=ORIENTED_EDGE('',*,*,#815,.T.);
#467=ORIENTED_EDGE('',*,*,#823,.T.);
#468=ORIENTED_EDGE('',*,*,#824,.F.);
#469=ORIENTED_EDGE('',*,*,#825,.F.);
#470=ORIENTED_EDGE('',*,*,#826,.F.);
#471=ORIENTED_EDGE('',*,*,#827,.F.);
#472=ORIENTED_EDGE('',*,*,#821,.T.);
#473=ORIENTED_EDGE('',*,*,#828,.F.);
#474=ORIENTED_EDGE('',*,*,#817,.F.);
#475=ORIENTED_EDGE('',*,*,#829,.T.);
#476=ORIENTED_EDGE('',*,*,#826,.T.);
#477=ORIENTED_EDGE('',*,*,#830,.T.);
#478=ORIENTED_EDGE('',*,*,#831,.F.);
#479=ORIENTED_EDGE('',*,*,#816,.F.);
#480=ORIENTED_EDGE('',*,*,#822,.T.);
#481=ORIENTED_EDGE('',*,*,#827,.T.);
#482=ORIENTED_EDGE('',*,*,#829,.F.);
#483=ORIENTED_EDGE('',*,*,#830,.F.);
#484=ORIENTED_EDGE('',*,*,#814,.T.);
#485=ORIENTED_EDGE('',*,*,#832,.F.);
#486=ORIENTED_EDGE('',*,*,#823,.F.);
#487=ORIENTED_EDGE('',*,*,#820,.F.);
#488=ORIENTED_EDGE('',*,*,#831,.T.);
#489=ORIENTED_EDGE('',*,*,#833,.T.);
#490=ORIENTED_EDGE('',*,*,#832,.T.);
#491=ORIENTED_EDGE('',*,*,#819,.F.);
#492=ORIENTED_EDGE('',*,*,#834,.F.);
#493=ORIENTED_EDGE('',*,*,#824,.T.);
#494=ORIENTED_EDGE('',*,*,#835,.T.);
#495=ORIENTED_EDGE('',*,*,#833,.F.);
#496=ORIENTED_EDGE('',*,*,#818,.F.);
#497=ORIENTED_EDGE('',*,*,#828,.T.);
#498=ORIENTED_EDGE('',*,*,#825,.T.);
#499=ORIENTED_EDGE('',*,*,#834,.T.);
#500=ORIENTED_EDGE('',*,*,#835,.F.);
#501=ORIENTED_EDGE('',*,*,#836,.T.);
#502=ORIENTED_EDGE('',*,*,#837,.F.);
#503=ORIENTED_EDGE('',*,*,#838,.F.);
#504=ORIENTED_EDGE('',*,*,#839,.T.);
#505=ORIENTED_EDGE('',*,*,#840,.T.);
#506=ORIENTED_EDGE('',*,*,#841,.T.);
#507=ORIENTED_EDGE('',*,*,#842,.T.);
#508=ORIENTED_EDGE('',*,*,#843,.T.);
#509=ORIENTED_EDGE('',*,*,#839,.F.);
#510=ORIENTED_EDGE('',*,*,#844,.F.);
#511=ORIENTED_EDGE('',*,*,#845,.T.);
#512=ORIENTED_EDGE('',*,*,#846,.T.);
#513=ORIENTED_EDGE('',*,*,#840,.F.);
#514=ORIENTED_EDGE('',*,*,#847,.F.);
#515=ORIENTED_EDGE('',*,*,#848,.T.);
#516=ORIENTED_EDGE('',*,*,#849,.F.);
#517=ORIENTED_EDGE('',*,*,#850,.F.);
#518=ORIENTED_EDGE('',*,*,#851,.T.);
#519=ORIENTED_EDGE('',*,*,#845,.F.);
#520=ORIENTED_EDGE('',*,*,#852,.F.);
#521=ORIENTED_EDGE('',*,*,#853,.T.);
#522=ORIENTED_EDGE('',*,*,#848,.F.);
#523=ORIENTED_EDGE('',*,*,#854,.F.);
#524=ORIENTED_EDGE('',*,*,#855,.T.);
#525=ORIENTED_EDGE('',*,*,#856,.T.);
#526=ORIENTED_EDGE('',*,*,#857,.F.);
#527=ORIENTED_EDGE('',*,*,#858,.F.);
#528=ORIENTED_EDGE('',*,*,#859,.T.);
#529=ORIENTED_EDGE('',*,*,#860,.F.);
#530=ORIENTED_EDGE('',*,*,#861,.F.);
#531=ORIENTED_EDGE('',*,*,#862,.T.);
#532=ORIENTED_EDGE('',*,*,#863,.F.);
#533=ORIENTED_EDGE('',*,*,#864,.F.);
#534=ORIENTED_EDGE('',*,*,#856,.F.);
#535=ORIENTED_EDGE('',*,*,#865,.T.);
#536=ORIENTED_EDGE('',*,*,#866,.T.);
#537=ORIENTED_EDGE('',*,*,#867,.F.);
#538=ORIENTED_EDGE('',*,*,#866,.F.);
#539=ORIENTED_EDGE('',*,*,#868,.T.);
#540=ORIENTED_EDGE('',*,*,#869,.T.);
#541=ORIENTED_EDGE('',*,*,#870,.T.);
#542=ORIENTED_EDGE('',*,*,#869,.F.);
#543=ORIENTED_EDGE('',*,*,#871,.F.);
#544=ORIENTED_EDGE('',*,*,#872,.T.);
#545=ORIENTED_EDGE('',*,*,#873,.F.);
#546=ORIENTED_EDGE('',*,*,#872,.F.);
#547=ORIENTED_EDGE('',*,*,#874,.T.);
#548=ORIENTED_EDGE('',*,*,#875,.T.);
#549=ORIENTED_EDGE('',*,*,#876,.F.);
#550=ORIENTED_EDGE('',*,*,#875,.F.);
#551=ORIENTED_EDGE('',*,*,#877,.T.);
#552=ORIENTED_EDGE('',*,*,#858,.T.);
#553=ORIENTED_EDGE('',*,*,#878,.F.);
#554=ORIENTED_EDGE('',*,*,#879,.T.);
#555=ORIENTED_EDGE('',*,*,#880,.T.);
#556=ORIENTED_EDGE('',*,*,#881,.T.);
#557=ORIENTED_EDGE('',*,*,#882,.F.);
#558=ORIENTED_EDGE('',*,*,#855,.F.);
#559=ORIENTED_EDGE('',*,*,#883,.T.);
#560=ORIENTED_EDGE('',*,*,#837,.T.);
#561=ORIENTED_EDGE('',*,*,#859,.F.);
#562=ORIENTED_EDGE('',*,*,#877,.F.);
#563=ORIENTED_EDGE('',*,*,#874,.F.);
#564=ORIENTED_EDGE('',*,*,#871,.T.);
#565=ORIENTED_EDGE('',*,*,#868,.F.);
#566=ORIENTED_EDGE('',*,*,#865,.F.);
#567=ORIENTED_EDGE('',*,*,#838,.T.);
#568=ORIENTED_EDGE('',*,*,#883,.F.);
#569=ORIENTED_EDGE('',*,*,#854,.T.);
#570=ORIENTED_EDGE('',*,*,#852,.T.);
#571=ORIENTED_EDGE('',*,*,#847,.T.);
#572=ORIENTED_EDGE('',*,*,#844,.T.);
#573=ORIENTED_EDGE('',*,*,#884,.F.);
#574=ORIENTED_EDGE('',*,*,#853,.F.);
#575=ORIENTED_EDGE('',*,*,#882,.T.);
#576=ORIENTED_EDGE('',*,*,#836,.F.);
#577=ORIENTED_EDGE('',*,*,#885,.T.);
#578=ORIENTED_EDGE('',*,*,#860,.T.);
#579=ORIENTED_EDGE('',*,*,#867,.T.);
#580=ORIENTED_EDGE('',*,*,#870,.F.);
#581=ORIENTED_EDGE('',*,*,#873,.T.);
#582=ORIENTED_EDGE('',*,*,#876,.T.);
#583=ORIENTED_EDGE('',*,*,#886,.F.);
#584=ORIENTED_EDGE('',*,*,#887,.F.);
#585=ORIENTED_EDGE('',*,*,#888,.F.);
#586=ORIENTED_EDGE('',*,*,#889,.F.);
#587=ORIENTED_EDGE('',*,*,#890,.F.);
#588=ORIENTED_EDGE('',*,*,#891,.F.);
#589=ORIENTED_EDGE('',*,*,#892,.F.);
#590=ORIENTED_EDGE('',*,*,#893,.T.);
#591=ORIENTED_EDGE('',*,*,#894,.F.);
#592=ORIENTED_EDGE('',*,*,#895,.T.);
#593=ORIENTED_EDGE('',*,*,#896,.T.);
#594=ORIENTED_EDGE('',*,*,#880,.F.);
#595=ORIENTED_EDGE('',*,*,#897,.F.);
#596=ORIENTED_EDGE('',*,*,#898,.T.);
#597=ORIENTED_EDGE('',*,*,#899,.F.);
#598=ORIENTED_EDGE('',*,*,#862,.F.);
#599=ORIENTED_EDGE('',*,*,#893,.F.);
#600=ORIENTED_EDGE('',*,*,#842,.F.);
#601=ORIENTED_EDGE('',*,*,#900,.T.);
#602=ORIENTED_EDGE('',*,*,#901,.T.);
#603=ORIENTED_EDGE('',*,*,#895,.F.);
#604=ORIENTED_EDGE('',*,*,#902,.F.);
#605=ORIENTED_EDGE('',*,*,#903,.T.);
#606=ORIENTED_EDGE('',*,*,#850,.T.);
#607=ORIENTED_EDGE('',*,*,#899,.T.);
#608=ORIENTED_EDGE('',*,*,#904,.F.);
#609=ORIENTED_EDGE('',*,*,#905,.F.);
#610=ORIENTED_EDGE('',*,*,#863,.T.);
#611=ORIENTED_EDGE('',*,*,#898,.F.);
#612=ORIENTED_EDGE('',*,*,#906,.F.);
#613=ORIENTED_EDGE('',*,*,#907,.T.);
#614=ORIENTED_EDGE('',*,*,#904,.T.);
#615=ORIENTED_EDGE('',*,*,#897,.T.);
#616=ORIENTED_EDGE('',*,*,#879,.F.);
#617=ORIENTED_EDGE('',*,*,#908,.F.);
#618=ORIENTED_EDGE('',*,*,#906,.T.);
#619=ORIENTED_EDGE('',*,*,#894,.T.);
#620=ORIENTED_EDGE('',*,*,#901,.F.);
#621=ORIENTED_EDGE('',*,*,#909,.F.);
#622=ORIENTED_EDGE('',*,*,#902,.T.);
#623=ORIENTED_EDGE('',*,*,#857,.T.);
#624=ORIENTED_EDGE('',*,*,#864,.T.);
#625=ORIENTED_EDGE('',*,*,#905,.T.);
#626=ORIENTED_EDGE('',*,*,#907,.F.);
#627=ORIENTED_EDGE('',*,*,#908,.T.);
#628=ORIENTED_EDGE('',*,*,#878,.T.);
#629=ORIENTED_EDGE('',*,*,#900,.F.);
#630=ORIENTED_EDGE('',*,*,#841,.F.);
#631=ORIENTED_EDGE('',*,*,#846,.F.);
#632=ORIENTED_EDGE('',*,*,#851,.F.);
#633=ORIENTED_EDGE('',*,*,#903,.F.);
#634=ORIENTED_EDGE('',*,*,#909,.T.);
#635=ORIENTED_EDGE('',*,*,#885,.F.);
#636=ORIENTED_EDGE('',*,*,#843,.F.);
#637=ORIENTED_EDGE('',*,*,#892,.T.);
#638=ORIENTED_EDGE('',*,*,#861,.T.);
#639=ORIENTED_EDGE('',*,*,#884,.T.);
#640=ORIENTED_EDGE('',*,*,#881,.F.);
#641=ORIENTED_EDGE('',*,*,#896,.F.);
#642=ORIENTED_EDGE('',*,*,#849,.T.);
#643=ORIENTED_EDGE('',*,*,#891,.T.);
#644=ORIENTED_EDGE('',*,*,#886,.T.);
#645=ORIENTED_EDGE('',*,*,#890,.T.);
#646=ORIENTED_EDGE('',*,*,#887,.T.);
#647=ORIENTED_EDGE('',*,*,#889,.T.);
#648=ORIENTED_EDGE('',*,*,#888,.T.);
#649=ORIENTED_EDGE('',*,*,#910,.F.);
#650=ORIENTED_EDGE('',*,*,#911,.F.);
#651=ORIENTED_EDGE('',*,*,#912,.T.);
#652=ORIENTED_EDGE('',*,*,#913,.T.);
#653=ORIENTED_EDGE('',*,*,#914,.T.);
#654=ORIENTED_EDGE('',*,*,#915,.F.);
#655=ORIENTED_EDGE('',*,*,#916,.F.);
#656=ORIENTED_EDGE('',*,*,#911,.T.);
#657=ORIENTED_EDGE('',*,*,#917,.T.);
#658=ORIENTED_EDGE('',*,*,#918,.F.);
#659=ORIENTED_EDGE('',*,*,#919,.F.);
#660=ORIENTED_EDGE('',*,*,#915,.T.);
#661=ORIENTED_EDGE('',*,*,#920,.T.);
#662=ORIENTED_EDGE('',*,*,#921,.F.);
#663=ORIENTED_EDGE('',*,*,#922,.T.);
#664=ORIENTED_EDGE('',*,*,#913,.F.);
#665=ORIENTED_EDGE('',*,*,#923,.F.);
#666=ORIENTED_EDGE('',*,*,#918,.T.);
#667=ORIENTED_EDGE('',*,*,#924,.T.);
#668=ORIENTED_EDGE('',*,*,#925,.F.);
#669=ORIENTED_EDGE('',*,*,#912,.F.);
#670=ORIENTED_EDGE('',*,*,#916,.T.);
#671=ORIENTED_EDGE('',*,*,#919,.T.);
#672=ORIENTED_EDGE('',*,*,#923,.T.);
#673=ORIENTED_EDGE('',*,*,#920,.F.);
#674=ORIENTED_EDGE('',*,*,#924,.F.);
#675=ORIENTED_EDGE('',*,*,#910,.T.);
#676=ORIENTED_EDGE('',*,*,#922,.F.);
#677=ORIENTED_EDGE('',*,*,#917,.F.);
#678=ORIENTED_EDGE('',*,*,#914,.F.);
#679=ORIENTED_EDGE('',*,*,#921,.T.);
#680=ORIENTED_EDGE('',*,*,#925,.T.);
#681=EDGE_CURVE('',#926,#927,#1098,.T.);
#682=EDGE_CURVE('',#927,#928,#1099,.T.);
#683=EDGE_CURVE('',#929,#928,#1100,.T.);
#684=EDGE_CURVE('',#926,#929,#1101,.T.);
#685=EDGE_CURVE('',#930,#931,#46,.T.);
#686=EDGE_CURVE('',#932,#931,#1102,.T.);
#687=EDGE_CURVE('',#933,#932,#47,.T.);
#688=EDGE_CURVE('',#934,#933,#1103,.T.);
#689=EDGE_CURVE('',#934,#927,#48,.T.);
#690=EDGE_CURVE('',#935,#926,#49,.T.);
#691=EDGE_CURVE('',#935,#930,#1104,.T.);
#692=EDGE_CURVE('',#930,#936,#1105,.T.);
#693=EDGE_CURVE('',#935,#937,#1106,.T.);
#694=EDGE_CURVE('',#937,#936,#1107,.T.);
#695=EDGE_CURVE('',#938,#936,#50,.T.);
#696=EDGE_CURVE('',#939,#937,#51,.T.);
#697=EDGE_CURVE('',#939,#938,#1108,.T.);
#698=EDGE_CURVE('',#938,#940,#1109,.T.);
#699=EDGE_CURVE('',#939,#941,#1110,.T.);
#700=EDGE_CURVE('',#941,#940,#1111,.T.);
#701=EDGE_CURVE('',#942,#943,#1112,.T.);
#702=EDGE_CURVE('',#944,#942,#1113,.T.);
#703=EDGE_CURVE('',#944,#945,#1114,.T.);
#704=EDGE_CURVE('',#945,#946,#1115,.T.);
#705=EDGE_CURVE('',#947,#946,#1116,.T.);
#706=EDGE_CURVE('',#948,#947,#1117,.T.);
#707=EDGE_CURVE('',#948,#949,#1118,.T.);
#708=EDGE_CURVE('',#950,#949,#1119,.T.);
#709=EDGE_CURVE('',#951,#950,#1120,.T.);
#710=EDGE_CURVE('',#951,#952,#1121,.T.);
#711=EDGE_CURVE('',#952,#953,#1122,.T.);
#712=EDGE_CURVE('',#953,#943,#1123,.T.);
#713=EDGE_CURVE('',#946,#954,#52,.T.);
#714=EDGE_CURVE('',#945,#955,#53,.T.);
#715=EDGE_CURVE('',#955,#954,#1124,.T.);
#716=EDGE_CURVE('',#954,#956,#1125,.T.);
#717=EDGE_CURVE('',#955,#957,#1126,.T.);
#718=EDGE_CURVE('',#957,#956,#1127,.T.);
#719=EDGE_CURVE('',#956,#958,#54,.T.);
#720=EDGE_CURVE('',#957,#959,#55,.T.);
#721=EDGE_CURVE('',#959,#958,#1128,.T.);
#722=EDGE_CURVE('',#958,#960,#1129,.T.);
#723=EDGE_CURVE('',#959,#961,#1130,.T.);
#724=EDGE_CURVE('',#961,#960,#1131,.T.);
#725=EDGE_CURVE('',#928,#962,#56,.T.);
#726=EDGE_CURVE('',#962,#963,#1132,.T.);
#727=EDGE_CURVE('',#964,#963,#57,.T.);
#728=EDGE_CURVE('',#964,#965,#1133,.T.);
#729=EDGE_CURVE('',#965,#940,#58,.T.);
#730=EDGE_CURVE('',#929,#941,#59,.T.);
#731=EDGE_CURVE('',#960,#942,#60,.T.);
#732=EDGE_CURVE('',#961,#944,#61,.T.);
#733=EDGE_CURVE('',#966,#966,#62,.T.);
#734=EDGE_CURVE('',#967,#967,#63,.T.);
#735=EDGE_CURVE('',#968,#943,#1134,.T.);
#736=EDGE_CURVE('',#968,#931,#64,.T.);
#737=EDGE_CURVE('',#965,#969,#65,.T.);
#738=EDGE_CURVE('',#969,#947,#1135,.T.);
#739=EDGE_CURVE('',#970,#970,#66,.T.);
#740=EDGE_CURVE('',#971,#971,#67,.T.);
#741=EDGE_CURVE('',#972,#972,#68,.F.);
#742=EDGE_CURVE('',#973,#973,#69,.F.);
#743=EDGE_CURVE('',#974,#974,#70,.T.);
#744=EDGE_CURVE('',#975,#948,#1136,.T.);
#745=EDGE_CURVE('',#964,#975,#71,.T.);
#746=EDGE_CURVE('',#976,#963,#1137,.T.);
#747=EDGE_CURVE('',#976,#977,#72,.T.);
#748=EDGE_CURVE('',#933,#977,#1138,.T.);
#749=EDGE_CURVE('',#978,#932,#73,.T.);
#750=EDGE_CURVE('',#978,#953,#1139,.T.);
#751=EDGE_CURVE('',#979,#952,#74,.T.);
#752=EDGE_CURVE('',#980,#979,#1140,.T.);
#753=EDGE_CURVE('',#981,#980,#75,.T.);
#754=EDGE_CURVE('',#982,#981,#1141,.T.);
#755=EDGE_CURVE('',#949,#982,#76,.T.);
#756=EDGE_CURVE('',#983,#977,#1142,.T.);
#757=EDGE_CURVE('',#934,#983,#1143,.T.);
#758=EDGE_CURVE('',#984,#976,#1144,.T.);
#759=EDGE_CURVE('',#984,#983,#77,.T.);
#760=EDGE_CURVE('',#984,#962,#1145,.T.);
#761=EDGE_CURVE('',#985,#982,#1146,.T.);
#762=EDGE_CURVE('',#950,#985,#78,.T.);
#763=EDGE_CURVE('',#986,#981,#1147,.T.);
#764=EDGE_CURVE('',#985,#986,#1148,.T.);
#765=EDGE_CURVE('',#987,#980,#1149,.T.);
#766=EDGE_CURVE('',#986,#987,#79,.T.);
#767=EDGE_CURVE('',#988,#979,#1150,.T.);
#768=EDGE_CURVE('',#987,#988,#1151,.T.);
#769=EDGE_CURVE('',#988,#951,#80,.T.);
#770=EDGE_CURVE('',#989,#989,#81,.T.);
#771=EDGE_CURVE('',#978,#968,#1152,.T.);
#772=EDGE_CURVE('',#975,#969,#1153,.T.);
#773=EDGE_CURVE('',#990,#991,#1154,.T.);
#774=EDGE_CURVE('',#992,#990,#1155,.T.);
#775=EDGE_CURVE('',#992,#993,#1156,.T.);
#776=EDGE_CURVE('',#993,#991,#1157,.T.);
#777=EDGE_CURVE('',#990,#994,#82,.T.);
#778=EDGE_CURVE('',#995,#994,#1158,.T.);
#779=EDGE_CURVE('',#992,#995,#83,.T.);
#780=EDGE_CURVE('',#994,#996,#1159,.T.);
#781=EDGE_CURVE('',#997,#996,#1160,.T.);
#782=EDGE_CURVE('',#995,#997,#1161,.T.);
#783=EDGE_CURVE('',#998,#998,#84,.T.);
#784=EDGE_CURVE('',#999,#999,#85,.T.);
#785=EDGE_CURVE('',#996,#991,#86,.T.);
#786=EDGE_CURVE('',#997,#993,#87,.T.);
#787=EDGE_CURVE('',#1000,#1000,#88,.T.);
#788=EDGE_CURVE('',#1001,#1001,#89,.T.);
#789=EDGE_CURVE('',#1002,#1003,#90,.T.);
#790=EDGE_CURVE('',#1004,#1003,#1162,.T.);
#791=EDGE_CURVE('',#1005,#1004,#91,.T.);
#792=EDGE_CURVE('',#1005,#1002,#1163,.T.);
#793=EDGE_CURVE('',#1006,#1003,#1164,.T.);
#794=EDGE_CURVE('',#1007,#1006,#1165,.T.);
#795=EDGE_CURVE('',#1007,#1008,#1166,.T.);
#796=EDGE_CURVE('',#1009,#1008,#1167,.T.);
#797=EDGE_CURVE('',#1009,#1004,#1168,.T.);
#798=EDGE_CURVE('',#1008,#1010,#92,.T.);
#799=EDGE_CURVE('',#1011,#1010,#1169,.T.);
#800=EDGE_CURVE('',#1009,#1011,#93,.T.);
#801=EDGE_CURVE('',#1012,#1010,#1170,.T.);
#802=EDGE_CURVE('',#1013,#1012,#1171,.T.);
#803=EDGE_CURVE('',#1013,#1011,#1172,.T.);
#804=EDGE_CURVE('',#1014,#1014,#94,.T.);
#805=EDGE_CURVE('',#1015,#1015,#95,.T.);
#806=EDGE_CURVE('',#1016,#1002,#1173,.T.);
#807=EDGE_CURVE('',#1013,#1005,#1174,.T.);
#808=EDGE_CURVE('',#1017,#1012,#1175,.T.);
#809=EDGE_CURVE('',#1017,#1016,#1176,.T.);
#810=EDGE_CURVE('',#1006,#1016,#96,.T.);
#811=EDGE_CURVE('',#1018,#1018,#97,.T.);
#812=EDGE_CURVE('',#1007,#1017,#98,.T.);
#813=EDGE_CURVE('',#1019,#1019,#99,.T.);
#814=EDGE_CURVE('',#1020,#1021,#1177,.T.);
#815=EDGE_CURVE('',#1022,#1020,#1178,.T.);
#816=EDGE_CURVE('',#1022,#1023,#1179,.T.);
#817=EDGE_CURVE('',#1023,#1024,#1180,.T.);
#818=EDGE_CURVE('',#1024,#1025,#1181,.T.);
#819=EDGE_CURVE('',#1025,#1021,#1182,.T.);
#820=EDGE_CURVE('',#1020,#1026,#100,.T.);
#821=EDGE_CURVE('',#1027,#1026,#1183,.T.);
#822=EDGE_CURVE('',#1022,#1027,#101,.T.);
#823=EDGE_CURVE('',#1026,#1028,#1184,.T.);
#824=EDGE_CURVE('',#1029,#1028,#1185,.T.);
#825=EDGE_CURVE('',#1030,#1029,#1186,.T.);
#826=EDGE_CURVE('',#1031,#1030,#1187,.T.);
#827=EDGE_CURVE('',#1027,#1031,#1188,.T.);
#828=EDGE_CURVE('',#1024,#1030,#102,.T.);
#829=EDGE_CURVE('',#1023,#1031,#103,.T.);
#830=EDGE_CURVE('',#1032,#1032,#104,.T.);
#831=EDGE_CURVE('',#1033,#1033,#105,.T.);
#832=EDGE_CURVE('',#1028,#1021,#106,.T.);
#833=EDGE_CURVE('',#1034,#1034,#107,.T.);
#834=EDGE_CURVE('',#1029,#1025,#108,.T.);
#835=EDGE_CURVE('',#1035,#1035,#109,.T.);
#836=EDGE_CURVE('',#1036,#1037,#110,.T.);
#837=EDGE_CURVE('',#1038,#1037,#1189,.T.);
#838=EDGE_CURVE('',#1039,#1038,#111,.T.);
#839=EDGE_CURVE('',#1039,#1036,#1190,.T.);
#840=EDGE_CURVE('',#1040,#1041,#1191,.T.);
#841=EDGE_CURVE('',#1041,#1042,#1192,.T.);
#842=EDGE_CURVE('',#1042,#1043,#1193,.T.);
#843=EDGE_CURVE('',#1043,#1036,#1194,.T.);
#844=EDGE_CURVE('',#1040,#1039,#1195,.T.);
#845=EDGE_CURVE('',#1044,#1045,#1196,.T.);
#846=EDGE_CURVE('',#1045,#1041,#112,.T.);
#847=EDGE_CURVE('',#1044,#1040,#113,.T.);
#848=EDGE_CURVE('',#1046,#1047,#1197,.T.);
#849=EDGE_CURVE('',#1048,#1047,#1198,.T.);
#850=EDGE_CURVE('',#1049,#1048,#1199,.T.);
#851=EDGE_CURVE('',#1049,#1045,#1200,.T.);
#852=EDGE_CURVE('',#1046,#1044,#1201,.T.);
#853=EDGE_CURVE('',#1050,#1047,#114,.T.);
#854=EDGE_CURVE('',#1051,#1046,#115,.T.);
#855=EDGE_CURVE('',#1051,#1050,#1202,.T.);
#856=EDGE_CURVE('',#1052,#1053,#1203,.T.);
#857=EDGE_CURVE('',#1054,#1053,#116,.T.);
#858=EDGE_CURVE('',#1055,#1054,#1204,.T.);
#859=EDGE_CURVE('',#1055,#1052,#117,.T.);
#860=EDGE_CURVE('',#1056,#1057,#1205,.T.);
#861=EDGE_CURVE('',#1058,#1056,#1206,.T.);
#862=EDGE_CURVE('',#1058,#1059,#1207,.T.);
#863=EDGE_CURVE('',#1060,#1059,#1208,.T.);
#864=EDGE_CURVE('',#1053,#1060,#1209,.T.);
#865=EDGE_CURVE('',#1052,#1061,#1210,.T.);
#866=EDGE_CURVE('',#1061,#1057,#1211,.T.);
#867=EDGE_CURVE('',#1057,#1062,#118,.T.);
#868=EDGE_CURVE('',#1061,#1063,#119,.T.);
#869=EDGE_CURVE('',#1063,#1062,#1212,.T.);
#870=EDGE_CURVE('',#1064,#1062,#1213,.T.);
#871=EDGE_CURVE('',#1065,#1063,#1214,.T.);
#872=EDGE_CURVE('',#1065,#1064,#1215,.T.);
#873=EDGE_CURVE('',#1064,#1066,#120,.T.);
#874=EDGE_CURVE('',#1065,#1067,#121,.T.);
#875=EDGE_CURVE('',#1067,#1066,#1216,.T.);
#876=EDGE_CURVE('',#1066,#1068,#1217,.T.);
#877=EDGE_CURVE('',#1067,#1055,#1218,.T.);
#878=EDGE_CURVE('',#1069,#1054,#1219,.T.);
#879=EDGE_CURVE('',#1069,#1070,#1220,.T.);
#880=EDGE_CURVE('',#1070,#1071,#1221,.T.);
#881=EDGE_CURVE('',#1071,#1068,#1222,.T.);
#882=EDGE_CURVE('',#1050,#1037,#1223,.T.);
#883=EDGE_CURVE('',#1051,#1038,#1224,.T.);
#884=EDGE_CURVE('',#1047,#1068,#1225,.T.);
#885=EDGE_CURVE('',#1036,#1056,#1226,.T.);
#886=EDGE_CURVE('',#1072,#1072,#122,.T.);
#887=EDGE_CURVE('',#1073,#1073,#123,.T.);
#888=EDGE_CURVE('',#1074,#1074,#124,.T.);
#889=EDGE_CURVE('',#1075,#1075,#125,.F.);
#890=EDGE_CURVE('',#1076,#1076,#126,.F.);
#891=EDGE_CURVE('',#1077,#1077,#127,.F.);
#892=EDGE_CURVE('',#1043,#1058,#1227,.T.);
#893=EDGE_CURVE('',#1043,#1078,#128,.T.);
#894=EDGE_CURVE('',#1079,#1078,#1228,.T.);
#895=EDGE_CURVE('',#1079,#1048,#129,.T.);
#896=EDGE_CURVE('',#1048,#1071,#1229,.T.);
#897=EDGE_CURVE('',#1080,#1070,#130,.T.);
#898=EDGE_CURVE('',#1080,#1081,#1230,.T.);
#899=EDGE_CURVE('',#1059,#1081,#131,.T.);
#900=EDGE_CURVE('',#1042,#1082,#132,.T.);
#901=EDGE_CURVE('',#1082,#1078,#1231,.T.);
#902=EDGE_CURVE('',#1083,#1079,#1232,.T.);
#903=EDGE_CURVE('',#1083,#1049,#133,.T.);
#904=EDGE_CURVE('',#1084,#1081,#1233,.T.);
#905=EDGE_CURVE('',#1060,#1084,#134,.T.);
#906=EDGE_CURVE('',#1085,#1080,#1234,.T.);
#907=EDGE_CURVE('',#1085,#1084,#1235,.T.);
#908=EDGE_CURVE('',#1085,#1069,#135,.T.);
#909=EDGE_CURVE('',#1083,#1082,#1236,.T.);
#910=EDGE_CURVE('',#1086,#1087,#1237,.T.);
#911=EDGE_CURVE('',#1088,#1086,#1238,.T.);
#912=EDGE_CURVE('',#1088,#1089,#1239,.T.);
#913=EDGE_CURVE('',#1089,#1087,#1240,.T.);
#914=EDGE_CURVE('',#1086,#1090,#136,.T.);
#915=EDGE_CURVE('',#1091,#1090,#1241,.T.);
#916=EDGE_CURVE('',#1088,#1091,#137,.T.);
#917=EDGE_CURVE('',#1090,#1092,#1242,.T.);
#918=EDGE_CURVE('',#1093,#1092,#1243,.T.);
#919=EDGE_CURVE('',#1091,#1093,#1244,.T.);
#920=EDGE_CURVE('',#1094,#1094,#138,.T.);
#921=EDGE_CURVE('',#1095,#1095,#139,.T.);
#922=EDGE_CURVE('',#1092,#1087,#140,.T.);
#923=EDGE_CURVE('',#1093,#1089,#141,.T.);
#924=EDGE_CURVE('',#1096,#1096,#142,.T.);
#925=EDGE_CURVE('',#1097,#1097,#143,.T.);
#926=VERTEX_POINT('',#2650);
#927=VERTEX_POINT('',#2651);
#928=VERTEX_POINT('',#2653);
#929=VERTEX_POINT('',#2655);
#930=VERTEX_POINT('',#2659);
#931=VERTEX_POINT('',#2660);
#932=VERTEX_POINT('',#2662);
#933=VERTEX_POINT('',#2664);
#934=VERTEX_POINT('',#2666);
#935=VERTEX_POINT('',#2669);
#936=VERTEX_POINT('',#2673);
#937=VERTEX_POINT('',#2675);
#938=VERTEX_POINT('',#2679);
#939=VERTEX_POINT('',#2681);
#940=VERTEX_POINT('',#2685);
#941=VERTEX_POINT('',#2687);
#942=VERTEX_POINT('',#2691);
#943=VERTEX_POINT('',#2692);
#944=VERTEX_POINT('',#2694);
#945=VERTEX_POINT('',#2696);
#946=VERTEX_POINT('',#2698);
#947=VERTEX_POINT('',#2700);
#948=VERTEX_POINT('',#2702);
#949=VERTEX_POINT('',#2704);
#950=VERTEX_POINT('',#2706);
#951=VERTEX_POINT('',#2708);
#952=VERTEX_POINT('',#2710);
#953=VERTEX_POINT('',#2712);
#954=VERTEX_POINT('',#2716);
#955=VERTEX_POINT('',#2718);
#956=VERTEX_POINT('',#2722);
#957=VERTEX_POINT('',#2724);
#958=VERTEX_POINT('',#2728);
#959=VERTEX_POINT('',#2730);
#960=VERTEX_POINT('',#2734);
#961=VERTEX_POINT('',#2736);
#962=VERTEX_POINT('',#2740);
#963=VERTEX_POINT('',#2742);
#964=VERTEX_POINT('',#2744);
#965=VERTEX_POINT('',#2746);
#966=VERTEX_POINT('',#2754);
#967=VERTEX_POINT('',#2756);
#968=VERTEX_POINT('',#2760);
#969=VERTEX_POINT('',#2763);
#970=VERTEX_POINT('',#2766);
#971=VERTEX_POINT('',#2768);
#972=VERTEX_POINT('',#2771);
#973=VERTEX_POINT('',#2773);
#974=VERTEX_POINT('',#2775);
#975=VERTEX_POINT('',#2777);
#976=VERTEX_POINT('',#2780);
#977=VERTEX_POINT('',#2782);
#978=VERTEX_POINT('',#2785);
#979=VERTEX_POINT('',#2788);
#980=VERTEX_POINT('',#2790);
#981=VERTEX_POINT('',#2792);
#982=VERTEX_POINT('',#2794);
#983=VERTEX_POINT('',#2798);
#984=VERTEX_POINT('',#2802);
#985=VERTEX_POINT('',#2808);
#986=VERTEX_POINT('',#2812);
#987=VERTEX_POINT('',#2816);
#988=VERTEX_POINT('',#2820);
#989=VERTEX_POINT('',#2826);
#990=VERTEX_POINT('',#2839);
#991=VERTEX_POINT('',#2840);
#992=VERTEX_POINT('',#2842);
#993=VERTEX_POINT('',#2844);
#994=VERTEX_POINT('',#2848);
#995=VERTEX_POINT('',#2850);
#996=VERTEX_POINT('',#2854);
#997=VERTEX_POINT('',#2856);
#998=VERTEX_POINT('',#2860);
#999=VERTEX_POINT('',#2862);
#1000=VERTEX_POINT('',#2868);
#1001=VERTEX_POINT('',#2870);
#1002=VERTEX_POINT('',#2876);
#1003=VERTEX_POINT('',#2877);
#1004=VERTEX_POINT('',#2879);
#1005=VERTEX_POINT('',#2881);
#1006=VERTEX_POINT('',#2885);
#1007=VERTEX_POINT('',#2887);
#1008=VERTEX_POINT('',#2889);
#1009=VERTEX_POINT('',#2891);
#1010=VERTEX_POINT('',#2895);
#1011=VERTEX_POINT('',#2897);
#1012=VERTEX_POINT('',#2901);
#1013=VERTEX_POINT('',#2903);
#1014=VERTEX_POINT('',#2907);
#1015=VERTEX_POINT('',#2909);
#1016=VERTEX_POINT('',#2912);
#1017=VERTEX_POINT('',#2915);
#1018=VERTEX_POINT('',#2921);
#1019=VERTEX_POINT('',#2926);
#1020=VERTEX_POINT('',#2931);
#1021=VERTEX_POINT('',#2932);
#1022=VERTEX_POINT('',#2934);
#1023=VERTEX_POINT('',#2936);
#1024=VERTEX_POINT('',#2938);
#1025=VERTEX_POINT('',#2940);
#1026=VERTEX_POINT('',#2944);
#1027=VERTEX_POINT('',#2946);
#1028=VERTEX_POINT('',#2950);
#1029=VERTEX_POINT('',#2952);
#1030=VERTEX_POINT('',#2954);
#1031=VERTEX_POINT('',#2956);
#1032=VERTEX_POINT('',#2963);
#1033=VERTEX_POINT('',#2965);
#1034=VERTEX_POINT('',#2970);
#1035=VERTEX_POINT('',#2975);
#1036=VERTEX_POINT('',#2980);
#1037=VERTEX_POINT('',#2981);
#1038=VERTEX_POINT('',#2983);
#1039=VERTEX_POINT('',#2985);
#1040=VERTEX_POINT('',#2989);
#1041=VERTEX_POINT('',#2990);
#1042=VERTEX_POINT('',#2992);
#1043=VERTEX_POINT('',#2994);
#1044=VERTEX_POINT('',#2999);
#1045=VERTEX_POINT('',#3000);
#1046=VERTEX_POINT('',#3005);
#1047=VERTEX_POINT('',#3006);
#1048=VERTEX_POINT('',#3008);
#1049=VERTEX_POINT('',#3010);
#1050=VERTEX_POINT('',#3015);
#1051=VERTEX_POINT('',#3017);
#1052=VERTEX_POINT('',#3021);
#1053=VERTEX_POINT('',#3022);
#1054=VERTEX_POINT('',#3024);
#1055=VERTEX_POINT('',#3026);
#1056=VERTEX_POINT('',#3030);
#1057=VERTEX_POINT('',#3031);
#1058=VERTEX_POINT('',#3033);
#1059=VERTEX_POINT('',#3035);
#1060=VERTEX_POINT('',#3037);
#1061=VERTEX_POINT('',#3040);
#1062=VERTEX_POINT('',#3044);
#1063=VERTEX_POINT('',#3046);
#1064=VERTEX_POINT('',#3050);
#1065=VERTEX_POINT('',#3052);
#1066=VERTEX_POINT('',#3056);
#1067=VERTEX_POINT('',#3058);
#1068=VERTEX_POINT('',#3062);
#1069=VERTEX_POINT('',#3065);
#1070=VERTEX_POINT('',#3067);
#1071=VERTEX_POINT('',#3069);
#1072=VERTEX_POINT('',#3079);
#1073=VERTEX_POINT('',#3081);
#1074=VERTEX_POINT('',#3083);
#1075=VERTEX_POINT('',#3086);
#1076=VERTEX_POINT('',#3088);
#1077=VERTEX_POINT('',#3090);
#1078=VERTEX_POINT('',#3093);
#1079=VERTEX_POINT('',#3095);
#1080=VERTEX_POINT('',#3099);
#1081=VERTEX_POINT('',#3101);
#1082=VERTEX_POINT('',#3105);
#1083=VERTEX_POINT('',#3109);
#1084=VERTEX_POINT('',#3113);
#1085=VERTEX_POINT('',#3117);
#1086=VERTEX_POINT('',#3132);
#1087=VERTEX_POINT('',#3133);
#1088=VERTEX_POINT('',#3135);
#1089=VERTEX_POINT('',#3137);
#1090=VERTEX_POINT('',#3141);
#1091=VERTEX_POINT('',#3143);
#1092=VERTEX_POINT('',#3147);
#1093=VERTEX_POINT('',#3149);
#1094=VERTEX_POINT('',#3153);
#1095=VERTEX_POINT('',#3155);
#1096=VERTEX_POINT('',#3161);
#1097=VERTEX_POINT('',#3163);
#1098=LINE('',#2649,#1245);
#1099=LINE('',#2652,#1246);
#1100=LINE('',#2654,#1247);
#1101=LINE('',#2656,#1248);
#1102=LINE('',#2661,#1249);
#1103=LINE('',#2665,#1250);
#1104=LINE('',#2670,#1251);
#1105=LINE('',#2672,#1252);
#1106=LINE('',#2674,#1253);
#1107=LINE('',#2676,#1254);
#1108=LINE('',#2682,#1255);
#1109=LINE('',#2684,#1256);
#1110=LINE('',#2686,#1257);
#1111=LINE('',#2688,#1258);
#1112=LINE('',#2690,#1259);
#1113=LINE('',#2693,#1260);
#1114=LINE('',#2695,#1261);
#1115=LINE('',#2697,#1262);
#1116=LINE('',#2699,#1263);
#1117=LINE('',#2701,#1264);
#1118=LINE('',#2703,#1265);
#1119=LINE('',#2705,#1266);
#1120=LINE('',#2707,#1267);
#1121=LINE('',#2709,#1268);
#1122=LINE('',#2711,#1269);
#1123=LINE('',#2713,#1270);
#1124=LINE('',#2719,#1271);
#1125=LINE('',#2721,#1272);
#1126=LINE('',#2723,#1273);
#1127=LINE('',#2725,#1274);
#1128=LINE('',#2731,#1275);
#1129=LINE('',#2733,#1276);
#1130=LINE('',#2735,#1277);
#1131=LINE('',#2737,#1278);
#1132=LINE('',#2741,#1279);
#1133=LINE('',#2745,#1280);
#1134=LINE('',#2759,#1281);
#1135=LINE('',#2764,#1282);
#1136=LINE('',#2776,#1283);
#1137=LINE('',#2779,#1284);
#1138=LINE('',#2783,#1285);
#1139=LINE('',#2786,#1286);
#1140=LINE('',#2789,#1287);
#1141=LINE('',#2793,#1288);
#1142=LINE('',#2797,#1289);
#1143=LINE('',#2799,#1290);
#1144=LINE('',#2801,#1291);
#1145=LINE('',#2805,#1292);
#1146=LINE('',#2807,#1293);
#1147=LINE('',#2811,#1294);
#1148=LINE('',#2813,#1295);
#1149=LINE('',#2815,#1296);
#1150=LINE('',#2819,#1297);
#1151=LINE('',#2821,#1298);
#1152=LINE('',#2829,#1299);
#1153=LINE('',#2831,#1300);
#1154=LINE('',#2838,#1301);
#1155=LINE('',#2841,#1302);
#1156=LINE('',#2843,#1303);
#1157=LINE('',#2845,#1304);
#1158=LINE('',#2849,#1305);
#1159=LINE('',#2853,#1306);
#1160=LINE('',#2855,#1307);
#1161=LINE('',#2857,#1308);
#1162=LINE('',#2878,#1309);
#1163=LINE('',#2882,#1310);
#1164=LINE('',#2884,#1311);
#1165=LINE('',#2886,#1312);
#1166=LINE('',#2888,#1313);
#1167=LINE('',#2890,#1314);
#1168=LINE('',#2892,#1315);
#1169=LINE('',#2896,#1316);
#1170=LINE('',#2900,#1317);
#1171=LINE('',#2902,#1318);
#1172=LINE('',#2904,#1319);
#1173=LINE('',#2911,#1320);
#1174=LINE('',#2913,#1321);
#1175=LINE('',#2914,#1322);
#1176=LINE('',#2916,#1323);
#1177=LINE('',#2930,#1324);
#1178=LINE('',#2933,#1325);
#1179=LINE('',#2935,#1326);
#1180=LINE('',#2937,#1327);
#1181=LINE('',#2939,#1328);
#1182=LINE('',#2941,#1329);
#1183=LINE('',#2945,#1330);
#1184=LINE('',#2949,#1331);
#1185=LINE('',#2951,#1332);
#1186=LINE('',#2953,#1333);
#1187=LINE('',#2955,#1334);
#1188=LINE('',#2957,#1335);
#1189=LINE('',#2982,#1336);
#1190=LINE('',#2986,#1337);
#1191=LINE('',#2988,#1338);
#1192=LINE('',#2991,#1339);
#1193=LINE('',#2993,#1340);
#1194=LINE('',#2995,#1341);
#1195=LINE('',#2996,#1342);
#1196=LINE('',#2998,#1343);
#1197=LINE('',#3004,#1344);
#1198=LINE('',#3007,#1345);
#1199=LINE('',#3009,#1346);
#1200=LINE('',#3011,#1347);
#1201=LINE('',#3012,#1348);
#1202=LINE('',#3018,#1349);
#1203=LINE('',#3020,#1350);
#1204=LINE('',#3025,#1351);
#1205=LINE('',#3029,#1352);
#1206=LINE('',#3032,#1353);
#1207=LINE('',#3034,#1354);
#1208=LINE('',#3036,#1355);
#1209=LINE('',#3038,#1356);
#1210=LINE('',#3039,#1357);
#1211=LINE('',#3041,#1358);
#1212=LINE('',#3047,#1359);
#1213=LINE('',#3049,#1360);
#1214=LINE('',#3051,#1361);
#1215=LINE('',#3053,#1362);
#1216=LINE('',#3059,#1363);
#1217=LINE('',#3061,#1364);
#1218=LINE('',#3063,#1365);
#1219=LINE('',#3064,#1366);
#1220=LINE('',#3066,#1367);
#1221=LINE('',#3068,#1368);
#1222=LINE('',#3070,#1369);
#1223=LINE('',#3072,#1370);
#1224=LINE('',#3073,#1371);
#1225=LINE('',#3076,#1372);
#1226=LINE('',#3077,#1373);
#1227=LINE('',#3091,#1374);
#1228=LINE('',#3094,#1375);
#1229=LINE('',#3097,#1376);
#1230=LINE('',#3100,#1377);
#1231=LINE('',#3106,#1378);
#1232=LINE('',#3108,#1379);
#1233=LINE('',#3112,#1380);
#1234=LINE('',#3116,#1381);
#1235=LINE('',#3118,#1382);
#1236=LINE('',#3122,#1383);
#1237=LINE('',#3131,#1384);
#1238=LINE('',#3134,#1385);
#1239=LINE('',#3136,#1386);
#1240=LINE('',#3138,#1387);
#1241=LINE('',#3142,#1388);
#1242=LINE('',#3146,#1389);
#1243=LINE('',#3148,#1390);
#1244=LINE('',#3150,#1391);
#1245=VECTOR('',#2102,1.);
#1246=VECTOR('',#2103,1.);
#1247=VECTOR('',#2104,1.);
#1248=VECTOR('',#2105,1.);
#1249=VECTOR('',#2110,1.);
#1250=VECTOR('',#2113,1.);
#1251=VECTOR('',#2118,1.);
#1252=VECTOR('',#2121,1.);
#1253=VECTOR('',#2122,1.);
#1254=VECTOR('',#2123,1.);
#1255=VECTOR('',#2130,1.);
#1256=VECTOR('',#2133,1.);
#1257=VECTOR('',#2134,1.);
#1258=VECTOR('',#2135,1.);
#1259=VECTOR('',#2138,1.);
#1260=VECTOR('',#2139,1.);
#1261=VECTOR('',#2140,1.);
#1262=VECTOR('',#2141,1.);
#1263=VECTOR('',#2142,1.);
#1264=VECTOR('',#2143,1.);
#1265=VECTOR('',#2144,1.);
#1266=VECTOR('',#2145,1.);
#1267=VECTOR('',#2146,1.);
#1268=VECTOR('',#2147,1.);
#1269=VECTOR('',#2148,1.);
#1270=VECTOR('',#2149,1.);
#1271=VECTOR('',#2156,1.);
#1272=VECTOR('',#2159,1.);
#1273=VECTOR('',#2160,1.);
#1274=VECTOR('',#2161,1.);
#1275=VECTOR('',#2168,1.);
#1276=VECTOR('',#2171,1.);
#1277=VECTOR('',#2172,1.);
#1278=VECTOR('',#2173,1.);
#1279=VECTOR('',#2178,1.);
#1280=VECTOR('',#2181,1.);
#1281=VECTOR('',#2202,1.);
#1282=VECTOR('',#2207,1.);
#1283=VECTOR('',#2220,1.);
#1284=VECTOR('',#2223,1.);
#1285=VECTOR('',#2226,1.);
#1286=VECTOR('',#2229,1.);
#1287=VECTOR('',#2232,1.);
#1288=VECTOR('',#2235,1.);
#1289=VECTOR('',#2240,1.);
#1290=VECTOR('',#2241,1.);
#1291=VECTOR('',#2244,1.);
#1292=VECTOR('',#2249,1.);
#1293=VECTOR('',#2252,1.);
#1294=VECTOR('',#2257,1.);
#1295=VECTOR('',#2258,1.);
#1296=VECTOR('',#2261,1.);
#1297=VECTOR('',#2266,1.);
#1298=VECTOR('',#2267,1.);
#1299=VECTOR('',#2280,1.);
#1300=VECTOR('',#2283,1.);
#1301=VECTOR('',#2296,1.);
#1302=VECTOR('',#2297,1.);
#1303=VECTOR('',#2298,1.);
#1304=VECTOR('',#2299,1.);
#1305=VECTOR('',#2304,1.);
#1306=VECTOR('',#2309,1.);
#1307=VECTOR('',#2310,1.);
#1308=VECTOR('',#2311,1.);
#1309=VECTOR('',#2340,1.);
#1310=VECTOR('',#2343,1.);
#1311=VECTOR('',#2346,1.);
#1312=VECTOR('',#2347,1.);
#1313=VECTOR('',#2348,1.);
#1314=VECTOR('',#2349,1.);
#1315=VECTOR('',#2350,1.);
#1316=VECTOR('',#2355,1.);
#1317=VECTOR('',#2360,1.);
#1318=VECTOR('',#2361,1.);
#1319=VECTOR('',#2362,1.);
#1320=VECTOR('',#2371,1.);
#1321=VECTOR('',#2372,1.);
#1322=VECTOR('',#2373,1.);
#1323=VECTOR('',#2374,1.);
#1324=VECTOR('',#2397,1.);
#1325=VECTOR('',#2398,1.);
#1326=VECTOR('',#2399,1.);
#1327=VECTOR('',#2400,1.);
#1328=VECTOR('',#2401,1.);
#1329=VECTOR('',#2402,1.);
#1330=VECTOR('',#2407,1.);
#1331=VECTOR('',#2412,1.);
#1332=VECTOR('',#2413,1.);
#1333=VECTOR('',#2414,1.);
#1334=VECTOR('',#2415,1.);
#1335=VECTOR('',#2416,1.);
#1336=VECTOR('',#2453,1.);
#1337=VECTOR('',#2456,1.);
#1338=VECTOR('',#2459,1.);
#1339=VECTOR('',#2460,1.);
#1340=VECTOR('',#2461,1.);
#1341=VECTOR('',#2462,1.);
#1342=VECTOR('',#2463,1.);
#1343=VECTOR('',#2466,1.);
#1344=VECTOR('',#2473,1.);
#1345=VECTOR('',#2474,1.);
#1346=VECTOR('',#2475,1.);
#1347=VECTOR('',#2476,1.);
#1348=VECTOR('',#2477,1.);
#1349=VECTOR('',#2484,1.);
#1350=VECTOR('',#2487,1.);
#1351=VECTOR('',#2490,1.);
#1352=VECTOR('',#2495,1.);
#1353=VECTOR('',#2496,1.);
#1354=VECTOR('',#2497,1.);
#1355=VECTOR('',#2498,1.);
#1356=VECTOR('',#2499,1.);
#1357=VECTOR('',#2500,1.);
#1358=VECTOR('',#2501,1.);
#1359=VECTOR('',#2508,1.);
#1360=VECTOR('',#2511,1.);
#1361=VECTOR('',#2512,1.);
#1362=VECTOR('',#2513,1.);
#1363=VECTOR('',#2520,1.);
#1364=VECTOR('',#2523,1.);
#1365=VECTOR('',#2524,1.);
#1366=VECTOR('',#2525,1.);
#1367=VECTOR('',#2526,1.);
#1368=VECTOR('',#2527,1.);
#1369=VECTOR('',#2528,1.);
#1370=VECTOR('',#2531,1.);
#1371=VECTOR('',#2532,1.);
#1372=VECTOR('',#2537,1.);
#1373=VECTOR('',#2538,1.);
#1374=VECTOR('',#2553,1.);
#1375=VECTOR('',#2556,1.);
#1376=VECTOR('',#2559,1.);
#1377=VECTOR('',#2562,1.);
#1378=VECTOR('',#2569,1.);
#1379=VECTOR('',#2572,1.);
#1380=VECTOR('',#2577,1.);
#1381=VECTOR('',#2582,1.);
#1382=VECTOR('',#2583,1.);
#1383=VECTOR('',#2590,1.);
#1384=VECTOR('',#2607,1.);
#1385=VECTOR('',#2608,1.);
#1386=VECTOR('',#2609,1.);
#1387=VECTOR('',#2610,1.);
#1388=VECTOR('',#2615,1.);
#1389=VECTOR('',#2620,1.);
#1390=VECTOR('',#2621,1.);
#1391=VECTOR('',#2622,1.);
#1392=EDGE_LOOP('',(#191,#192,#193,#194));
#1393=EDGE_LOOP('',(#195,#196,#197,#198,#199,#200,#201,#202));
#1394=EDGE_LOOP('',(#203,#204,#205,#206));
#1395=EDGE_LOOP('',(#207,#208,#209,#210));
#1396=EDGE_LOOP('',(#211,#212,#213,#214));
#1397=EDGE_LOOP('',(#215,#216,#217,#218,#219,#220,#221,#222,#223,#224,#225,
#226));
#1398=EDGE_LOOP('',(#227,#228,#229,#230));
#1399=EDGE_LOOP('',(#231,#232,#233,#234));
#1400=EDGE_LOOP('',(#235,#236,#237,#238));
#1401=EDGE_LOOP('',(#239,#240,#241,#242));
#1402=EDGE_LOOP('',(#243,#244,#245,#246,#247,#248,#249,#250));
#1403=EDGE_LOOP('',(#251,#252,#253,#254));
#1404=EDGE_LOOP('',(#255));
#1405=EDGE_LOOP('',(#256));
#1406=EDGE_LOOP('',(#257,#258,#259,#260,#261,#262));
#1407=EDGE_LOOP('',(#263,#264,#265,#266,#267,#268));
#1408=EDGE_LOOP('',(#269));
#1409=EDGE_LOOP('',(#270,#271,#272,#273,#274,#275,#276,#277,#278,#279,#280,
#281,#282,#283,#284,#285));
#1410=EDGE_LOOP('',(#286));
#1411=EDGE_LOOP('',(#287));
#1412=EDGE_LOOP('',(#288));
#1413=EDGE_LOOP('',(#289));
#1414=EDGE_LOOP('',(#290));
#1415=EDGE_LOOP('',(#291));
#1416=EDGE_LOOP('',(#292,#293,#294,#295,#296,#297,#298,#299,#300,#301,#302,
#303,#304,#305,#306,#307));
#1417=EDGE_LOOP('',(#308,#309,#310,#311));
#1418=EDGE_LOOP('',(#312,#313,#314,#315));
#1419=EDGE_LOOP('',(#316,#317,#318,#319));
#1420=EDGE_LOOP('',(#320,#321,#322,#323));
#1421=EDGE_LOOP('',(#324,#325,#326,#327));
#1422=EDGE_LOOP('',(#328,#329,#330,#331));
#1423=EDGE_LOOP('',(#332,#333,#334,#335));
#1424=EDGE_LOOP('',(#336,#337,#338,#339));
#1425=EDGE_LOOP('',(#340));
#1426=EDGE_LOOP('',(#341));
#1427=EDGE_LOOP('',(#342,#343,#344,#345,#346,#347));
#1428=EDGE_LOOP('',(#348,#349,#350,#351,#352,#353));
#1429=EDGE_LOOP('',(#354));
#1430=EDGE_LOOP('',(#355,#356,#357,#358));
#1431=EDGE_LOOP('',(#359,#360,#361,#362));
#1432=EDGE_LOOP('',(#363,#364,#365,#366));
#1433=EDGE_LOOP('',(#367,#368,#369,#370));
#1434=EDGE_LOOP('',(#371));
#1435=EDGE_LOOP('',(#372));
#1436=EDGE_LOOP('',(#373));
#1437=EDGE_LOOP('',(#374));
#1438=EDGE_LOOP('',(#375,#376,#377,#378));
#1439=EDGE_LOOP('',(#379,#380,#381,#382));
#1440=EDGE_LOOP('',(#383,#384,#385,#386));
#1441=EDGE_LOOP('',(#387));
#1442=EDGE_LOOP('',(#388));
#1443=EDGE_LOOP('',(#389,#390,#391,#392));
#1444=EDGE_LOOP('',(#393));
#1445=EDGE_LOOP('',(#394));
#1446=EDGE_LOOP('',(#395,#396,#397,#398));
#1447=EDGE_LOOP('',(#399));
#1448=EDGE_LOOP('',(#400));
#1449=EDGE_LOOP('',(#401,#402,#403,#404));
#1450=EDGE_LOOP('',(#405));
#1451=EDGE_LOOP('',(#406));
#1452=EDGE_LOOP('',(#407,#408,#409,#410));
#1453=EDGE_LOOP('',(#411,#412,#413,#414,#415,#416));
#1454=EDGE_LOOP('',(#417,#418,#419,#420));
#1455=EDGE_LOOP('',(#421,#422,#423,#424));
#1456=EDGE_LOOP('',(#425));
#1457=EDGE_LOOP('',(#426));
#1458=EDGE_LOOP('',(#427,#428,#429,#430,#431,#432));
#1459=EDGE_LOOP('',(#433));
#1460=EDGE_LOOP('',(#434,#435,#436,#437,#438));
#1461=EDGE_LOOP('',(#439));
#1462=EDGE_LOOP('',(#440,#441,#442,#443));
#1463=EDGE_LOOP('',(#444));
#1464=EDGE_LOOP('',(#445,#446,#447,#448));
#1465=EDGE_LOOP('',(#449));
#1466=EDGE_LOOP('',(#450));
#1467=EDGE_LOOP('',(#451,#452,#453,#454,#455));
#1468=EDGE_LOOP('',(#456));
#1469=EDGE_LOOP('',(#457,#458,#459,#460,#461,#462));
#1470=EDGE_LOOP('',(#463,#464,#465,#466));
#1471=EDGE_LOOP('',(#467,#468,#469,#470,#471,#472));
#1472=EDGE_LOOP('',(#473,#474,#475,#476));
#1473=EDGE_LOOP('',(#477));
#1474=EDGE_LOOP('',(#478));
#1475=EDGE_LOOP('',(#479,#480,#481,#482));
#1476=EDGE_LOOP('',(#483));
#1477=EDGE_LOOP('',(#484,#485,#486,#487));
#1478=EDGE_LOOP('',(#488));
#1479=EDGE_LOOP('',(#489));
#1480=EDGE_LOOP('',(#490,#491,#492,#493));
#1481=EDGE_LOOP('',(#494));
#1482=EDGE_LOOP('',(#495));
#1483=EDGE_LOOP('',(#496,#497,#498,#499));
#1484=EDGE_LOOP('',(#500));
#1485=EDGE_LOOP('',(#501,#502,#503,#504));
#1486=EDGE_LOOP('',(#505,#506,#507,#508,#509,#510));
#1487=EDGE_LOOP('',(#511,#512,#513,#514));
#1488=EDGE_LOOP('',(#515,#516,#517,#518,#519,#520));
#1489=EDGE_LOOP('',(#521,#522,#523,#524));
#1490=EDGE_LOOP('',(#525,#526,#527,#528));
#1491=EDGE_LOOP('',(#529,#530,#531,#532,#533,#534,#535,#536));
#1492=EDGE_LOOP('',(#537,#538,#539,#540));
#1493=EDGE_LOOP('',(#541,#542,#543,#544));
#1494=EDGE_LOOP('',(#545,#546,#547,#548));
#1495=EDGE_LOOP('',(#549,#550,#551,#552,#553,#554,#555,#556));
#1496=EDGE_LOOP('',(#557,#558,#559,#560));
#1497=EDGE_LOOP('',(#561,#562,#563,#564,#565,#566));
#1498=EDGE_LOOP('',(#567,#568,#569,#570,#571,#572));
#1499=EDGE_LOOP('',(#573,#574,#575,#576,#577,#578,#579,#580,#581,#582));
#1500=EDGE_LOOP('',(#583));
#1501=EDGE_LOOP('',(#584));
#1502=EDGE_LOOP('',(#585));
#1503=EDGE_LOOP('',(#586));
#1504=EDGE_LOOP('',(#587));
#1505=EDGE_LOOP('',(#588));
#1506=EDGE_LOOP('',(#589,#590,#591,#592,#593,#594,#595,#596,#597,#598));
#1507=EDGE_LOOP('',(#599,#600,#601,#602));
#1508=EDGE_LOOP('',(#603,#604,#605,#606));
#1509=EDGE_LOOP('',(#607,#608,#609,#610));
#1510=EDGE_LOOP('',(#611,#612,#613,#614));
#1511=EDGE_LOOP('',(#615,#616,#617,#618));
#1512=EDGE_LOOP('',(#619,#620,#621,#622));
#1513=EDGE_LOOP('',(#623,#624,#625,#626,#627,#628));
#1514=EDGE_LOOP('',(#629,#630,#631,#632,#633,#634));
#1515=EDGE_LOOP('',(#635,#636,#637,#638));
#1516=EDGE_LOOP('',(#639,#640,#641,#642));
#1517=EDGE_LOOP('',(#643));
#1518=EDGE_LOOP('',(#644));
#1519=EDGE_LOOP('',(#645));
#1520=EDGE_LOOP('',(#646));
#1521=EDGE_LOOP('',(#647));
#1522=EDGE_LOOP('',(#648));
#1523=EDGE_LOOP('',(#649,#650,#651,#652));
#1524=EDGE_LOOP('',(#653,#654,#655,#656));
#1525=EDGE_LOOP('',(#657,#658,#659,#660));
#1526=EDGE_LOOP('',(#661));
#1527=EDGE_LOOP('',(#662));
#1528=EDGE_LOOP('',(#663,#664,#665,#666));
#1529=EDGE_LOOP('',(#667));
#1530=EDGE_LOOP('',(#668));
#1531=EDGE_LOOP('',(#669,#670,#671,#672));
#1532=EDGE_LOOP('',(#673));
#1533=EDGE_LOOP('',(#674));
#1534=EDGE_LOOP('',(#675,#676,#677,#678));
#1535=EDGE_LOOP('',(#679));
#1536=EDGE_LOOP('',(#680));
#1537=FACE_BOUND('',#1392,.T.);
#1538=FACE_BOUND('',#1393,.T.);
#1539=FACE_BOUND('',#1394,.T.);
#1540=FACE_BOUND('',#1395,.T.);
#1541=FACE_BOUND('',#1396,.T.);
#1542=FACE_BOUND('',#1397,.T.);
#1543=FACE_BOUND('',#1398,.T.);
#1544=FACE_BOUND('',#1399,.T.);
#1545=FACE_BOUND('',#1400,.T.);
#1546=FACE_BOUND('',#1401,.T.);
#1547=FACE_BOUND('',#1402,.T.);
#1548=FACE_BOUND('',#1403,.T.);
#1549=FACE_BOUND('',#1404,.T.);
#1550=FACE_BOUND('',#1405,.T.);
#1551=FACE_BOUND('',#1406,.T.);
#1552=FACE_BOUND('',#1407,.T.);
#1553=FACE_BOUND('',#1408,.T.);
#1554=FACE_BOUND('',#1409,.T.);
#1555=FACE_BOUND('',#1410,.T.);
#1556=FACE_BOUND('',#1411,.T.);
#1557=FACE_BOUND('',#1412,.T.);
#1558=FACE_BOUND('',#1413,.T.);
#1559=FACE_BOUND('',#1414,.T.);
#1560=FACE_BOUND('',#1415,.T.);
#1561=FACE_BOUND('',#1416,.T.);
#1562=FACE_BOUND('',#1417,.T.);
#1563=FACE_BOUND('',#1418,.T.);
#1564=FACE_BOUND('',#1419,.T.);
#1565=FACE_BOUND('',#1420,.T.);
#1566=FACE_BOUND('',#1421,.T.);
#1567=FACE_BOUND('',#1422,.T.);
#1568=FACE_BOUND('',#1423,.T.);
#1569=FACE_BOUND('',#1424,.T.);
#1570=FACE_BOUND('',#1425,.T.);
#1571=FACE_BOUND('',#1426,.T.);
#1572=FACE_BOUND('',#1427,.T.);
#1573=FACE_BOUND('',#1428,.T.);
#1574=FACE_BOUND('',#1429,.T.);
#1575=FACE_BOUND('',#1430,.T.);
#1576=FACE_BOUND('',#1431,.T.);
#1577=FACE_BOUND('',#1432,.T.);
#1578=FACE_BOUND('',#1433,.T.);
#1579=FACE_BOUND('',#1434,.T.);
#1580=FACE_BOUND('',#1435,.T.);
#1581=FACE_BOUND('',#1436,.T.);
#1582=FACE_BOUND('',#1437,.T.);
#1583=FACE_BOUND('',#1438,.T.);
#1584=FACE_BOUND('',#1439,.T.);
#1585=FACE_BOUND('',#1440,.T.);
#1586=FACE_BOUND('',#1441,.T.);
#1587=FACE_BOUND('',#1442,.T.);
#1588=FACE_BOUND('',#1443,.T.);
#1589=FACE_BOUND('',#1444,.T.);
#1590=FACE_BOUND('',#1445,.T.);
#1591=FACE_BOUND('',#1446,.T.);
#1592=FACE_BOUND('',#1447,.T.);
#1593=FACE_BOUND('',#1448,.T.);
#1594=FACE_BOUND('',#1449,.T.);
#1595=FACE_BOUND('',#1450,.T.);
#1596=FACE_BOUND('',#1451,.T.);
#1597=FACE_BOUND('',#1452,.T.);
#1598=FACE_BOUND('',#1453,.T.);
#1599=FACE_BOUND('',#1454,.T.);
#1600=FACE_BOUND('',#1455,.T.);
#1601=FACE_BOUND('',#1456,.T.);
#1602=FACE_BOUND('',#1457,.T.);
#1603=FACE_BOUND('',#1458,.T.);
#1604=FACE_BOUND('',#1459,.T.);
#1605=FACE_BOUND('',#1460,.T.);
#1606=FACE_BOUND('',#1461,.T.);
#1607=FACE_BOUND('',#1462,.T.);
#1608=FACE_BOUND('',#1463,.T.);
#1609=FACE_BOUND('',#1464,.T.);
#1610=FACE_BOUND('',#1465,.T.);
#1611=FACE_BOUND('',#1466,.T.);
#1612=FACE_BOUND('',#1467,.T.);
#1613=FACE_BOUND('',#1468,.T.);
#1614=FACE_BOUND('',#1469,.T.);
#1615=FACE_BOUND('',#1470,.T.);
#1616=FACE_BOUND('',#1471,.T.);
#1617=FACE_BOUND('',#1472,.T.);
#1618=FACE_BOUND('',#1473,.T.);
#1619=FACE_BOUND('',#1474,.T.);
#1620=FACE_BOUND('',#1475,.T.);
#1621=FACE_BOUND('',#1476,.T.);
#1622=FACE_BOUND('',#1477,.T.);
#1623=FACE_BOUND('',#1478,.T.);
#1624=FACE_BOUND('',#1479,.T.);
#1625=FACE_BOUND('',#1480,.T.);
#1626=FACE_BOUND('',#1481,.T.);
#1627=FACE_BOUND('',#1482,.T.);
#1628=FACE_BOUND('',#1483,.T.);
#1629=FACE_BOUND('',#1484,.T.);
#1630=FACE_BOUND('',#1485,.T.);
#1631=FACE_BOUND('',#1486,.T.);
#1632=FACE_BOUND('',#1487,.T.);
#1633=FACE_BOUND('',#1488,.T.);
#1634=FACE_BOUND('',#1489,.T.);
#1635=FACE_BOUND('',#1490,.T.);
#1636=FACE_BOUND('',#1491,.T.);
#1637=FACE_BOUND('',#1492,.T.);
#1638=FACE_BOUND('',#1493,.T.);
#1639=FACE_BOUND('',#1494,.T.);
#1640=FACE_BOUND('',#1495,.T.);
#1641=FACE_BOUND('',#1496,.T.);
#1642=FACE_BOUND('',#1497,.T.);
#1643=FACE_BOUND('',#1498,.T.);
#1644=FACE_BOUND('',#1499,.T.);
#1645=FACE_BOUND('',#1500,.T.);
#1646=FACE_BOUND('',#1501,.T.);
#1647=FACE_BOUND('',#1502,.T.);
#1648=FACE_BOUND('',#1503,.T.);
#1649=FACE_BOUND('',#1504,.T.);
#1650=FACE_BOUND('',#1505,.T.);
#1651=FACE_BOUND('',#1506,.T.);
#1652=FACE_BOUND('',#1507,.T.);
#1653=FACE_BOUND('',#1508,.T.);
#1654=FACE_BOUND('',#1509,.T.);
#1655=FACE_BOUND('',#1510,.T.);
#1656=FACE_BOUND('',#1511,.T.);
#1657=FACE_BOUND('',#1512,.T.);
#1658=FACE_BOUND('',#1513,.T.);
#1659=FACE_BOUND('',#1514,.T.);
#1660=FACE_BOUND('',#1515,.T.);
#1661=FACE_BOUND('',#1516,.T.);
#1662=FACE_BOUND('',#1517,.T.);
#1663=FACE_BOUND('',#1518,.T.);
#1664=FACE_BOUND('',#1519,.T.);
#1665=FACE_BOUND('',#1520,.T.);
#1666=FACE_BOUND('',#1521,.T.);
#1667=FACE_BOUND('',#1522,.T.);
#1668=FACE_BOUND('',#1523,.T.);
#1669=FACE_BOUND('',#1524,.T.);
#1670=FACE_BOUND('',#1525,.T.);
#1671=FACE_BOUND('',#1526,.T.);
#1672=FACE_BOUND('',#1527,.T.);
#1673=FACE_BOUND('',#1528,.T.);
#1674=FACE_BOUND('',#1529,.T.);
#1675=FACE_BOUND('',#1530,.T.);
#1676=FACE_BOUND('',#1531,.T.);
#1677=FACE_BOUND('',#1532,.T.);
#1678=FACE_BOUND('',#1533,.T.);
#1679=FACE_BOUND('',#1534,.T.);
#1680=FACE_BOUND('',#1535,.T.);
#1681=FACE_BOUND('',#1536,.T.);
#1682=PLANE('',#1898);
#1683=PLANE('',#1904);
#1684=PLANE('',#1908);
#1685=PLANE('',#1909);
#1686=PLANE('',#1913);
#1687=PLANE('',#1917);
#1688=PLANE('',#1929);
#1689=PLANE('',#1930);
#1690=PLANE('',#1935);
#1691=PLANE('',#1945);
#1692=PLANE('',#1948);
#1693=PLANE('',#1951);
#1694=PLANE('',#1954);
#1695=PLANE('',#1959);
#1696=PLANE('',#1960);
#1697=PLANE('',#1961);
#1698=PLANE('',#1967);
#1699=PLANE('',#1971);
#1700=PLANE('',#1981);
#1701=PLANE('',#1982);
#1702=PLANE('',#1987);
#1703=PLANE('',#1991);
#1704=PLANE('',#1995);
#1705=PLANE('',#1996);
#1706=PLANE('',#1997);
#1707=PLANE('',#2004);
#1708=PLANE('',#2006);
#1709=PLANE('',#2010);
#1710=PLANE('',#2017);
#1711=PLANE('',#2018);
#1712=PLANE('',#2025);
#1713=PLANE('',#2030);
#1714=PLANE('',#2034);
#1715=PLANE('',#2041);
#1716=PLANE('',#2045);
#1717=PLANE('',#2049);
#1718=PLANE('',#2050);
#1719=PLANE('',#2051);
#1720=PLANE('',#2052);
#1721=PLANE('',#2056);
#1722=PLANE('',#2070);
#1723=PLANE('',#2073);
#1724=PLANE('',#2074);
#1725=PLANE('',#2075);
#1726=PLANE('',#2076);
#1727=PLANE('',#2081);
#1728=PLANE('',#2085);
#1729=PLANE('',#2095);
#1730=PLANE('',#2096);
#1731=ADVANCED_FACE('',(#1537),#1682,.F.);
#1732=ADVANCED_FACE('',(#1538),#144,.F.);
#1733=ADVANCED_FACE('',(#1539),#1683,.T.);
#1734=ADVANCED_FACE('',(#1540),#145,.F.);
#1735=ADVANCED_FACE('',(#1541),#1684,.T.);
#1736=ADVANCED_FACE('',(#1542),#1685,.T.);
#1737=ADVANCED_FACE('',(#1543),#146,.T.);
#1738=ADVANCED_FACE('',(#1544),#1686,.T.);
#1739=ADVANCED_FACE('',(#1545),#147,.T.);
#1740=ADVANCED_FACE('',(#1546),#1687,.T.);
#1741=ADVANCED_FACE('',(#1547),#148,.F.);
#1742=ADVANCED_FACE('',(#1548),#149,.T.);
#1743=ADVANCED_FACE('',(#1549,#1550),#150,.F.);
#1744=ADVANCED_FACE('',(#1551,#1552,#1553),#1688,.F.);
#1745=ADVANCED_FACE('',(#1554,#1555,#1556,#1557),#1689,.T.);
#1746=ADVANCED_FACE('',(#1558,#1559,#1560,#1561),#1690,.F.);
#1747=ADVANCED_FACE('',(#1562),#1691,.F.);
#1748=ADVANCED_FACE('',(#1563),#151,.F.);
#1749=ADVANCED_FACE('',(#1564),#1692,.F.);
#1750=ADVANCED_FACE('',(#1565),#152,.T.);
#1751=ADVANCED_FACE('',(#1566),#1693,.F.);
#1752=ADVANCED_FACE('',(#1567),#153,.T.);
#1753=ADVANCED_FACE('',(#1568),#1694,.F.);
#1754=ADVANCED_FACE('',(#1569),#154,.T.);
#1755=ADVANCED_FACE('',(#1570,#1571),#155,.F.);
#1756=ADVANCED_FACE('',(#1572,#1573,#1574),#1695,.T.);
#1757=ADVANCED_FACE('',(#1575),#1696,.F.);
#1758=ADVANCED_FACE('',(#1576),#1697,.T.);
#1759=ADVANCED_FACE('',(#1577),#156,.F.);
#1760=ADVANCED_FACE('',(#1578),#157,.F.);
#1761=ADVANCED_FACE('',(#1579,#1580),#158,.T.);
#1762=ADVANCED_FACE('',(#1581,#1582),#159,.T.);
#1763=ADVANCED_FACE('',(#1583),#1698,.T.);
#1764=ADVANCED_FACE('',(#1584),#160,.T.);
#1765=ADVANCED_FACE('',(#1585),#1699,.F.);
#1766=ADVANCED_FACE('',(#1586,#1587),#161,.F.);
#1767=ADVANCED_FACE('',(#1588),#162,.T.);
#1768=ADVANCED_FACE('',(#1589,#1590),#163,.F.);
#1769=ADVANCED_FACE('',(#1591,#1592,#1593),#1700,.T.);
#1770=ADVANCED_FACE('',(#1594,#1595,#1596),#1701,.F.);
#1771=ADVANCED_FACE('',(#1597),#164,.T.);
#1772=ADVANCED_FACE('',(#1598),#1702,.T.);
#1773=ADVANCED_FACE('',(#1599),#165,.T.);
#1774=ADVANCED_FACE('',(#1600),#1703,.T.);
#1775=ADVANCED_FACE('',(#1601,#1602),#166,.F.);
#1776=ADVANCED_FACE('',(#1603),#1704,.F.);
#1777=ADVANCED_FACE('',(#1604,#1605),#1705,.T.);
#1778=ADVANCED_FACE('',(#1606,#1607,#1608),#1706,.F.);
#1779=ADVANCED_FACE('',(#1609),#167,.T.);
#1780=ADVANCED_FACE('',(#1610,#1611),#168,.F.);
#1781=ADVANCED_FACE('',(#1612,#1613),#1707,.T.);
#1782=ADVANCED_FACE('',(#1614),#1708,.T.);
#1783=ADVANCED_FACE('',(#1615),#169,.T.);
#1784=ADVANCED_FACE('',(#1616),#1709,.F.);
#1785=ADVANCED_FACE('',(#1617),#170,.F.);
#1786=ADVANCED_FACE('',(#1618,#1619),#171,.F.);
#1787=ADVANCED_FACE('',(#1620,#1621),#1710,.T.);
#1788=ADVANCED_FACE('',(#1622,#1623,#1624),#1711,.F.);
#1789=ADVANCED_FACE('',(#1625),#172,.T.);
#1790=ADVANCED_FACE('',(#1626,#1627),#173,.F.);
#1791=ADVANCED_FACE('',(#1628,#1629),#1712,.T.);
#1792=ADVANCED_FACE('',(#1630),#174,.F.);
#1793=ADVANCED_FACE('',(#1631),#1713,.F.);
#1794=ADVANCED_FACE('',(#1632),#175,.F.);
#1795=ADVANCED_FACE('',(#1633),#1714,.F.);
#1796=ADVANCED_FACE('',(#1634),#176,.F.);
#1797=ADVANCED_FACE('',(#1635),#177,.T.);
#1798=ADVANCED_FACE('',(#1636),#1715,.T.);
#1799=ADVANCED_FACE('',(#1637),#178,.T.);
#1800=ADVANCED_FACE('',(#1638),#1716,.F.);
#1801=ADVANCED_FACE('',(#1639),#179,.T.);
#1802=ADVANCED_FACE('',(#1640),#1717,.T.);
#1803=ADVANCED_FACE('',(#1641),#1718,.T.);
#1804=ADVANCED_FACE('',(#1642,#1643),#1719,.F.);
#1805=ADVANCED_FACE('',(#1644,#1645,#1646,#1647),#1720,.T.);
#1806=ADVANCED_FACE('',(#1648,#1649,#1650,#1651),#1721,.F.);
#1807=ADVANCED_FACE('',(#1652),#180,.F.);
#1808=ADVANCED_FACE('',(#1653),#181,.F.);
#1809=ADVANCED_FACE('',(#1654),#182,.T.);
#1810=ADVANCED_FACE('',(#1655),#1722,.T.);
#1811=ADVANCED_FACE('',(#1656),#183,.T.);
#1812=ADVANCED_FACE('',(#1657),#1723,.F.);
#1813=ADVANCED_FACE('',(#1658,#1659),#1724,.T.);
#1814=ADVANCED_FACE('',(#1660),#1725,.T.);
#1815=ADVANCED_FACE('',(#1661),#1726,.F.);
#1816=ADVANCED_FACE('',(#1662,#1663),#184,.T.);
#1817=ADVANCED_FACE('',(#1664,#1665),#185,.T.);
#1818=ADVANCED_FACE('',(#1666,#1667),#186,.T.);
#1819=ADVANCED_FACE('',(#1668),#1727,.T.);
#1820=ADVANCED_FACE('',(#1669),#187,.T.);
#1821=ADVANCED_FACE('',(#1670),#1728,.F.);
#1822=ADVANCED_FACE('',(#1671,#1672),#188,.F.);
#1823=ADVANCED_FACE('',(#1673),#189,.T.);
#1824=ADVANCED_FACE('',(#1674,#1675),#190,.F.);
#1825=ADVANCED_FACE('',(#1676,#1677,#1678),#1729,.T.);
#1826=ADVANCED_FACE('',(#1679,#1680,#1681),#1730,.F.);
#1827=CLOSED_SHELL('',(#1731,#1732,#1733,#1734,#1735,#1736,#1737,#1738,
#1739,#1740,#1741,#1742,#1743,#1744,#1745,#1746,#1747,#1748,#1749,#1750,
#1751,#1752,#1753,#1754,#1755,#1756,#1757,#1758,#1759,#1760,#1761,#1762));
#1828=CLOSED_SHELL('',(#1763,#1764,#1765,#1766,#1767,#1768,#1769,#1770));
#1829=CLOSED_SHELL('',(#1771,#1772,#1773,#1774,#1775,#1776,#1777,#1778,
#1779,#1780,#1781));
#1830=CLOSED_SHELL('',(#1782,#1783,#1784,#1785,#1786,#1787,#1788,#1789,
#1790,#1791));
#1831=CLOSED_SHELL('',(#1792,#1793,#1794,#1795,#1796,#1797,#1798,#1799,
#1800,#1801,#1802,#1803,#1804,#1805,#1806,#1807,#1808,#1809,#1810,#1811,
#1812,#1813,#1814,#1815,#1816,#1817,#1818));
#1832=CLOSED_SHELL('',(#1819,#1820,#1821,#1822,#1823,#1824,#1825,#1826));
#1833=STYLED_ITEM('',(#1839),#1877);
#1834=STYLED_ITEM('',(#1840),#1878);
#1835=STYLED_ITEM('',(#1841),#1879);
#1836=STYLED_ITEM('',(#1842),#1880);
#1837=STYLED_ITEM('',(#1843),#1881);
#1838=STYLED_ITEM('',(#1844),#1882);
#1839=PRESENTATION_STYLE_ASSIGNMENT((#1845));
#1840=PRESENTATION_STYLE_ASSIGNMENT((#1846));
#1841=PRESENTATION_STYLE_ASSIGNMENT((#1847));
#1842=PRESENTATION_STYLE_ASSIGNMENT((#1848));
#1843=PRESENTATION_STYLE_ASSIGNMENT((#1849));
#1844=PRESENTATION_STYLE_ASSIGNMENT((#1850));
#1845=SURFACE_STYLE_USAGE(.BOTH.,#1851);
#1846=SURFACE_STYLE_USAGE(.BOTH.,#1852);
#1847=SURFACE_STYLE_USAGE(.BOTH.,#1853);
#1848=SURFACE_STYLE_USAGE(.BOTH.,#1854);
#1849=SURFACE_STYLE_USAGE(.BOTH.,#1855);
#1850=SURFACE_STYLE_USAGE(.BOTH.,#1856);
#1851=SURFACE_SIDE_STYLE('',(#1857));
#1852=SURFACE_SIDE_STYLE('',(#1858));
#1853=SURFACE_SIDE_STYLE('',(#1859));
#1854=SURFACE_SIDE_STYLE('',(#1860));
#1855=SURFACE_SIDE_STYLE('',(#1861));
#1856=SURFACE_SIDE_STYLE('',(#1862));
#1857=SURFACE_STYLE_FILL_AREA(#1863);
#1858=SURFACE_STYLE_FILL_AREA(#1864);
#1859=SURFACE_STYLE_FILL_AREA(#1865);
#1860=SURFACE_STYLE_FILL_AREA(#1866);
#1861=SURFACE_STYLE_FILL_AREA(#1867);
#1862=SURFACE_STYLE_FILL_AREA(#1868);
#1863=FILL_AREA_STYLE('',(#1869));
#1864=FILL_AREA_STYLE('',(#1870));
#1865=FILL_AREA_STYLE('',(#1871));
#1866=FILL_AREA_STYLE('',(#1872));
#1867=FILL_AREA_STYLE('',(#1873));
#1868=FILL_AREA_STYLE('',(#1874));
#1869=FILL_AREA_STYLE_COLOUR('',#1875);
#1870=FILL_AREA_STYLE_COLOUR('',#1876);
#1871=FILL_AREA_STYLE_COLOUR('',#1876);
#1872=FILL_AREA_STYLE_COLOUR('',#1876);
#1873=FILL_AREA_STYLE_COLOUR('',#1875);
#1874=FILL_AREA_STYLE_COLOUR('',#1876);
#1875=COLOUR_RGB('',1.,0.274509803921568,0.274509803921568);
#1876=COLOUR_RGB('',0.917647058823529,0.917647058823529,0.917647058823529);
#1877=MANIFOLD_SOLID_BREP('Part 1',#1827);
#1878=MANIFOLD_SOLID_BREP('Part 1',#1828);
#1879=MANIFOLD_SOLID_BREP('Part 1',#1829);
#1880=MANIFOLD_SOLID_BREP('Part 1',#1830);
#1881=MANIFOLD_SOLID_BREP('Part 1',#1831);
#1882=MANIFOLD_SOLID_BREP('Part 1',#1832);
#1883=SHAPE_DEFINITION_REPRESENTATION(#3185,#1890);
#1884=SHAPE_DEFINITION_REPRESENTATION(#3186,#1891);
#1885=SHAPE_DEFINITION_REPRESENTATION(#3188,#1892);
#1886=SHAPE_DEFINITION_REPRESENTATION(#3190,#1893);
#1887=SHAPE_DEFINITION_REPRESENTATION(#3192,#1894);
#1888=SHAPE_DEFINITION_REPRESENTATION(#3194,#1895);
#1889=SHAPE_DEFINITION_REPRESENTATION(#3196,#1896);
#1890=SHAPE_REPRESENTATION('Left Leg',(#1897,#1966,#1983,#2005,#2026,#2080,
#2097),#3168);
#1891=SHAPE_REPRESENTATION('Part 1',(#1897),#3169);
#1892=SHAPE_REPRESENTATION('Part 1',(#1897),#3170);
#1893=SHAPE_REPRESENTATION('Part 1',(#1897),#3171);
#1894=SHAPE_REPRESENTATION('Part 1',(#1897),#3172);
#1895=SHAPE_REPRESENTATION('Part 1',(#1897),#3173);
#1896=SHAPE_REPRESENTATION('Part 1',(#1897),#3174);
#1897=AXIS2_PLACEMENT_3D('',#2647,#2098,#2099);
#1898=AXIS2_PLACEMENT_3D('',#2648,#2100,#2101);
#1899=AXIS2_PLACEMENT_3D('',#2657,#2106,#2107);
#1900=AXIS2_PLACEMENT_3D('',#2658,#2108,#2109);
#1901=AXIS2_PLACEMENT_3D('',#2663,#2111,#2112);
#1902=AXIS2_PLACEMENT_3D('',#2667,#2114,#2115);
#1903=AXIS2_PLACEMENT_3D('',#2668,#2116,#2117);
#1904=AXIS2_PLACEMENT_3D('',#2671,#2119,#2120);
#1905=AXIS2_PLACEMENT_3D('',#2677,#2124,#2125);
#1906=AXIS2_PLACEMENT_3D('',#2678,#2126,#2127);
#1907=AXIS2_PLACEMENT_3D('',#2680,#2128,#2129);
#1908=AXIS2_PLACEMENT_3D('',#2683,#2131,#2132);
#1909=AXIS2_PLACEMENT_3D('',#2689,#2136,#2137);
#1910=AXIS2_PLACEMENT_3D('',#2714,#2150,#2151);
#1911=AXIS2_PLACEMENT_3D('',#2715,#2152,#2153);
#1912=AXIS2_PLACEMENT_3D('',#2717,#2154,#2155);
#1913=AXIS2_PLACEMENT_3D('',#2720,#2157,#2158);
#1914=AXIS2_PLACEMENT_3D('',#2726,#2162,#2163);
#1915=AXIS2_PLACEMENT_3D('',#2727,#2164,#2165);
#1916=AXIS2_PLACEMENT_3D('',#2729,#2166,#2167);
#1917=AXIS2_PLACEMENT_3D('',#2732,#2169,#2170);
#1918=AXIS2_PLACEMENT_3D('',#2738,#2174,#2175);
#1919=AXIS2_PLACEMENT_3D('',#2739,#2176,#2177);
#1920=AXIS2_PLACEMENT_3D('',#2743,#2179,#2180);
#1921=AXIS2_PLACEMENT_3D('',#2747,#2182,#2183);
#1922=AXIS2_PLACEMENT_3D('',#2748,#2184,#2185);
#1923=AXIS2_PLACEMENT_3D('',#2749,#2186,#2187);
#1924=AXIS2_PLACEMENT_3D('',#2750,#2188,#2189);
#1925=AXIS2_PLACEMENT_3D('',#2751,#2190,#2191);
#1926=AXIS2_PLACEMENT_3D('',#2752,#2192,#2193);
#1927=AXIS2_PLACEMENT_3D('',#2753,#2194,#2195);
#1928=AXIS2_PLACEMENT_3D('',#2755,#2196,#2197);
#1929=AXIS2_PLACEMENT_3D('',#2757,#2198,#2199);
#1930=AXIS2_PLACEMENT_3D('',#2758,#2200,#2201);
#1931=AXIS2_PLACEMENT_3D('',#2761,#2203,#2204);
#1932=AXIS2_PLACEMENT_3D('',#2762,#2205,#2206);
#1933=AXIS2_PLACEMENT_3D('',#2765,#2208,#2209);
#1934=AXIS2_PLACEMENT_3D('',#2767,#2210,#2211);
#1935=AXIS2_PLACEMENT_3D('',#2769,#2212,#2213);
#1936=AXIS2_PLACEMENT_3D('',#2770,#2214,#2215);
#1937=AXIS2_PLACEMENT_3D('',#2772,#2216,#2217);
#1938=AXIS2_PLACEMENT_3D('',#2774,#2218,#2219);
#1939=AXIS2_PLACEMENT_3D('',#2778,#2221,#2222);
#1940=AXIS2_PLACEMENT_3D('',#2781,#2224,#2225);
#1941=AXIS2_PLACEMENT_3D('',#2784,#2227,#2228);
#1942=AXIS2_PLACEMENT_3D('',#2787,#2230,#2231);
#1943=AXIS2_PLACEMENT_3D('',#2791,#2233,#2234);
#1944=AXIS2_PLACEMENT_3D('',#2795,#2236,#2237);
#1945=AXIS2_PLACEMENT_3D('',#2796,#2238,#2239);
#1946=AXIS2_PLACEMENT_3D('',#2800,#2242,#2243);
#1947=AXIS2_PLACEMENT_3D('',#2803,#2245,#2246);
#1948=AXIS2_PLACEMENT_3D('',#2804,#2247,#2248);
#1949=AXIS2_PLACEMENT_3D('',#2806,#2250,#2251);
#1950=AXIS2_PLACEMENT_3D('',#2809,#2253,#2254);
#1951=AXIS2_PLACEMENT_3D('',#2810,#2255,#2256);
#1952=AXIS2_PLACEMENT_3D('',#2814,#2259,#2260);
#1953=AXIS2_PLACEMENT_3D('',#2817,#2262,#2263);
#1954=AXIS2_PLACEMENT_3D('',#2818,#2264,#2265);
#1955=AXIS2_PLACEMENT_3D('',#2822,#2268,#2269);
#1956=AXIS2_PLACEMENT_3D('',#2823,#2270,#2271);
#1957=AXIS2_PLACEMENT_3D('',#2824,#2272,#2273);
#1958=AXIS2_PLACEMENT_3D('',#2825,#2274,#2275);
#1959=AXIS2_PLACEMENT_3D('',#2827,#2276,#2277);
#1960=AXIS2_PLACEMENT_3D('',#2828,#2278,#2279);
#1961=AXIS2_PLACEMENT_3D('',#2830,#2281,#2282);
#1962=AXIS2_PLACEMENT_3D('',#2832,#2284,#2285);
#1963=AXIS2_PLACEMENT_3D('',#2833,#2286,#2287);
#1964=AXIS2_PLACEMENT_3D('',#2834,#2288,#2289);
#1965=AXIS2_PLACEMENT_3D('',#2835,#2290,#2291);
#1966=AXIS2_PLACEMENT_3D('',#2836,#2292,#2293);
#1967=AXIS2_PLACEMENT_3D('',#2837,#2294,#2295);
#1968=AXIS2_PLACEMENT_3D('',#2846,#2300,#2301);
#1969=AXIS2_PLACEMENT_3D('',#2847,#2302,#2303);
#1970=AXIS2_PLACEMENT_3D('',#2851,#2305,#2306);
#1971=AXIS2_PLACEMENT_3D('',#2852,#2307,#2308);
#1972=AXIS2_PLACEMENT_3D('',#2858,#2312,#2313);
#1973=AXIS2_PLACEMENT_3D('',#2859,#2314,#2315);
#1974=AXIS2_PLACEMENT_3D('',#2861,#2316,#2317);
#1975=AXIS2_PLACEMENT_3D('',#2863,#2318,#2319);
#1976=AXIS2_PLACEMENT_3D('',#2864,#2320,#2321);
#1977=AXIS2_PLACEMENT_3D('',#2865,#2322,#2323);
#1978=AXIS2_PLACEMENT_3D('',#2866,#2324,#2325);
#1979=AXIS2_PLACEMENT_3D('',#2867,#2326,#2327);
#1980=AXIS2_PLACEMENT_3D('',#2869,#2328,#2329);
#1981=AXIS2_PLACEMENT_3D('',#2871,#2330,#2331);
#1982=AXIS2_PLACEMENT_3D('',#2872,#2332,#2333);
#1983=AXIS2_PLACEMENT_3D('',#2873,#2334,#2335);
#1984=AXIS2_PLACEMENT_3D('',#2874,#2336,#2337);
#1985=AXIS2_PLACEMENT_3D('',#2875,#2338,#2339);
#1986=AXIS2_PLACEMENT_3D('',#2880,#2341,#2342);
#1987=AXIS2_PLACEMENT_3D('',#2883,#2344,#2345);
#1988=AXIS2_PLACEMENT_3D('',#2893,#2351,#2352);
#1989=AXIS2_PLACEMENT_3D('',#2894,#2353,#2354);
#1990=AXIS2_PLACEMENT_3D('',#2898,#2356,#2357);
#1991=AXIS2_PLACEMENT_3D('',#2899,#2358,#2359);
#1992=AXIS2_PLACEMENT_3D('',#2905,#2363,#2364);
#1993=AXIS2_PLACEMENT_3D('',#2906,#2365,#2366);
#1994=AXIS2_PLACEMENT_3D('',#2908,#2367,#2368);
#1995=AXIS2_PLACEMENT_3D('',#2910,#2369,#2370);
#1996=AXIS2_PLACEMENT_3D('',#2917,#2375,#2376);
#1997=AXIS2_PLACEMENT_3D('',#2918,#2377,#2378);
#1998=AXIS2_PLACEMENT_3D('',#2919,#2379,#2380);
#1999=AXIS2_PLACEMENT_3D('',#2920,#2381,#2382);
#2000=AXIS2_PLACEMENT_3D('',#2922,#2383,#2384);
#2001=AXIS2_PLACEMENT_3D('',#2923,#2385,#2386);
#2002=AXIS2_PLACEMENT_3D('',#2924,#2387,#2388);
#2003=AXIS2_PLACEMENT_3D('',#2925,#2389,#2390);
#2004=AXIS2_PLACEMENT_3D('',#2927,#2391,#2392);
#2005=AXIS2_PLACEMENT_3D('',#2928,#2393,#2394);
#2006=AXIS2_PLACEMENT_3D('',#2929,#2395,#2396);
#2007=AXIS2_PLACEMENT_3D('',#2942,#2403,#2404);
#2008=AXIS2_PLACEMENT_3D('',#2943,#2405,#2406);
#2009=AXIS2_PLACEMENT_3D('',#2947,#2408,#2409);
#2010=AXIS2_PLACEMENT_3D('',#2948,#2410,#2411);
#2011=AXIS2_PLACEMENT_3D('',#2958,#2417,#2418);
#2012=AXIS2_PLACEMENT_3D('',#2959,#2419,#2420);
#2013=AXIS2_PLACEMENT_3D('',#2960,#2421,#2422);
#2014=AXIS2_PLACEMENT_3D('',#2961,#2423,#2424);
#2015=AXIS2_PLACEMENT_3D('',#2962,#2425,#2426);
#2016=AXIS2_PLACEMENT_3D('',#2964,#2427,#2428);
#2017=AXIS2_PLACEMENT_3D('',#2966,#2429,#2430);
#2018=AXIS2_PLACEMENT_3D('',#2967,#2431,#2432);
#2019=AXIS2_PLACEMENT_3D('',#2968,#2433,#2434);
#2020=AXIS2_PLACEMENT_3D('',#2969,#2435,#2436);
#2021=AXIS2_PLACEMENT_3D('',#2971,#2437,#2438);
#2022=AXIS2_PLACEMENT_3D('',#2972,#2439,#2440);
#2023=AXIS2_PLACEMENT_3D('',#2973,#2441,#2442);
#2024=AXIS2_PLACEMENT_3D('',#2974,#2443,#2444);
#2025=AXIS2_PLACEMENT_3D('',#2976,#2445,#2446);
#2026=AXIS2_PLACEMENT_3D('',#2977,#2447,#2448);
#2027=AXIS2_PLACEMENT_3D('',#2978,#2449,#2450);
#2028=AXIS2_PLACEMENT_3D('',#2979,#2451,#2452);
#2029=AXIS2_PLACEMENT_3D('',#2984,#2454,#2455);
#2030=AXIS2_PLACEMENT_3D('',#2987,#2457,#2458);
#2031=AXIS2_PLACEMENT_3D('',#2997,#2464,#2465);
#2032=AXIS2_PLACEMENT_3D('',#3001,#2467,#2468);
#2033=AXIS2_PLACEMENT_3D('',#3002,#2469,#2470);
#2034=AXIS2_PLACEMENT_3D('',#3003,#2471,#2472);
#2035=AXIS2_PLACEMENT_3D('',#3013,#2478,#2479);
#2036=AXIS2_PLACEMENT_3D('',#3014,#2480,#2481);
#2037=AXIS2_PLACEMENT_3D('',#3016,#2482,#2483);
#2038=AXIS2_PLACEMENT_3D('',#3019,#2485,#2486);
#2039=AXIS2_PLACEMENT_3D('',#3023,#2488,#2489);
#2040=AXIS2_PLACEMENT_3D('',#3027,#2491,#2492);
#2041=AXIS2_PLACEMENT_3D('',#3028,#2493,#2494);
#2042=AXIS2_PLACEMENT_3D('',#3042,#2502,#2503);
#2043=AXIS2_PLACEMENT_3D('',#3043,#2504,#2505);
#2044=AXIS2_PLACEMENT_3D('',#3045,#2506,#2507);
#2045=AXIS2_PLACEMENT_3D('',#3048,#2509,#2510);
#2046=AXIS2_PLACEMENT_3D('',#3054,#2514,#2515);
#2047=AXIS2_PLACEMENT_3D('',#3055,#2516,#2517);
#2048=AXIS2_PLACEMENT_3D('',#3057,#2518,#2519);
#2049=AXIS2_PLACEMENT_3D('',#3060,#2521,#2522);
#2050=AXIS2_PLACEMENT_3D('',#3071,#2529,#2530);
#2051=AXIS2_PLACEMENT_3D('',#3074,#2533,#2534);
#2052=AXIS2_PLACEMENT_3D('',#3075,#2535,#2536);
#2053=AXIS2_PLACEMENT_3D('',#3078,#2539,#2540);
#2054=AXIS2_PLACEMENT_3D('',#3080,#2541,#2542);
#2055=AXIS2_PLACEMENT_3D('',#3082,#2543,#2544);
#2056=AXIS2_PLACEMENT_3D('',#3084,#2545,#2546);
#2057=AXIS2_PLACEMENT_3D('',#3085,#2547,#2548);
#2058=AXIS2_PLACEMENT_3D('',#3087,#2549,#2550);
#2059=AXIS2_PLACEMENT_3D('',#3089,#2551,#2552);
#2060=AXIS2_PLACEMENT_3D('',#3092,#2554,#2555);
#2061=AXIS2_PLACEMENT_3D('',#3096,#2557,#2558);
#2062=AXIS2_PLACEMENT_3D('',#3098,#2560,#2561);
#2063=AXIS2_PLACEMENT_3D('',#3102,#2563,#2564);
#2064=AXIS2_PLACEMENT_3D('',#3103,#2565,#2566);
#2065=AXIS2_PLACEMENT_3D('',#3104,#2567,#2568);
#2066=AXIS2_PLACEMENT_3D('',#3107,#2570,#2571);
#2067=AXIS2_PLACEMENT_3D('',#3110,#2573,#2574);
#2068=AXIS2_PLACEMENT_3D('',#3111,#2575,#2576);
#2069=AXIS2_PLACEMENT_3D('',#3114,#2578,#2579);
#2070=AXIS2_PLACEMENT_3D('',#3115,#2580,#2581);
#2071=AXIS2_PLACEMENT_3D('',#3119,#2584,#2585);
#2072=AXIS2_PLACEMENT_3D('',#3120,#2586,#2587);
#2073=AXIS2_PLACEMENT_3D('',#3121,#2588,#2589);
#2074=AXIS2_PLACEMENT_3D('',#3123,#2591,#2592);
#2075=AXIS2_PLACEMENT_3D('',#3124,#2593,#2594);
#2076=AXIS2_PLACEMENT_3D('',#3125,#2595,#2596);
#2077=AXIS2_PLACEMENT_3D('',#3126,#2597,#2598);
#2078=AXIS2_PLACEMENT_3D('',#3127,#2599,#2600);
#2079=AXIS2_PLACEMENT_3D('',#3128,#2601,#2602);
#2080=AXIS2_PLACEMENT_3D('',#3129,#2603,#2604);
#2081=AXIS2_PLACEMENT_3D('',#3130,#2605,#2606);
#2082=AXIS2_PLACEMENT_3D('',#3139,#2611,#2612);
#2083=AXIS2_PLACEMENT_3D('',#3140,#2613,#2614);
#2084=AXIS2_PLACEMENT_3D('',#3144,#2616,#2617);
#2085=AXIS2_PLACEMENT_3D('',#3145,#2618,#2619);
#2086=AXIS2_PLACEMENT_3D('',#3151,#2623,#2624);
#2087=AXIS2_PLACEMENT_3D('',#3152,#2625,#2626);
#2088=AXIS2_PLACEMENT_3D('',#3154,#2627,#2628);
#2089=AXIS2_PLACEMENT_3D('',#3156,#2629,#2630);
#2090=AXIS2_PLACEMENT_3D('',#3157,#2631,#2632);
#2091=AXIS2_PLACEMENT_3D('',#3158,#2633,#2634);
#2092=AXIS2_PLACEMENT_3D('',#3159,#2635,#2636);
#2093=AXIS2_PLACEMENT_3D('',#3160,#2637,#2638);
#2094=AXIS2_PLACEMENT_3D('',#3162,#2639,#2640);
#2095=AXIS2_PLACEMENT_3D('',#3164,#2641,#2642);
#2096=AXIS2_PLACEMENT_3D('',#3165,#2643,#2644);
#2097=AXIS2_PLACEMENT_3D('',#3166,#2645,#2646);
#2098=DIRECTION('',(0.,0.,1.));
#2099=DIRECTION('',(1.,0.,0.));
#2100=DIRECTION('',(-0.649501096547258,0.760360654942054,0.));
#2101=DIRECTION('',(-0.760360654942054,-0.649501096547258,0.));
#2102=DIRECTION('',(0.,0.,1.));
#2103=DIRECTION('',(-0.760360654942054,-0.649501096547258,0.));
#2104=DIRECTION('',(0.,0.,1.));
#2105=DIRECTION('',(-0.760360654942054,-0.649501096547258,0.));
#2106=DIRECTION('',(0.,0.,1.));
#2107=DIRECTION('',(1.,0.,0.));
#2108=DIRECTION('',(0.,0.,1.));
#2109=DIRECTION('',(1.,0.,0.));
#2110=DIRECTION('',(0.,0.,-1.));
#2111=DIRECTION('',(0.,0.,1.));
#2112=DIRECTION('',(1.,0.,0.));
#2113=DIRECTION('',(0.,0.,-1.));
#2114=DIRECTION('',(0.,0.,1.));
#2115=DIRECTION('',(1.,0.,0.));
#2116=DIRECTION('',(0.,0.,1.));
#2117=DIRECTION('',(1.,0.,0.));
#2118=DIRECTION('',(0.,0.,1.));
#2119=DIRECTION('',(-0.849570404734733,0.527475238659467,0.));
#2120=DIRECTION('',(-0.527475238659467,-0.849570404734733,0.));
#2121=DIRECTION('',(-0.527475238659467,-0.849570404734733,0.));
#2122=DIRECTION('',(-0.527475238659467,-0.849570404734733,0.));
#2123=DIRECTION('',(0.,0.,1.));
#2124=DIRECTION('',(0.,0.,1.));
#2125=DIRECTION('',(1.,0.,0.));
#2126=DIRECTION('',(0.,0.,1.));
#2127=DIRECTION('',(1.,0.,0.));
#2128=DIRECTION('',(0.,0.,1.));
#2129=DIRECTION('',(1.,0.,0.));
#2130=DIRECTION('',(0.,0.,1.));
#2131=DIRECTION('',(-0.035281952370522,0.9993773981019,0.));
#2132=DIRECTION('',(-0.999377398101901,-0.035281952370522,0.));
#2133=DIRECTION('',(-0.9993773981019,-0.035281952370522,0.));
#2134=DIRECTION('',(-0.9993773981019,-0.035281952370522,0.));
#2135=DIRECTION('',(0.,0.,1.));
#2136=DIRECTION('',(-0.649501096547257,0.760360654942055,0.));
#2137=DIRECTION('',(-0.760360654942055,-0.649501096547257,0.));
#2138=DIRECTION('',(-0.760360654942055,-0.649501096547257,0.));
#2139=DIRECTION('',(0.,0.,1.));
#2140=DIRECTION('',(-0.760360654942055,-0.649501096547257,0.));
#2141=DIRECTION('',(0.,0.,1.));
#2142=DIRECTION('',(-0.760360654942055,-0.649501096547257,0.));
#2143=DIRECTION('',(0.,0.,-1.));
#2144=DIRECTION('',(-0.760360654942055,-0.649501096547257,0.));
#2145=DIRECTION('',(0.,0.,-1.));
#2146=DIRECTION('',(-0.760360654942055,-0.649501096547257,0.));
#2147=DIRECTION('',(0.,0.,-1.));
#2148=DIRECTION('',(-0.760360654942055,-0.649501096547257,0.));
#2149=DIRECTION('',(0.,0.,-1.));
#2150=DIRECTION('',(0.,0.,1.));
#2151=DIRECTION('',(1.,0.,0.));
#2152=DIRECTION('',(0.,0.,1.));
#2153=DIRECTION('',(1.,0.,0.));
#2154=DIRECTION('',(0.,0.,1.));
#2155=DIRECTION('',(1.,0.,0.));
#2156=DIRECTION('',(0.,0.,1.));
#2157=DIRECTION('',(-0.00121518061800359,-0.99999926166776,0.));
#2158=DIRECTION('',(0.99999926166776,-0.00121518061800359,0.));
#2159=DIRECTION('',(0.99999926166776,-0.00121518061800359,0.));
#2160=DIRECTION('',(0.99999926166776,-0.00121518061800359,0.));
#2161=DIRECTION('',(0.,0.,1.));
#2162=DIRECTION('',(0.,0.,1.));
#2163=DIRECTION('',(1.,0.,0.));
#2164=DIRECTION('',(0.,0.,1.));
#2165=DIRECTION('',(1.,0.,0.));
#2166=DIRECTION('',(0.,0.,1.));
#2167=DIRECTION('',(1.,0.,0.));
#2168=DIRECTION('',(0.,0.,1.));
#2169=DIRECTION('',(0.858821582399007,-0.51227481843798,0.));
#2170=DIRECTION('',(0.51227481843798,0.858821582399007,0.));
#2171=DIRECTION('',(0.51227481843798,0.858821582399007,0.));
#2172=DIRECTION('',(0.51227481843798,0.858821582399007,0.));
#2173=DIRECTION('',(0.,0.,1.));
#2174=DIRECTION('',(0.,0.,1.));
#2175=DIRECTION('',(1.,0.,0.));
#2176=DIRECTION('',(0.,0.,1.));
#2177=DIRECTION('',(1.,0.,0.));
#2178=DIRECTION('',(0.,0.,-1.));
#2179=DIRECTION('',(0.,0.,1.));
#2180=DIRECTION('',(1.,0.,0.));
#2181=DIRECTION('',(0.,0.,-1.));
#2182=DIRECTION('',(0.,0.,1.));
#2183=DIRECTION('',(1.,0.,0.));
#2184=DIRECTION('',(0.,0.,1.));
#2185=DIRECTION('',(1.,0.,0.));
#2186=DIRECTION('',(0.,0.,1.));
#2187=DIRECTION('',(1.,0.,0.));
#2188=DIRECTION('',(0.,0.,1.));
#2189=DIRECTION('',(1.,0.,0.));
#2190=DIRECTION('',(0.,0.,1.));
#2191=DIRECTION('',(1.,0.,0.));
#2192=DIRECTION('',(0.,0.,1.));
#2193=DIRECTION('',(1.,0.,0.));
#2194=DIRECTION('',(0.,0.,1.));
#2195=DIRECTION('',(1.,0.,0.));
#2196=DIRECTION('',(0.,0.,1.));
#2197=DIRECTION('',(1.,0.,0.));
#2198=DIRECTION('',(0.,0.,1.));
#2199=DIRECTION('',(1.,0.,0.));
#2200=DIRECTION('',(0.,0.,1.));
#2201=DIRECTION('',(1.,0.,0.));
#2202=DIRECTION('',(0.48219235390547,0.876065370754433,0.));
#2203=DIRECTION('',(0.,0.,1.));
#2204=DIRECTION('',(1.,0.,0.));
#2205=DIRECTION('',(0.,0.,1.));
#2206=DIRECTION('',(1.,0.,0.));
#2207=DIRECTION('',(-0.990057122334161,0.140665896774594,0.));
#2208=DIRECTION('',(0.,0.,1.));
#2209=DIRECTION('',(1.,0.,0.));
#2210=DIRECTION('',(0.,0.,1.));
#2211=DIRECTION('',(1.,0.,0.));
#2212=DIRECTION('',(0.,0.,1.));
#2213=DIRECTION('',(1.,0.,0.));
#2214=DIRECTION('',(0.,0.,1.));
#2215=DIRECTION('',(1.,0.,0.));
#2216=DIRECTION('',(0.,0.,1.));
#2217=DIRECTION('',(1.,0.,0.));
#2218=DIRECTION('',(0.,0.,1.));
#2219=DIRECTION('',(1.,0.,0.));
#2220=DIRECTION('',(-0.990057122334161,0.140665896774594,0.));
#2221=DIRECTION('',(0.,0.,1.));
#2222=DIRECTION('',(1.,0.,0.));
#2223=DIRECTION('',(-0.9993773981019,-0.035281952370522,0.));
#2224=DIRECTION('',(0.,0.,1.));
#2225=DIRECTION('',(1.,0.,0.));
#2226=DIRECTION('',(-0.527475238659467,-0.849570404734733,0.));
#2227=DIRECTION('',(0.,0.,1.));
#2228=DIRECTION('',(1.,0.,0.));
#2229=DIRECTION('',(0.48219235390547,0.876065370754433,0.));
#2230=DIRECTION('',(0.,0.,1.));
#2231=DIRECTION('',(1.,0.,0.));
#2232=DIRECTION('',(0.51227481843798,0.858821582399007,0.));
#2233=DIRECTION('',(0.,0.,1.));
#2234=DIRECTION('',(1.,0.,0.));
#2235=DIRECTION('',(0.99999926166776,-0.00121518061800359,0.));
#2236=DIRECTION('',(0.,0.,1.));
#2237=DIRECTION('',(1.,0.,0.));
#2238=DIRECTION('',(0.849570404734733,-0.527475238659467,0.));
#2239=DIRECTION('',(0.527475238659467,0.849570404734733,0.));
#2240=DIRECTION('',(0.,0.,-1.));
#2241=DIRECTION('',(-0.527475238659467,-0.849570404734733,0.));
#2242=DIRECTION('',(0.,0.,-1.));
#2243=DIRECTION('',(-1.,0.,0.));
#2244=DIRECTION('',(0.,0.,-1.));
#2245=DIRECTION('',(0.,0.,1.));
#2246=DIRECTION('',(1.,0.,0.));
#2247=DIRECTION('',(0.035281952370522,-0.9993773981019,0.));
#2248=DIRECTION('',(0.999377398101901,0.035281952370522,0.));
#2249=DIRECTION('',(-0.9993773981019,-0.035281952370522,0.));
#2250=DIRECTION('',(0.,0.,-1.));
#2251=DIRECTION('',(-1.,0.,0.));
#2252=DIRECTION('',(0.,0.,-1.));
#2253=DIRECTION('',(0.,0.,1.));
#2254=DIRECTION('',(1.,0.,0.));
#2255=DIRECTION('',(0.00121518061800359,0.99999926166776,0.));
#2256=DIRECTION('',(-0.99999926166776,0.00121518061800359,0.));
#2257=DIRECTION('',(0.,0.,-1.));
#2258=DIRECTION('',(0.99999926166776,-0.00121518061800359,0.));
#2259=DIRECTION('',(0.,0.,-1.));
#2260=DIRECTION('',(-1.,0.,0.));
#2261=DIRECTION('',(0.,0.,-1.));
#2262=DIRECTION('',(0.,0.,1.));
#2263=DIRECTION('',(1.,0.,0.));
#2264=DIRECTION('',(-0.858821582399007,0.51227481843798,0.));
#2265=DIRECTION('',(-0.51227481843798,-0.858821582399007,0.));
#2266=DIRECTION('',(0.,0.,-1.));
#2267=DIRECTION('',(0.51227481843798,0.858821582399007,0.));
#2268=DIRECTION('',(0.,0.,-1.));
#2269=DIRECTION('',(-1.,0.,0.));
#2270=DIRECTION('',(0.,0.,1.));
#2271=DIRECTION('',(1.,0.,0.));
#2272=DIRECTION('',(0.,0.,-1.));
#2273=DIRECTION('',(-1.,0.,0.));
#2274=DIRECTION('',(0.,0.,1.));
#2275=DIRECTION('',(1.,0.,0.));
#2276=DIRECTION('',(0.,0.,1.));
#2277=DIRECTION('',(1.,0.,0.));
#2278=DIRECTION('',(-0.876065370754433,0.48219235390547,0.));
#2279=DIRECTION('',(-0.48219235390547,-0.876065370754433,0.));
#2280=DIRECTION('',(0.,0.,-1.));
#2281=DIRECTION('',(-0.140665896774594,-0.990057122334161,0.));
#2282=DIRECTION('',(0.990057122334161,-0.140665896774594,0.));
#2283=DIRECTION('',(0.,0.,-1.));
#2284=DIRECTION('',(0.,0.,-1.));
#2285=DIRECTION('',(-1.,0.,0.));
#2286=DIRECTION('',(0.,0.,-1.));
#2287=DIRECTION('',(-1.,0.,0.));
#2288=DIRECTION('',(0.,0.,-1.));
#2289=DIRECTION('',(-1.,0.,0.));
#2290=DIRECTION('',(0.,0.,-1.));
#2291=DIRECTION('',(-1.,0.,0.));
#2292=DIRECTION('',(-3.00584680249798E-17,1.50958012947589E-16,1.));
#2293=DIRECTION('',(-0.984807753012209,0.173648177666926,-5.58153962072386E-17));
#2294=DIRECTION('',(0.922198502923166,0.386716848878183,0.));
#2295=DIRECTION('',(-0.386716848878183,0.922198502923166,0.));
#2296=DIRECTION('',(0.386716848878183,-0.922198502923166,0.));
#2297=DIRECTION('',(0.,0.,-1.));
#2298=DIRECTION('',(0.386716848878183,-0.922198502923166,0.));
#2299=DIRECTION('',(0.,0.,-1.));
#2300=DIRECTION('',(0.,0.,-1.));
#2301=DIRECTION('',(-1.,0.,0.));
#2302=DIRECTION('',(0.,0.,1.));
#2303=DIRECTION('',(1.,0.,0.));
#2304=DIRECTION('',(0.,0.,-1.));
#2305=DIRECTION('',(0.,0.,1.));
#2306=DIRECTION('',(1.,0.,0.));
#2307=DIRECTION('',(0.922198502923166,0.386716848878183,0.));
#2308=DIRECTION('',(-0.386716848878183,0.922198502923166,0.));
#2309=DIRECTION('',(0.386716848878183,-0.922198502923166,0.));
#2310=DIRECTION('',(0.,0.,-1.));
#2311=DIRECTION('',(0.386716848878183,-0.922198502923166,0.));
#2312=DIRECTION('',(0.,0.,-1.));
#2313=DIRECTION('',(-1.,0.,0.));
#2314=DIRECTION('',(0.,0.,1.));
#2315=DIRECTION('',(1.,0.,0.));
#2316=DIRECTION('',(0.,0.,1.));
#2317=DIRECTION('',(1.,0.,0.));
#2318=DIRECTION('',(0.,0.,-1.));
#2319=DIRECTION('',(-1.,0.,0.));
#2320=DIRECTION('',(0.,0.,1.));
#2321=DIRECTION('',(1.,0.,0.));
#2322=DIRECTION('',(0.,0.,1.));
#2323=DIRECTION('',(1.,0.,0.));
#2324=DIRECTION('',(0.,0.,-1.));
#2325=DIRECTION('',(-1.,0.,0.));
#2326=DIRECTION('',(0.,0.,1.));
#2327=DIRECTION('',(1.,0.,0.));
#2328=DIRECTION('',(0.,0.,1.));
#2329=DIRECTION('',(1.,0.,0.));
#2330=DIRECTION('',(0.,0.,1.));
#2331=DIRECTION('',(1.,0.,0.));
#2332=DIRECTION('',(0.,0.,1.));
#2333=DIRECTION('',(1.,0.,0.));
#2334=DIRECTION('',(-3.00584680224604E-17,1.50958012918178E-16,1.));
#2335=DIRECTION('',(-0.984807753012209,0.173648177666925,-5.58153961996503E-17));
#2336=DIRECTION('',(0.,0.,-1.));
#2337=DIRECTION('',(-1.,0.,0.));
#2338=DIRECTION('',(0.,0.,1.));
#2339=DIRECTION('',(1.,0.,0.));
#2340=DIRECTION('',(0.,0.,-1.));
#2341=DIRECTION('',(0.,0.,1.));
#2342=DIRECTION('',(1.,0.,0.));
#2343=DIRECTION('',(0.,0.,-1.));
#2344=DIRECTION('',(-0.74650634931832,-0.665378291220442,0.));
#2345=DIRECTION('',(0.665378291220442,-0.74650634931832,0.));
#2346=DIRECTION('',(-0.665378291220442,0.74650634931832,0.));
#2347=DIRECTION('',(0.,0.,-1.));
#2348=DIRECTION('',(-0.665378291220442,0.74650634931832,0.));
#2349=DIRECTION('',(0.,0.,-1.));
#2350=DIRECTION('',(-0.665378291220442,0.74650634931832,0.));
#2351=DIRECTION('',(0.,0.,-1.));
#2352=DIRECTION('',(-1.,0.,0.));
#2353=DIRECTION('',(0.,0.,1.));
#2354=DIRECTION('',(1.,0.,0.));
#2355=DIRECTION('',(0.,0.,-1.));
#2356=DIRECTION('',(0.,0.,1.));
#2357=DIRECTION('',(1.,0.,0.));
#2358=DIRECTION('',(0.889146237492098,0.4576231728766,0.));
#2359=DIRECTION('',(-0.4576231728766,0.889146237492098,0.));
#2360=DIRECTION('',(0.4576231728766,-0.889146237492098,0.));
#2361=DIRECTION('',(0.,0.,-1.));
#2362=DIRECTION('',(0.4576231728766,-0.889146237492098,0.));
#2363=DIRECTION('',(0.,0.,-1.));
#2364=DIRECTION('',(-1.,0.,0.));
#2365=DIRECTION('',(0.,0.,1.));
#2366=DIRECTION('',(1.,0.,0.));
#2367=DIRECTION('',(0.,0.,1.));
#2368=DIRECTION('',(1.,0.,0.));
#2369=DIRECTION('',(-0.74650634931832,-0.665378291220442,0.));
#2370=DIRECTION('',(0.665378291220442,-0.74650634931832,0.));
#2371=DIRECTION('',(-0.665378291220442,0.74650634931832,0.));
#2372=DIRECTION('',(-0.665378291220442,0.74650634931832,0.));
#2373=DIRECTION('',(-0.665378291220442,0.74650634931832,0.));
#2374=DIRECTION('',(0.,0.,-1.));
#2375=DIRECTION('',(0.,0.,1.));
#2376=DIRECTION('',(1.,0.,0.));
#2377=DIRECTION('',(0.,0.,1.));
#2378=DIRECTION('',(1.,0.,0.));
#2379=DIRECTION('',(0.,0.,1.));
#2380=DIRECTION('',(1.,0.,0.));
#2381=DIRECTION('',(0.,0.,1.));
#2382=DIRECTION('',(1.,0.,0.));
#2383=DIRECTION('',(0.,0.,-1.));
#2384=DIRECTION('',(-1.,0.,0.));
#2385=DIRECTION('',(0.,0.,1.));
#2386=DIRECTION('',(1.,0.,0.));
#2387=DIRECTION('',(0.,0.,-1.));
#2388=DIRECTION('',(-1.,0.,0.));
#2389=DIRECTION('',(0.,0.,1.));
#2390=DIRECTION('',(1.,0.,0.));
#2391=DIRECTION('',(0.,0.,1.));
#2392=DIRECTION('',(1.,0.,0.));
#2393=DIRECTION('',(-6.01425974075844E-17,-9.89188007474288E-17,1.));
#2394=DIRECTION('',(-0.984807753012208,0.173648177666931,-4.20518267264918E-17));
#2395=DIRECTION('',(-0.874098360040121,0.485748964975914,0.));
#2396=DIRECTION('',(-0.485748964975914,-0.874098360040121,0.));
#2397=DIRECTION('',(0.485748964975914,0.874098360040121,0.));
#2398=DIRECTION('',(0.,0.,-1.));
#2399=DIRECTION('',(0.485748964975914,0.874098360040121,0.));
#2400=DIRECTION('',(0.,0.,-1.));
#2401=DIRECTION('',(0.485748964975914,0.874098360040121,0.));
#2402=DIRECTION('',(0.,0.,-1.));
#2403=DIRECTION('',(0.,0.,-1.));
#2404=DIRECTION('',(-1.,0.,0.));
#2405=DIRECTION('',(0.,0.,1.));
#2406=DIRECTION('',(1.,0.,0.));
#2407=DIRECTION('',(0.,0.,-1.));
#2408=DIRECTION('',(0.,0.,1.));
#2409=DIRECTION('',(1.,0.,0.));
#2410=DIRECTION('',(-0.874098360040121,0.485748964975914,0.));
#2411=DIRECTION('',(-0.485748964975914,-0.874098360040121,0.));
#2412=DIRECTION('',(0.485748964975914,0.874098360040121,0.));
#2413=DIRECTION('',(0.,0.,-1.));
#2414=DIRECTION('',(0.485748964975914,0.874098360040121,0.));
#2415=DIRECTION('',(0.,0.,-1.));
#2416=DIRECTION('',(0.485748964975914,0.874098360040121,0.));
#2417=DIRECTION('',(0.,0.,-1.));
#2418=DIRECTION('',(-1.,0.,0.));
#2419=DIRECTION('',(0.,0.,1.));
#2420=DIRECTION('',(1.,0.,0.));
#2421=DIRECTION('',(0.,0.,1.));
#2422=DIRECTION('',(1.,0.,0.));
#2423=DIRECTION('',(0.,0.,-1.));
#2424=DIRECTION('',(-1.,0.,0.));
#2425=DIRECTION('',(0.,0.,1.));
#2426=DIRECTION('',(1.,0.,0.));
#2427=DIRECTION('',(0.,0.,1.));
#2428=DIRECTION('',(1.,0.,0.));
#2429=DIRECTION('',(0.,0.,1.));
#2430=DIRECTION('',(1.,0.,0.));
#2431=DIRECTION('',(0.,0.,1.));
#2432=DIRECTION('',(1.,0.,0.));
#2433=DIRECTION('',(0.,0.,1.));
#2434=DIRECTION('',(1.,0.,0.));
#2435=DIRECTION('',(0.,0.,1.));
#2436=DIRECTION('',(1.,0.,0.));
#2437=DIRECTION('',(0.,0.,-1.));
#2438=DIRECTION('',(-1.,0.,0.));
#2439=DIRECTION('',(0.,0.,1.));
#2440=DIRECTION('',(1.,0.,0.));
#2441=DIRECTION('',(0.,0.,-1.));
#2442=DIRECTION('',(-1.,0.,0.));
#2443=DIRECTION('',(0.,0.,1.));
#2444=DIRECTION('',(1.,0.,0.));
#2445=DIRECTION('',(0.,0.,1.));
#2446=DIRECTION('',(1.,0.,0.));
#2447=DIRECTION('',(6.01425974075857E-17,9.89188007474286E-17,-1.));
#2448=DIRECTION('',(0.372613539035114,-0.927986611179131,-6.93853766207054E-17));
#2449=DIRECTION('',(0.,0.,1.));
#2450=DIRECTION('',(1.,0.,0.));
#2451=DIRECTION('',(0.,0.,1.));
#2452=DIRECTION('',(1.,0.,0.));
#2453=DIRECTION('',(0.,0.,1.));
#2454=DIRECTION('',(0.,0.,1.));
#2455=DIRECTION('',(1.,0.,0.));
#2456=DIRECTION('',(0.,0.,1.));
#2457=DIRECTION('',(0.987381651146551,-0.158358690885947,0.));
#2458=DIRECTION('',(0.158358690885947,0.987381651146551,0.));
#2459=DIRECTION('',(0.,0.,1.));
#2460=DIRECTION('',(0.158358690885947,0.987381651146551,0.));
#2461=DIRECTION('',(0.,0.,-1.));
#2462=DIRECTION('',(0.,0.,-1.));
#2463=DIRECTION('',(0.158358690885947,0.987381651146551,0.));
#2464=DIRECTION('',(0.,0.,1.));
#2465=DIRECTION('',(1.,0.,0.));
#2466=DIRECTION('',(0.,0.,1.));
#2467=DIRECTION('',(0.,0.,1.));
#2468=DIRECTION('',(1.,0.,0.));
#2469=DIRECTION('',(0.,0.,1.));
#2470=DIRECTION('',(1.,0.,0.));
#2471=DIRECTION('',(-0.70461822124631,-0.709586613661565,0.));
#2472=DIRECTION('',(0.709586613661565,-0.70461822124631,0.));
#2473=DIRECTION('',(0.,0.,1.));
#2474=DIRECTION('',(0.,0.,-1.));
#2475=DIRECTION('',(0.,0.,-1.));
#2476=DIRECTION('',(0.709586613661565,-0.70461822124631,0.));
#2477=DIRECTION('',(0.709586613661565,-0.70461822124631,0.));
#2478=DIRECTION('',(0.,0.,1.));
#2479=DIRECTION('',(1.,0.,0.));
#2480=DIRECTION('',(0.,0.,1.));
#2481=DIRECTION('',(1.,0.,0.));
#2482=DIRECTION('',(0.,0.,1.));
#2483=DIRECTION('',(1.,0.,0.));
#2484=DIRECTION('',(0.,0.,1.));
#2485=DIRECTION('',(0.,0.,1.));
#2486=DIRECTION('',(1.,0.,0.));
#2487=DIRECTION('',(0.,0.,1.));
#2488=DIRECTION('',(0.,0.,1.));
#2489=DIRECTION('',(1.,0.,0.));
#2490=DIRECTION('',(0.,0.,1.));
#2491=DIRECTION('',(0.,0.,1.));
#2492=DIRECTION('',(1.,0.,0.));
#2493=DIRECTION('',(0.989418725093632,-0.145088202256738,0.));
#2494=DIRECTION('',(0.145088202256738,0.989418725093632,0.));
#2495=DIRECTION('',(0.145088202256738,0.989418725093632,0.));
#2496=DIRECTION('',(0.,0.,-1.));
#2497=DIRECTION('',(0.145088202256738,0.989418725093632,0.));
#2498=DIRECTION('',(0.,0.,-1.));
#2499=DIRECTION('',(0.145088202256738,0.989418725093632,0.));
#2500=DIRECTION('',(0.145088202256738,0.989418725093632,0.));
#2501=DIRECTION('',(0.,0.,1.));
#2502=DIRECTION('',(0.,0.,1.));
#2503=DIRECTION('',(1.,0.,0.));
#2504=DIRECTION('',(0.,0.,1.));
#2505=DIRECTION('',(1.,0.,0.));
#2506=DIRECTION('',(0.,0.,1.));
#2507=DIRECTION('',(1.,0.,0.));
#2508=DIRECTION('',(0.,0.,1.));
#2509=DIRECTION('',(0.0352819523705213,-0.9993773981019,0.));
#2510=DIRECTION('',(0.999377398101901,0.0352819523705213,0.));
#2511=DIRECTION('',(0.9993773981019,0.0352819523705213,0.));
#2512=DIRECTION('',(0.9993773981019,0.0352819523705213,0.));
#2513=DIRECTION('',(0.,0.,1.));
#2514=DIRECTION('',(0.,0.,1.));
#2515=DIRECTION('',(1.,0.,0.));
#2516=DIRECTION('',(0.,0.,1.));
#2517=DIRECTION('',(1.,0.,0.));
#2518=DIRECTION('',(0.,0.,1.));
#2519=DIRECTION('',(1.,0.,0.));
#2520=DIRECTION('',(0.,0.,1.));
#2521=DIRECTION('',(-0.711660798032486,-0.702523244130587,0.));
#2522=DIRECTION('',(0.702523244130587,-0.711660798032487,0.));
#2523=DIRECTION('',(0.702523244130587,-0.711660798032487,0.));
#2524=DIRECTION('',(0.702523244130587,-0.711660798032487,0.));
#2525=DIRECTION('',(0.702523244130587,-0.711660798032487,0.));
#2526=DIRECTION('',(0.,0.,-1.));
#2527=DIRECTION('',(0.702523244130587,-0.711660798032487,0.));
#2528=DIRECTION('',(0.,0.,-1.));
#2529=DIRECTION('',(0.0352819523705215,-0.9993773981019,0.));
#2530=DIRECTION('',(0.999377398101901,0.0352819523705215,0.));
#2531=DIRECTION('',(0.9993773981019,0.0352819523705215,0.));
#2532=DIRECTION('',(0.9993773981019,0.0352819523705215,0.));
#2533=DIRECTION('',(0.,0.,1.));
#2534=DIRECTION('',(1.,0.,0.));
#2535=DIRECTION('',(0.,0.,1.));
#2536=DIRECTION('',(1.,0.,0.));
#2537=DIRECTION('',(-0.084781808667533,-0.996399540806328,0.));
#2538=DIRECTION('',(0.654509915752018,-0.756053417545537,0.));
#2539=DIRECTION('',(0.,0.,1.));
#2540=DIRECTION('',(1.,0.,0.));
#2541=DIRECTION('',(0.,0.,1.));
#2542=DIRECTION('',(1.,0.,0.));
#2543=DIRECTION('',(0.,0.,1.));
#2544=DIRECTION('',(1.,0.,0.));
#2545=DIRECTION('',(0.,0.,1.));
#2546=DIRECTION('',(1.,0.,0.));
#2547=DIRECTION('',(0.,0.,1.));
#2548=DIRECTION('',(1.,0.,0.));
#2549=DIRECTION('',(0.,0.,1.));
#2550=DIRECTION('',(1.,0.,0.));
#2551=DIRECTION('',(0.,0.,1.));
#2552=DIRECTION('',(1.,0.,0.));
#2553=DIRECTION('',(0.654509915752018,-0.756053417545537,0.));
#2554=DIRECTION('',(0.,0.,1.));
#2555=DIRECTION('',(1.,0.,0.));
#2556=DIRECTION('',(0.9993773981019,0.0352819523705215,0.));
#2557=DIRECTION('',(0.,0.,1.));
#2558=DIRECTION('',(1.,0.,0.));
#2559=DIRECTION('',(-0.084781808667533,-0.996399540806328,0.));
#2560=DIRECTION('',(0.,0.,1.));
#2561=DIRECTION('',(1.,0.,0.));
#2562=DIRECTION('',(0.9993773981019,0.0352819523705213,0.));
#2563=DIRECTION('',(0.,0.,1.));
#2564=DIRECTION('',(1.,0.,0.));
#2565=DIRECTION('',(0.,0.,-1.));
#2566=DIRECTION('',(-1.,0.,0.));
#2567=DIRECTION('',(0.,0.,1.));
#2568=DIRECTION('',(1.,0.,0.));
#2569=DIRECTION('',(0.,0.,-1.));
#2570=DIRECTION('',(0.,0.,-1.));
#2571=DIRECTION('',(-1.,0.,0.));
#2572=DIRECTION('',(0.,0.,-1.));
#2573=DIRECTION('',(0.,0.,1.));
#2574=DIRECTION('',(1.,0.,0.));
#2575=DIRECTION('',(0.,0.,-1.));
#2576=DIRECTION('',(-1.,0.,0.));
#2577=DIRECTION('',(0.,0.,-1.));
#2578=DIRECTION('',(0.,0.,1.));
#2579=DIRECTION('',(1.,0.,0.));
#2580=DIRECTION('',(-0.0352819523705213,0.9993773981019,0.));
#2581=DIRECTION('',(-0.999377398101901,-0.0352819523705213,0.));
#2582=DIRECTION('',(0.,0.,-1.));
#2583=DIRECTION('',(0.9993773981019,0.0352819523705213,0.));
#2584=DIRECTION('',(0.,0.,-1.));
#2585=DIRECTION('',(-1.,0.,0.));
#2586=DIRECTION('',(0.,0.,1.));
#2587=DIRECTION('',(1.,0.,0.));
#2588=DIRECTION('',(-0.0352819523705215,0.9993773981019,0.));
#2589=DIRECTION('',(-0.999377398101901,-0.0352819523705215,0.));
#2590=DIRECTION('',(0.9993773981019,0.0352819523705215,0.));
#2591=DIRECTION('',(0.,0.,1.));
#2592=DIRECTION('',(1.,0.,0.));
#2593=DIRECTION('',(0.756053417545537,0.654509915752018,0.));
#2594=DIRECTION('',(-0.654509915752018,0.756053417545538,0.));
#2595=DIRECTION('',(0.996399540806328,-0.084781808667533,0.));
#2596=DIRECTION('',(0.084781808667533,0.996399540806328,0.));
#2597=DIRECTION('',(0.,0.,-1.));
#2598=DIRECTION('',(-1.,0.,0.));
#2599=DIRECTION('',(0.,0.,-1.));
#2600=DIRECTION('',(-1.,0.,0.));
#2601=DIRECTION('',(0.,0.,-1.));
#2602=DIRECTION('',(-1.,0.,0.));
#2603=DIRECTION('',(-3.005846803085E-17,1.50958012946555E-16,1.));
#2604=DIRECTION('',(-0.984807753012209,0.173648177666925,-5.58153962128399E-17));
#2605=DIRECTION('',(0.922198502923166,0.386716848878183,0.));
#2606=DIRECTION('',(-0.386716848878183,0.922198502923166,0.));
#2607=DIRECTION('',(0.386716848878183,-0.922198502923166,0.));
#2608=DIRECTION('',(0.,0.,-1.));
#2609=DIRECTION('',(0.386716848878183,-0.922198502923166,0.));
#2610=DIRECTION('',(0.,0.,-1.));
#2611=DIRECTION('',(0.,0.,-1.));
#2612=DIRECTION('',(-1.,0.,0.));
#2613=DIRECTION('',(0.,0.,1.));
#2614=DIRECTION('',(1.,0.,0.));
#2615=DIRECTION('',(0.,0.,-1.));
#2616=DIRECTION('',(0.,0.,1.));
#2617=DIRECTION('',(1.,0.,0.));
#2618=DIRECTION('',(0.922198502923166,0.386716848878183,0.));
#2619=DIRECTION('',(-0.386716848878183,0.922198502923166,0.));
#2620=DIRECTION('',(0.386716848878183,-0.922198502923166,0.));
#2621=DIRECTION('',(0.,0.,-1.));
#2622=DIRECTION('',(0.386716848878183,-0.922198502923166,0.));
#2623=DIRECTION('',(0.,0.,-1.));
#2624=DIRECTION('',(-1.,0.,0.));
#2625=DIRECTION('',(0.,0.,1.));
#2626=DIRECTION('',(1.,0.,0.));
#2627=DIRECTION('',(0.,0.,1.));
#2628=DIRECTION('',(1.,0.,0.));
#2629=DIRECTION('',(0.,0.,-1.));
#2630=DIRECTION('',(-1.,0.,0.));
#2631=DIRECTION('',(0.,0.,1.));
#2632=DIRECTION('',(1.,0.,0.));
#2633=DIRECTION('',(0.,0.,1.));
#2634=DIRECTION('',(1.,0.,0.));
#2635=DIRECTION('',(0.,0.,-1.));
#2636=DIRECTION('',(-1.,0.,0.));
#2637=DIRECTION('',(0.,0.,1.));
#2638=DIRECTION('',(1.,0.,0.));
#2639=DIRECTION('',(0.,0.,1.));
#2640=DIRECTION('',(1.,0.,0.));
#2641=DIRECTION('',(0.,0.,1.));
#2642=DIRECTION('',(1.,0.,0.));
#2643=DIRECTION('',(0.,0.,1.));
#2644=DIRECTION('',(1.,0.,0.));
#2645=DIRECTION('',(-3.00584680056753E-17,1.50958013046605E-16,1.));
#2646=DIRECTION('',(-0.995406331330557,0.0957404593003529,-4.43731788670968E-17));
#2647=CARTESIAN_POINT('',(0.,0.,0.));
#2648=CARTESIAN_POINT('',(-0.0440640071228311,0.0366698401790613,-0.003));
#2649=CARTESIAN_POINT('',(-0.0408832441738102,0.0393868521783255,-0.003));
#2650=CARTESIAN_POINT('',(-0.0408832441738102,0.0393868521783255,-0.003));
#2651=CARTESIAN_POINT('',(-0.0408832441738102,0.0393868521783255,0.01));
#2652=CARTESIAN_POINT('',(-0.0440640071228311,0.0366698401790613,0.01));
#2653=CARTESIAN_POINT('',(-0.047244770071852,0.0339528281797971,0.01));
#2654=CARTESIAN_POINT('',(-0.047244770071852,0.0339528281797971,-0.003));
#2655=CARTESIAN_POINT('',(-0.047244770071852,0.0339528281797971,-0.003));
#2656=CARTESIAN_POINT('',(-0.0440640071228311,0.0366698401790613,-0.003));
#2657=CARTESIAN_POINT('',(-0.0407182708952872,0.0391937205719703,-0.003));
#2658=CARTESIAN_POINT('',(-0.0407182708952872,0.0391937205719703,0.));
#2659=CARTESIAN_POINT('',(-0.0405024800124846,0.0390597418613507,0.));
#2660=CARTESIAN_POINT('',(-0.0404985248044236,0.0393211083875186,0.));
#2661=CARTESIAN_POINT('',(-0.0404985248044236,0.0393211083875186,0.007));
#2662=CARTESIAN_POINT('',(-0.0404985248044236,0.0393211083875186,0.007));
#2663=CARTESIAN_POINT('',(-0.0407182708952872,0.0391937205719703,0.007));
#2664=CARTESIAN_POINT('',(-0.0405024800124846,0.0390597418613507,0.007));
#2665=CARTESIAN_POINT('',(-0.0405024800124846,0.0390597418613507,0.01));
#2666=CARTESIAN_POINT('',(-0.0405024800124846,0.0390597418613507,0.01));
#2667=CARTESIAN_POINT('',(-0.0407182708952872,0.0391937205719703,0.01));
#2668=CARTESIAN_POINT('',(-0.0407182708952872,0.0391937205719703,-0.003));
#2669=CARTESIAN_POINT('',(-0.0405024800124846,0.0390597418613507,-0.003));
#2670=CARTESIAN_POINT('',(-0.0405024800124846,0.0390597418613507,-0.003));
#2671=CARTESIAN_POINT('',(-0.042372099841131,0.0360484655812359,-0.003));
#2672=CARTESIAN_POINT('',(-0.042372099841131,0.0360484655812359,0.));
#2673=CARTESIAN_POINT('',(-0.0442417196697773,0.033037189301121,0.));
#2674=CARTESIAN_POINT('',(-0.042372099841131,0.0360484655812359,-0.003));
#2675=CARTESIAN_POINT('',(-0.0442417196697773,0.033037189301121,-0.003));
#2676=CARTESIAN_POINT('',(-0.0442417196697773,0.033037189301121,-0.003));
#2677=CARTESIAN_POINT('',(-0.0448890923181852,0.0334391254329796,-0.003));
#2678=CARTESIAN_POINT('',(-0.0448890923181852,0.0334391254329796,0.));
#2679=CARTESIAN_POINT('',(-0.0448622074704789,0.0326775998556259,0.));
#2680=CARTESIAN_POINT('',(-0.0448890923181852,0.0334391254329796,-0.003));
#2681=CARTESIAN_POINT('',(-0.0448622074704789,0.0326775998556259,-0.003));
#2682=CARTESIAN_POINT('',(-0.0448622074704789,0.0326775998556259,-0.003));
#2683=CARTESIAN_POINT('',(-0.0457925864295277,0.0326447538195018,-0.003));
#2684=CARTESIAN_POINT('',(-0.0457925864295277,0.0326447538195018,0.));
#2685=CARTESIAN_POINT('',(-0.0467229653885766,0.0326119077833776,0.));
#2686=CARTESIAN_POINT('',(-0.0457925864295277,0.0326447538195018,-0.003));
#2687=CARTESIAN_POINT('',(-0.0467229653885766,0.0326119077833776,-0.003));
#2688=CARTESIAN_POINT('',(-0.0467229653885766,0.0326119077833776,-0.003));
#2689=CARTESIAN_POINT('',(-0.0282071507943978,0.0602363483310057,-0.003));
#2690=CARTESIAN_POINT('',(-0.0282071507943978,0.0602363483310057,0.));
#2691=CARTESIAN_POINT('',(-0.0259415903358047,0.0621715931290977,0.));
#2692=CARTESIAN_POINT('',(-0.0304727112529911,0.0583011035329138,0.));
#2693=CARTESIAN_POINT('',(-0.0259415903358047,0.0621715931290977,-0.003));
#2694=CARTESIAN_POINT('',(-0.0259415903358047,0.0621715931290977,-0.003));
#2695=CARTESIAN_POINT('',(-0.0282071507943978,0.0602363483310057,-0.003));
#2696=CARTESIAN_POINT('',(-0.06215376652742,0.0312391034060346,-0.003));
#2697=CARTESIAN_POINT('',(-0.06215376652742,0.0312391034060346,-0.003));
#2698=CARTESIAN_POINT('',(-0.06215376652742,0.0312391034060346,0.));
#2699=CARTESIAN_POINT('',(-0.0282071507943978,0.0602363483310057,0.));
#2700=CARTESIAN_POINT('',(-0.057303750434767,0.035381993691027,0.));
#2701=CARTESIAN_POINT('',(-0.057303750434767,0.035381993691027,0.007));
#2702=CARTESIAN_POINT('',(-0.057303750434767,0.035381993691027,0.007));
#2703=CARTESIAN_POINT('',(-0.0282071507943978,0.0602363483310057,0.007));
#2704=CARTESIAN_POINT('',(-0.06215376652742,0.0312391034060346,0.007));
#2705=CARTESIAN_POINT('',(-0.06215376652742,0.0312391034060346,0.01));
#2706=CARTESIAN_POINT('',(-0.06215376652742,0.0312391034060346,0.01));
#2707=CARTESIAN_POINT('',(-0.0282071507943978,0.0602363483310057,0.01));
#2708=CARTESIAN_POINT('',(-0.0259415903358047,0.0621715931290977,0.01));
#2709=CARTESIAN_POINT('',(-0.0259415903358047,0.0621715931290977,0.01));
#2710=CARTESIAN_POINT('',(-0.0259415903358047,0.0621715931290977,0.007));
#2711=CARTESIAN_POINT('',(-0.0282071507943978,0.0602363483310057,0.007));
#2712=CARTESIAN_POINT('',(-0.030472711252991,0.0583011035329138,0.007));
#2713=CARTESIAN_POINT('',(-0.0304727112529911,0.0583011035329138,0.007));
#2714=CARTESIAN_POINT('',(-0.059679167349575,0.0283421293107053,-0.003));
#2715=CARTESIAN_POINT('',(-0.059679167349575,0.0283421293107053,0.));
#2716=CARTESIAN_POINT('',(-0.0596837971877296,0.0245321321237511,0.));
#2717=CARTESIAN_POINT('',(-0.059679167349575,0.0283421293107053,-0.003));
#2718=CARTESIAN_POINT('',(-0.0596837971877296,0.0245321321237511,-0.003));
#2719=CARTESIAN_POINT('',(-0.0596837971877296,0.0245321321237511,-0.003));
#2720=CARTESIAN_POINT('',(-0.0509900993327883,0.024521567702819,-0.003));
#2721=CARTESIAN_POINT('',(-0.0509900993327883,0.024521567702819,0.));
#2722=CARTESIAN_POINT('',(-0.0422964014778471,0.0245110032818868,0.));
#2723=CARTESIAN_POINT('',(-0.0509900993327883,0.024521567702819,-0.003));
#2724=CARTESIAN_POINT('',(-0.0422964014778471,0.0245110032818868,-0.003));
#2725=CARTESIAN_POINT('',(-0.0422964014778471,0.0245110032818868,-0.003));
#2726=CARTESIAN_POINT('',(-0.042291,0.028956,-0.003));
#2727=CARTESIAN_POINT('',(-0.042291,0.028956,0.));
#2728=CARTESIAN_POINT('',(-0.0384735380662364,0.0266789384320432,0.));
#2729=CARTESIAN_POINT('',(-0.042291,0.028956,-0.003));
#2730=CARTESIAN_POINT('',(-0.0384735380662364,0.0266789384320432,-0.003));
#2731=CARTESIAN_POINT('',(-0.0384735380662364,0.0266789384320432,-0.003));
#2732=CARTESIAN_POINT('',(-0.0293342094976279,0.0420008952037814,-0.003));
#2733=CARTESIAN_POINT('',(-0.0293342094976279,0.0420008952037814,0.));
#2734=CARTESIAN_POINT('',(-0.0201948809290194,0.0573228519755197,0.));
#2735=CARTESIAN_POINT('',(-0.0293342094976279,0.0420008952037814,-0.003));
#2736=CARTESIAN_POINT('',(-0.0201948809290194,0.0573228519755197,-0.003));
#2737=CARTESIAN_POINT('',(-0.0201948809290194,0.0573228519755197,-0.003));
#2738=CARTESIAN_POINT('',(-0.046749850236283,0.0333734333607313,-0.003));
#2739=CARTESIAN_POINT('',(-0.046749850236283,0.0333734333607313,0.01));
#2740=CARTESIAN_POINT('',(-0.0467229653885766,0.0326119077833776,0.01));
#2741=CARTESIAN_POINT('',(-0.0467229653885766,0.0326119077833776,0.01));
#2742=CARTESIAN_POINT('',(-0.0467229653885766,0.0326119077833776,0.007));
#2743=CARTESIAN_POINT('',(-0.046749850236283,0.0333734333607313,0.007));
#2744=CARTESIAN_POINT('',(-0.0475115305837752,0.0333513641911929,0.007));
#2745=CARTESIAN_POINT('',(-0.0475115305837752,0.0333513641911929,0.007));
#2746=CARTESIAN_POINT('',(-0.0475115305837752,0.0333513641911929,0.));
#2747=CARTESIAN_POINT('',(-0.046749850236283,0.0333734333607313,0.));
#2748=CARTESIAN_POINT('',(-0.046749850236283,0.0333734333607313,-0.003));
#2749=CARTESIAN_POINT('',(-0.0234669911579596,0.0592746190337685,-0.003));
#2750=CARTESIAN_POINT('',(-0.0234669911579596,0.0592746190337685,0.));
#2751=CARTESIAN_POINT('',(-0.0234669911579596,0.0592746190337685,-0.003));
#2752=CARTESIAN_POINT('',(-0.042291,0.028956,-0.003));
#2753=CARTESIAN_POINT('',(-0.042291,0.028956,-0.003));
#2754=CARTESIAN_POINT('',(-0.039116,0.028956,-0.003));
#2755=CARTESIAN_POINT('',(-0.042291,0.028956,0.));
#2756=CARTESIAN_POINT('',(-0.039116,0.028956,0.));
#2757=CARTESIAN_POINT('',(-0.0415730792537673,0.0437978095168843,-0.003));
#2758=CARTESIAN_POINT('',(-0.0415730792537673,0.0437978095168843,0.));
#2759=CARTESIAN_POINT('',(-0.0354897797986695,0.0491859029703768,0.));
#2760=CARTESIAN_POINT('',(-0.040506848344348,0.0400707024078398,0.));
#2761=CARTESIAN_POINT('',(-0.039839286531833,0.0397032718341639,0.));
#2762=CARTESIAN_POINT('',(-0.0482732109312674,0.0333292950216545,0.));
#2763=CARTESIAN_POINT('',(-0.0481660235179252,0.0340837185488731,0.));
#2764=CARTESIAN_POINT('',(-0.0527348869763461,0.03473285611995,0.));
#2765=CARTESIAN_POINT('',(-0.059679167349575,0.0283421293107053,0.));
#2766=CARTESIAN_POINT('',(-0.057139167349575,0.0283421293107053,0.));
#2767=CARTESIAN_POINT('',(-0.0234669911579597,0.0592746190337685,0.));
#2768=CARTESIAN_POINT('',(-0.0209269911579597,0.0592746190337685,0.));
#2769=CARTESIAN_POINT('',(-0.0415730792537673,0.0437978095168843,0.007));
#2770=CARTESIAN_POINT('',(-0.0234669911579597,0.0592746190337685,0.007));
#2771=CARTESIAN_POINT('',(-0.0209269911579597,0.0592746190337685,0.007));
#2772=CARTESIAN_POINT('',(-0.059679167349575,0.0283421293107053,0.007));
#2773=CARTESIAN_POINT('',(-0.057139167349575,0.0283421293107053,0.007));
#2774=CARTESIAN_POINT('',(-0.042291,0.028956,0.007));
#2775=CARTESIAN_POINT('',(-0.039116,0.028956,0.007));
#2776=CARTESIAN_POINT('',(-0.0527348869763461,0.03473285611995,0.007));
#2777=CARTESIAN_POINT('',(-0.0481660235179252,0.0340837185488731,0.007));
#2778=CARTESIAN_POINT('',(-0.0482732109312674,0.0333292950216545,0.007));
#2779=CARTESIAN_POINT('',(-0.0457925864295277,0.0326447538195018,0.007));
#2780=CARTESIAN_POINT('',(-0.0448622074704789,0.0326775998556259,0.007));
#2781=CARTESIAN_POINT('',(-0.0448890923181852,0.0334391254329796,0.007));
#2782=CARTESIAN_POINT('',(-0.0442417196697773,0.033037189301121,0.007));
#2783=CARTESIAN_POINT('',(-0.042372099841131,0.0360484655812359,0.007));
#2784=CARTESIAN_POINT('',(-0.039839286531833,0.0397032718341639,0.007));
#2785=CARTESIAN_POINT('',(-0.040506848344348,0.0400707024078398,0.007));
#2786=CARTESIAN_POINT('',(-0.0354897797986695,0.0491859029703768,0.007));
#2787=CARTESIAN_POINT('',(-0.0234669911579596,0.0592746190337685,0.007));
#2788=CARTESIAN_POINT('',(-0.0201948809290194,0.0573228519755197,0.007));
#2789=CARTESIAN_POINT('',(-0.0293342094976279,0.0420008952037814,0.007));
#2790=CARTESIAN_POINT('',(-0.0384735380662364,0.0266789384320432,0.007));
#2791=CARTESIAN_POINT('',(-0.042291,0.028956,0.007));
#2792=CARTESIAN_POINT('',(-0.0422964014778471,0.0245110032818868,0.007));
#2793=CARTESIAN_POINT('',(-0.0509900993327883,0.024521567702819,0.007));
#2794=CARTESIAN_POINT('',(-0.0596837971877296,0.0245321321237511,0.007));
#2795=CARTESIAN_POINT('',(-0.059679167349575,0.0283421293107053,0.007));
#2796=CARTESIAN_POINT('',(-0.042372099841131,0.0360484655812359,0.01));
#2797=CARTESIAN_POINT('',(-0.0442417196697773,0.033037189301121,0.01));
#2798=CARTESIAN_POINT('',(-0.0442417196697773,0.033037189301121,0.01));
#2799=CARTESIAN_POINT('',(-0.042372099841131,0.0360484655812359,0.01));
#2800=CARTESIAN_POINT('',(-0.0448890923181852,0.0334391254329796,0.01));
#2801=CARTESIAN_POINT('',(-0.0448622074704789,0.0326775998556259,0.01));
#2802=CARTESIAN_POINT('',(-0.0448622074704789,0.0326775998556259,0.01));
#2803=CARTESIAN_POINT('',(-0.0448890923181852,0.0334391254329796,0.01));
#2804=CARTESIAN_POINT('',(-0.0457925864295277,0.0326447538195018,0.01));
#2805=CARTESIAN_POINT('',(-0.0457925864295277,0.0326447538195018,0.01));
#2806=CARTESIAN_POINT('',(-0.059679167349575,0.0283421293107053,0.01));
#2807=CARTESIAN_POINT('',(-0.0596837971877296,0.0245321321237511,0.01));
#2808=CARTESIAN_POINT('',(-0.0596837971877296,0.0245321321237511,0.01));
#2809=CARTESIAN_POINT('',(-0.059679167349575,0.0283421293107053,0.01));
#2810=CARTESIAN_POINT('',(-0.0509900993327883,0.024521567702819,0.01));
#2811=CARTESIAN_POINT('',(-0.0422964014778471,0.0245110032818868,0.01));
#2812=CARTESIAN_POINT('',(-0.0422964014778471,0.0245110032818868,0.01));
#2813=CARTESIAN_POINT('',(-0.0509900993327883,0.024521567702819,0.01));
#2814=CARTESIAN_POINT('',(-0.042291,0.028956,0.01));
#2815=CARTESIAN_POINT('',(-0.0384735380662364,0.0266789384320432,0.01));
#2816=CARTESIAN_POINT('',(-0.0384735380662364,0.0266789384320432,0.01));
#2817=CARTESIAN_POINT('',(-0.042291,0.028956,0.01));
#2818=CARTESIAN_POINT('',(-0.0293342094976279,0.0420008952037814,0.01));
#2819=CARTESIAN_POINT('',(-0.0201948809290194,0.0573228519755197,0.01));
#2820=CARTESIAN_POINT('',(-0.0201948809290194,0.0573228519755197,0.01));
#2821=CARTESIAN_POINT('',(-0.0293342094976279,0.0420008952037814,0.01));
#2822=CARTESIAN_POINT('',(-0.0234669911579596,0.0592746190337685,0.01));
#2823=CARTESIAN_POINT('',(-0.0234669911579596,0.0592746190337685,0.01));
#2824=CARTESIAN_POINT('',(-0.042291,0.028956,0.01));
#2825=CARTESIAN_POINT('',(-0.042291,0.028956,0.01));
#2826=CARTESIAN_POINT('',(-0.039116,0.028956,0.01));
#2827=CARTESIAN_POINT('',(-0.0415730792537673,0.0437978095168843,0.01));
#2828=CARTESIAN_POINT('',(-0.0354897797986695,0.0491859029703768,0.007));
#2829=CARTESIAN_POINT('',(-0.040506848344348,0.0400707024078398,0.007));
#2830=CARTESIAN_POINT('',(-0.0527348869763461,0.03473285611995,0.007));
#2831=CARTESIAN_POINT('',(-0.0481660235179252,0.0340837185488731,0.007));
#2832=CARTESIAN_POINT('',(-0.0482732109312674,0.0333292950216545,0.007));
#2833=CARTESIAN_POINT('',(-0.039839286531833,0.0397032718341639,0.007));
#2834=CARTESIAN_POINT('',(-0.059679167349575,0.0283421293107053,0.007));
#2835=CARTESIAN_POINT('',(-0.0234669911579597,0.0592746190337685,0.007));
#2836=CARTESIAN_POINT('',(0.0118139426583405,-0.112129106023616,-0.0403893055693244));
#2837=CARTESIAN_POINT('',(-0.0465148787312582,0.006801595765232,0.005));
#2838=CARTESIAN_POINT('',(-0.0465148787312582,0.006801595765232,0.));
#2839=CARTESIAN_POINT('',(-0.0561655910534377,0.0298155205049311,0.));
#2840=CARTESIAN_POINT('',(-0.0368641664090788,-0.0162123289744671,0.));
#2841=CARTESIAN_POINT('',(-0.0561655910534377,0.0298155205049311,0.005));
#2842=CARTESIAN_POINT('',(-0.0561655910534377,0.0298155205049311,0.005));
#2843=CARTESIAN_POINT('',(-0.0465148787312582,0.006801595765232,0.005));
#2844=CARTESIAN_POINT('',(-0.0368641664090788,-0.0162123289744671,0.005));
#2845=CARTESIAN_POINT('',(-0.0368641664090788,-0.0162123289744671,0.005));
#2846=CARTESIAN_POINT('',(-0.059679167349575,0.0283421293107053,0.005));
#2847=CARTESIAN_POINT('',(-0.059679167349575,0.0283421293107053,0.));
#2848=CARTESIAN_POINT('',(-0.0631927436457122,0.0268687381164794,0.));
#2849=CARTESIAN_POINT('',(-0.0631927436457122,0.0268687381164794,0.005));
#2850=CARTESIAN_POINT('',(-0.0631927436457122,0.0268687381164794,0.005));
#2851=CARTESIAN_POINT('',(-0.059679167349575,0.0283421293107053,0.005));
#2852=CARTESIAN_POINT('',(-0.0535420313235327,0.00385481337678026,0.005));
#2853=CARTESIAN_POINT('',(-0.0535420313235327,0.00385481337678026,0.));
#2854=CARTESIAN_POINT('',(-0.0438913190013532,-0.0191591113629188,0.));
#2855=CARTESIAN_POINT('',(-0.0438913190013532,-0.0191591113629188,0.005));
#2856=CARTESIAN_POINT('',(-0.0438913190013532,-0.0191591113629188,0.005));
#2857=CARTESIAN_POINT('',(-0.0535420313235327,0.00385481337678026,0.005));
#2858=CARTESIAN_POINT('',(-0.040377742705216,-0.0176857201686929,0.005));
#2859=CARTESIAN_POINT('',(-0.040377742705216,-0.0176857201686929,0.005));
#2860=CARTESIAN_POINT('',(-0.037202742705216,-0.0176857201686929,0.005));
#2861=CARTESIAN_POINT('',(-0.040377742705216,-0.0176857201686929,0.));
#2862=CARTESIAN_POINT('',(-0.037202742705216,-0.0176857201686929,0.));
#2863=CARTESIAN_POINT('',(-0.040377742705216,-0.0176857201686929,0.005));
#2864=CARTESIAN_POINT('',(-0.040377742705216,-0.0176857201686929,0.));
#2865=CARTESIAN_POINT('',(-0.040377742705216,-0.0176857201686929,0.005));
#2866=CARTESIAN_POINT('',(-0.059679167349575,0.0283421293107053,0.005));
#2867=CARTESIAN_POINT('',(-0.059679167349575,0.0283421293107053,0.005));
#2868=CARTESIAN_POINT('',(-0.056504167349575,0.0283421293107053,0.005));
#2869=CARTESIAN_POINT('',(-0.059679167349575,0.0283421293107053,0.));
#2870=CARTESIAN_POINT('',(-0.056504167349575,0.0283421293107053,0.));
#2871=CARTESIAN_POINT('',(-0.0500284550273955,0.0053282045710062,0.005));
#2872=CARTESIAN_POINT('',(-0.0500284550273955,0.0053282045710062,0.));
#2873=CARTESIAN_POINT('',(0.0118139426583404,-0.112129106023616,-0.0393893055693244));
#2874=CARTESIAN_POINT('',(-0.0234669911579597,0.0592746190337685,0.005));
#2875=CARTESIAN_POINT('',(-0.0234669911579597,0.0592746190337685,0.));
#2876=CARTESIAN_POINT('',(-0.0206228019670569,0.0618097103233183,0.));
#2877=CARTESIAN_POINT('',(-0.0263111803488624,0.0567395277442186,0.));
#2878=CARTESIAN_POINT('',(-0.0263111803488624,0.0567395277442186,0.005));
#2879=CARTESIAN_POINT('',(-0.0263111803488624,0.0567395277442186,0.005));
#2880=CARTESIAN_POINT('',(-0.0234669911579597,0.0592746190337685,0.005));
#2881=CARTESIAN_POINT('',(-0.0206228019670569,0.0618097103233183,0.005));
#2882=CARTESIAN_POINT('',(-0.0206228019670569,0.0618097103233183,0.005));
#2883=CARTESIAN_POINT('',(-0.0156452014425944,0.0447730703465479,0.005));
#2884=CARTESIAN_POINT('',(-0.0156452014425944,0.0447730703465479,0.));
#2885=CARTESIAN_POINT('',(0.010616649435581,0.0153091718634011,0.));
#2886=CARTESIAN_POINT('',(0.010616649435581,0.0153091718634011,0.00125));
#2887=CARTESIAN_POINT('',(0.010616649435581,0.0153091718634011,0.00125));
#2888=CARTESIAN_POINT('',(0.00614516870025091,0.0203258500505656,0.00125));
#2889=CARTESIAN_POINT('',(-0.00497922253632638,0.0328066129488771,0.00125));
#2890=CARTESIAN_POINT('',(-0.00497922253632638,0.0328066129488771,0.005));
#2891=CARTESIAN_POINT('',(-0.00497922253632638,0.0328066129488771,0.005));
#2892=CARTESIAN_POINT('',(-0.0156452014425944,0.0447730703465479,0.005));
#2893=CARTESIAN_POINT('',(-0.0040311594726921,0.0336516433787271,0.005));
#2894=CARTESIAN_POINT('',(-0.0040311594726921,0.0336516433787271,0.00125));
#2895=CARTESIAN_POINT('',(-0.00290194375107715,0.0342328248082804,0.00125));
#2896=CARTESIAN_POINT('',(-0.00290194375107715,0.0342328248082804,0.005));
#2897=CARTESIAN_POINT('',(-0.00290194375107715,0.0342328248082804,0.005));
#2898=CARTESIAN_POINT('',(-0.0040311594726921,0.0336516433787271,0.005));
#2899=CARTESIAN_POINT('',(-0.00758830504771753,0.0433382651823849,0.005));
#2900=CARTESIAN_POINT('',(-0.00758830504771753,0.0433382651823849,0.00125));
#2901=CARTESIAN_POINT('',(-0.0122746663443579,0.0524437055564893,0.00125));
#2902=CARTESIAN_POINT('',(-0.0122746663443579,0.0524437055564893,0.005));
#2903=CARTESIAN_POINT('',(-0.0122746663443579,0.0524437055564893,0.005));
#2904=CARTESIAN_POINT('',(-0.00758830504771753,0.0433382651823849,0.005));
#2905=CARTESIAN_POINT('',(-0.0234669911579597,0.0592746190337685,0.005));
#2906=CARTESIAN_POINT('',(-0.0234669911579597,0.0592746190337685,0.005));
#2907=CARTESIAN_POINT('',(-0.0202919911579597,0.0592746190337685,0.005));
#2908=CARTESIAN_POINT('',(-0.0234669911579597,0.0592746190337685,0.));
#2909=CARTESIAN_POINT('',(-0.0202919911579597,0.0592746190337685,0.));
#2910=CARTESIAN_POINT('',(-0.0164487341557074,0.0571267079399038,0.005));
#2911=CARTESIAN_POINT('',(-0.0164487341557074,0.0571267079399038,0.));
#2912=CARTESIAN_POINT('',(0.0163050278173865,0.0203793544425009,0.));
#2913=CARTESIAN_POINT('',(-0.0164487341557074,0.0571267079399038,0.005));
#2914=CARTESIAN_POINT('',(0.0118335470820565,0.0253960326296654,0.00125));
#2915=CARTESIAN_POINT('',(0.0163050278173865,0.0203793544425009,0.00125));
#2916=CARTESIAN_POINT('',(0.0163050278173865,0.0203793544425009,0.00125));
#2917=CARTESIAN_POINT('',(-0.00500307626573796,0.0385594410933597,0.005));
#2918=CARTESIAN_POINT('',(-0.00500307626573796,0.0385594410933597,0.));
#2919=CARTESIAN_POINT('',(0.0134608386264837,0.017844263152951,0.));
#2920=CARTESIAN_POINT('',(0.0134608386264837,0.017844263152951,0.));
#2921=CARTESIAN_POINT('',(0.0166358386264837,0.017844263152951,0.));
#2922=CARTESIAN_POINT('',(0.0134608386264837,0.017844263152951,0.00125));
#2923=CARTESIAN_POINT('',(0.0134608386264837,0.017844263152951,0.00125));
#2924=CARTESIAN_POINT('',(0.0134608386264837,0.017844263152951,0.00125));
#2925=CARTESIAN_POINT('',(0.0134608386264837,0.017844263152951,0.00125));
#2926=CARTESIAN_POINT('',(0.0166358386264837,0.017844263152951,0.00125));
#2927=CARTESIAN_POINT('',(-0.00500307626573796,0.0385594410933597,0.00125));
#2928=CARTESIAN_POINT('',(0.0118139426583409,-0.112129106023616,-0.0393893055693244));
#2929=CARTESIAN_POINT('',(-0.00234303056288195,-0.00275101725327521,0.005));
#2930=CARTESIAN_POINT('',(-0.00234303056288195,-0.00275101725327521,0.));
#2931=CARTESIAN_POINT('',(-0.00893172275781917,-0.0146072752335456,0.));
#2932=CARTESIAN_POINT('',(0.0101305238747308,0.0196949667095092,0.));
#2933=CARTESIAN_POINT('',(-0.00893172275781917,-0.0146072752335456,0.005));
#2934=CARTESIAN_POINT('',(-0.00893172275781917,-0.0146072752335456,0.005));
#2935=CARTESIAN_POINT('',(-0.00234303056288195,-0.00275101725327521,0.005));
#2936=CARTESIAN_POINT('',(0.00424566163205528,0.00910524072699521,0.005));
#2937=CARTESIAN_POINT('',(0.00424566163205528,0.00910524072699521,0.005));
#2938=CARTESIAN_POINT('',(0.00424566163205528,0.00910524072699521,0.00125));
#2939=CARTESIAN_POINT('',(0.00718809275339298,0.0144001037182521,0.00125));
#2940=CARTESIAN_POINT('',(0.0101305238747308,0.0196949667095092,0.00125));
#2941=CARTESIAN_POINT('',(0.0101305238747308,0.0196949667095092,0.00125));
#2942=CARTESIAN_POINT('',(-0.00560140800606616,-0.0164579787901034,0.005));
#2943=CARTESIAN_POINT('',(-0.00560140800606616,-0.0164579787901034,0.));
#2944=CARTESIAN_POINT('',(-0.00227109325431345,-0.0183086823466621,0.));
#2945=CARTESIAN_POINT('',(-0.00227109325431345,-0.0183086823466621,0.005));
#2946=CARTESIAN_POINT('',(-0.00227109325431345,-0.0183086823466621,0.005));
#2947=CARTESIAN_POINT('',(-0.00560140800606616,-0.0164579787901034,0.005));
#2948=CARTESIAN_POINT('',(0.00431759894062377,-0.00645242436639168,0.005));
#2949=CARTESIAN_POINT('',(0.00431759894062377,-0.00645242436639168,0.));
#2950=CARTESIAN_POINT('',(0.0167911533782365,0.0159935595963928,0.));
#2951=CARTESIAN_POINT('',(0.0167911533782365,0.0159935595963928,0.00125));
#2952=CARTESIAN_POINT('',(0.0167911533782365,0.0159935595963928,0.00125));
#2953=CARTESIAN_POINT('',(0.0138487222568987,0.0106986966051356,0.00125));
#2954=CARTESIAN_POINT('',(0.010906291135561,0.00540383361387874,0.00125));
#2955=CARTESIAN_POINT('',(0.010906291135561,0.00540383361387874,0.005));
#2956=CARTESIAN_POINT('',(0.010906291135561,0.00540383361387874,0.005));
#2957=CARTESIAN_POINT('',(0.00431759894062377,-0.00645242436639168,0.005));
#2958=CARTESIAN_POINT('',(0.0134608386264837,0.017844263152951,0.005));
#2959=CARTESIAN_POINT('',(0.0134608386264837,0.017844263152951,0.00125));
#2960=CARTESIAN_POINT('',(0.0134608386264837,0.017844263152951,0.005));
#2961=CARTESIAN_POINT('',(-0.00560140800606616,-0.0164579787901034,0.005));
#2962=CARTESIAN_POINT('',(-0.00560140800606616,-0.0164579787901034,0.005));
#2963=CARTESIAN_POINT('',(-0.00242640800606616,-0.0164579787901034,0.005));
#2964=CARTESIAN_POINT('',(-0.00560140800606616,-0.0164579787901034,0.));
#2965=CARTESIAN_POINT('',(-0.00242640800606616,-0.0164579787901034,0.));
#2966=CARTESIAN_POINT('',(0.00392971531020877,0.000693142181423766,0.005));
#2967=CARTESIAN_POINT('',(0.00392971531020877,0.000693142181423766,0.));
#2968=CARTESIAN_POINT('',(0.0134608386264837,0.017844263152951,0.));
#2969=CARTESIAN_POINT('',(0.0134608386264837,0.017844263152951,0.));
#2970=CARTESIAN_POINT('',(0.0166358386264837,0.017844263152951,0.));
#2971=CARTESIAN_POINT('',(0.0134608386264837,0.017844263152951,0.00125));
#2972=CARTESIAN_POINT('',(0.0134608386264837,0.017844263152951,0.00125));
#2973=CARTESIAN_POINT('',(0.0134608386264837,0.017844263152951,0.00125));
#2974=CARTESIAN_POINT('',(0.0134608386264837,0.017844263152951,0.00125));
#2975=CARTESIAN_POINT('',(0.0166358386264837,0.017844263152951,0.00125));
#2976=CARTESIAN_POINT('',(0.00392971531020877,0.000693142181423766,0.00125));
#2977=CARTESIAN_POINT('',(0.00700252721191542,-0.10822433256056,-0.0343893055693245));
#2978=CARTESIAN_POINT('',(-0.0109961072541843,-0.0212232811983532,-0.003));
#2979=CARTESIAN_POINT('',(-0.0109961072541843,-0.0212232811983532,0.));
#2980=CARTESIAN_POINT('',(-0.0102437224360107,-0.0213439505208083,0.));
#2981=CARTESIAN_POINT('',(-0.0110229921018907,-0.0204617556209996,0.));
#2982=CARTESIAN_POINT('',(-0.0110229921018907,-0.0204617556209996,-0.003));
#2983=CARTESIAN_POINT('',(-0.0110229921018907,-0.0204617556209996,-0.003));
#2984=CARTESIAN_POINT('',(-0.0109961072541843,-0.0212232811983532,-0.003));
#2985=CARTESIAN_POINT('',(-0.0102437224360107,-0.0213439505208083,-0.003));
#2986=CARTESIAN_POINT('',(-0.0102437224360107,-0.0213439505208083,-0.003));
#2987=CARTESIAN_POINT('',(-0.0115715386605583,-0.0296230122437751,-0.003));
#2988=CARTESIAN_POINT('',(-0.0128993548851058,-0.037902073966742,-0.003));
#2989=CARTESIAN_POINT('',(-0.0128993548851058,-0.037902073966742,-0.003));
#2990=CARTESIAN_POINT('',(-0.0128993548851058,-0.037902073966742,0.01));
#2991=CARTESIAN_POINT('',(-0.0115715386605583,-0.0296230122437751,0.01));
#2992=CARTESIAN_POINT('',(-0.0102437224360107,-0.0213439505208083,0.01));
#2993=CARTESIAN_POINT('',(-0.0102437224360107,-0.0213439505208083,0.01));
#2994=CARTESIAN_POINT('',(-0.0102437224360107,-0.0213439505208083,0.007));
#2995=CARTESIAN_POINT('',(-0.0102437224360107,-0.0213439505208083,0.007));
#2996=CARTESIAN_POINT('',(-0.0115715386605583,-0.0296230122437751,-0.003));
#2997=CARTESIAN_POINT('',(-0.0136517397032795,-0.0377814046442869,-0.003));
#2998=CARTESIAN_POINT('',(-0.0141886587878692,-0.0383221096438969,-0.003));
#2999=CARTESIAN_POINT('',(-0.0141886587878692,-0.0383221096438969,-0.003));
#3000=CARTESIAN_POINT('',(-0.0141886587878692,-0.0383221096438969,0.01));
#3001=CARTESIAN_POINT('',(-0.0136517397032795,-0.0377814046442869,0.01));
#3002=CARTESIAN_POINT('',(-0.0136517397032795,-0.0377814046442869,-0.003));
#3003=CARTESIAN_POINT('',(-0.0221942676715547,-0.0303725545324945,-0.003));
#3004=CARTESIAN_POINT('',(-0.03019987655524,-0.022422999421092,-0.003));
#3005=CARTESIAN_POINT('',(-0.03019987655524,-0.022422999421092,-0.003));
#3006=CARTESIAN_POINT('',(-0.03019987655524,-0.022422999421092,0.));
#3007=CARTESIAN_POINT('',(-0.03019987655524,-0.022422999421092,0.007));
#3008=CARTESIAN_POINT('',(-0.03019987655524,-0.022422999421092,0.007));
#3009=CARTESIAN_POINT('',(-0.03019987655524,-0.022422999421092,0.01));
#3010=CARTESIAN_POINT('',(-0.03019987655524,-0.022422999421092,0.01));
#3011=CARTESIAN_POINT('',(-0.0221942676715547,-0.0303725545324945,0.01));
#3012=CARTESIAN_POINT('',(-0.0221942676715547,-0.0303725545324945,-0.003));
#3013=CARTESIAN_POINT('',(-0.0296629574706503,-0.0218822944214818,-0.003));
#3014=CARTESIAN_POINT('',(-0.0296629574706503,-0.0218822944214818,0.));
#3015=CARTESIAN_POINT('',(-0.0296898423183568,-0.0211207688441282,0.));
#3016=CARTESIAN_POINT('',(-0.0296629574706503,-0.0218822944214818,-0.003));
#3017=CARTESIAN_POINT('',(-0.0296898423183568,-0.0211207688441282,-0.003));
#3018=CARTESIAN_POINT('',(-0.0296898423183568,-0.0211207688441282,-0.003));
#3019=CARTESIAN_POINT('',(-0.0105488502267248,-0.047305756335224,-0.003));
#3020=CARTESIAN_POINT('',(-0.00636449949643136,-0.0479193488513882,-0.003));
#3021=CARTESIAN_POINT('',(-0.00636449949643136,-0.0479193488513882,-0.003));
#3022=CARTESIAN_POINT('',(-0.00636449949643136,-0.0479193488513882,0.01));
#3023=CARTESIAN_POINT('',(-0.0105488502267248,-0.047305756335224,0.01));
#3024=CARTESIAN_POINT('',(-0.013558534907684,-0.0502767973869766,0.01));
#3025=CARTESIAN_POINT('',(-0.013558534907684,-0.0502767973869766,-0.003));
#3026=CARTESIAN_POINT('',(-0.013558534907684,-0.0502767973869766,-0.003));
#3027=CARTESIAN_POINT('',(-0.0105488502267248,-0.047305756335224,-0.003));
#3028=CARTESIAN_POINT('',(-0.00271669280358393,-0.023043389322725,-0.003));
#3029=CARTESIAN_POINT('',(-0.00271669280358393,-0.023043389322725,0.));
#3030=CARTESIAN_POINT('',(-0.00359390169197015,-0.029025453243071,0.));
#3031=CARTESIAN_POINT('',(-0.00183948391519771,-0.0170613254023789,0.));
#3032=CARTESIAN_POINT('',(-0.00359390169197015,-0.029025453243071,0.007));
#3033=CARTESIAN_POINT('',(-0.00359390169197015,-0.029025453243071,0.007));
#3034=CARTESIAN_POINT('',(-0.00271669280358393,-0.023043389322725,0.007));
#3035=CARTESIAN_POINT('',(-0.00183948391519771,-0.0170613254023789,0.007));
#3036=CARTESIAN_POINT('',(-0.00183948391519771,-0.0170613254023789,0.01));
#3037=CARTESIAN_POINT('',(-0.00183948391519771,-0.0170613254023789,0.01));
#3038=CARTESIAN_POINT('',(-0.00271669280358393,-0.023043389322725,0.01));
#3039=CARTESIAN_POINT('',(-0.00271669280358393,-0.023043389322725,-0.003));
#3040=CARTESIAN_POINT('',(-0.00183948391519771,-0.0170613254023789,-0.003));
#3041=CARTESIAN_POINT('',(-0.00183948391519771,-0.0170613254023789,-0.003));
#3042=CARTESIAN_POINT('',(-0.00560140800606607,-0.0164579787901034,-0.003));
#3043=CARTESIAN_POINT('',(-0.00560140800606607,-0.0164579787901034,0.));
#3044=CARTESIAN_POINT('',(-0.00573583224459787,-0.0126503509033352,0.));
#3045=CARTESIAN_POINT('',(-0.00560140800606607,-0.0164579787901034,-0.003));
#3046=CARTESIAN_POINT('',(-0.00573583224459787,-0.0126503509033352,-0.003));
#3047=CARTESIAN_POINT('',(-0.00573583224459787,-0.0126503509033352,-0.003));
#3048=CARTESIAN_POINT('',(-0.0144299159193855,-0.0129572862479826,-0.003));
#3049=CARTESIAN_POINT('',(-0.0144299159193855,-0.0129572862479826,0.));
#3050=CARTESIAN_POINT('',(-0.0405121669437477,-0.0138780922819246,0.));
#3051=CARTESIAN_POINT('',(-0.0144299159193855,-0.0129572862479826,-0.003));
#3052=CARTESIAN_POINT('',(-0.0405121669437477,-0.0138780922819246,-0.003));
#3053=CARTESIAN_POINT('',(-0.0405121669437477,-0.0138780922819246,-0.003));
#3054=CARTESIAN_POINT('',(-0.040377742705216,-0.0176857201686929,-0.003));
#3055=CARTESIAN_POINT('',(-0.040377742705216,-0.0176857201686929,0.));
#3056=CARTESIAN_POINT('',(-0.0430623381281644,-0.0203892451667434,0.));
#3057=CARTESIAN_POINT('',(-0.040377742705216,-0.0176857201686929,-0.003));
#3058=CARTESIAN_POINT('',(-0.0430623381281644,-0.0203892451667434,-0.003));
#3059=CARTESIAN_POINT('',(-0.0430623381281644,-0.0203892451667434,-0.003));
#3060=CARTESIAN_POINT('',(-0.0370617989297333,-0.0264678319612138,-0.003));
#3061=CARTESIAN_POINT('',(-0.0370617989297333,-0.0264678319612138,0.));
#3062=CARTESIAN_POINT('',(-0.0310612597313022,-0.0325464187556843,0.));
#3063=CARTESIAN_POINT('',(-0.0370617989297333,-0.0264678319612138,-0.003));
#3064=CARTESIAN_POINT('',(-0.0370617989297333,-0.0264678319612138,0.01));
#3065=CARTESIAN_POINT('',(-0.0430623381281644,-0.0203892451667434,0.01));
#3066=CARTESIAN_POINT('',(-0.0430623381281644,-0.0203892451667434,0.01));
#3067=CARTESIAN_POINT('',(-0.0430623381281644,-0.0203892451667434,0.007));
#3068=CARTESIAN_POINT('',(-0.0370617989297333,-0.0264678319612138,0.007));
#3069=CARTESIAN_POINT('',(-0.0310612597313022,-0.0325464187556843,0.007));
#3070=CARTESIAN_POINT('',(-0.0310612597313022,-0.0325464187556843,0.007));
#3071=CARTESIAN_POINT('',(-0.0262724967177332,-0.0210001231051473,-0.003));
#3072=CARTESIAN_POINT('',(-0.0262724967177332,-0.0210001231051473,0.));
#3073=CARTESIAN_POINT('',(-0.0262724967177332,-0.0210001231051473,-0.003));
#3074=CARTESIAN_POINT('',(-0.022989575355641,-0.0320914175626637,-0.003));
#3075=CARTESIAN_POINT('',(-0.022989575355641,-0.0320914175626637,0.));
#3076=CARTESIAN_POINT('',(-0.0306305681432711,-0.0274847090883882,0.));
#3077=CARTESIAN_POINT('',(-0.00691881206399041,-0.0251847018819397,0.));
#3078=CARTESIAN_POINT('',(-0.040377742705216,-0.0176857201686929,0.));
#3079=CARTESIAN_POINT('',(-0.037837742705216,-0.0176857201686929,0.));
#3080=CARTESIAN_POINT('',(-0.022989575355641,-0.0170718494793981,0.));
#3081=CARTESIAN_POINT('',(-0.020449575355641,-0.0170718494793981,0.));
#3082=CARTESIAN_POINT('',(-0.00560140800606616,-0.0164579787901034,0.));
#3083=CARTESIAN_POINT('',(-0.00306140800606616,-0.0164579787901034,0.));
#3084=CARTESIAN_POINT('',(-0.022989575355641,-0.0320914175626637,0.007));
#3085=CARTESIAN_POINT('',(-0.00560140800606616,-0.0164579787901034,0.007));
#3086=CARTESIAN_POINT('',(-0.00306140800606616,-0.0164579787901034,0.007));
#3087=CARTESIAN_POINT('',(-0.022989575355641,-0.0170718494793981,0.007));
#3088=CARTESIAN_POINT('',(-0.020449575355641,-0.0170718494793981,0.007));
#3089=CARTESIAN_POINT('',(-0.040377742705216,-0.0176857201686929,0.007));
#3090=CARTESIAN_POINT('',(-0.037837742705216,-0.0176857201686929,0.007));
#3091=CARTESIAN_POINT('',(-0.00691881206399041,-0.0251847018819397,0.007));
#3092=CARTESIAN_POINT('',(-0.0109961072541843,-0.0212232811983532,0.007));
#3093=CARTESIAN_POINT('',(-0.0110229921018907,-0.0204617556209996,0.007));
#3094=CARTESIAN_POINT('',(-0.0262724967177332,-0.0210001231051473,0.007));
#3095=CARTESIAN_POINT('',(-0.0296898423183568,-0.0211207688441282,0.007));
#3096=CARTESIAN_POINT('',(-0.0296629574706503,-0.0218822944214818,0.007));
#3097=CARTESIAN_POINT('',(-0.0306305681432711,-0.0274847090883882,0.007));
#3098=CARTESIAN_POINT('',(-0.040377742705216,-0.0176857201686929,0.007));
#3099=CARTESIAN_POINT('',(-0.0405121669437477,-0.0138780922819246,0.007));
#3100=CARTESIAN_POINT('',(-0.0144299159193855,-0.0129572862479826,0.007));
#3101=CARTESIAN_POINT('',(-0.00573583224459787,-0.0126503509033352,0.007));
#3102=CARTESIAN_POINT('',(-0.00560140800606607,-0.0164579787901034,0.007));
#3103=CARTESIAN_POINT('',(-0.0109961072541843,-0.0212232811983532,0.01));
#3104=CARTESIAN_POINT('',(-0.0109961072541843,-0.0212232811983532,0.01));
#3105=CARTESIAN_POINT('',(-0.0110229921018907,-0.0204617556209996,0.01));
#3106=CARTESIAN_POINT('',(-0.0110229921018907,-0.0204617556209996,0.01));
#3107=CARTESIAN_POINT('',(-0.0296629574706503,-0.0218822944214818,0.01));
#3108=CARTESIAN_POINT('',(-0.0296898423183568,-0.0211207688441282,0.01));
#3109=CARTESIAN_POINT('',(-0.0296898423183568,-0.0211207688441282,0.01));
#3110=CARTESIAN_POINT('',(-0.0296629574706503,-0.0218822944214818,0.01));
#3111=CARTESIAN_POINT('',(-0.00560140800606607,-0.0164579787901034,0.01));
#3112=CARTESIAN_POINT('',(-0.00573583224459787,-0.0126503509033352,0.01));
#3113=CARTESIAN_POINT('',(-0.00573583224459787,-0.0126503509033352,0.01));
#3114=CARTESIAN_POINT('',(-0.00560140800606607,-0.0164579787901034,0.01));
#3115=CARTESIAN_POINT('',(-0.0144299159193855,-0.0129572862479826,0.01));
#3116=CARTESIAN_POINT('',(-0.0405121669437477,-0.0138780922819246,0.01));
#3117=CARTESIAN_POINT('',(-0.0405121669437477,-0.0138780922819246,0.01));
#3118=CARTESIAN_POINT('',(-0.0144299159193855,-0.0129572862479826,0.01));
#3119=CARTESIAN_POINT('',(-0.040377742705216,-0.0176857201686929,0.01));
#3120=CARTESIAN_POINT('',(-0.040377742705216,-0.0176857201686929,0.01));
#3121=CARTESIAN_POINT('',(-0.0262724967177332,-0.0210001231051473,0.01));
#3122=CARTESIAN_POINT('',(-0.0262724967177332,-0.0210001231051473,0.01));
#3123=CARTESIAN_POINT('',(-0.022989575355641,-0.0320914175626637,0.01));
#3124=CARTESIAN_POINT('',(-0.00691881206399041,-0.0251847018819397,0.007));
#3125=CARTESIAN_POINT('',(-0.0306305681432711,-0.0274847090883882,0.007));
#3126=CARTESIAN_POINT('',(-0.040377742705216,-0.0176857201686929,0.007));
#3127=CARTESIAN_POINT('',(-0.022989575355641,-0.0170718494793981,0.007));
#3128=CARTESIAN_POINT('',(-0.00560140800606616,-0.0164579787901034,0.007));
#3129=CARTESIAN_POINT('',(0.0118139426583406,-0.112129106023616,-0.0403893055693244));
#3130=CARTESIAN_POINT('',(-0.0291267113816832,0.00741546645452667,0.005));
#3131=CARTESIAN_POINT('',(-0.0291267113816832,0.00741546645452667,0.));
#3132=CARTESIAN_POINT('',(-0.0387774237038627,0.0304293911942258,0.));
#3133=CARTESIAN_POINT('',(-0.0194759990595038,-0.0155984582851723,0.));
#3134=CARTESIAN_POINT('',(-0.0387774237038627,0.0304293911942258,0.005));
#3135=CARTESIAN_POINT('',(-0.0387774237038627,0.0304293911942258,0.005));
#3136=CARTESIAN_POINT('',(-0.0291267113816832,0.00741546645452667,0.005));
#3137=CARTESIAN_POINT('',(-0.0194759990595038,-0.0155984582851723,0.005));
#3138=CARTESIAN_POINT('',(-0.0194759990595038,-0.0155984582851723,0.005));
#3139=CARTESIAN_POINT('',(-0.042291,0.028956,0.005));
#3140=CARTESIAN_POINT('',(-0.042291,0.028956,0.));
#3141=CARTESIAN_POINT('',(-0.0458045762961372,0.0274826088057741,0.));
#3142=CARTESIAN_POINT('',(-0.0458045762961372,0.0274826088057741,0.005));
#3143=CARTESIAN_POINT('',(-0.0458045762961372,0.0274826088057741,0.005));
#3144=CARTESIAN_POINT('',(-0.042291,0.028956,0.005));
#3145=CARTESIAN_POINT('',(-0.0361538639739577,0.00446868406607494,0.005));
#3146=CARTESIAN_POINT('',(-0.0361538639739577,0.00446868406607494,0.));
#3147=CARTESIAN_POINT('',(-0.0265031516517783,-0.018545240673624,0.));
#3148=CARTESIAN_POINT('',(-0.0265031516517783,-0.018545240673624,0.005));
#3149=CARTESIAN_POINT('',(-0.0265031516517783,-0.018545240673624,0.005));
#3150=CARTESIAN_POINT('',(-0.0361538639739577,0.00446868406607494,0.005));
#3151=CARTESIAN_POINT('',(-0.022989575355641,-0.0170718494793981,0.005));
#3152=CARTESIAN_POINT('',(-0.022989575355641,-0.0170718494793981,0.005));
#3153=CARTESIAN_POINT('',(-0.019814575355641,-0.0170718494793981,0.005));
#3154=CARTESIAN_POINT('',(-0.022989575355641,-0.0170718494793981,0.));
#3155=CARTESIAN_POINT('',(-0.019814575355641,-0.0170718494793981,0.));
#3156=CARTESIAN_POINT('',(-0.022989575355641,-0.0170718494793981,0.005));
#3157=CARTESIAN_POINT('',(-0.022989575355641,-0.0170718494793981,0.));
#3158=CARTESIAN_POINT('',(-0.022989575355641,-0.0170718494793981,0.005));
#3159=CARTESIAN_POINT('',(-0.042291,0.028956,0.005));
#3160=CARTESIAN_POINT('',(-0.042291,0.028956,0.005));
#3161=CARTESIAN_POINT('',(-0.039116,0.028956,0.005));
#3162=CARTESIAN_POINT('',(-0.042291,0.028956,0.));
#3163=CARTESIAN_POINT('',(-0.039116,0.028956,0.));
#3164=CARTESIAN_POINT('',(-0.0326402876778205,0.00594207526030093,0.005));
#3165=CARTESIAN_POINT('',(-0.0326402876778205,0.00594207526030093,0.));
#3166=CARTESIAN_POINT('',(0.0129003146846658,-0.114101108719537,-0.0393893055693244));
#3167=MECHANICAL_DESIGN_GEOMETRIC_PRESENTATION_REPRESENTATION('',(#1833,
#1834,#1835,#1836,#1837,#1838),#3168);
#3168=(
GEOMETRIC_REPRESENTATION_CONTEXT(3)
GLOBAL_UNCERTAINTY_ASSIGNED_CONTEXT((#3175))
GLOBAL_UNIT_ASSIGNED_CONTEXT((#3184,#3183,#3182))
REPRESENTATION_CONTEXT('Left Leg','TOP_LEVEL_ASSEMBLY_PART')
);
#3169=(
GEOMETRIC_REPRESENTATION_CONTEXT(3)
GLOBAL_UNCERTAINTY_ASSIGNED_CONTEXT((#3176))
GLOBAL_UNIT_ASSIGNED_CONTEXT((#3184,#3183,#3182))
REPRESENTATION_CONTEXT('Part 1','COMPONENT_PART')
);
#3170=(
GEOMETRIC_REPRESENTATION_CONTEXT(3)
GLOBAL_UNCERTAINTY_ASSIGNED_CONTEXT((#3177))
GLOBAL_UNIT_ASSIGNED_CONTEXT((#3184,#3183,#3182))
REPRESENTATION_CONTEXT('Part 1','COMPONENT_PART')
);
#3171=(
GEOMETRIC_REPRESENTATION_CONTEXT(3)
GLOBAL_UNCERTAINTY_ASSIGNED_CONTEXT((#3178))
GLOBAL_UNIT_ASSIGNED_CONTEXT((#3184,#3183,#3182))
REPRESENTATION_CONTEXT('Part 1','COMPONENT_PART')
);
#3172=(
GEOMETRIC_REPRESENTATION_CONTEXT(3)
GLOBAL_UNCERTAINTY_ASSIGNED_CONTEXT((#3179))
GLOBAL_UNIT_ASSIGNED_CONTEXT((#3184,#3183,#3182))
REPRESENTATION_CONTEXT('Part 1','COMPONENT_PART')
);
#3173=(
GEOMETRIC_REPRESENTATION_CONTEXT(3)
GLOBAL_UNCERTAINTY_ASSIGNED_CONTEXT((#3180))
GLOBAL_UNIT_ASSIGNED_CONTEXT((#3184,#3183,#3182))
REPRESENTATION_CONTEXT('Part 1','COMPONENT_PART')
);
#3174=(
GEOMETRIC_REPRESENTATION_CONTEXT(3)
GLOBAL_UNCERTAINTY_ASSIGNED_CONTEXT((#3181))
GLOBAL_UNIT_ASSIGNED_CONTEXT((#3184,#3183,#3182))
REPRESENTATION_CONTEXT('Part 1','COMPONENT_PART')
);
#3175=UNCERTAINTY_MEASURE_WITH_UNIT(LENGTH_MEASURE(1.E-8),#3184,
'DISTANCE_ACCURACY_VALUE','Maximum Tolerance applied to model');
#3176=UNCERTAINTY_MEASURE_WITH_UNIT(LENGTH_MEASURE(1.E-8),#3184,
'DISTANCE_ACCURACY_VALUE','Maximum Tolerance applied to model');
#3177=UNCERTAINTY_MEASURE_WITH_UNIT(LENGTH_MEASURE(1.E-8),#3184,
'DISTANCE_ACCURACY_VALUE','Maximum Tolerance applied to model');
#3178=UNCERTAINTY_MEASURE_WITH_UNIT(LENGTH_MEASURE(1.E-8),#3184,
'DISTANCE_ACCURACY_VALUE','Maximum Tolerance applied to model');
#3179=UNCERTAINTY_MEASURE_WITH_UNIT(LENGTH_MEASURE(1.E-8),#3184,
'DISTANCE_ACCURACY_VALUE','Maximum Tolerance applied to model');
#3180=UNCERTAINTY_MEASURE_WITH_UNIT(LENGTH_MEASURE(1.E-8),#3184,
'DISTANCE_ACCURACY_VALUE','Maximum Tolerance applied to model');
#3181=UNCERTAINTY_MEASURE_WITH_UNIT(LENGTH_MEASURE(1.E-8),#3184,
'DISTANCE_ACCURACY_VALUE','Maximum Tolerance applied to model');
#3182=(
NAMED_UNIT(*)
SI_UNIT($,.STERADIAN.)
SOLID_ANGLE_UNIT()
);
#3183=(
NAMED_UNIT(*)
PLANE_ANGLE_UNIT()
SI_UNIT($,.RADIAN.)
);
#3184=(
LENGTH_UNIT()
NAMED_UNIT(*)
SI_UNIT($,.METRE.)
);
#3185=PRODUCT_DEFINITION_SHAPE('','',#3198);
#3186=PRODUCT_DEFINITION_SHAPE('','',#3199);
#3187=PRODUCT_DEFINITION_SHAPE(' ','NAUO PRDDFN',#16);
#3188=PRODUCT_DEFINITION_SHAPE('','',#3200);
#3189=PRODUCT_DEFINITION_SHAPE(' ','NAUO PRDDFN',#17);
#3190=PRODUCT_DEFINITION_SHAPE('','',#3201);
#3191=PRODUCT_DEFINITION_SHAPE(' ','NAUO PRDDFN',#18);
#3192=PRODUCT_DEFINITION_SHAPE('','',#3202);
#3193=PRODUCT_DEFINITION_SHAPE(' ','NAUO PRDDFN',#19);
#3194=PRODUCT_DEFINITION_SHAPE('','',#3203);
#3195=PRODUCT_DEFINITION_SHAPE(' ','NAUO PRDDFN',#20);
#3196=PRODUCT_DEFINITION_SHAPE('','',#3204);
#3197=PRODUCT_DEFINITION_SHAPE(' ','NAUO PRDDFN',#21);
#3198=PRODUCT_DEFINITION('','',#3212,#3205);
#3199=PRODUCT_DEFINITION('','',#3213,#3206);
#3200=PRODUCT_DEFINITION('','',#3214,#3207);
#3201=PRODUCT_DEFINITION('','',#3215,#3208);
#3202=PRODUCT_DEFINITION('','',#3216,#3209);
#3203=PRODUCT_DEFINITION('','',#3217,#3210);
#3204=PRODUCT_DEFINITION('','',#3218,#3211);
#3205=PRODUCT_DEFINITION_CONTEXT('',#3248,'design');
#3206=PRODUCT_DEFINITION_CONTEXT('',#3248,'design');
#3207=PRODUCT_DEFINITION_CONTEXT('',#3248,'design');
#3208=PRODUCT_DEFINITION_CONTEXT('',#3248,'design');
#3209=PRODUCT_DEFINITION_CONTEXT('',#3248,'design');
#3210=PRODUCT_DEFINITION_CONTEXT('',#3248,'design');
#3211=PRODUCT_DEFINITION_CONTEXT('',#3248,'design');
#3212=PRODUCT_DEFINITION_FORMATION_WITH_SPECIFIED_SOURCE('','',#3226,
 .NOT_KNOWN.);
#3213=PRODUCT_DEFINITION_FORMATION_WITH_SPECIFIED_SOURCE('','',#3227,
 .NOT_KNOWN.);
#3214=PRODUCT_DEFINITION_FORMATION_WITH_SPECIFIED_SOURCE('','',#3228,
 .NOT_KNOWN.);
#3215=PRODUCT_DEFINITION_FORMATION_WITH_SPECIFIED_SOURCE('','',#3229,
 .NOT_KNOWN.);
#3216=PRODUCT_DEFINITION_FORMATION_WITH_SPECIFIED_SOURCE('','',#3230,
 .NOT_KNOWN.);
#3217=PRODUCT_DEFINITION_FORMATION_WITH_SPECIFIED_SOURCE('','',#3231,
 .NOT_KNOWN.);
#3218=PRODUCT_DEFINITION_FORMATION_WITH_SPECIFIED_SOURCE('','',#3232,
 .NOT_KNOWN.);
#3219=PRODUCT_RELATED_PRODUCT_CATEGORY('','',(#3226));
#3220=PRODUCT_RELATED_PRODUCT_CATEGORY('','',(#3227));
#3221=PRODUCT_RELATED_PRODUCT_CATEGORY('','',(#3228));
#3222=PRODUCT_RELATED_PRODUCT_CATEGORY('','',(#3229));
#3223=PRODUCT_RELATED_PRODUCT_CATEGORY('','',(#3230));
#3224=PRODUCT_RELATED_PRODUCT_CATEGORY('','',(#3231));
#3225=PRODUCT_RELATED_PRODUCT_CATEGORY('','',(#3232));
#3226=PRODUCT('Left Leg','Left Leg','Left Leg',(#3240));
#3227=PRODUCT('Part 1','Part 1','Part 1',(#3241));
#3228=PRODUCT('Part 1','Part 1','Part 1',(#3242));
#3229=PRODUCT('Part 1','Part 1','Part 1',(#3243));
#3230=PRODUCT('Part 1','Part 1','Part 1',(#3244));
#3231=PRODUCT('Part 1','Part 1','Part 1',(#3245));
#3232=PRODUCT('Part 1','Part 1','Part 1',(#3246));
#3233=PRODUCT_CATEGORY('','');
#3234=PRODUCT_CATEGORY('','');
#3235=PRODUCT_CATEGORY('','');
#3236=PRODUCT_CATEGORY('','');
#3237=PRODUCT_CATEGORY('','');
#3238=PRODUCT_CATEGORY('','');
#3239=PRODUCT_CATEGORY('','');
#3240=PRODUCT_CONTEXT('',#3248,'mechanical');
#3241=PRODUCT_CONTEXT('',#3248,'mechanical');
#3242=PRODUCT_CONTEXT('',#3248,'mechanical');
#3243=PRODUCT_CONTEXT('',#3248,'mechanical');
#3244=PRODUCT_CONTEXT('',#3248,'mechanical');
#3245=PRODUCT_CONTEXT('',#3248,'mechanical');
#3246=PRODUCT_CONTEXT('',#3248,'mechanical');
#3247=APPLICATION_PROTOCOL_DEFINITION('international standard',
'ap242_managed_model_based_3d_engineering',2020,#3248);
#3248=APPLICATION_CONTEXT('managed model based 3d engineering');
ENDSEC;
END-ISO-10303-21;
