ISO-10303-21;
HEADER;
/* Generated by software containing ST-Developer
 * from STEP Tools, Inc. (www.steptools.com) 
 */
/* OPTION: using custom renumber hook */

FILE_DESCRIPTION(
/* description */ ('STEP AP242 Edition 2',
'CAx-IF Rec.Pracs.---Representation and Presentation of Product Manufa
cturing Information (PMI)---4.0---2014-10-13',
'CAx-IF Rec.Pracs.---3D Tessellated Geometry---0.4---2014-09-14','2;1',
'CAx-IF Rec.Pracs.---User Defined Attributes---1.5---2016-08-15'),
/* implementation_level */ '2;1');

FILE_NAME(
/* name */ '6abda5e9625352acf6b02dbd',
/* time_stamp */ '2026-10-01T00:14:33Z',
/* author */ (''),
/* organization */ (''),
/* preprocessor_version */ 'ST-DEVELOPER v20',
/* originating_system */ 'ONSHAPE BY PTC INC, 1.221',
/* authorisation */ '  ');

FILE_SCHEMA (('AP242_MANAGED_MODEL_BASED_3D_ENGINEERING_MIM_LF { 1 0 10303 442 3 1 4 }'));
ENDSEC;

DATA;
#10=LINE('',#5404,#315);
#11=LINE('',#5407,#316);
#12=LINE('',#5409,#317);
#13=LINE('',#5411,#318);
#14=LINE('',#5413,#319);
#15=LINE('',#5415,#320);
#16=LINE('',#5420,#321);
#17=LINE('',#5423,#322);
#18=LINE('',#5425,#323);
#19=LINE('',#5427,#324);
#20=LINE('',#5429,#325);
#21=LINE('',#5431,#326);
#22=LINE('',#5433,#327);
#23=LINE('',#5435,#328);
#24=LINE('',#5437,#329);
#25=LINE('',#5439,#330);
#26=LINE('',#5441,#331);
#27=LINE('',#5443,#332);
#28=LINE('',#5445,#333);
#29=LINE('',#5447,#334);
#30=LINE('',#5449,#335);
#31=LINE('',#5451,#336);
#32=LINE('',#5453,#337);
#33=LINE('',#5455,#338);
#34=LINE('',#5458,#339);
#35=LINE('',#5460,#340);
#36=LINE('',#5462,#341);
#37=LINE('',#5464,#342);
#38=LINE('',#5466,#343);
#39=LINE('',#5468,#344);
#40=LINE('',#5470,#345);
#41=LINE('',#5472,#346);
#42=LINE('',#5474,#347);
#43=LINE('',#5476,#348);
#44=LINE('',#5478,#349);
#45=LINE('',#5480,#350);
#46=LINE('',#5484,#351);
#47=LINE('',#5487,#352);
#48=LINE('',#5489,#353);
#49=LINE('',#5491,#354);
#50=LINE('',#5495,#355);
#51=LINE('',#5499,#356);
#52=LINE('',#5501,#357);
#53=LINE('',#5503,#358);
#54=LINE('',#5521,#359);
#55=LINE('',#5524,#360);
#56=LINE('',#5526,#361);
#57=LINE('',#5528,#362);
#58=LINE('',#5530,#363);
#59=LINE('',#5532,#364);
#60=LINE('',#5534,#365);
#61=LINE('',#5536,#366);
#62=LINE('',#5538,#367);
#63=LINE('',#5540,#368);
#64=LINE('',#5542,#369);
#65=LINE('',#5544,#370);
#66=LINE('',#5546,#371);
#67=LINE('',#5548,#372);
#68=LINE('',#5550,#373);
#69=LINE('',#5552,#374);
#70=LINE('',#5554,#375);
#71=LINE('',#5556,#376);
#72=LINE('',#5570,#377);
#73=LINE('',#5574,#378);
#74=LINE('',#5576,#379);
#75=LINE('',#5578,#380);
#76=LINE('',#5580,#381);
#77=LINE('',#5584,#382);
#78=LINE('',#5588,#383);
#79=LINE('',#5590,#384);
#80=LINE('',#5592,#385);
#81=LINE('',#5596,#386);
#82=LINE('',#5600,#387);
#83=LINE('',#5602,#388);
#84=LINE('',#5604,#389);
#85=LINE('',#5608,#390);
#86=LINE('',#5612,#391);
#87=LINE('',#5614,#392);
#88=LINE('',#5616,#393);
#89=LINE('',#5620,#394);
#90=LINE('',#5627,#395);
#91=LINE('',#5631,#396);
#92=LINE('',#5633,#397);
#93=LINE('',#5635,#398);
#94=LINE('',#5637,#399);
#95=LINE('',#5641,#400);
#96=LINE('',#5645,#401);
#97=LINE('',#5647,#402);
#98=LINE('',#5649,#403);
#99=LINE('',#5653,#404);
#100=LINE('',#5657,#405);
#101=LINE('',#5659,#406);
#102=LINE('',#5661,#407);
#103=LINE('',#5665,#408);
#104=LINE('',#5669,#409);
#105=LINE('',#5671,#410);
#106=LINE('',#5673,#411);
#107=LINE('',#5677,#412);
#108=LINE('',#5681,#413);
#109=LINE('',#5684,#414);
#110=LINE('',#5686,#415);
#111=LINE('',#5688,#416);
#112=LINE('',#5690,#417);
#113=LINE('',#5692,#418);
#114=LINE('',#5694,#419);
#115=LINE('',#5696,#420);
#116=LINE('',#5698,#421);
#117=LINE('',#5700,#422);
#118=LINE('',#5702,#423);
#119=LINE('',#5705,#424);
#120=LINE('',#5707,#425);
#121=LINE('',#5709,#426);
#122=LINE('',#5711,#427);
#123=LINE('',#5713,#428);
#124=LINE('',#5715,#429);
#125=LINE('',#5717,#430);
#126=LINE('',#5719,#431);
#127=LINE('',#5721,#432);
#128=LINE('',#5723,#433);
#129=LINE('',#5724,#434);
#130=LINE('',#5726,#435);
#131=LINE('',#5727,#436);
#132=LINE('',#5729,#437);
#133=LINE('',#5730,#438);
#134=LINE('',#5732,#439);
#135=LINE('',#5733,#440);
#136=LINE('',#5765,#441);
#137=LINE('',#5769,#442);
#138=LINE('',#5771,#443);
#139=LINE('',#5774,#444);
#140=LINE('',#5776,#445);
#141=LINE('',#5778,#446);
#142=LINE('',#5779,#447);
#143=LINE('',#5781,#448);
#144=LINE('',#5787,#449);
#145=LINE('',#5790,#450);
#146=LINE('',#5792,#451);
#147=LINE('',#5794,#452);
#148=LINE('',#5795,#453);
#149=LINE('',#5801,#454);
#150=LINE('',#5803,#455);
#151=LINE('',#5808,#456);
#152=LINE('',#5812,#457);
#153=LINE('',#5815,#458);
#154=LINE('',#5817,#459);
#155=LINE('',#5819,#460);
#156=LINE('',#5821,#461);
#157=LINE('',#5822,#462);
#158=LINE('',#5824,#463);
#159=LINE('',#5830,#464);
#160=LINE('',#5832,#465);
#161=LINE('',#5834,#466);
#162=LINE('',#5836,#467);
#163=LINE('',#5842,#468);
#164=LINE('',#5844,#469);
#165=LINE('',#5846,#470);
#166=LINE('',#5847,#471);
#167=LINE('',#5849,#472);
#168=LINE('',#5851,#473);
#169=LINE('',#5853,#474);
#170=LINE('',#5855,#475);
#171=LINE('',#5856,#476);
#172=LINE('',#5859,#477);
#173=LINE('',#5860,#478);
#174=LINE('',#5874,#479);
#175=LINE('',#5877,#480);
#176=LINE('',#5880,#481);
#177=LINE('',#5883,#482);
#178=LINE('',#5889,#483);
#179=LINE('',#5891,#484);
#180=LINE('',#5895,#485);
#181=LINE('',#5899,#486);
#182=LINE('',#5901,#487);
#183=LINE('',#5905,#488);
#184=LINE('',#5914,#489);
#185=LINE('',#5917,#490);
#186=LINE('',#5919,#491);
#187=LINE('',#5921,#492);
#188=LINE('',#5925,#493);
#189=LINE('',#5929,#494);
#190=LINE('',#5931,#495);
#191=LINE('',#5933,#496);
#192=LINE('',#5951,#497);
#193=LINE('',#5954,#498);
#194=LINE('',#5956,#499);
#195=LINE('',#5958,#500);
#196=LINE('',#5962,#501);
#197=LINE('',#5966,#502);
#198=LINE('',#5968,#503);
#199=LINE('',#5970,#504);
#200=LINE('',#5988,#505);
#201=LINE('',#5993,#506);
#202=LINE('',#5997,#507);
#203=LINE('',#5999,#508);
#204=LINE('',#6001,#509);
#205=LINE('',#6003,#510);
#206=LINE('',#6005,#511);
#207=LINE('',#6007,#512);
#208=LINE('',#6009,#513);
#209=LINE('',#6013,#514);
#210=LINE('',#6017,#515);
#211=LINE('',#6018,#516);
#212=LINE('',#6020,#517);
#213=LINE('',#6022,#518);
#214=LINE('',#6024,#519);
#215=LINE('',#6026,#520);
#216=LINE('',#6051,#521);
#217=LINE('',#6056,#522);
#218=LINE('',#6060,#523);
#219=LINE('',#6062,#524);
#220=LINE('',#6064,#525);
#221=LINE('',#6066,#526);
#222=LINE('',#6068,#527);
#223=LINE('',#6070,#528);
#224=LINE('',#6072,#529);
#225=LINE('',#6076,#530);
#226=LINE('',#6080,#531);
#227=LINE('',#6083,#532);
#228=LINE('',#6084,#533);
#229=LINE('',#6086,#534);
#230=LINE('',#6087,#535);
#231=LINE('',#6089,#536);
#232=LINE('',#6110,#537);
#233=LINE('',#6113,#538);
#234=LINE('',#6115,#539);
#235=LINE('',#6117,#540);
#236=LINE('',#6122,#541);
#237=LINE('',#6126,#542);
#238=LINE('',#6131,#543);
#239=LINE('',#6133,#544);
#240=LINE('',#6135,#545);
#241=LINE('',#6137,#546);
#242=LINE('',#6143,#547);
#243=LINE('',#6145,#548);
#244=LINE('',#6147,#549);
#245=LINE('',#6149,#550);
#246=LINE('',#6151,#551);
#247=LINE('',#6154,#552);
#248=LINE('',#6156,#553);
#249=LINE('',#6158,#554);
#250=LINE('',#6160,#555);
#251=LINE('',#6162,#556);
#252=LINE('',#6164,#557);
#253=LINE('',#6166,#558);
#254=LINE('',#6168,#559);
#255=LINE('',#6170,#560);
#256=LINE('',#6172,#561);
#257=LINE('',#6174,#562);
#258=LINE('',#6180,#563);
#259=LINE('',#6182,#564);
#260=LINE('',#6184,#565);
#261=LINE('',#6186,#566);
#262=LINE('',#6192,#567);
#263=LINE('',#6194,#568);
#264=LINE('',#6196,#569);
#265=LINE('',#6198,#570);
#266=LINE('',#6202,#571);
#267=LINE('',#6206,#572);
#268=LINE('',#6220,#573);
#269=LINE('',#6225,#574);
#270=LINE('',#6237,#575);
#271=LINE('',#6240,#576);
#272=LINE('',#6244,#577);
#273=LINE('',#6247,#578);
#274=LINE('',#6250,#579);
#275=LINE('',#6254,#580);
#276=LINE('',#6258,#581);
#277=LINE('',#6260,#582);
#278=LINE('',#6262,#583);
#279=LINE('',#6266,#584);
#280=LINE('',#6268,#585);
#281=LINE('',#6272,#586);
#282=LINE('',#6274,#587);
#283=LINE('',#6276,#588);
#284=LINE('',#6280,#589);
#285=LINE('',#6282,#590);
#286=LINE('',#6290,#591);
#287=LINE('',#6292,#592);
#288=LINE('',#6305,#593);
#289=LINE('',#6309,#594);
#290=LINE('',#6311,#595);
#291=LINE('',#6313,#596);
#292=LINE('',#6315,#597);
#293=LINE('',#6317,#598);
#294=LINE('',#6319,#599);
#295=LINE('',#6323,#600);
#296=LINE('',#6327,#601);
#297=LINE('',#6329,#602);
#298=LINE('',#6331,#603);
#299=LINE('',#6338,#604);
#300=LINE('',#6340,#605);
#301=LINE('',#6341,#606);
#302=LINE('',#6343,#607);
#303=LINE('',#6358,#608);
#304=LINE('',#6361,#609);
#305=LINE('',#6363,#610);
#306=LINE('',#6365,#611);
#307=LINE('',#6367,#612);
#308=LINE('',#6369,#613);
#309=LINE('',#6373,#614);
#310=LINE('',#6377,#615);
#311=LINE('',#6379,#616);
#312=LINE('',#6381,#617);
#313=LINE('',#6383,#618);
#314=LINE('',#6385,#619);
#315=VECTOR('',#4312,1.);
#316=VECTOR('',#4313,1.);
#317=VECTOR('',#4314,1.);
#318=VECTOR('',#4315,1.);
#319=VECTOR('',#4316,1.);
#320=VECTOR('',#4317,1.);
#321=VECTOR('',#4324,1.);
#322=VECTOR('',#4325,1.);
#323=VECTOR('',#4326,1.);
#324=VECTOR('',#4327,1.);
#325=VECTOR('',#4328,1.);
#326=VECTOR('',#4329,1.);
#327=VECTOR('',#4332,1.);
#328=VECTOR('',#4333,1.);
#329=VECTOR('',#4334,1.);
#330=VECTOR('',#4337,1.);
#331=VECTOR('',#4338,1.);
#332=VECTOR('',#4341,1.);
#333=VECTOR('',#4342,1.);
#334=VECTOR('',#4345,1.);
#335=VECTOR('',#4346,1.);
#336=VECTOR('',#4349,1.);
#337=VECTOR('',#4350,1.);
#338=VECTOR('',#4353,1.);
#339=VECTOR('',#4358,1.);
#340=VECTOR('',#4359,1.);
#341=VECTOR('',#4360,1.);
#342=VECTOR('',#4363,1.);
#343=VECTOR('',#4364,1.);
#344=VECTOR('',#4367,1.);
#345=VECTOR('',#4368,1.);
#346=VECTOR('',#4371,1.);
#347=VECTOR('',#4372,1.);
#348=VECTOR('',#4375,1.);
#349=VECTOR('',#4376,1.);
#350=VECTOR('',#4379,1.);
#351=VECTOR('',#4386,1.);
#352=VECTOR('',#4387,1.);
#353=VECTOR('',#4388,1.);
#354=VECTOR('',#4389,1.);
#355=VECTOR('',#4394,1.);
#356=VECTOR('',#4399,1.);
#357=VECTOR('',#4400,1.);
#358=VECTOR('',#4401,1.);
#359=VECTOR('',#4428,1.);
#360=VECTOR('',#4429,1.);
#361=VECTOR('',#4430,1.);
#362=VECTOR('',#4431,1.);
#363=VECTOR('',#4432,1.);
#364=VECTOR('',#4433,1.);
#365=VECTOR('',#4436,1.);
#366=VECTOR('',#4437,1.);
#367=VECTOR('',#4438,1.);
#368=VECTOR('',#4441,1.);
#369=VECTOR('',#4442,1.);
#370=VECTOR('',#4445,1.);
#371=VECTOR('',#4446,1.);
#372=VECTOR('',#4449,1.);
#373=VECTOR('',#4450,1.);
#374=VECTOR('',#4453,1.);
#375=VECTOR('',#4454,1.);
#376=VECTOR('',#4457,1.);
#377=VECTOR('',#4476,1.);
#378=VECTOR('',#4479,1.);
#379=VECTOR('',#4482,1.);
#380=VECTOR('',#4483,1.);
#381=VECTOR('',#4484,1.);
#382=VECTOR('',#4489,1.);
#383=VECTOR('',#4494,1.);
#384=VECTOR('',#4495,1.);
#385=VECTOR('',#4496,1.);
#386=VECTOR('',#4501,1.);
#387=VECTOR('',#4506,1.);
#388=VECTOR('',#4507,1.);
#389=VECTOR('',#4508,1.);
#390=VECTOR('',#4513,1.);
#391=VECTOR('',#4518,1.);
#392=VECTOR('',#4519,1.);
#393=VECTOR('',#4520,1.);
#394=VECTOR('',#4525,1.);
#395=VECTOR('',#4532,1.);
#396=VECTOR('',#4535,1.);
#397=VECTOR('',#4538,1.);
#398=VECTOR('',#4539,1.);
#399=VECTOR('',#4540,1.);
#400=VECTOR('',#4545,1.);
#401=VECTOR('',#4550,1.);
#402=VECTOR('',#4551,1.);
#403=VECTOR('',#4552,1.);
#404=VECTOR('',#4557,1.);
#405=VECTOR('',#4562,1.);
#406=VECTOR('',#4563,1.);
#407=VECTOR('',#4564,1.);
#408=VECTOR('',#4569,1.);
#409=VECTOR('',#4574,1.);
#410=VECTOR('',#4575,1.);
#411=VECTOR('',#4576,1.);
#412=VECTOR('',#4581,1.);
#413=VECTOR('',#4586,1.);
#414=VECTOR('',#4587,1.);
#415=VECTOR('',#4588,1.);
#416=VECTOR('',#4589,1.);
#417=VECTOR('',#4592,1.);
#418=VECTOR('',#4593,1.);
#419=VECTOR('',#4594,1.);
#420=VECTOR('',#4597,1.);
#421=VECTOR('',#4598,1.);
#422=VECTOR('',#4599,1.);
#423=VECTOR('',#4602,1.);
#424=VECTOR('',#4603,1.);
#425=VECTOR('',#4604,1.);
#426=VECTOR('',#4605,1.);
#427=VECTOR('',#4608,1.);
#428=VECTOR('',#4609,1.);
#429=VECTOR('',#4610,1.);
#430=VECTOR('',#4613,1.);
#431=VECTOR('',#4614,1.);
#432=VECTOR('',#4615,1.);
#433=VECTOR('',#4618,1.);
#434=VECTOR('',#4619,1.);
#435=VECTOR('',#4622,1.);
#436=VECTOR('',#4623,1.);
#437=VECTOR('',#4626,1.);
#438=VECTOR('',#4627,1.);
#439=VECTOR('',#4630,1.);
#440=VECTOR('',#4631,1.);
#441=VECTOR('',#4674,1.);
#442=VECTOR('',#4677,1.);
#443=VECTOR('',#4680,1.);
#444=VECTOR('',#4681,1.);
#445=VECTOR('',#4682,1.);
#446=VECTOR('',#4683,1.);
#447=VECTOR('',#4684,1.);
#448=VECTOR('',#4687,1.);
#449=VECTOR('',#4694,1.);
#450=VECTOR('',#4695,1.);
#451=VECTOR('',#4696,1.);
#452=VECTOR('',#4697,1.);
#453=VECTOR('',#4698,1.);
#454=VECTOR('',#4705,1.);
#455=VECTOR('',#4708,1.);
#456=VECTOR('',#4711,1.);
#457=VECTOR('',#4716,1.);
#458=VECTOR('',#4717,1.);
#459=VECTOR('',#4718,1.);
#460=VECTOR('',#4719,1.);
#461=VECTOR('',#4720,1.);
#462=VECTOR('',#4721,1.);
#463=VECTOR('',#4722,1.);
#464=VECTOR('',#4729,1.);
#465=VECTOR('',#4732,1.);
#466=VECTOR('',#4733,1.);
#467=VECTOR('',#4734,1.);
#468=VECTOR('',#4741,1.);
#469=VECTOR('',#4744,1.);
#470=VECTOR('',#4745,1.);
#471=VECTOR('',#4746,1.);
#472=VECTOR('',#4747,1.);
#473=VECTOR('',#4748,1.);
#474=VECTOR('',#4749,1.);
#475=VECTOR('',#4752,1.);
#476=VECTOR('',#4753,1.);
#477=VECTOR('',#4758,1.);
#478=VECTOR('',#4759,1.);
#479=VECTOR('',#4774,1.);
#480=VECTOR('',#4777,1.);
#481=VECTOR('',#4780,1.);
#482=VECTOR('',#4783,1.);
#483=VECTOR('',#4790,1.);
#484=VECTOR('',#4793,1.);
#485=VECTOR('',#4798,1.);
#486=VECTOR('',#4803,1.);
#487=VECTOR('',#4804,1.);
#488=VECTOR('',#4811,1.);
#489=VECTOR('',#4828,1.);
#490=VECTOR('',#4829,1.);
#491=VECTOR('',#4830,1.);
#492=VECTOR('',#4831,1.);
#493=VECTOR('',#4836,1.);
#494=VECTOR('',#4841,1.);
#495=VECTOR('',#4842,1.);
#496=VECTOR('',#4843,1.);
#497=VECTOR('',#4870,1.);
#498=VECTOR('',#4871,1.);
#499=VECTOR('',#4872,1.);
#500=VECTOR('',#4873,1.);
#501=VECTOR('',#4878,1.);
#502=VECTOR('',#4883,1.);
#503=VECTOR('',#4884,1.);
#504=VECTOR('',#4885,1.);
#505=VECTOR('',#4912,1.);
#506=VECTOR('',#4915,1.);
#507=VECTOR('',#4920,1.);
#508=VECTOR('',#4921,1.);
#509=VECTOR('',#4922,1.);
#510=VECTOR('',#4923,1.);
#511=VECTOR('',#4924,1.);
#512=VECTOR('',#4925,1.);
#513=VECTOR('',#4926,1.);
#514=VECTOR('',#4931,1.);
#515=VECTOR('',#4936,1.);
#516=VECTOR('',#4937,1.);
#517=VECTOR('',#4938,1.);
#518=VECTOR('',#4939,1.);
#519=VECTOR('',#4940,1.);
#520=VECTOR('',#4941,1.);
#521=VECTOR('',#4980,1.);
#522=VECTOR('',#4983,1.);
#523=VECTOR('',#4988,1.);
#524=VECTOR('',#4989,1.);
#525=VECTOR('',#4990,1.);
#526=VECTOR('',#4991,1.);
#527=VECTOR('',#4992,1.);
#528=VECTOR('',#4993,1.);
#529=VECTOR('',#4994,1.);
#530=VECTOR('',#4999,1.);
#531=VECTOR('',#5004,1.);
#532=VECTOR('',#5005,1.);
#533=VECTOR('',#5006,1.);
#534=VECTOR('',#5007,1.);
#535=VECTOR('',#5008,1.);
#536=VECTOR('',#5009,1.);
#537=VECTOR('',#5044,1.);
#538=VECTOR('',#5045,1.);
#539=VECTOR('',#5046,1.);
#540=VECTOR('',#5047,1.);
#541=VECTOR('',#5052,1.);
#542=VECTOR('',#5055,1.);
#543=VECTOR('',#5060,1.);
#544=VECTOR('',#5063,1.);
#545=VECTOR('',#5064,1.);
#546=VECTOR('',#5065,1.);
#547=VECTOR('',#5072,1.);
#548=VECTOR('',#5075,1.);
#549=VECTOR('',#5076,1.);
#550=VECTOR('',#5077,1.);
#551=VECTOR('',#5080,1.);
#552=VECTOR('',#5081,1.);
#553=VECTOR('',#5082,1.);
#554=VECTOR('',#5083,1.);
#555=VECTOR('',#5084,1.);
#556=VECTOR('',#5085,1.);
#557=VECTOR('',#5086,1.);
#558=VECTOR('',#5087,1.);
#559=VECTOR('',#5088,1.);
#560=VECTOR('',#5089,1.);
#561=VECTOR('',#5090,1.);
#562=VECTOR('',#5091,1.);
#563=VECTOR('',#5098,1.);
#564=VECTOR('',#5101,1.);
#565=VECTOR('',#5102,1.);
#566=VECTOR('',#5103,1.);
#567=VECTOR('',#5110,1.);
#568=VECTOR('',#5113,1.);
#569=VECTOR('',#5114,1.);
#570=VECTOR('',#5115,1.);
#571=VECTOR('',#5120,1.);
#572=VECTOR('',#5123,1.);
#573=VECTOR('',#5144,1.);
#574=VECTOR('',#5149,1.);
#575=VECTOR('',#5162,1.);
#576=VECTOR('',#5165,1.);
#577=VECTOR('',#5168,1.);
#578=VECTOR('',#5171,1.);
#579=VECTOR('',#5174,1.);
#580=VECTOR('',#5177,1.);
#581=VECTOR('',#5182,1.);
#582=VECTOR('',#5183,1.);
#583=VECTOR('',#5186,1.);
#584=VECTOR('',#5191,1.);
#585=VECTOR('',#5194,1.);
#586=VECTOR('',#5199,1.);
#587=VECTOR('',#5200,1.);
#588=VECTOR('',#5203,1.);
#589=VECTOR('',#5208,1.);
#590=VECTOR('',#5209,1.);
#591=VECTOR('',#5222,1.);
#592=VECTOR('',#5225,1.);
#593=VECTOR('',#5246,1.);
#594=VECTOR('',#5249,1.);
#595=VECTOR('',#5252,1.);
#596=VECTOR('',#5253,1.);
#597=VECTOR('',#5254,1.);
#598=VECTOR('',#5255,1.);
#599=VECTOR('',#5256,1.);
#600=VECTOR('',#5261,1.);
#601=VECTOR('',#5266,1.);
#602=VECTOR('',#5267,1.);
#603=VECTOR('',#5268,1.);
#604=VECTOR('',#5277,1.);
#605=VECTOR('',#5278,1.);
#606=VECTOR('',#5279,1.);
#607=VECTOR('',#5280,1.);
#608=VECTOR('',#5305,1.);
#609=VECTOR('',#5306,1.);
#610=VECTOR('',#5307,1.);
#611=VECTOR('',#5308,1.);
#612=VECTOR('',#5309,1.);
#613=VECTOR('',#5310,1.);
#614=VECTOR('',#5315,1.);
#615=VECTOR('',#5320,1.);
#616=VECTOR('',#5321,1.);
#617=VECTOR('',#5322,1.);
#618=VECTOR('',#5323,1.);
#619=VECTOR('',#5324,1.);
#620=CONTEXT_DEPENDENT_SHAPE_REPRESENTATION(#662,#6449);
#621=CONTEXT_DEPENDENT_SHAPE_REPRESENTATION(#663,#6451);
#622=CONTEXT_DEPENDENT_SHAPE_REPRESENTATION(#664,#6454);
#623=CONTEXT_DEPENDENT_SHAPE_REPRESENTATION(#665,#6455);
#624=CONTEXT_DEPENDENT_SHAPE_REPRESENTATION(#666,#6456);
#625=CONTEXT_DEPENDENT_SHAPE_REPRESENTATION(#667,#6458);
#626=CONTEXT_DEPENDENT_SHAPE_REPRESENTATION(#668,#6462);
#627=CONTEXT_DEPENDENT_SHAPE_REPRESENTATION(#669,#6464);
#628=CONTEXT_DEPENDENT_SHAPE_REPRESENTATION(#670,#6466);
#629=CONTEXT_DEPENDENT_SHAPE_REPRESENTATION(#671,#6468);
#630=CONTEXT_DEPENDENT_SHAPE_REPRESENTATION(#672,#6470);
#631=CONTEXT_DEPENDENT_SHAPE_REPRESENTATION(#673,#6472);
#632=CONTEXT_DEPENDENT_SHAPE_REPRESENTATION(#674,#6473);
#633=CONTEXT_DEPENDENT_SHAPE_REPRESENTATION(#675,#6475);
#634=CONTEXT_DEPENDENT_SHAPE_REPRESENTATION(#676,#6476);
#635=CONTEXT_DEPENDENT_SHAPE_REPRESENTATION(#677,#6478);
#636=CONTEXT_DEPENDENT_SHAPE_REPRESENTATION(#678,#6479);
#637=CONTEXT_DEPENDENT_SHAPE_REPRESENTATION(#679,#6481);
#638=CONTEXT_DEPENDENT_SHAPE_REPRESENTATION(#680,#6482);
#639=CONTEXT_DEPENDENT_SHAPE_REPRESENTATION(#681,#6483);
#640=CONTEXT_DEPENDENT_SHAPE_REPRESENTATION(#682,#6484);
#641=NEXT_ASSEMBLY_USAGE_OCCURRENCE('NAUO1',
'8mm ID Bearing (22mm OD, 7mm WD, Shielded)',
'8mm ID Bearing (22mm OD, 7mm WD, Shielded)',#6485,#6486,'');
#642=NEXT_ASSEMBLY_USAGE_OCCURRENCE('NAUO2','Part 1','Part 1',#6485,#6487,
'');
#643=NEXT_ASSEMBLY_USAGE_OCCURRENCE('NAUO3','Part 1','Part 1',#6488,#6489,
'');
#644=NEXT_ASSEMBLY_USAGE_OCCURRENCE('NAUO4','Part 1','Part 1',#6488,#6489,
'');
#645=NEXT_ASSEMBLY_USAGE_OCCURRENCE('NAUO5','Offset Shaft <1>',
'Offset Shaft <1>',#6485,#6488,'');
#646=NEXT_ASSEMBLY_USAGE_OCCURRENCE('NAUO6','Part 1','Part 1',#6485,#6490,
'');
#647=NEXT_ASSEMBLY_USAGE_OCCURRENCE('NAUO7','Part 1','Part 1',#6492,#6493,
'');
#648=NEXT_ASSEMBLY_USAGE_OCCURRENCE('NAUO8','Part 1','Part 1',#6492,#6494,
'');
#649=NEXT_ASSEMBLY_USAGE_OCCURRENCE('NAUO9','Part 1','Part 1',#6492,#6495,
'');
#650=NEXT_ASSEMBLY_USAGE_OCCURRENCE('NAUO10','Part 1','Part 1',#6492,#6496,
'');
#651=NEXT_ASSEMBLY_USAGE_OCCURRENCE('NAUO11','Part 1','Part 1',#6492,#6497,
'');
#652=NEXT_ASSEMBLY_USAGE_OCCURRENCE('NAUO12','Part 1','Part 1',#6492,#6498,
'');
#653=NEXT_ASSEMBLY_USAGE_OCCURRENCE('NAUO13','Right Leg <1>',
'Right Leg <1>',#6491,#6492,'');
#654=NEXT_ASSEMBLY_USAGE_OCCURRENCE('NAUO14','Part 1','Part 1',#6499,#6495,
'');
#655=NEXT_ASSEMBLY_USAGE_OCCURRENCE('NAUO15','Part 1','Part 1',#6499,#6493,
'');
#656=NEXT_ASSEMBLY_USAGE_OCCURRENCE('NAUO16','Part 1','Part 1',#6499,#6500,
'');
#657=NEXT_ASSEMBLY_USAGE_OCCURRENCE('NAUO17','Part 1','Part 1',#6499,#6498,
'');
#658=NEXT_ASSEMBLY_USAGE_OCCURRENCE('NAUO18','Part 1','Part 1',#6499,#6501,
'');
#659=NEXT_ASSEMBLY_USAGE_OCCURRENCE('NAUO19','Part 1','Part 1',#6499,#6494,
'');
#660=NEXT_ASSEMBLY_USAGE_OCCURRENCE('NAUO20','Left Leg <1>',
'Left Leg <1>',#6491,#6499,'');
#661=NEXT_ASSEMBLY_USAGE_OCCURRENCE('NAUO21','Leg Pair <1>',
'Leg Pair <1>',#6485,#6491,'');
#662=(
REPRESENTATION_RELATIONSHIP(' ',' ',#3839,#3838)
REPRESENTATION_RELATIONSHIP_WITH_TRANSFORMATION(#683)
SHAPE_REPRESENTATION_RELATIONSHIP()
);
#663=(
REPRESENTATION_RELATIONSHIP(' ',' ',#3840,#3838)
REPRESENTATION_RELATIONSHIP_WITH_TRANSFORMATION(#684)
SHAPE_REPRESENTATION_RELATIONSHIP()
);
#664=(
REPRESENTATION_RELATIONSHIP(' ',' ',#3842,#3841)
REPRESENTATION_RELATIONSHIP_WITH_TRANSFORMATION(#685)
SHAPE_REPRESENTATION_RELATIONSHIP()
);
#665=(
REPRESENTATION_RELATIONSHIP(' ',' ',#3842,#3841)
REPRESENTATION_RELATIONSHIP_WITH_TRANSFORMATION(#686)
SHAPE_REPRESENTATION_RELATIONSHIP()
);
#666=(
REPRESENTATION_RELATIONSHIP(' ',' ',#3841,#3838)
REPRESENTATION_RELATIONSHIP_WITH_TRANSFORMATION(#687)
SHAPE_REPRESENTATION_RELATIONSHIP()
);
#667=(
REPRESENTATION_RELATIONSHIP(' ',' ',#3843,#3838)
REPRESENTATION_RELATIONSHIP_WITH_TRANSFORMATION(#688)
SHAPE_REPRESENTATION_RELATIONSHIP()
);
#668=(
REPRESENTATION_RELATIONSHIP(' ',' ',#3846,#3845)
REPRESENTATION_RELATIONSHIP_WITH_TRANSFORMATION(#689)
SHAPE_REPRESENTATION_RELATIONSHIP()
);
#669=(
REPRESENTATION_RELATIONSHIP(' ',' ',#3847,#3845)
REPRESENTATION_RELATIONSHIP_WITH_TRANSFORMATION(#690)
SHAPE_REPRESENTATION_RELATIONSHIP()
);
#670=(
REPRESENTATION_RELATIONSHIP(' ',' ',#3848,#3845)
REPRESENTATION_RELATIONSHIP_WITH_TRANSFORMATION(#691)
SHAPE_REPRESENTATION_RELATIONSHIP()
);
#671=(
REPRESENTATION_RELATIONSHIP(' ',' ',#3849,#3845)
REPRESENTATION_RELATIONSHIP_WITH_TRANSFORMATION(#692)
SHAPE_REPRESENTATION_RELATIONSHIP()
);
#672=(
REPRESENTATION_RELATIONSHIP(' ',' ',#3850,#3845)
REPRESENTATION_RELATIONSHIP_WITH_TRANSFORMATION(#693)
SHAPE_REPRESENTATION_RELATIONSHIP()
);
#673=(
REPRESENTATION_RELATIONSHIP(' ',' ',#3851,#3845)
REPRESENTATION_RELATIONSHIP_WITH_TRANSFORMATION(#694)
SHAPE_REPRESENTATION_RELATIONSHIP()
);
#674=(
REPRESENTATION_RELATIONSHIP(' ',' ',#3845,#3844)
REPRESENTATION_RELATIONSHIP_WITH_TRANSFORMATION(#695)
SHAPE_REPRESENTATION_RELATIONSHIP()
);
#675=(
REPRESENTATION_RELATIONSHIP(' ',' ',#3848,#3852)
REPRESENTATION_RELATIONSHIP_WITH_TRANSFORMATION(#696)
SHAPE_REPRESENTATION_RELATIONSHIP()
);
#676=(
REPRESENTATION_RELATIONSHIP(' ',' ',#3846,#3852)
REPRESENTATION_RELATIONSHIP_WITH_TRANSFORMATION(#697)
SHAPE_REPRESENTATION_RELATIONSHIP()
);
#677=(
REPRESENTATION_RELATIONSHIP(' ',' ',#3853,#3852)
REPRESENTATION_RELATIONSHIP_WITH_TRANSFORMATION(#698)
SHAPE_REPRESENTATION_RELATIONSHIP()
);
#678=(
REPRESENTATION_RELATIONSHIP(' ',' ',#3851,#3852)
REPRESENTATION_RELATIONSHIP_WITH_TRANSFORMATION(#699)
SHAPE_REPRESENTATION_RELATIONSHIP()
);
#679=(
REPRESENTATION_RELATIONSHIP(' ',' ',#3854,#3852)
REPRESENTATION_RELATIONSHIP_WITH_TRANSFORMATION(#700)
SHAPE_REPRESENTATION_RELATIONSHIP()
);
#680=(
REPRESENTATION_RELATIONSHIP(' ',' ',#3847,#3852)
REPRESENTATION_RELATIONSHIP_WITH_TRANSFORMATION(#701)
SHAPE_REPRESENTATION_RELATIONSHIP()
);
#681=(
REPRESENTATION_RELATIONSHIP(' ',' ',#3852,#3844)
REPRESENTATION_RELATIONSHIP_WITH_TRANSFORMATION(#702)
SHAPE_REPRESENTATION_RELATIONSHIP()
);
#682=(
REPRESENTATION_RELATIONSHIP(' ',' ',#3844,#3838)
REPRESENTATION_RELATIONSHIP_WITH_TRANSFORMATION(#703)
SHAPE_REPRESENTATION_RELATIONSHIP()
);
#683=ITEM_DEFINED_TRANSFORMATION(' ',' ',#3855,#3880);
#684=ITEM_DEFINED_TRANSFORMATION(' ',' ',#3855,#3900);
#685=ITEM_DEFINED_TRANSFORMATION(' ',' ',#3855,#3926);
#686=ITEM_DEFINED_TRANSFORMATION(' ',' ',#3855,#3927);
#687=ITEM_DEFINED_TRANSFORMATION(' ',' ',#3855,#3928);
#688=ITEM_DEFINED_TRANSFORMATION(' ',' ',#3855,#3998);
#689=ITEM_DEFINED_TRANSFORMATION(' ',' ',#3855,#4052);
#690=ITEM_DEFINED_TRANSFORMATION(' ',' ',#3855,#4069);
#691=ITEM_DEFINED_TRANSFORMATION(' ',' ',#3855,#4086);
#692=ITEM_DEFINED_TRANSFORMATION(' ',' ',#3855,#4111);
#693=ITEM_DEFINED_TRANSFORMATION(' ',' ',#3855,#4136);
#694=ITEM_DEFINED_TRANSFORMATION(' ',' ',#3855,#4205);
#695=ITEM_DEFINED_TRANSFORMATION(' ',' ',#3855,#4206);
#696=ITEM_DEFINED_TRANSFORMATION(' ',' ',#3855,#4207);
#697=ITEM_DEFINED_TRANSFORMATION(' ',' ',#3855,#4208);
#698=ITEM_DEFINED_TRANSFORMATION(' ',' ',#3855,#4230);
#699=ITEM_DEFINED_TRANSFORMATION(' ',' ',#3855,#4231);
#700=ITEM_DEFINED_TRANSFORMATION(' ',' ',#3855,#4252);
#701=ITEM_DEFINED_TRANSFORMATION(' ',' ',#3855,#4253);
#702=ITEM_DEFINED_TRANSFORMATION(' ',' ',#3855,#4254);
#703=ITEM_DEFINED_TRANSFORMATION(' ',' ',#3855,#4255);
#704=SHAPE_REPRESENTATION_RELATIONSHIP('','',#3839,#716);
#705=SHAPE_REPRESENTATION_RELATIONSHIP('','',#3840,#717);
#706=SHAPE_REPRESENTATION_RELATIONSHIP('','',#3842,#718);
#707=SHAPE_REPRESENTATION_RELATIONSHIP('','',#3843,#719);
#708=SHAPE_REPRESENTATION_RELATIONSHIP('','',#3846,#720);
#709=SHAPE_REPRESENTATION_RELATIONSHIP('','',#3847,#721);
#710=SHAPE_REPRESENTATION_RELATIONSHIP('','',#3848,#722);
#711=SHAPE_REPRESENTATION_RELATIONSHIP('','',#3849,#723);
#712=SHAPE_REPRESENTATION_RELATIONSHIP('','',#3850,#724);
#713=SHAPE_REPRESENTATION_RELATIONSHIP('','',#3851,#725);
#714=SHAPE_REPRESENTATION_RELATIONSHIP('','',#3853,#726);
#715=SHAPE_REPRESENTATION_RELATIONSHIP('','',#3854,#727);
#716=ADVANCED_BREP_SHAPE_REPRESENTATION('',(#3809),#6411);
#717=ADVANCED_BREP_SHAPE_REPRESENTATION('',(#3810),#6412);
#718=ADVANCED_BREP_SHAPE_REPRESENTATION('',(#3811),#6414);
#719=ADVANCED_BREP_SHAPE_REPRESENTATION('',(#3812),#6415);
#720=ADVANCED_BREP_SHAPE_REPRESENTATION('',(#3813),#6418);
#721=ADVANCED_BREP_SHAPE_REPRESENTATION('',(#3814),#6419);
#722=ADVANCED_BREP_SHAPE_REPRESENTATION('',(#3815),#6420);
#723=ADVANCED_BREP_SHAPE_REPRESENTATION('',(#3816),#6421);
#724=ADVANCED_BREP_SHAPE_REPRESENTATION('',(#3817),#6422);
#725=ADVANCED_BREP_SHAPE_REPRESENTATION('',(#3818),#6423);
#726=ADVANCED_BREP_SHAPE_REPRESENTATION('',(#3819),#6425);
#727=ADVANCED_BREP_SHAPE_REPRESENTATION('',(#3820),#6426);
#728=OVER_RIDING_STYLED_ITEM('',(#3722),#3495,#3709);
#729=OVER_RIDING_STYLED_ITEM('',(#3723),#3501,#3709);
#730=PLANE('',#3859);
#731=PLANE('',#3863);
#732=PLANE('',#3867);
#733=PLANE('',#3871);
#734=PLANE('',#3875);
#735=PLANE('',#3879);
#736=PLANE('',#3881);
#737=PLANE('',#3885);
#738=PLANE('',#3886);
#739=PLANE('',#3887);
#740=PLANE('',#3888);
#741=PLANE('',#3889);
#742=PLANE('',#3890);
#743=PLANE('',#3891);
#744=PLANE('',#3892);
#745=PLANE('',#3893);
#746=PLANE('',#3894);
#747=PLANE('',#3895);
#748=PLANE('',#3896);
#749=PLANE('',#3897);
#750=PLANE('',#3898);
#751=PLANE('',#3899);
#752=PLANE('',#3901);
#753=PLANE('',#3905);
#754=PLANE('',#3912);
#755=PLANE('',#3913);
#756=PLANE('',#3917);
#757=PLANE('',#3918);
#758=PLANE('',#3919);
#759=PLANE('',#3920);
#760=PLANE('',#3921);
#761=PLANE('',#3922);
#762=PLANE('',#3923);
#763=PLANE('',#3924);
#764=PLANE('',#3925);
#765=PLANE('',#3935);
#766=PLANE('',#3939);
#767=PLANE('',#3943);
#768=PLANE('',#3947);
#769=PLANE('',#3954);
#770=PLANE('',#3958);
#771=PLANE('',#3962);
#772=PLANE('',#3966);
#773=PLANE('',#3970);
#774=PLANE('',#3971);
#775=PLANE('',#3972);
#776=PLANE('',#3973);
#777=PLANE('',#3974);
#778=PLANE('',#3975);
#779=PLANE('',#3976);
#780=PLANE('',#3977);
#781=PLANE('',#3978);
#782=PLANE('',#3979);
#783=PLANE('',#3980);
#784=PLANE('',#3984);
#785=PLANE('',#3988);
#786=PLANE('',#3991);
#787=PLANE('',#3994);
#788=PLANE('',#3997);
#789=PLANE('',#4002);
#790=PLANE('',#4006);
#791=PLANE('',#4013);
#792=PLANE('',#4017);
#793=PLANE('',#4021);
#794=PLANE('',#4022);
#795=PLANE('',#4023);
#796=PLANE('',#4024);
#797=PLANE('',#4028);
#798=PLANE('',#4042);
#799=PLANE('',#4045);
#800=PLANE('',#4046);
#801=PLANE('',#4047);
#802=PLANE('',#4048);
#803=PLANE('',#4053);
#804=PLANE('',#4057);
#805=PLANE('',#4067);
#806=PLANE('',#4068);
#807=PLANE('',#4070);
#808=PLANE('',#4074);
#809=PLANE('',#4084);
#810=PLANE('',#4085);
#811=PLANE('',#4090);
#812=PLANE('',#4094);
#813=PLANE('',#4101);
#814=PLANE('',#4102);
#815=PLANE('',#4109);
#816=PLANE('',#4110);
#817=PLANE('',#4112);
#818=PLANE('',#4116);
#819=PLANE('',#4120);
#820=PLANE('',#4125);
#821=PLANE('',#4132);
#822=PLANE('',#4133);
#823=PLANE('',#4137);
#824=PLANE('',#4143);
#825=PLANE('',#4147);
#826=PLANE('',#4148);
#827=PLANE('',#4152);
#828=PLANE('',#4156);
#829=PLANE('',#4168);
#830=PLANE('',#4169);
#831=PLANE('',#4174);
#832=PLANE('',#4184);
#833=PLANE('',#4187);
#834=PLANE('',#4190);
#835=PLANE('',#4193);
#836=PLANE('',#4198);
#837=PLANE('',#4199);
#838=PLANE('',#4200);
#839=PLANE('',#4212);
#840=PLANE('',#4216);
#841=PLANE('',#4220);
#842=PLANE('',#4221);
#843=PLANE('',#4222);
#844=PLANE('',#4229);
#845=PLANE('',#4232);
#846=PLANE('',#4236);
#847=PLANE('',#4243);
#848=PLANE('',#4244);
#849=PLANE('',#4251);
#850=ORIENTED_EDGE('',*,*,#1808,.F.);
#851=ORIENTED_EDGE('',*,*,#1809,.T.);
#852=ORIENTED_EDGE('',*,*,#1809,.F.);
#853=ORIENTED_EDGE('',*,*,#1810,.T.);
#854=ORIENTED_EDGE('',*,*,#1810,.F.);
#855=ORIENTED_EDGE('',*,*,#1811,.T.);
#856=ORIENTED_EDGE('',*,*,#1811,.F.);
#857=ORIENTED_EDGE('',*,*,#1812,.T.);
#858=ORIENTED_EDGE('',*,*,#1812,.F.);
#859=ORIENTED_EDGE('',*,*,#1813,.T.);
#860=ORIENTED_EDGE('',*,*,#1813,.F.);
#861=ORIENTED_EDGE('',*,*,#1814,.T.);
#862=ORIENTED_EDGE('',*,*,#1814,.F.);
#863=ORIENTED_EDGE('',*,*,#1815,.T.);
#864=ORIENTED_EDGE('',*,*,#1815,.F.);
#865=ORIENTED_EDGE('',*,*,#1816,.T.);
#866=ORIENTED_EDGE('',*,*,#1816,.F.);
#867=ORIENTED_EDGE('',*,*,#1817,.T.);
#868=ORIENTED_EDGE('',*,*,#1817,.F.);
#869=ORIENTED_EDGE('',*,*,#1818,.T.);
#870=ORIENTED_EDGE('',*,*,#1818,.F.);
#871=ORIENTED_EDGE('',*,*,#1819,.T.);
#872=ORIENTED_EDGE('',*,*,#1819,.F.);
#873=ORIENTED_EDGE('',*,*,#1808,.T.);
#874=ORIENTED_EDGE('',*,*,#1820,.T.);
#875=ORIENTED_EDGE('',*,*,#1821,.T.);
#876=ORIENTED_EDGE('',*,*,#1822,.T.);
#877=ORIENTED_EDGE('',*,*,#1823,.T.);
#878=ORIENTED_EDGE('',*,*,#1824,.T.);
#879=ORIENTED_EDGE('',*,*,#1825,.T.);
#880=ORIENTED_EDGE('',*,*,#1826,.T.);
#881=ORIENTED_EDGE('',*,*,#1820,.F.);
#882=ORIENTED_EDGE('',*,*,#1827,.T.);
#883=ORIENTED_EDGE('',*,*,#1828,.T.);
#884=ORIENTED_EDGE('',*,*,#1829,.T.);
#885=ORIENTED_EDGE('',*,*,#1830,.T.);
#886=ORIENTED_EDGE('',*,*,#1831,.T.);
#887=ORIENTED_EDGE('',*,*,#1832,.T.);
#888=ORIENTED_EDGE('',*,*,#1833,.T.);
#889=ORIENTED_EDGE('',*,*,#1827,.F.);
#890=ORIENTED_EDGE('',*,*,#1829,.F.);
#891=ORIENTED_EDGE('',*,*,#1834,.T.);
#892=ORIENTED_EDGE('',*,*,#1835,.F.);
#893=ORIENTED_EDGE('',*,*,#1836,.F.);
#894=ORIENTED_EDGE('',*,*,#1828,.F.);
#895=ORIENTED_EDGE('',*,*,#1837,.T.);
#896=ORIENTED_EDGE('',*,*,#1838,.F.);
#897=ORIENTED_EDGE('',*,*,#1834,.F.);
#898=ORIENTED_EDGE('',*,*,#1833,.F.);
#899=ORIENTED_EDGE('',*,*,#1839,.T.);
#900=ORIENTED_EDGE('',*,*,#1840,.F.);
#901=ORIENTED_EDGE('',*,*,#1837,.F.);
#902=ORIENTED_EDGE('',*,*,#1832,.F.);
#903=ORIENTED_EDGE('',*,*,#1841,.T.);
#904=ORIENTED_EDGE('',*,*,#1842,.F.);
#905=ORIENTED_EDGE('',*,*,#1839,.F.);
#906=ORIENTED_EDGE('',*,*,#1831,.F.);
#907=ORIENTED_EDGE('',*,*,#1843,.T.);
#908=ORIENTED_EDGE('',*,*,#1844,.F.);
#909=ORIENTED_EDGE('',*,*,#1841,.F.);
#910=ORIENTED_EDGE('',*,*,#1830,.F.);
#911=ORIENTED_EDGE('',*,*,#1836,.T.);
#912=ORIENTED_EDGE('',*,*,#1845,.F.);
#913=ORIENTED_EDGE('',*,*,#1843,.F.);
#914=ORIENTED_EDGE('',*,*,#1835,.T.);
#915=ORIENTED_EDGE('',*,*,#1838,.T.);
#916=ORIENTED_EDGE('',*,*,#1840,.T.);
#917=ORIENTED_EDGE('',*,*,#1842,.T.);
#918=ORIENTED_EDGE('',*,*,#1844,.T.);
#919=ORIENTED_EDGE('',*,*,#1845,.T.);
#920=ORIENTED_EDGE('',*,*,#1822,.F.);
#921=ORIENTED_EDGE('',*,*,#1846,.F.);
#922=ORIENTED_EDGE('',*,*,#1847,.F.);
#923=ORIENTED_EDGE('',*,*,#1848,.T.);
#924=ORIENTED_EDGE('',*,*,#1821,.F.);
#925=ORIENTED_EDGE('',*,*,#1849,.F.);
#926=ORIENTED_EDGE('',*,*,#1850,.F.);
#927=ORIENTED_EDGE('',*,*,#1846,.T.);
#928=ORIENTED_EDGE('',*,*,#1826,.F.);
#929=ORIENTED_EDGE('',*,*,#1851,.F.);
#930=ORIENTED_EDGE('',*,*,#1852,.F.);
#931=ORIENTED_EDGE('',*,*,#1849,.T.);
#932=ORIENTED_EDGE('',*,*,#1825,.F.);
#933=ORIENTED_EDGE('',*,*,#1853,.F.);
#934=ORIENTED_EDGE('',*,*,#1854,.F.);
#935=ORIENTED_EDGE('',*,*,#1851,.T.);
#936=ORIENTED_EDGE('',*,*,#1824,.F.);
#937=ORIENTED_EDGE('',*,*,#1855,.F.);
#938=ORIENTED_EDGE('',*,*,#1856,.F.);
#939=ORIENTED_EDGE('',*,*,#1853,.T.);
#940=ORIENTED_EDGE('',*,*,#1823,.F.);
#941=ORIENTED_EDGE('',*,*,#1848,.F.);
#942=ORIENTED_EDGE('',*,*,#1857,.F.);
#943=ORIENTED_EDGE('',*,*,#1855,.T.);
#944=ORIENTED_EDGE('',*,*,#1847,.T.);
#945=ORIENTED_EDGE('',*,*,#1850,.T.);
#946=ORIENTED_EDGE('',*,*,#1852,.T.);
#947=ORIENTED_EDGE('',*,*,#1854,.T.);
#948=ORIENTED_EDGE('',*,*,#1856,.T.);
#949=ORIENTED_EDGE('',*,*,#1857,.T.);
#950=ORIENTED_EDGE('',*,*,#1858,.T.);
#951=ORIENTED_EDGE('',*,*,#1859,.F.);
#952=ORIENTED_EDGE('',*,*,#1860,.F.);
#953=ORIENTED_EDGE('',*,*,#1861,.T.);
#954=ORIENTED_EDGE('',*,*,#1862,.T.);
#955=ORIENTED_EDGE('',*,*,#1863,.F.);
#956=ORIENTED_EDGE('',*,*,#1864,.F.);
#957=ORIENTED_EDGE('',*,*,#1859,.T.);
#958=ORIENTED_EDGE('',*,*,#1865,.T.);
#959=ORIENTED_EDGE('',*,*,#1866,.F.);
#960=ORIENTED_EDGE('',*,*,#1867,.F.);
#961=ORIENTED_EDGE('',*,*,#1863,.T.);
#962=ORIENTED_EDGE('',*,*,#1868,.T.);
#963=ORIENTED_EDGE('',*,*,#1861,.F.);
#964=ORIENTED_EDGE('',*,*,#1869,.F.);
#965=ORIENTED_EDGE('',*,*,#1866,.T.);
#966=ORIENTED_EDGE('',*,*,#1870,.F.);
#967=ORIENTED_EDGE('',*,*,#1871,.T.);
#968=ORIENTED_EDGE('',*,*,#1860,.T.);
#969=ORIENTED_EDGE('',*,*,#1864,.T.);
#970=ORIENTED_EDGE('',*,*,#1867,.T.);
#971=ORIENTED_EDGE('',*,*,#1869,.T.);
#972=ORIENTED_EDGE('',*,*,#1871,.F.);
#973=ORIENTED_EDGE('',*,*,#1872,.T.);
#974=ORIENTED_EDGE('',*,*,#1858,.F.);
#975=ORIENTED_EDGE('',*,*,#1868,.F.);
#976=ORIENTED_EDGE('',*,*,#1865,.F.);
#977=ORIENTED_EDGE('',*,*,#1862,.F.);
#978=ORIENTED_EDGE('',*,*,#1873,.T.);
#979=ORIENTED_EDGE('',*,*,#1872,.F.);
#980=ORIENTED_EDGE('',*,*,#1873,.F.);
#981=ORIENTED_EDGE('',*,*,#1874,.F.);
#982=ORIENTED_EDGE('',*,*,#1875,.F.);
#983=ORIENTED_EDGE('',*,*,#1876,.F.);
#984=ORIENTED_EDGE('',*,*,#1877,.F.);
#985=ORIENTED_EDGE('',*,*,#1878,.F.);
#986=ORIENTED_EDGE('',*,*,#1879,.F.);
#987=ORIENTED_EDGE('',*,*,#1870,.T.);
#988=ORIENTED_EDGE('',*,*,#1874,.T.);
#989=ORIENTED_EDGE('',*,*,#1880,.F.);
#990=ORIENTED_EDGE('',*,*,#1881,.F.);
#991=ORIENTED_EDGE('',*,*,#1882,.T.);
#992=ORIENTED_EDGE('',*,*,#1879,.T.);
#993=ORIENTED_EDGE('',*,*,#1883,.F.);
#994=ORIENTED_EDGE('',*,*,#1884,.F.);
#995=ORIENTED_EDGE('',*,*,#1880,.T.);
#996=ORIENTED_EDGE('',*,*,#1878,.T.);
#997=ORIENTED_EDGE('',*,*,#1885,.F.);
#998=ORIENTED_EDGE('',*,*,#1886,.F.);
#999=ORIENTED_EDGE('',*,*,#1883,.T.);
#1000=ORIENTED_EDGE('',*,*,#1877,.T.);
#1001=ORIENTED_EDGE('',*,*,#1887,.F.);
#1002=ORIENTED_EDGE('',*,*,#1888,.F.);
#1003=ORIENTED_EDGE('',*,*,#1885,.T.);
#1004=ORIENTED_EDGE('',*,*,#1876,.T.);
#1005=ORIENTED_EDGE('',*,*,#1889,.F.);
#1006=ORIENTED_EDGE('',*,*,#1890,.F.);
#1007=ORIENTED_EDGE('',*,*,#1887,.T.);
#1008=ORIENTED_EDGE('',*,*,#1875,.T.);
#1009=ORIENTED_EDGE('',*,*,#1882,.F.);
#1010=ORIENTED_EDGE('',*,*,#1891,.F.);
#1011=ORIENTED_EDGE('',*,*,#1889,.T.);
#1012=ORIENTED_EDGE('',*,*,#1881,.T.);
#1013=ORIENTED_EDGE('',*,*,#1884,.T.);
#1014=ORIENTED_EDGE('',*,*,#1886,.T.);
#1015=ORIENTED_EDGE('',*,*,#1888,.T.);
#1016=ORIENTED_EDGE('',*,*,#1890,.T.);
#1017=ORIENTED_EDGE('',*,*,#1891,.T.);
#1018=ORIENTED_EDGE('',*,*,#1892,.F.);
#1019=ORIENTED_EDGE('',*,*,#1893,.T.);
#1020=ORIENTED_EDGE('',*,*,#1894,.F.);
#1021=ORIENTED_EDGE('',*,*,#1895,.F.);
#1022=ORIENTED_EDGE('',*,*,#1896,.T.);
#1023=ORIENTED_EDGE('',*,*,#1897,.T.);
#1024=ORIENTED_EDGE('',*,*,#1898,.T.);
#1025=ORIENTED_EDGE('',*,*,#1899,.F.);
#1026=ORIENTED_EDGE('',*,*,#1900,.F.);
#1027=ORIENTED_EDGE('',*,*,#1895,.T.);
#1028=ORIENTED_EDGE('',*,*,#1901,.F.);
#1029=ORIENTED_EDGE('',*,*,#1902,.F.);
#1030=ORIENTED_EDGE('',*,*,#1903,.T.);
#1031=ORIENTED_EDGE('',*,*,#1899,.T.);
#1032=ORIENTED_EDGE('',*,*,#1904,.T.);
#1033=ORIENTED_EDGE('',*,*,#1905,.F.);
#1034=ORIENTED_EDGE('',*,*,#1906,.F.);
#1035=ORIENTED_EDGE('',*,*,#1902,.T.);
#1036=ORIENTED_EDGE('',*,*,#1907,.F.);
#1037=ORIENTED_EDGE('',*,*,#1908,.F.);
#1038=ORIENTED_EDGE('',*,*,#1909,.T.);
#1039=ORIENTED_EDGE('',*,*,#1905,.T.);
#1040=ORIENTED_EDGE('',*,*,#1910,.F.);
#1041=ORIENTED_EDGE('',*,*,#1911,.F.);
#1042=ORIENTED_EDGE('',*,*,#1912,.T.);
#1043=ORIENTED_EDGE('',*,*,#1908,.T.);
#1044=ORIENTED_EDGE('',*,*,#1913,.F.);
#1045=ORIENTED_EDGE('',*,*,#1914,.F.);
#1046=ORIENTED_EDGE('',*,*,#1915,.T.);
#1047=ORIENTED_EDGE('',*,*,#1911,.T.);
#1048=ORIENTED_EDGE('',*,*,#1916,.F.);
#1049=ORIENTED_EDGE('',*,*,#1917,.F.);
#1050=ORIENTED_EDGE('',*,*,#1918,.T.);
#1051=ORIENTED_EDGE('',*,*,#1914,.T.);
#1052=ORIENTED_EDGE('',*,*,#1919,.F.);
#1053=ORIENTED_EDGE('',*,*,#1920,.F.);
#1054=ORIENTED_EDGE('',*,*,#1921,.T.);
#1055=ORIENTED_EDGE('',*,*,#1917,.T.);
#1056=ORIENTED_EDGE('',*,*,#1922,.T.);
#1057=ORIENTED_EDGE('',*,*,#1923,.F.);
#1058=ORIENTED_EDGE('',*,*,#1924,.F.);
#1059=ORIENTED_EDGE('',*,*,#1925,.T.);
#1060=ORIENTED_EDGE('',*,*,#1926,.T.);
#1061=ORIENTED_EDGE('',*,*,#1927,.F.);
#1062=ORIENTED_EDGE('',*,*,#1928,.F.);
#1063=ORIENTED_EDGE('',*,*,#1923,.T.);
#1064=ORIENTED_EDGE('',*,*,#1929,.F.);
#1065=ORIENTED_EDGE('',*,*,#1930,.F.);
#1066=ORIENTED_EDGE('',*,*,#1931,.T.);
#1067=ORIENTED_EDGE('',*,*,#1927,.T.);
#1068=ORIENTED_EDGE('',*,*,#1932,.F.);
#1069=ORIENTED_EDGE('',*,*,#1933,.F.);
#1070=ORIENTED_EDGE('',*,*,#1934,.T.);
#1071=ORIENTED_EDGE('',*,*,#1930,.T.);
#1072=ORIENTED_EDGE('',*,*,#1935,.T.);
#1073=ORIENTED_EDGE('',*,*,#1936,.F.);
#1074=ORIENTED_EDGE('',*,*,#1937,.F.);
#1075=ORIENTED_EDGE('',*,*,#1933,.T.);
#1076=ORIENTED_EDGE('',*,*,#1938,.F.);
#1077=ORIENTED_EDGE('',*,*,#1939,.F.);
#1078=ORIENTED_EDGE('',*,*,#1940,.T.);
#1079=ORIENTED_EDGE('',*,*,#1936,.T.);
#1080=ORIENTED_EDGE('',*,*,#1941,.T.);
#1081=ORIENTED_EDGE('',*,*,#1942,.F.);
#1082=ORIENTED_EDGE('',*,*,#1943,.F.);
#1083=ORIENTED_EDGE('',*,*,#1939,.T.);
#1084=ORIENTED_EDGE('',*,*,#1944,.T.);
#1085=ORIENTED_EDGE('',*,*,#1945,.F.);
#1086=ORIENTED_EDGE('',*,*,#1946,.F.);
#1087=ORIENTED_EDGE('',*,*,#1942,.T.);
#1088=ORIENTED_EDGE('',*,*,#1947,.T.);
#1089=ORIENTED_EDGE('',*,*,#1948,.F.);
#1090=ORIENTED_EDGE('',*,*,#1949,.F.);
#1091=ORIENTED_EDGE('',*,*,#1945,.T.);
#1092=ORIENTED_EDGE('',*,*,#1950,.F.);
#1093=ORIENTED_EDGE('',*,*,#1951,.F.);
#1094=ORIENTED_EDGE('',*,*,#1952,.T.);
#1095=ORIENTED_EDGE('',*,*,#1953,.T.);
#1096=ORIENTED_EDGE('',*,*,#1954,.F.);
#1097=ORIENTED_EDGE('',*,*,#1955,.F.);
#1098=ORIENTED_EDGE('',*,*,#1956,.T.);
#1099=ORIENTED_EDGE('',*,*,#1951,.T.);
#1100=ORIENTED_EDGE('',*,*,#1957,.T.);
#1101=ORIENTED_EDGE('',*,*,#1958,.F.);
#1102=ORIENTED_EDGE('',*,*,#1959,.F.);
#1103=ORIENTED_EDGE('',*,*,#1955,.T.);
#1104=ORIENTED_EDGE('',*,*,#1960,.F.);
#1105=ORIENTED_EDGE('',*,*,#1961,.F.);
#1106=ORIENTED_EDGE('',*,*,#1962,.T.);
#1107=ORIENTED_EDGE('',*,*,#1963,.T.);
#1108=ORIENTED_EDGE('',*,*,#1964,.T.);
#1109=ORIENTED_EDGE('',*,*,#1965,.F.);
#1110=ORIENTED_EDGE('',*,*,#1966,.F.);
#1111=ORIENTED_EDGE('',*,*,#1961,.T.);
#1112=ORIENTED_EDGE('',*,*,#1967,.T.);
#1113=ORIENTED_EDGE('',*,*,#1968,.F.);
#1114=ORIENTED_EDGE('',*,*,#1969,.F.);
#1115=ORIENTED_EDGE('',*,*,#1965,.T.);
#1116=ORIENTED_EDGE('',*,*,#1970,.T.);
#1117=ORIENTED_EDGE('',*,*,#1897,.F.);
#1118=ORIENTED_EDGE('',*,*,#1971,.F.);
#1119=ORIENTED_EDGE('',*,*,#1920,.T.);
#1120=ORIENTED_EDGE('',*,*,#1972,.T.);
#1121=ORIENTED_EDGE('',*,*,#1925,.F.);
#1122=ORIENTED_EDGE('',*,*,#1973,.F.);
#1123=ORIENTED_EDGE('',*,*,#1948,.T.);
#1124=ORIENTED_EDGE('',*,*,#1974,.T.);
#1125=ORIENTED_EDGE('',*,*,#1953,.F.);
#1126=ORIENTED_EDGE('',*,*,#1975,.F.);
#1127=ORIENTED_EDGE('',*,*,#1958,.T.);
#1128=ORIENTED_EDGE('',*,*,#1976,.F.);
#1129=ORIENTED_EDGE('',*,*,#1963,.F.);
#1130=ORIENTED_EDGE('',*,*,#1977,.T.);
#1131=ORIENTED_EDGE('',*,*,#1968,.T.);
#1132=ORIENTED_EDGE('',*,*,#1978,.F.);
#1133=ORIENTED_EDGE('',*,*,#1979,.F.);
#1134=ORIENTED_EDGE('',*,*,#1962,.F.);
#1135=ORIENTED_EDGE('',*,*,#1966,.T.);
#1136=ORIENTED_EDGE('',*,*,#1969,.T.);
#1137=ORIENTED_EDGE('',*,*,#1977,.F.);
#1138=ORIENTED_EDGE('',*,*,#1952,.F.);
#1139=ORIENTED_EDGE('',*,*,#1956,.F.);
#1140=ORIENTED_EDGE('',*,*,#1959,.T.);
#1141=ORIENTED_EDGE('',*,*,#1975,.T.);
#1142=ORIENTED_EDGE('',*,*,#1924,.T.);
#1143=ORIENTED_EDGE('',*,*,#1928,.T.);
#1144=ORIENTED_EDGE('',*,*,#1931,.F.);
#1145=ORIENTED_EDGE('',*,*,#1934,.F.);
#1146=ORIENTED_EDGE('',*,*,#1937,.T.);
#1147=ORIENTED_EDGE('',*,*,#1940,.F.);
#1148=ORIENTED_EDGE('',*,*,#1943,.T.);
#1149=ORIENTED_EDGE('',*,*,#1946,.T.);
#1150=ORIENTED_EDGE('',*,*,#1949,.T.);
#1151=ORIENTED_EDGE('',*,*,#1973,.T.);
#1152=ORIENTED_EDGE('',*,*,#1896,.F.);
#1153=ORIENTED_EDGE('',*,*,#1900,.T.);
#1154=ORIENTED_EDGE('',*,*,#1903,.F.);
#1155=ORIENTED_EDGE('',*,*,#1906,.T.);
#1156=ORIENTED_EDGE('',*,*,#1909,.F.);
#1157=ORIENTED_EDGE('',*,*,#1912,.F.);
#1158=ORIENTED_EDGE('',*,*,#1915,.F.);
#1159=ORIENTED_EDGE('',*,*,#1918,.F.);
#1160=ORIENTED_EDGE('',*,*,#1921,.F.);
#1161=ORIENTED_EDGE('',*,*,#1971,.T.);
#1162=ORIENTED_EDGE('',*,*,#1980,.F.);
#1163=ORIENTED_EDGE('',*,*,#1960,.T.);
#1164=ORIENTED_EDGE('',*,*,#1976,.T.);
#1165=ORIENTED_EDGE('',*,*,#1967,.F.);
#1166=ORIENTED_EDGE('',*,*,#1964,.F.);
#1167=ORIENTED_EDGE('',*,*,#1950,.T.);
#1168=ORIENTED_EDGE('',*,*,#1974,.F.);
#1169=ORIENTED_EDGE('',*,*,#1957,.F.);
#1170=ORIENTED_EDGE('',*,*,#1954,.T.);
#1171=ORIENTED_EDGE('',*,*,#1922,.F.);
#1172=ORIENTED_EDGE('',*,*,#1972,.F.);
#1173=ORIENTED_EDGE('',*,*,#1947,.F.);
#1174=ORIENTED_EDGE('',*,*,#1944,.F.);
#1175=ORIENTED_EDGE('',*,*,#1941,.F.);
#1176=ORIENTED_EDGE('',*,*,#1938,.T.);
#1177=ORIENTED_EDGE('',*,*,#1935,.F.);
#1178=ORIENTED_EDGE('',*,*,#1932,.T.);
#1179=ORIENTED_EDGE('',*,*,#1929,.T.);
#1180=ORIENTED_EDGE('',*,*,#1926,.F.);
#1181=ORIENTED_EDGE('',*,*,#1894,.T.);
#1182=ORIENTED_EDGE('',*,*,#1970,.F.);
#1183=ORIENTED_EDGE('',*,*,#1919,.T.);
#1184=ORIENTED_EDGE('',*,*,#1916,.T.);
#1185=ORIENTED_EDGE('',*,*,#1913,.T.);
#1186=ORIENTED_EDGE('',*,*,#1910,.T.);
#1187=ORIENTED_EDGE('',*,*,#1907,.T.);
#1188=ORIENTED_EDGE('',*,*,#1904,.F.);
#1189=ORIENTED_EDGE('',*,*,#1901,.T.);
#1190=ORIENTED_EDGE('',*,*,#1898,.F.);
#1191=ORIENTED_EDGE('',*,*,#1981,.T.);
#1192=ORIENTED_EDGE('',*,*,#1982,.T.);
#1193=ORIENTED_EDGE('',*,*,#1981,.F.);
#1194=ORIENTED_EDGE('',*,*,#1982,.F.);
#1195=ORIENTED_EDGE('',*,*,#1892,.T.);
#1196=ORIENTED_EDGE('',*,*,#1980,.T.);
#1197=ORIENTED_EDGE('',*,*,#1983,.F.);
#1198=ORIENTED_EDGE('',*,*,#1983,.T.);
#1199=ORIENTED_EDGE('',*,*,#1893,.F.);
#1200=ORIENTED_EDGE('',*,*,#1984,.F.);
#1201=ORIENTED_EDGE('',*,*,#1979,.T.);
#1202=ORIENTED_EDGE('',*,*,#1984,.T.);
#1203=ORIENTED_EDGE('',*,*,#1985,.F.);
#1204=ORIENTED_EDGE('',*,*,#1978,.T.);
#1205=ORIENTED_EDGE('',*,*,#1985,.T.);
#1206=ORIENTED_EDGE('',*,*,#1986,.T.);
#1207=ORIENTED_EDGE('',*,*,#1987,.F.);
#1208=ORIENTED_EDGE('',*,*,#1988,.F.);
#1209=ORIENTED_EDGE('',*,*,#1989,.T.);
#1210=ORIENTED_EDGE('',*,*,#1990,.T.);
#1211=ORIENTED_EDGE('',*,*,#1991,.T.);
#1212=ORIENTED_EDGE('',*,*,#1992,.T.);
#1213=ORIENTED_EDGE('',*,*,#1993,.T.);
#1214=ORIENTED_EDGE('',*,*,#1989,.F.);
#1215=ORIENTED_EDGE('',*,*,#1994,.F.);
#1216=ORIENTED_EDGE('',*,*,#1995,.T.);
#1217=ORIENTED_EDGE('',*,*,#1996,.T.);
#1218=ORIENTED_EDGE('',*,*,#1990,.F.);
#1219=ORIENTED_EDGE('',*,*,#1997,.F.);
#1220=ORIENTED_EDGE('',*,*,#1998,.T.);
#1221=ORIENTED_EDGE('',*,*,#1999,.F.);
#1222=ORIENTED_EDGE('',*,*,#2000,.F.);
#1223=ORIENTED_EDGE('',*,*,#2001,.T.);
#1224=ORIENTED_EDGE('',*,*,#1995,.F.);
#1225=ORIENTED_EDGE('',*,*,#2002,.F.);
#1226=ORIENTED_EDGE('',*,*,#2003,.T.);
#1227=ORIENTED_EDGE('',*,*,#1998,.F.);
#1228=ORIENTED_EDGE('',*,*,#2004,.F.);
#1229=ORIENTED_EDGE('',*,*,#2005,.T.);
#1230=ORIENTED_EDGE('',*,*,#2006,.T.);
#1231=ORIENTED_EDGE('',*,*,#2007,.F.);
#1232=ORIENTED_EDGE('',*,*,#2008,.F.);
#1233=ORIENTED_EDGE('',*,*,#2009,.T.);
#1234=ORIENTED_EDGE('',*,*,#2010,.F.);
#1235=ORIENTED_EDGE('',*,*,#2011,.F.);
#1236=ORIENTED_EDGE('',*,*,#2012,.T.);
#1237=ORIENTED_EDGE('',*,*,#2013,.F.);
#1238=ORIENTED_EDGE('',*,*,#2014,.F.);
#1239=ORIENTED_EDGE('',*,*,#2006,.F.);
#1240=ORIENTED_EDGE('',*,*,#2015,.T.);
#1241=ORIENTED_EDGE('',*,*,#2016,.T.);
#1242=ORIENTED_EDGE('',*,*,#2017,.F.);
#1243=ORIENTED_EDGE('',*,*,#2016,.F.);
#1244=ORIENTED_EDGE('',*,*,#2018,.T.);
#1245=ORIENTED_EDGE('',*,*,#2019,.T.);
#1246=ORIENTED_EDGE('',*,*,#2020,.T.);
#1247=ORIENTED_EDGE('',*,*,#2019,.F.);
#1248=ORIENTED_EDGE('',*,*,#2021,.F.);
#1249=ORIENTED_EDGE('',*,*,#2022,.T.);
#1250=ORIENTED_EDGE('',*,*,#2023,.F.);
#1251=ORIENTED_EDGE('',*,*,#2022,.F.);
#1252=ORIENTED_EDGE('',*,*,#2024,.T.);
#1253=ORIENTED_EDGE('',*,*,#2025,.T.);
#1254=ORIENTED_EDGE('',*,*,#2026,.F.);
#1255=ORIENTED_EDGE('',*,*,#2025,.F.);
#1256=ORIENTED_EDGE('',*,*,#2027,.T.);
#1257=ORIENTED_EDGE('',*,*,#2008,.T.);
#1258=ORIENTED_EDGE('',*,*,#2028,.F.);
#1259=ORIENTED_EDGE('',*,*,#2029,.T.);
#1260=ORIENTED_EDGE('',*,*,#2030,.T.);
#1261=ORIENTED_EDGE('',*,*,#2031,.T.);
#1262=ORIENTED_EDGE('',*,*,#2032,.F.);
#1263=ORIENTED_EDGE('',*,*,#2005,.F.);
#1264=ORIENTED_EDGE('',*,*,#2033,.T.);
#1265=ORIENTED_EDGE('',*,*,#1987,.T.);
#1266=ORIENTED_EDGE('',*,*,#2009,.F.);
#1267=ORIENTED_EDGE('',*,*,#2027,.F.);
#1268=ORIENTED_EDGE('',*,*,#2024,.F.);
#1269=ORIENTED_EDGE('',*,*,#2021,.T.);
#1270=ORIENTED_EDGE('',*,*,#2018,.F.);
#1271=ORIENTED_EDGE('',*,*,#2015,.F.);
#1272=ORIENTED_EDGE('',*,*,#1988,.T.);
#1273=ORIENTED_EDGE('',*,*,#2033,.F.);
#1274=ORIENTED_EDGE('',*,*,#2004,.T.);
#1275=ORIENTED_EDGE('',*,*,#2002,.T.);
#1276=ORIENTED_EDGE('',*,*,#1997,.T.);
#1277=ORIENTED_EDGE('',*,*,#1994,.T.);
#1278=ORIENTED_EDGE('',*,*,#2034,.F.);
#1279=ORIENTED_EDGE('',*,*,#2003,.F.);
#1280=ORIENTED_EDGE('',*,*,#2032,.T.);
#1281=ORIENTED_EDGE('',*,*,#1986,.F.);
#1282=ORIENTED_EDGE('',*,*,#2035,.T.);
#1283=ORIENTED_EDGE('',*,*,#2010,.T.);
#1284=ORIENTED_EDGE('',*,*,#2017,.T.);
#1285=ORIENTED_EDGE('',*,*,#2020,.F.);
#1286=ORIENTED_EDGE('',*,*,#2023,.T.);
#1287=ORIENTED_EDGE('',*,*,#2026,.T.);
#1288=ORIENTED_EDGE('',*,*,#2036,.F.);
#1289=ORIENTED_EDGE('',*,*,#2037,.F.);
#1290=ORIENTED_EDGE('',*,*,#2038,.F.);
#1291=ORIENTED_EDGE('',*,*,#2039,.F.);
#1292=ORIENTED_EDGE('',*,*,#2040,.F.);
#1293=ORIENTED_EDGE('',*,*,#2041,.F.);
#1294=ORIENTED_EDGE('',*,*,#2042,.F.);
#1295=ORIENTED_EDGE('',*,*,#2043,.T.);
#1296=ORIENTED_EDGE('',*,*,#2044,.F.);
#1297=ORIENTED_EDGE('',*,*,#2045,.T.);
#1298=ORIENTED_EDGE('',*,*,#2046,.T.);
#1299=ORIENTED_EDGE('',*,*,#2030,.F.);
#1300=ORIENTED_EDGE('',*,*,#2047,.F.);
#1301=ORIENTED_EDGE('',*,*,#2048,.T.);
#1302=ORIENTED_EDGE('',*,*,#2049,.F.);
#1303=ORIENTED_EDGE('',*,*,#2012,.F.);
#1304=ORIENTED_EDGE('',*,*,#2043,.F.);
#1305=ORIENTED_EDGE('',*,*,#1992,.F.);
#1306=ORIENTED_EDGE('',*,*,#2050,.T.);
#1307=ORIENTED_EDGE('',*,*,#2051,.T.);
#1308=ORIENTED_EDGE('',*,*,#2045,.F.);
#1309=ORIENTED_EDGE('',*,*,#2052,.F.);
#1310=ORIENTED_EDGE('',*,*,#2053,.T.);
#1311=ORIENTED_EDGE('',*,*,#2000,.T.);
#1312=ORIENTED_EDGE('',*,*,#2049,.T.);
#1313=ORIENTED_EDGE('',*,*,#2054,.F.);
#1314=ORIENTED_EDGE('',*,*,#2055,.F.);
#1315=ORIENTED_EDGE('',*,*,#2013,.T.);
#1316=ORIENTED_EDGE('',*,*,#2048,.F.);
#1317=ORIENTED_EDGE('',*,*,#2056,.F.);
#1318=ORIENTED_EDGE('',*,*,#2057,.T.);
#1319=ORIENTED_EDGE('',*,*,#2054,.T.);
#1320=ORIENTED_EDGE('',*,*,#2047,.T.);
#1321=ORIENTED_EDGE('',*,*,#2029,.F.);
#1322=ORIENTED_EDGE('',*,*,#2058,.F.);
#1323=ORIENTED_EDGE('',*,*,#2056,.T.);
#1324=ORIENTED_EDGE('',*,*,#2044,.T.);
#1325=ORIENTED_EDGE('',*,*,#2051,.F.);
#1326=ORIENTED_EDGE('',*,*,#2059,.F.);
#1327=ORIENTED_EDGE('',*,*,#2052,.T.);
#1328=ORIENTED_EDGE('',*,*,#2007,.T.);
#1329=ORIENTED_EDGE('',*,*,#2014,.T.);
#1330=ORIENTED_EDGE('',*,*,#2055,.T.);
#1331=ORIENTED_EDGE('',*,*,#2057,.F.);
#1332=ORIENTED_EDGE('',*,*,#2058,.T.);
#1333=ORIENTED_EDGE('',*,*,#2028,.T.);
#1334=ORIENTED_EDGE('',*,*,#2050,.F.);
#1335=ORIENTED_EDGE('',*,*,#1991,.F.);
#1336=ORIENTED_EDGE('',*,*,#1996,.F.);
#1337=ORIENTED_EDGE('',*,*,#2001,.F.);
#1338=ORIENTED_EDGE('',*,*,#2053,.F.);
#1339=ORIENTED_EDGE('',*,*,#2059,.T.);
#1340=ORIENTED_EDGE('',*,*,#2035,.F.);
#1341=ORIENTED_EDGE('',*,*,#1993,.F.);
#1342=ORIENTED_EDGE('',*,*,#2042,.T.);
#1343=ORIENTED_EDGE('',*,*,#2011,.T.);
#1344=ORIENTED_EDGE('',*,*,#2034,.T.);
#1345=ORIENTED_EDGE('',*,*,#2031,.F.);
#1346=ORIENTED_EDGE('',*,*,#2046,.F.);
#1347=ORIENTED_EDGE('',*,*,#1999,.T.);
#1348=ORIENTED_EDGE('',*,*,#2041,.T.);
#1349=ORIENTED_EDGE('',*,*,#2036,.T.);
#1350=ORIENTED_EDGE('',*,*,#2040,.T.);
#1351=ORIENTED_EDGE('',*,*,#2037,.T.);
#1352=ORIENTED_EDGE('',*,*,#2039,.T.);
#1353=ORIENTED_EDGE('',*,*,#2038,.T.);
#1354=ORIENTED_EDGE('',*,*,#2060,.F.);
#1355=ORIENTED_EDGE('',*,*,#2061,.F.);
#1356=ORIENTED_EDGE('',*,*,#2062,.T.);
#1357=ORIENTED_EDGE('',*,*,#2063,.T.);
#1358=ORIENTED_EDGE('',*,*,#2064,.T.);
#1359=ORIENTED_EDGE('',*,*,#2065,.F.);
#1360=ORIENTED_EDGE('',*,*,#2066,.F.);
#1361=ORIENTED_EDGE('',*,*,#2061,.T.);
#1362=ORIENTED_EDGE('',*,*,#2067,.T.);
#1363=ORIENTED_EDGE('',*,*,#2068,.F.);
#1364=ORIENTED_EDGE('',*,*,#2069,.F.);
#1365=ORIENTED_EDGE('',*,*,#2065,.T.);
#1366=ORIENTED_EDGE('',*,*,#2070,.T.);
#1367=ORIENTED_EDGE('',*,*,#2071,.F.);
#1368=ORIENTED_EDGE('',*,*,#2072,.T.);
#1369=ORIENTED_EDGE('',*,*,#2063,.F.);
#1370=ORIENTED_EDGE('',*,*,#2073,.F.);
#1371=ORIENTED_EDGE('',*,*,#2068,.T.);
#1372=ORIENTED_EDGE('',*,*,#2074,.T.);
#1373=ORIENTED_EDGE('',*,*,#2075,.F.);
#1374=ORIENTED_EDGE('',*,*,#2062,.F.);
#1375=ORIENTED_EDGE('',*,*,#2066,.T.);
#1376=ORIENTED_EDGE('',*,*,#2069,.T.);
#1377=ORIENTED_EDGE('',*,*,#2073,.T.);
#1378=ORIENTED_EDGE('',*,*,#2070,.F.);
#1379=ORIENTED_EDGE('',*,*,#2074,.F.);
#1380=ORIENTED_EDGE('',*,*,#2060,.T.);
#1381=ORIENTED_EDGE('',*,*,#2072,.F.);
#1382=ORIENTED_EDGE('',*,*,#2067,.F.);
#1383=ORIENTED_EDGE('',*,*,#2064,.F.);
#1384=ORIENTED_EDGE('',*,*,#2071,.T.);
#1385=ORIENTED_EDGE('',*,*,#2075,.T.);
#1386=ORIENTED_EDGE('',*,*,#2076,.F.);
#1387=ORIENTED_EDGE('',*,*,#2077,.F.);
#1388=ORIENTED_EDGE('',*,*,#2078,.T.);
#1389=ORIENTED_EDGE('',*,*,#2079,.T.);
#1390=ORIENTED_EDGE('',*,*,#2080,.T.);
#1391=ORIENTED_EDGE('',*,*,#2081,.F.);
#1392=ORIENTED_EDGE('',*,*,#2082,.F.);
#1393=ORIENTED_EDGE('',*,*,#2077,.T.);
#1394=ORIENTED_EDGE('',*,*,#2083,.T.);
#1395=ORIENTED_EDGE('',*,*,#2084,.F.);
#1396=ORIENTED_EDGE('',*,*,#2085,.F.);
#1397=ORIENTED_EDGE('',*,*,#2081,.T.);
#1398=ORIENTED_EDGE('',*,*,#2086,.T.);
#1399=ORIENTED_EDGE('',*,*,#2087,.F.);
#1400=ORIENTED_EDGE('',*,*,#2088,.T.);
#1401=ORIENTED_EDGE('',*,*,#2079,.F.);
#1402=ORIENTED_EDGE('',*,*,#2089,.F.);
#1403=ORIENTED_EDGE('',*,*,#2084,.T.);
#1404=ORIENTED_EDGE('',*,*,#2090,.T.);
#1405=ORIENTED_EDGE('',*,*,#2091,.F.);
#1406=ORIENTED_EDGE('',*,*,#2078,.F.);
#1407=ORIENTED_EDGE('',*,*,#2082,.T.);
#1408=ORIENTED_EDGE('',*,*,#2085,.T.);
#1409=ORIENTED_EDGE('',*,*,#2089,.T.);
#1410=ORIENTED_EDGE('',*,*,#2086,.F.);
#1411=ORIENTED_EDGE('',*,*,#2090,.F.);
#1412=ORIENTED_EDGE('',*,*,#2076,.T.);
#1413=ORIENTED_EDGE('',*,*,#2088,.F.);
#1414=ORIENTED_EDGE('',*,*,#2083,.F.);
#1415=ORIENTED_EDGE('',*,*,#2080,.F.);
#1416=ORIENTED_EDGE('',*,*,#2087,.T.);
#1417=ORIENTED_EDGE('',*,*,#2091,.T.);
#1418=ORIENTED_EDGE('',*,*,#2092,.F.);
#1419=ORIENTED_EDGE('',*,*,#2093,.T.);
#1420=ORIENTED_EDGE('',*,*,#2094,.T.);
#1421=ORIENTED_EDGE('',*,*,#2095,.F.);
#1422=ORIENTED_EDGE('',*,*,#2096,.F.);
#1423=ORIENTED_EDGE('',*,*,#2097,.F.);
#1424=ORIENTED_EDGE('',*,*,#2098,.T.);
#1425=ORIENTED_EDGE('',*,*,#2099,.T.);
#1426=ORIENTED_EDGE('',*,*,#2100,.T.);
#1427=ORIENTED_EDGE('',*,*,#2101,.T.);
#1428=ORIENTED_EDGE('',*,*,#2102,.F.);
#1429=ORIENTED_EDGE('',*,*,#2092,.T.);
#1430=ORIENTED_EDGE('',*,*,#2103,.T.);
#1431=ORIENTED_EDGE('',*,*,#2104,.F.);
#1432=ORIENTED_EDGE('',*,*,#2105,.F.);
#1433=ORIENTED_EDGE('',*,*,#2097,.T.);
#1434=ORIENTED_EDGE('',*,*,#2106,.T.);
#1435=ORIENTED_EDGE('',*,*,#2094,.F.);
#1436=ORIENTED_EDGE('',*,*,#2107,.T.);
#1437=ORIENTED_EDGE('',*,*,#2108,.F.);
#1438=ORIENTED_EDGE('',*,*,#2109,.F.);
#1439=ORIENTED_EDGE('',*,*,#2110,.F.);
#1440=ORIENTED_EDGE('',*,*,#2111,.F.);
#1441=ORIENTED_EDGE('',*,*,#2104,.T.);
#1442=ORIENTED_EDGE('',*,*,#2112,.F.);
#1443=ORIENTED_EDGE('',*,*,#2099,.F.);
#1444=ORIENTED_EDGE('',*,*,#2113,.T.);
#1445=ORIENTED_EDGE('',*,*,#2110,.T.);
#1446=ORIENTED_EDGE('',*,*,#2114,.T.);
#1447=ORIENTED_EDGE('',*,*,#2115,.F.);
#1448=ORIENTED_EDGE('',*,*,#2098,.F.);
#1449=ORIENTED_EDGE('',*,*,#2105,.T.);
#1450=ORIENTED_EDGE('',*,*,#2111,.T.);
#1451=ORIENTED_EDGE('',*,*,#2113,.F.);
#1452=ORIENTED_EDGE('',*,*,#2114,.F.);
#1453=ORIENTED_EDGE('',*,*,#2096,.T.);
#1454=ORIENTED_EDGE('',*,*,#2095,.T.);
#1455=ORIENTED_EDGE('',*,*,#2106,.F.);
#1456=ORIENTED_EDGE('',*,*,#2103,.F.);
#1457=ORIENTED_EDGE('',*,*,#2115,.T.);
#1458=ORIENTED_EDGE('',*,*,#2116,.T.);
#1459=ORIENTED_EDGE('',*,*,#2101,.F.);
#1460=ORIENTED_EDGE('',*,*,#2117,.F.);
#1461=ORIENTED_EDGE('',*,*,#2108,.T.);
#1462=ORIENTED_EDGE('',*,*,#2118,.T.);
#1463=ORIENTED_EDGE('',*,*,#2119,.F.);
#1464=ORIENTED_EDGE('',*,*,#2100,.F.);
#1465=ORIENTED_EDGE('',*,*,#2112,.T.);
#1466=ORIENTED_EDGE('',*,*,#2109,.T.);
#1467=ORIENTED_EDGE('',*,*,#2117,.T.);
#1468=ORIENTED_EDGE('',*,*,#2118,.F.);
#1469=ORIENTED_EDGE('',*,*,#2102,.T.);
#1470=ORIENTED_EDGE('',*,*,#2116,.F.);
#1471=ORIENTED_EDGE('',*,*,#2107,.F.);
#1472=ORIENTED_EDGE('',*,*,#2093,.F.);
#1473=ORIENTED_EDGE('',*,*,#2119,.T.);
#1474=ORIENTED_EDGE('',*,*,#2120,.T.);
#1475=ORIENTED_EDGE('',*,*,#2121,.F.);
#1476=ORIENTED_EDGE('',*,*,#2122,.T.);
#1477=ORIENTED_EDGE('',*,*,#2123,.T.);
#1478=ORIENTED_EDGE('',*,*,#2124,.F.);
#1479=ORIENTED_EDGE('',*,*,#2125,.F.);
#1480=ORIENTED_EDGE('',*,*,#2126,.F.);
#1481=ORIENTED_EDGE('',*,*,#2127,.F.);
#1482=ORIENTED_EDGE('',*,*,#2128,.T.);
#1483=ORIENTED_EDGE('',*,*,#2129,.F.);
#1484=ORIENTED_EDGE('',*,*,#2130,.T.);
#1485=ORIENTED_EDGE('',*,*,#2131,.T.);
#1486=ORIENTED_EDGE('',*,*,#2123,.F.);
#1487=ORIENTED_EDGE('',*,*,#2132,.F.);
#1488=ORIENTED_EDGE('',*,*,#2133,.F.);
#1489=ORIENTED_EDGE('',*,*,#2134,.T.);
#1490=ORIENTED_EDGE('',*,*,#2129,.T.);
#1491=ORIENTED_EDGE('',*,*,#2135,.T.);
#1492=ORIENTED_EDGE('',*,*,#2136,.T.);
#1493=ORIENTED_EDGE('',*,*,#2121,.T.);
#1494=ORIENTED_EDGE('',*,*,#2137,.F.);
#1495=ORIENTED_EDGE('',*,*,#2138,.F.);
#1496=ORIENTED_EDGE('',*,*,#2133,.T.);
#1497=ORIENTED_EDGE('',*,*,#2139,.F.);
#1498=ORIENTED_EDGE('',*,*,#2140,.T.);
#1499=ORIENTED_EDGE('',*,*,#2124,.T.);
#1500=ORIENTED_EDGE('',*,*,#2131,.F.);
#1501=ORIENTED_EDGE('',*,*,#2141,.F.);
#1502=ORIENTED_EDGE('',*,*,#2137,.T.);
#1503=ORIENTED_EDGE('',*,*,#2142,.T.);
#1504=ORIENTED_EDGE('',*,*,#2120,.F.);
#1505=ORIENTED_EDGE('',*,*,#2130,.F.);
#1506=ORIENTED_EDGE('',*,*,#2134,.F.);
#1507=ORIENTED_EDGE('',*,*,#2138,.T.);
#1508=ORIENTED_EDGE('',*,*,#2141,.T.);
#1509=ORIENTED_EDGE('',*,*,#2142,.F.);
#1510=ORIENTED_EDGE('',*,*,#2143,.T.);
#1511=ORIENTED_EDGE('',*,*,#2140,.F.);
#1512=ORIENTED_EDGE('',*,*,#2144,.F.);
#1513=ORIENTED_EDGE('',*,*,#2127,.T.);
#1514=ORIENTED_EDGE('',*,*,#2145,.T.);
#1515=ORIENTED_EDGE('',*,*,#2146,.F.);
#1516=ORIENTED_EDGE('',*,*,#2128,.F.);
#1517=ORIENTED_EDGE('',*,*,#2144,.T.);
#1518=ORIENTED_EDGE('',*,*,#2139,.T.);
#1519=ORIENTED_EDGE('',*,*,#2132,.T.);
#1520=ORIENTED_EDGE('',*,*,#2145,.F.);
#1521=ORIENTED_EDGE('',*,*,#2126,.T.);
#1522=ORIENTED_EDGE('',*,*,#2147,.F.);
#1523=ORIENTED_EDGE('',*,*,#2135,.F.);
#1524=ORIENTED_EDGE('',*,*,#2143,.F.);
#1525=ORIENTED_EDGE('',*,*,#2146,.T.);
#1526=ORIENTED_EDGE('',*,*,#2122,.F.);
#1527=ORIENTED_EDGE('',*,*,#2136,.F.);
#1528=ORIENTED_EDGE('',*,*,#2147,.T.);
#1529=ORIENTED_EDGE('',*,*,#2125,.T.);
#1530=ORIENTED_EDGE('',*,*,#2148,.T.);
#1531=ORIENTED_EDGE('',*,*,#2149,.T.);
#1532=ORIENTED_EDGE('',*,*,#2150,.F.);
#1533=ORIENTED_EDGE('',*,*,#2151,.F.);
#1534=ORIENTED_EDGE('',*,*,#2152,.T.);
#1535=ORIENTED_EDGE('',*,*,#2153,.F.);
#1536=ORIENTED_EDGE('',*,*,#2154,.F.);
#1537=ORIENTED_EDGE('',*,*,#2155,.F.);
#1538=ORIENTED_EDGE('',*,*,#2156,.T.);
#1539=ORIENTED_EDGE('',*,*,#2148,.F.);
#1540=ORIENTED_EDGE('',*,*,#2157,.F.);
#1541=ORIENTED_EDGE('',*,*,#2158,.T.);
#1542=ORIENTED_EDGE('',*,*,#2159,.F.);
#1543=ORIENTED_EDGE('',*,*,#2158,.F.);
#1544=ORIENTED_EDGE('',*,*,#2160,.T.);
#1545=ORIENTED_EDGE('',*,*,#2161,.T.);
#1546=ORIENTED_EDGE('',*,*,#2162,.T.);
#1547=ORIENTED_EDGE('',*,*,#2161,.F.);
#1548=ORIENTED_EDGE('',*,*,#2163,.F.);
#1549=ORIENTED_EDGE('',*,*,#2164,.T.);
#1550=ORIENTED_EDGE('',*,*,#2165,.F.);
#1551=ORIENTED_EDGE('',*,*,#2164,.F.);
#1552=ORIENTED_EDGE('',*,*,#2166,.T.);
#1553=ORIENTED_EDGE('',*,*,#2167,.T.);
#1554=ORIENTED_EDGE('',*,*,#2168,.F.);
#1555=ORIENTED_EDGE('',*,*,#2169,.F.);
#1556=ORIENTED_EDGE('',*,*,#2170,.T.);
#1557=ORIENTED_EDGE('',*,*,#2171,.T.);
#1558=ORIENTED_EDGE('',*,*,#2172,.F.);
#1559=ORIENTED_EDGE('',*,*,#2173,.F.);
#1560=ORIENTED_EDGE('',*,*,#2174,.T.);
#1561=ORIENTED_EDGE('',*,*,#2175,.F.);
#1562=ORIENTED_EDGE('',*,*,#2176,.F.);
#1563=ORIENTED_EDGE('',*,*,#2177,.T.);
#1564=ORIENTED_EDGE('',*,*,#2178,.T.);
#1565=ORIENTED_EDGE('',*,*,#2179,.T.);
#1566=ORIENTED_EDGE('',*,*,#2180,.F.);
#1567=ORIENTED_EDGE('',*,*,#2171,.F.);
#1568=ORIENTED_EDGE('',*,*,#2181,.T.);
#1569=ORIENTED_EDGE('',*,*,#2182,.T.);
#1570=ORIENTED_EDGE('',*,*,#2183,.F.);
#1571=ORIENTED_EDGE('',*,*,#2182,.F.);
#1572=ORIENTED_EDGE('',*,*,#2184,.T.);
#1573=ORIENTED_EDGE('',*,*,#2185,.T.);
#1574=ORIENTED_EDGE('',*,*,#2186,.F.);
#1575=ORIENTED_EDGE('',*,*,#2185,.F.);
#1576=ORIENTED_EDGE('',*,*,#2187,.T.);
#1577=ORIENTED_EDGE('',*,*,#2188,.T.);
#1578=ORIENTED_EDGE('',*,*,#2189,.F.);
#1579=ORIENTED_EDGE('',*,*,#2188,.F.);
#1580=ORIENTED_EDGE('',*,*,#2190,.T.);
#1581=ORIENTED_EDGE('',*,*,#2191,.T.);
#1582=ORIENTED_EDGE('',*,*,#2150,.T.);
#1583=ORIENTED_EDGE('',*,*,#2192,.T.);
#1584=ORIENTED_EDGE('',*,*,#2193,.T.);
#1585=ORIENTED_EDGE('',*,*,#2194,.F.);
#1586=ORIENTED_EDGE('',*,*,#2195,.T.);
#1587=ORIENTED_EDGE('',*,*,#2196,.T.);
#1588=ORIENTED_EDGE('',*,*,#2167,.F.);
#1589=ORIENTED_EDGE('',*,*,#2197,.F.);
#1590=ORIENTED_EDGE('',*,*,#2198,.F.);
#1591=ORIENTED_EDGE('',*,*,#2191,.F.);
#1592=ORIENTED_EDGE('',*,*,#2199,.T.);
#1593=ORIENTED_EDGE('',*,*,#2169,.T.);
#1594=ORIENTED_EDGE('',*,*,#2200,.F.);
#1595=ORIENTED_EDGE('',*,*,#2201,.T.);
#1596=ORIENTED_EDGE('',*,*,#2170,.F.);
#1597=ORIENTED_EDGE('',*,*,#2199,.F.);
#1598=ORIENTED_EDGE('',*,*,#2190,.F.);
#1599=ORIENTED_EDGE('',*,*,#2187,.F.);
#1600=ORIENTED_EDGE('',*,*,#2184,.F.);
#1601=ORIENTED_EDGE('',*,*,#2181,.F.);
#1602=ORIENTED_EDGE('',*,*,#2151,.T.);
#1603=ORIENTED_EDGE('',*,*,#2197,.T.);
#1604=ORIENTED_EDGE('',*,*,#2166,.F.);
#1605=ORIENTED_EDGE('',*,*,#2163,.T.);
#1606=ORIENTED_EDGE('',*,*,#2160,.F.);
#1607=ORIENTED_EDGE('',*,*,#2157,.T.);
#1608=ORIENTED_EDGE('',*,*,#2200,.T.);
#1609=ORIENTED_EDGE('',*,*,#2202,.F.);
#1610=ORIENTED_EDGE('',*,*,#2203,.T.);
#1611=ORIENTED_EDGE('',*,*,#2152,.F.);
#1612=ORIENTED_EDGE('',*,*,#2159,.T.);
#1613=ORIENTED_EDGE('',*,*,#2162,.F.);
#1614=ORIENTED_EDGE('',*,*,#2165,.T.);
#1615=ORIENTED_EDGE('',*,*,#2196,.F.);
#1616=ORIENTED_EDGE('',*,*,#2204,.T.);
#1617=ORIENTED_EDGE('',*,*,#2205,.T.);
#1618=ORIENTED_EDGE('',*,*,#2172,.T.);
#1619=ORIENTED_EDGE('',*,*,#2180,.T.);
#1620=ORIENTED_EDGE('',*,*,#2183,.T.);
#1621=ORIENTED_EDGE('',*,*,#2186,.T.);
#1622=ORIENTED_EDGE('',*,*,#2189,.T.);
#1623=ORIENTED_EDGE('',*,*,#2198,.T.);
#1624=ORIENTED_EDGE('',*,*,#2168,.T.);
#1625=ORIENTED_EDGE('',*,*,#2206,.F.);
#1626=ORIENTED_EDGE('',*,*,#2207,.F.);
#1627=ORIENTED_EDGE('',*,*,#2201,.F.);
#1628=ORIENTED_EDGE('',*,*,#2208,.F.);
#1629=ORIENTED_EDGE('',*,*,#2209,.F.);
#1630=ORIENTED_EDGE('',*,*,#2210,.T.);
#1631=ORIENTED_EDGE('',*,*,#2211,.F.);
#1632=ORIENTED_EDGE('',*,*,#2212,.F.);
#1633=ORIENTED_EDGE('',*,*,#2194,.T.);
#1634=ORIENTED_EDGE('',*,*,#2213,.F.);
#1635=ORIENTED_EDGE('',*,*,#2214,.T.);
#1636=ORIENTED_EDGE('',*,*,#2215,.F.);
#1637=ORIENTED_EDGE('',*,*,#2154,.T.);
#1638=ORIENTED_EDGE('',*,*,#2216,.F.);
#1639=ORIENTED_EDGE('',*,*,#2217,.T.);
#1640=ORIENTED_EDGE('',*,*,#2178,.F.);
#1641=ORIENTED_EDGE('',*,*,#2218,.F.);
#1642=ORIENTED_EDGE('',*,*,#2219,.F.);
#1643=ORIENTED_EDGE('',*,*,#2220,.F.);
#1644=ORIENTED_EDGE('',*,*,#2221,.F.);
#1645=ORIENTED_EDGE('',*,*,#2222,.F.);
#1646=ORIENTED_EDGE('',*,*,#2174,.F.);
#1647=ORIENTED_EDGE('',*,*,#2215,.T.);
#1648=ORIENTED_EDGE('',*,*,#2223,.F.);
#1649=ORIENTED_EDGE('',*,*,#2224,.F.);
#1650=ORIENTED_EDGE('',*,*,#2155,.T.);
#1651=ORIENTED_EDGE('',*,*,#2214,.F.);
#1652=ORIENTED_EDGE('',*,*,#2225,.F.);
#1653=ORIENTED_EDGE('',*,*,#2226,.T.);
#1654=ORIENTED_EDGE('',*,*,#2223,.T.);
#1655=ORIENTED_EDGE('',*,*,#2213,.T.);
#1656=ORIENTED_EDGE('',*,*,#2193,.F.);
#1657=ORIENTED_EDGE('',*,*,#2227,.F.);
#1658=ORIENTED_EDGE('',*,*,#2225,.T.);
#1659=ORIENTED_EDGE('',*,*,#2222,.T.);
#1660=ORIENTED_EDGE('',*,*,#2228,.F.);
#1661=ORIENTED_EDGE('',*,*,#2229,.F.);
#1662=ORIENTED_EDGE('',*,*,#2175,.T.);
#1663=ORIENTED_EDGE('',*,*,#2221,.T.);
#1664=ORIENTED_EDGE('',*,*,#2230,.F.);
#1665=ORIENTED_EDGE('',*,*,#2231,.F.);
#1666=ORIENTED_EDGE('',*,*,#2228,.T.);
#1667=ORIENTED_EDGE('',*,*,#2220,.T.);
#1668=ORIENTED_EDGE('',*,*,#2232,.F.);
#1669=ORIENTED_EDGE('',*,*,#2233,.F.);
#1670=ORIENTED_EDGE('',*,*,#2230,.T.);
#1671=ORIENTED_EDGE('',*,*,#2219,.T.);
#1672=ORIENTED_EDGE('',*,*,#2234,.F.);
#1673=ORIENTED_EDGE('',*,*,#2235,.F.);
#1674=ORIENTED_EDGE('',*,*,#2232,.T.);
#1675=ORIENTED_EDGE('',*,*,#2218,.T.);
#1676=ORIENTED_EDGE('',*,*,#2177,.F.);
#1677=ORIENTED_EDGE('',*,*,#2236,.F.);
#1678=ORIENTED_EDGE('',*,*,#2234,.T.);
#1679=ORIENTED_EDGE('',*,*,#2237,.T.);
#1680=ORIENTED_EDGE('',*,*,#2210,.F.);
#1681=ORIENTED_EDGE('',*,*,#2176,.T.);
#1682=ORIENTED_EDGE('',*,*,#2229,.T.);
#1683=ORIENTED_EDGE('',*,*,#2231,.T.);
#1684=ORIENTED_EDGE('',*,*,#2233,.T.);
#1685=ORIENTED_EDGE('',*,*,#2235,.T.);
#1686=ORIENTED_EDGE('',*,*,#2236,.T.);
#1687=ORIENTED_EDGE('',*,*,#2149,.F.);
#1688=ORIENTED_EDGE('',*,*,#2156,.F.);
#1689=ORIENTED_EDGE('',*,*,#2224,.T.);
#1690=ORIENTED_EDGE('',*,*,#2226,.F.);
#1691=ORIENTED_EDGE('',*,*,#2227,.T.);
#1692=ORIENTED_EDGE('',*,*,#2192,.F.);
#1693=ORIENTED_EDGE('',*,*,#2237,.F.);
#1694=ORIENTED_EDGE('',*,*,#2202,.T.);
#1695=ORIENTED_EDGE('',*,*,#2179,.F.);
#1696=ORIENTED_EDGE('',*,*,#2217,.F.);
#1697=ORIENTED_EDGE('',*,*,#2238,.T.);
#1698=ORIENTED_EDGE('',*,*,#2205,.F.);
#1699=ORIENTED_EDGE('',*,*,#2239,.F.);
#1700=ORIENTED_EDGE('',*,*,#2211,.T.);
#1701=ORIENTED_EDGE('',*,*,#2173,.T.);
#1702=ORIENTED_EDGE('',*,*,#2204,.F.);
#1703=ORIENTED_EDGE('',*,*,#2195,.F.);
#1704=ORIENTED_EDGE('',*,*,#2212,.T.);
#1705=ORIENTED_EDGE('',*,*,#2239,.T.);
#1706=ORIENTED_EDGE('',*,*,#2203,.F.);
#1707=ORIENTED_EDGE('',*,*,#2238,.F.);
#1708=ORIENTED_EDGE('',*,*,#2216,.T.);
#1709=ORIENTED_EDGE('',*,*,#2153,.T.);
#1710=ORIENTED_EDGE('',*,*,#2209,.T.);
#1711=ORIENTED_EDGE('',*,*,#2206,.T.);
#1712=ORIENTED_EDGE('',*,*,#2208,.T.);
#1713=ORIENTED_EDGE('',*,*,#2207,.T.);
#1714=ORIENTED_EDGE('',*,*,#2240,.T.);
#1715=ORIENTED_EDGE('',*,*,#2241,.F.);
#1716=ORIENTED_EDGE('',*,*,#2242,.F.);
#1717=ORIENTED_EDGE('',*,*,#2243,.T.);
#1718=ORIENTED_EDGE('',*,*,#2244,.F.);
#1719=ORIENTED_EDGE('',*,*,#2245,.F.);
#1720=ORIENTED_EDGE('',*,*,#2246,.T.);
#1721=ORIENTED_EDGE('',*,*,#2247,.F.);
#1722=ORIENTED_EDGE('',*,*,#2248,.T.);
#1723=ORIENTED_EDGE('',*,*,#2241,.T.);
#1724=ORIENTED_EDGE('',*,*,#2247,.T.);
#1725=ORIENTED_EDGE('',*,*,#2249,.T.);
#1726=ORIENTED_EDGE('',*,*,#2250,.F.);
#1727=ORIENTED_EDGE('',*,*,#2251,.F.);
#1728=ORIENTED_EDGE('',*,*,#2252,.F.);
#1729=ORIENTED_EDGE('',*,*,#2253,.F.);
#1730=ORIENTED_EDGE('',*,*,#2254,.T.);
#1731=ORIENTED_EDGE('',*,*,#2250,.T.);
#1732=ORIENTED_EDGE('',*,*,#2255,.T.);
#1733=ORIENTED_EDGE('',*,*,#2256,.F.);
#1734=ORIENTED_EDGE('',*,*,#2257,.T.);
#1735=ORIENTED_EDGE('',*,*,#2243,.F.);
#1736=ORIENTED_EDGE('',*,*,#2258,.F.);
#1737=ORIENTED_EDGE('',*,*,#2253,.T.);
#1738=ORIENTED_EDGE('',*,*,#2259,.F.);
#1739=ORIENTED_EDGE('',*,*,#2260,.T.);
#1740=ORIENTED_EDGE('',*,*,#2255,.F.);
#1741=ORIENTED_EDGE('',*,*,#2242,.T.);
#1742=ORIENTED_EDGE('',*,*,#2248,.F.);
#1743=ORIENTED_EDGE('',*,*,#2251,.T.);
#1744=ORIENTED_EDGE('',*,*,#2254,.F.);
#1745=ORIENTED_EDGE('',*,*,#2258,.T.);
#1746=ORIENTED_EDGE('',*,*,#2256,.T.);
#1747=ORIENTED_EDGE('',*,*,#2240,.F.);
#1748=ORIENTED_EDGE('',*,*,#2257,.F.);
#1749=ORIENTED_EDGE('',*,*,#2261,.F.);
#1750=ORIENTED_EDGE('',*,*,#2244,.T.);
#1751=ORIENTED_EDGE('',*,*,#2262,.T.);
#1752=ORIENTED_EDGE('',*,*,#2261,.T.);
#1753=ORIENTED_EDGE('',*,*,#2260,.F.);
#1754=ORIENTED_EDGE('',*,*,#2263,.F.);
#1755=ORIENTED_EDGE('',*,*,#2245,.T.);
#1756=ORIENTED_EDGE('',*,*,#2264,.T.);
#1757=ORIENTED_EDGE('',*,*,#2262,.F.);
#1758=ORIENTED_EDGE('',*,*,#2246,.F.);
#1759=ORIENTED_EDGE('',*,*,#2263,.T.);
#1760=ORIENTED_EDGE('',*,*,#2259,.T.);
#1761=ORIENTED_EDGE('',*,*,#2252,.T.);
#1762=ORIENTED_EDGE('',*,*,#2249,.F.);
#1763=ORIENTED_EDGE('',*,*,#2264,.F.);
#1764=ORIENTED_EDGE('',*,*,#2265,.F.);
#1765=ORIENTED_EDGE('',*,*,#2266,.F.);
#1766=ORIENTED_EDGE('',*,*,#2267,.T.);
#1767=ORIENTED_EDGE('',*,*,#2268,.T.);
#1768=ORIENTED_EDGE('',*,*,#2269,.T.);
#1769=ORIENTED_EDGE('',*,*,#2270,.T.);
#1770=ORIENTED_EDGE('',*,*,#2271,.T.);
#1771=ORIENTED_EDGE('',*,*,#2272,.F.);
#1772=ORIENTED_EDGE('',*,*,#2273,.F.);
#1773=ORIENTED_EDGE('',*,*,#2266,.T.);
#1774=ORIENTED_EDGE('',*,*,#2274,.T.);
#1775=ORIENTED_EDGE('',*,*,#2275,.F.);
#1776=ORIENTED_EDGE('',*,*,#2276,.F.);
#1777=ORIENTED_EDGE('',*,*,#2277,.F.);
#1778=ORIENTED_EDGE('',*,*,#2278,.F.);
#1779=ORIENTED_EDGE('',*,*,#2272,.T.);
#1780=ORIENTED_EDGE('',*,*,#2279,.F.);
#1781=ORIENTED_EDGE('',*,*,#2268,.F.);
#1782=ORIENTED_EDGE('',*,*,#2280,.T.);
#1783=ORIENTED_EDGE('',*,*,#2277,.T.);
#1784=ORIENTED_EDGE('',*,*,#2281,.T.);
#1785=ORIENTED_EDGE('',*,*,#2282,.F.);
#1786=ORIENTED_EDGE('',*,*,#2267,.F.);
#1787=ORIENTED_EDGE('',*,*,#2273,.T.);
#1788=ORIENTED_EDGE('',*,*,#2278,.T.);
#1789=ORIENTED_EDGE('',*,*,#2280,.F.);
#1790=ORIENTED_EDGE('',*,*,#2281,.F.);
#1791=ORIENTED_EDGE('',*,*,#2265,.T.);
#1792=ORIENTED_EDGE('',*,*,#2283,.F.);
#1793=ORIENTED_EDGE('',*,*,#2274,.F.);
#1794=ORIENTED_EDGE('',*,*,#2271,.F.);
#1795=ORIENTED_EDGE('',*,*,#2282,.T.);
#1796=ORIENTED_EDGE('',*,*,#2284,.T.);
#1797=ORIENTED_EDGE('',*,*,#2283,.T.);
#1798=ORIENTED_EDGE('',*,*,#2270,.F.);
#1799=ORIENTED_EDGE('',*,*,#2285,.F.);
#1800=ORIENTED_EDGE('',*,*,#2275,.T.);
#1801=ORIENTED_EDGE('',*,*,#2286,.T.);
#1802=ORIENTED_EDGE('',*,*,#2284,.F.);
#1803=ORIENTED_EDGE('',*,*,#2269,.F.);
#1804=ORIENTED_EDGE('',*,*,#2279,.T.);
#1805=ORIENTED_EDGE('',*,*,#2276,.T.);
#1806=ORIENTED_EDGE('',*,*,#2285,.T.);
#1807=ORIENTED_EDGE('',*,*,#2286,.F.);
#1808=EDGE_CURVE('',#2287,#2287,#2627,.T.);
#1809=EDGE_CURVE('',#2288,#2288,#2628,.T.);
#1810=EDGE_CURVE('',#2289,#2289,#2629,.T.);
#1811=EDGE_CURVE('',#2290,#2290,#2630,.T.);
#1812=EDGE_CURVE('',#2291,#2291,#2631,.T.);
#1813=EDGE_CURVE('',#2292,#2292,#2632,.T.);
#1814=EDGE_CURVE('',#2293,#2293,#2633,.T.);
#1815=EDGE_CURVE('',#2294,#2294,#2634,.T.);
#1816=EDGE_CURVE('',#2295,#2295,#2635,.T.);
#1817=EDGE_CURVE('',#2296,#2296,#2636,.T.);
#1818=EDGE_CURVE('',#2297,#2297,#2637,.T.);
#1819=EDGE_CURVE('',#2298,#2298,#2638,.T.);
#1820=EDGE_CURVE('',#2299,#2299,#2639,.T.);
#1821=EDGE_CURVE('',#2300,#2301,#10,.T.);
#1822=EDGE_CURVE('',#2301,#2302,#11,.T.);
#1823=EDGE_CURVE('',#2302,#2303,#12,.T.);
#1824=EDGE_CURVE('',#2303,#2304,#13,.T.);
#1825=EDGE_CURVE('',#2304,#2305,#14,.T.);
#1826=EDGE_CURVE('',#2305,#2300,#15,.T.);
#1827=EDGE_CURVE('',#2306,#2306,#2640,.T.);
#1828=EDGE_CURVE('',#2307,#2308,#16,.T.);
#1829=EDGE_CURVE('',#2308,#2309,#17,.T.);
#1830=EDGE_CURVE('',#2309,#2310,#18,.T.);
#1831=EDGE_CURVE('',#2310,#2311,#19,.T.);
#1832=EDGE_CURVE('',#2311,#2312,#20,.T.);
#1833=EDGE_CURVE('',#2312,#2307,#21,.T.);
#1834=EDGE_CURVE('',#2308,#2313,#22,.T.);
#1835=EDGE_CURVE('',#2314,#2313,#23,.T.);
#1836=EDGE_CURVE('',#2309,#2314,#24,.T.);
#1837=EDGE_CURVE('',#2307,#2315,#25,.T.);
#1838=EDGE_CURVE('',#2313,#2315,#26,.T.);
#1839=EDGE_CURVE('',#2312,#2316,#27,.T.);
#1840=EDGE_CURVE('',#2315,#2316,#28,.T.);
#1841=EDGE_CURVE('',#2311,#2317,#29,.T.);
#1842=EDGE_CURVE('',#2316,#2317,#30,.T.);
#1843=EDGE_CURVE('',#2310,#2318,#31,.T.);
#1844=EDGE_CURVE('',#2317,#2318,#32,.T.);
#1845=EDGE_CURVE('',#2318,#2314,#33,.T.);
#1846=EDGE_CURVE('',#2319,#2301,#34,.T.);
#1847=EDGE_CURVE('',#2320,#2319,#35,.T.);
#1848=EDGE_CURVE('',#2320,#2302,#36,.T.);
#1849=EDGE_CURVE('',#2321,#2300,#37,.T.);
#1850=EDGE_CURVE('',#2319,#2321,#38,.T.);
#1851=EDGE_CURVE('',#2322,#2305,#39,.T.);
#1852=EDGE_CURVE('',#2321,#2322,#40,.T.);
#1853=EDGE_CURVE('',#2323,#2304,#41,.T.);
#1854=EDGE_CURVE('',#2322,#2323,#42,.T.);
#1855=EDGE_CURVE('',#2324,#2303,#43,.T.);
#1856=EDGE_CURVE('',#2323,#2324,#44,.T.);
#1857=EDGE_CURVE('',#2324,#2320,#45,.T.);
#1858=EDGE_CURVE('',#2325,#2326,#46,.T.);
#1859=EDGE_CURVE('',#2327,#2326,#47,.T.);
#1860=EDGE_CURVE('',#2328,#2327,#48,.T.);
#1861=EDGE_CURVE('',#2328,#2325,#49,.T.);
#1862=EDGE_CURVE('',#2326,#2329,#2641,.T.);
#1863=EDGE_CURVE('',#2330,#2329,#50,.T.);
#1864=EDGE_CURVE('',#2327,#2330,#2642,.T.);
#1865=EDGE_CURVE('',#2329,#2331,#51,.T.);
#1866=EDGE_CURVE('',#2332,#2331,#52,.T.);
#1867=EDGE_CURVE('',#2330,#2332,#53,.T.);
#1868=EDGE_CURVE('',#2331,#2325,#2643,.T.);
#1869=EDGE_CURVE('',#2332,#2328,#2644,.T.);
#1870=EDGE_CURVE('',#2333,#2333,#2645,.T.);
#1871=EDGE_CURVE('',#2334,#2334,#2646,.T.);
#1872=EDGE_CURVE('',#2335,#2335,#2647,.T.);
#1873=EDGE_CURVE('',#2336,#2336,#2648,.T.);
#1874=EDGE_CURVE('',#2337,#2338,#54,.T.);
#1875=EDGE_CURVE('',#2339,#2337,#55,.T.);
#1876=EDGE_CURVE('',#2340,#2339,#56,.T.);
#1877=EDGE_CURVE('',#2341,#2340,#57,.T.);
#1878=EDGE_CURVE('',#2342,#2341,#58,.T.);
#1879=EDGE_CURVE('',#2338,#2342,#59,.T.);
#1880=EDGE_CURVE('',#2343,#2338,#60,.T.);
#1881=EDGE_CURVE('',#2344,#2343,#61,.T.);
#1882=EDGE_CURVE('',#2344,#2337,#62,.T.);
#1883=EDGE_CURVE('',#2345,#2342,#63,.T.);
#1884=EDGE_CURVE('',#2343,#2345,#64,.T.);
#1885=EDGE_CURVE('',#2346,#2341,#65,.T.);
#1886=EDGE_CURVE('',#2345,#2346,#66,.T.);
#1887=EDGE_CURVE('',#2347,#2340,#67,.T.);
#1888=EDGE_CURVE('',#2346,#2347,#68,.T.);
#1889=EDGE_CURVE('',#2348,#2339,#69,.T.);
#1890=EDGE_CURVE('',#2347,#2348,#70,.T.);
#1891=EDGE_CURVE('',#2348,#2344,#71,.T.);
#1892=EDGE_CURVE('',#2349,#2349,#2649,.T.);
#1893=EDGE_CURVE('',#2350,#2350,#2650,.T.);
#1894=EDGE_CURVE('',#2351,#2352,#2651,.T.);
#1895=EDGE_CURVE('',#2353,#2351,#72,.T.);
#1896=EDGE_CURVE('',#2353,#2354,#2652,.T.);
#1897=EDGE_CURVE('',#2354,#2352,#73,.T.);
#1898=EDGE_CURVE('',#2351,#2355,#74,.T.);
#1899=EDGE_CURVE('',#2356,#2355,#75,.T.);
#1900=EDGE_CURVE('',#2353,#2356,#76,.T.);
#1901=EDGE_CURVE('',#2357,#2355,#2653,.T.);
#1902=EDGE_CURVE('',#2358,#2357,#77,.T.);
#1903=EDGE_CURVE('',#2358,#2356,#2654,.T.);
#1904=EDGE_CURVE('',#2357,#2359,#78,.T.);
#1905=EDGE_CURVE('',#2360,#2359,#79,.T.);
#1906=EDGE_CURVE('',#2358,#2360,#80,.T.);
#1907=EDGE_CURVE('',#2361,#2359,#2655,.T.);
#1908=EDGE_CURVE('',#2362,#2361,#81,.T.);
#1909=EDGE_CURVE('',#2362,#2360,#2656,.T.);
#1910=EDGE_CURVE('',#2363,#2361,#82,.T.);
#1911=EDGE_CURVE('',#2364,#2363,#83,.T.);
#1912=EDGE_CURVE('',#2364,#2362,#84,.T.);
#1913=EDGE_CURVE('',#2365,#2363,#2657,.T.);
#1914=EDGE_CURVE('',#2366,#2365,#85,.T.);
#1915=EDGE_CURVE('',#2366,#2364,#2658,.T.);
#1916=EDGE_CURVE('',#2367,#2365,#86,.T.);
#1917=EDGE_CURVE('',#2368,#2367,#87,.T.);
#1918=EDGE_CURVE('',#2368,#2366,#88,.T.);
#1919=EDGE_CURVE('',#2369,#2367,#2659,.T.);
#1920=EDGE_CURVE('',#2370,#2369,#89,.T.);
#1921=EDGE_CURVE('',#2370,#2368,#2660,.T.);
#1922=EDGE_CURVE('',#2371,#2372,#2661,.T.);
#1923=EDGE_CURVE('',#2373,#2372,#90,.T.);
#1924=EDGE_CURVE('',#2374,#2373,#2662,.T.);
#1925=EDGE_CURVE('',#2374,#2371,#91,.T.);
#1926=EDGE_CURVE('',#2372,#2375,#92,.T.);
#1927=EDGE_CURVE('',#2376,#2375,#93,.T.);
#1928=EDGE_CURVE('',#2373,#2376,#94,.T.);
#1929=EDGE_CURVE('',#2377,#2375,#2663,.T.);
#1930=EDGE_CURVE('',#2378,#2377,#95,.T.);
#1931=EDGE_CURVE('',#2378,#2376,#2664,.T.);
#1932=EDGE_CURVE('',#2379,#2377,#96,.T.);
#1933=EDGE_CURVE('',#2380,#2379,#97,.T.);
#1934=EDGE_CURVE('',#2380,#2378,#98,.T.);
#1935=EDGE_CURVE('',#2379,#2381,#2665,.T.);
#1936=EDGE_CURVE('',#2382,#2381,#99,.T.);
#1937=EDGE_CURVE('',#2380,#2382,#2666,.T.);
#1938=EDGE_CURVE('',#2383,#2381,#100,.T.);
#1939=EDGE_CURVE('',#2384,#2383,#101,.T.);
#1940=EDGE_CURVE('',#2384,#2382,#102,.T.);
#1941=EDGE_CURVE('',#2383,#2385,#2667,.T.);
#1942=EDGE_CURVE('',#2386,#2385,#103,.T.);
#1943=EDGE_CURVE('',#2384,#2386,#2668,.T.);
#1944=EDGE_CURVE('',#2385,#2387,#104,.T.);
#1945=EDGE_CURVE('',#2388,#2387,#105,.T.);
#1946=EDGE_CURVE('',#2386,#2388,#106,.T.);
#1947=EDGE_CURVE('',#2387,#2389,#2669,.T.);
#1948=EDGE_CURVE('',#2390,#2389,#107,.T.);
#1949=EDGE_CURVE('',#2388,#2390,#2670,.T.);
#1950=EDGE_CURVE('',#2391,#2392,#108,.T.);
#1951=EDGE_CURVE('',#2393,#2391,#109,.T.);
#1952=EDGE_CURVE('',#2393,#2394,#110,.T.);
#1953=EDGE_CURVE('',#2394,#2392,#111,.T.);
#1954=EDGE_CURVE('',#2395,#2391,#112,.T.);
#1955=EDGE_CURVE('',#2396,#2395,#113,.T.);
#1956=EDGE_CURVE('',#2396,#2393,#114,.T.);
#1957=EDGE_CURVE('',#2395,#2397,#115,.T.);
#1958=EDGE_CURVE('',#2398,#2397,#116,.T.);
#1959=EDGE_CURVE('',#2396,#2398,#117,.T.);
#1960=EDGE_CURVE('',#2399,#2400,#118,.T.);
#1961=EDGE_CURVE('',#2401,#2399,#119,.T.);
#1962=EDGE_CURVE('',#2401,#2402,#120,.T.);
#1963=EDGE_CURVE('',#2402,#2400,#121,.T.);
#1964=EDGE_CURVE('',#2399,#2403,#122,.T.);
#1965=EDGE_CURVE('',#2404,#2403,#123,.T.);
#1966=EDGE_CURVE('',#2401,#2404,#124,.T.);
#1967=EDGE_CURVE('',#2403,#2405,#125,.T.);
#1968=EDGE_CURVE('',#2406,#2405,#126,.T.);
#1969=EDGE_CURVE('',#2404,#2406,#127,.T.);
#1970=EDGE_CURVE('',#2369,#2352,#128,.T.);
#1971=EDGE_CURVE('',#2370,#2354,#129,.T.);
#1972=EDGE_CURVE('',#2389,#2371,#130,.T.);
#1973=EDGE_CURVE('',#2390,#2374,#131,.T.);
#1974=EDGE_CURVE('',#2397,#2392,#132,.T.);
#1975=EDGE_CURVE('',#2398,#2394,#133,.T.);
#1976=EDGE_CURVE('',#2400,#2405,#134,.T.);
#1977=EDGE_CURVE('',#2402,#2406,#135,.T.);
#1978=EDGE_CURVE('',#2407,#2407,#2671,.T.);
#1979=EDGE_CURVE('',#2408,#2408,#2672,.T.);
#1980=EDGE_CURVE('',#2409,#2409,#2673,.T.);
#1981=EDGE_CURVE('',#2410,#2410,#2674,.T.);
#1982=EDGE_CURVE('',#2411,#2411,#2675,.T.);
#1983=EDGE_CURVE('',#2412,#2412,#2676,.T.);
#1984=EDGE_CURVE('',#2413,#2413,#2677,.T.);
#1985=EDGE_CURVE('',#2414,#2414,#2678,.T.);
#1986=EDGE_CURVE('',#2415,#2416,#2679,.T.);
#1987=EDGE_CURVE('',#2417,#2416,#136,.T.);
#1988=EDGE_CURVE('',#2418,#2417,#2680,.T.);
#1989=EDGE_CURVE('',#2418,#2415,#137,.T.);
#1990=EDGE_CURVE('',#2419,#2420,#138,.T.);
#1991=EDGE_CURVE('',#2420,#2421,#139,.T.);
#1992=EDGE_CURVE('',#2421,#2422,#140,.T.);
#1993=EDGE_CURVE('',#2422,#2415,#141,.T.);
#1994=EDGE_CURVE('',#2419,#2418,#142,.T.);
#1995=EDGE_CURVE('',#2423,#2424,#143,.T.);
#1996=EDGE_CURVE('',#2424,#2420,#2681,.T.);
#1997=EDGE_CURVE('',#2423,#2419,#2682,.T.);
#1998=EDGE_CURVE('',#2425,#2426,#144,.T.);
#1999=EDGE_CURVE('',#2427,#2426,#145,.T.);
#2000=EDGE_CURVE('',#2428,#2427,#146,.T.);
#2001=EDGE_CURVE('',#2428,#2424,#147,.T.);
#2002=EDGE_CURVE('',#2425,#2423,#148,.T.);
#2003=EDGE_CURVE('',#2429,#2426,#2683,.T.);
#2004=EDGE_CURVE('',#2430,#2425,#2684,.T.);
#2005=EDGE_CURVE('',#2430,#2429,#149,.T.);
#2006=EDGE_CURVE('',#2431,#2432,#150,.T.);
#2007=EDGE_CURVE('',#2433,#2432,#2685,.T.);
#2008=EDGE_CURVE('',#2434,#2433,#151,.T.);
#2009=EDGE_CURVE('',#2434,#2431,#2686,.T.);
#2010=EDGE_CURVE('',#2435,#2436,#152,.T.);
#2011=EDGE_CURVE('',#2437,#2435,#153,.T.);
#2012=EDGE_CURVE('',#2437,#2438,#154,.T.);
#2013=EDGE_CURVE('',#2439,#2438,#155,.T.);
#2014=EDGE_CURVE('',#2432,#2439,#156,.T.);
#2015=EDGE_CURVE('',#2431,#2440,#157,.T.);
#2016=EDGE_CURVE('',#2440,#2436,#158,.T.);
#2017=EDGE_CURVE('',#2436,#2441,#2687,.T.);
#2018=EDGE_CURVE('',#2440,#2442,#2688,.T.);
#2019=EDGE_CURVE('',#2442,#2441,#159,.T.);
#2020=EDGE_CURVE('',#2443,#2441,#160,.T.);
#2021=EDGE_CURVE('',#2444,#2442,#161,.T.);
#2022=EDGE_CURVE('',#2444,#2443,#162,.T.);
#2023=EDGE_CURVE('',#2443,#2445,#2689,.T.);
#2024=EDGE_CURVE('',#2444,#2446,#2690,.T.);
#2025=EDGE_CURVE('',#2446,#2445,#163,.T.);
#2026=EDGE_CURVE('',#2445,#2447,#164,.T.);
#2027=EDGE_CURVE('',#2446,#2434,#165,.T.);
#2028=EDGE_CURVE('',#2448,#2433,#166,.T.);
#2029=EDGE_CURVE('',#2448,#2449,#167,.T.);
#2030=EDGE_CURVE('',#2449,#2450,#168,.T.);
#2031=EDGE_CURVE('',#2450,#2447,#169,.T.);
#2032=EDGE_CURVE('',#2429,#2416,#170,.T.);
#2033=EDGE_CURVE('',#2430,#2417,#171,.T.);
#2034=EDGE_CURVE('',#2426,#2447,#172,.T.);
#2035=EDGE_CURVE('',#2415,#2435,#173,.T.);
#2036=EDGE_CURVE('',#2451,#2451,#2691,.T.);
#2037=EDGE_CURVE('',#2452,#2452,#2692,.T.);
#2038=EDGE_CURVE('',#2453,#2453,#2693,.T.);
#2039=EDGE_CURVE('',#2454,#2454,#2694,.F.);
#2040=EDGE_CURVE('',#2455,#2455,#2695,.F.);
#2041=EDGE_CURVE('',#2456,#2456,#2696,.F.);
#2042=EDGE_CURVE('',#2422,#2437,#174,.T.);
#2043=EDGE_CURVE('',#2422,#2457,#2697,.T.);
#2044=EDGE_CURVE('',#2458,#2457,#175,.T.);
#2045=EDGE_CURVE('',#2458,#2427,#2698,.T.);
#2046=EDGE_CURVE('',#2427,#2450,#176,.T.);
#2047=EDGE_CURVE('',#2459,#2449,#2699,.T.);
#2048=EDGE_CURVE('',#2459,#2460,#177,.T.);
#2049=EDGE_CURVE('',#2438,#2460,#2700,.T.);
#2050=EDGE_CURVE('',#2421,#2461,#2701,.T.);
#2051=EDGE_CURVE('',#2461,#2457,#178,.T.);
#2052=EDGE_CURVE('',#2462,#2458,#179,.T.);
#2053=EDGE_CURVE('',#2462,#2428,#2702,.T.);
#2054=EDGE_CURVE('',#2463,#2460,#180,.T.);
#2055=EDGE_CURVE('',#2439,#2463,#2703,.T.);
#2056=EDGE_CURVE('',#2464,#2459,#181,.T.);
#2057=EDGE_CURVE('',#2464,#2463,#182,.T.);
#2058=EDGE_CURVE('',#2464,#2448,#2704,.T.);
#2059=EDGE_CURVE('',#2462,#2461,#183,.T.);
#2060=EDGE_CURVE('',#2465,#2466,#184,.T.);
#2061=EDGE_CURVE('',#2467,#2465,#185,.T.);
#2062=EDGE_CURVE('',#2467,#2468,#186,.T.);
#2063=EDGE_CURVE('',#2468,#2466,#187,.T.);
#2064=EDGE_CURVE('',#2465,#2469,#2705,.T.);
#2065=EDGE_CURVE('',#2470,#2469,#188,.T.);
#2066=EDGE_CURVE('',#2467,#2470,#2706,.T.);
#2067=EDGE_CURVE('',#2469,#2471,#189,.T.);
#2068=EDGE_CURVE('',#2472,#2471,#190,.T.);
#2069=EDGE_CURVE('',#2470,#2472,#191,.T.);
#2070=EDGE_CURVE('',#2473,#2473,#2707,.T.);
#2071=EDGE_CURVE('',#2474,#2474,#2708,.T.);
#2072=EDGE_CURVE('',#2471,#2466,#2709,.T.);
#2073=EDGE_CURVE('',#2472,#2468,#2710,.T.);
#2074=EDGE_CURVE('',#2475,#2475,#2711,.T.);
#2075=EDGE_CURVE('',#2476,#2476,#2712,.T.);
#2076=EDGE_CURVE('',#2477,#2478,#192,.T.);
#2077=EDGE_CURVE('',#2479,#2477,#193,.T.);
#2078=EDGE_CURVE('',#2479,#2480,#194,.T.);
#2079=EDGE_CURVE('',#2480,#2478,#195,.T.);
#2080=EDGE_CURVE('',#2477,#2481,#2713,.T.);
#2081=EDGE_CURVE('',#2482,#2481,#196,.T.);
#2082=EDGE_CURVE('',#2479,#2482,#2714,.T.);
#2083=EDGE_CURVE('',#2481,#2483,#197,.T.);
#2084=EDGE_CURVE('',#2484,#2483,#198,.T.);
#2085=EDGE_CURVE('',#2482,#2484,#199,.T.);
#2086=EDGE_CURVE('',#2485,#2485,#2715,.T.);
#2087=EDGE_CURVE('',#2486,#2486,#2716,.T.);
#2088=EDGE_CURVE('',#2483,#2478,#2717,.T.);
#2089=EDGE_CURVE('',#2484,#2480,#2718,.T.);
#2090=EDGE_CURVE('',#2487,#2487,#2719,.T.);
#2091=EDGE_CURVE('',#2488,#2488,#2720,.T.);
#2092=EDGE_CURVE('',#2489,#2490,#200,.T.);
#2093=EDGE_CURVE('',#2489,#2491,#2721,.T.);
#2094=EDGE_CURVE('',#2491,#2492,#201,.T.);
#2095=EDGE_CURVE('',#2490,#2492,#2722,.T.);
#2096=EDGE_CURVE('',#2493,#2490,#202,.T.);
#2097=EDGE_CURVE('',#2494,#2493,#203,.T.);
#2098=EDGE_CURVE('',#2494,#2495,#204,.T.);
#2099=EDGE_CURVE('',#2495,#2496,#205,.T.);
#2100=EDGE_CURVE('',#2496,#2497,#206,.T.);
#2101=EDGE_CURVE('',#2497,#2498,#207,.T.);
#2102=EDGE_CURVE('',#2489,#2498,#208,.T.);
#2103=EDGE_CURVE('',#2493,#2499,#2723,.T.);
#2104=EDGE_CURVE('',#2500,#2499,#209,.T.);
#2105=EDGE_CURVE('',#2494,#2500,#2724,.T.);
#2106=EDGE_CURVE('',#2499,#2492,#210,.T.);
#2107=EDGE_CURVE('',#2491,#2501,#211,.T.);
#2108=EDGE_CURVE('',#2502,#2501,#212,.T.);
#2109=EDGE_CURVE('',#2503,#2502,#213,.T.);
#2110=EDGE_CURVE('',#2504,#2503,#214,.T.);
#2111=EDGE_CURVE('',#2500,#2504,#215,.T.);
#2112=EDGE_CURVE('',#2496,#2503,#2725,.T.);
#2113=EDGE_CURVE('',#2495,#2504,#2726,.T.);
#2114=EDGE_CURVE('',#2505,#2505,#2727,.T.);
#2115=EDGE_CURVE('',#2506,#2506,#2728,.T.);
#2116=EDGE_CURVE('',#2501,#2498,#2729,.T.);
#2117=EDGE_CURVE('',#2502,#2497,#2730,.T.);
#2118=EDGE_CURVE('',#2507,#2507,#2731,.T.);
#2119=EDGE_CURVE('',#2508,#2508,#2732,.T.);
#2120=EDGE_CURVE('',#2509,#2509,#2733,.T.);
#2121=EDGE_CURVE('',#2510,#2511,#216,.T.);
#2122=EDGE_CURVE('',#2510,#2512,#2734,.T.);
#2123=EDGE_CURVE('',#2512,#2513,#217,.T.);
#2124=EDGE_CURVE('',#2511,#2513,#2735,.T.);
#2125=EDGE_CURVE('',#2514,#2512,#218,.T.);
#2126=EDGE_CURVE('',#2515,#2514,#219,.T.);
#2127=EDGE_CURVE('',#2516,#2515,#220,.T.);
#2128=EDGE_CURVE('',#2516,#2517,#221,.T.);
#2129=EDGE_CURVE('',#2518,#2517,#222,.T.);
#2130=EDGE_CURVE('',#2518,#2519,#223,.T.);
#2131=EDGE_CURVE('',#2519,#2513,#224,.T.);
#2132=EDGE_CURVE('',#2520,#2517,#2736,.T.);
#2133=EDGE_CURVE('',#2521,#2520,#225,.T.);
#2134=EDGE_CURVE('',#2521,#2518,#2737,.T.);
#2135=EDGE_CURVE('',#2522,#2523,#226,.T.);
#2136=EDGE_CURVE('',#2523,#2510,#227,.T.);
#2137=EDGE_CURVE('',#2524,#2511,#228,.T.);
#2138=EDGE_CURVE('',#2521,#2524,#229,.T.);
#2139=EDGE_CURVE('',#2525,#2520,#230,.T.);
#2140=EDGE_CURVE('',#2525,#2522,#231,.T.);
#2141=EDGE_CURVE('',#2524,#2519,#2738,.T.);
#2142=EDGE_CURVE('',#2526,#2526,#2739,.T.);
#2143=EDGE_CURVE('',#2515,#2522,#2740,.T.);
#2144=EDGE_CURVE('',#2516,#2525,#2741,.T.);
#2145=EDGE_CURVE('',#2527,#2527,#2742,.T.);
#2146=EDGE_CURVE('',#2528,#2528,#2743,.T.);
#2147=EDGE_CURVE('',#2523,#2514,#2744,.T.);
#2148=EDGE_CURVE('',#2529,#2530,#232,.T.);
#2149=EDGE_CURVE('',#2530,#2531,#233,.T.);
#2150=EDGE_CURVE('',#2532,#2531,#234,.T.);
#2151=EDGE_CURVE('',#2529,#2532,#235,.T.);
#2152=EDGE_CURVE('',#2533,#2534,#2745,.T.);
#2153=EDGE_CURVE('',#2535,#2534,#236,.T.);
#2154=EDGE_CURVE('',#2536,#2535,#2746,.T.);
#2155=EDGE_CURVE('',#2537,#2536,#237,.T.);
#2156=EDGE_CURVE('',#2537,#2530,#2747,.T.);
#2157=EDGE_CURVE('',#2538,#2529,#2748,.T.);
#2158=EDGE_CURVE('',#2538,#2533,#238,.T.);
#2159=EDGE_CURVE('',#2533,#2539,#239,.T.);
#2160=EDGE_CURVE('',#2538,#2540,#240,.T.);
#2161=EDGE_CURVE('',#2540,#2539,#241,.T.);
#2162=EDGE_CURVE('',#2541,#2539,#2749,.T.);
#2163=EDGE_CURVE('',#2542,#2540,#2750,.T.);
#2164=EDGE_CURVE('',#2542,#2541,#242,.T.);
#2165=EDGE_CURVE('',#2541,#2543,#243,.T.);
#2166=EDGE_CURVE('',#2542,#2544,#244,.T.);
#2167=EDGE_CURVE('',#2544,#2543,#245,.T.);
#2168=EDGE_CURVE('',#2545,#2546,#246,.T.);
#2169=EDGE_CURVE('',#2547,#2545,#247,.T.);
#2170=EDGE_CURVE('',#2547,#2548,#248,.T.);
#2171=EDGE_CURVE('',#2548,#2549,#249,.T.);
#2172=EDGE_CURVE('',#2550,#2549,#250,.T.);
#2173=EDGE_CURVE('',#2551,#2550,#251,.T.);
#2174=EDGE_CURVE('',#2551,#2552,#252,.T.);
#2175=EDGE_CURVE('',#2553,#2552,#253,.T.);
#2176=EDGE_CURVE('',#2554,#2553,#254,.T.);
#2177=EDGE_CURVE('',#2554,#2555,#255,.T.);
#2178=EDGE_CURVE('',#2555,#2556,#256,.T.);
#2179=EDGE_CURVE('',#2556,#2546,#257,.T.);
#2180=EDGE_CURVE('',#2549,#2557,#2751,.T.);
#2181=EDGE_CURVE('',#2548,#2558,#2752,.T.);
#2182=EDGE_CURVE('',#2558,#2557,#258,.T.);
#2183=EDGE_CURVE('',#2557,#2559,#259,.T.);
#2184=EDGE_CURVE('',#2558,#2560,#260,.T.);
#2185=EDGE_CURVE('',#2560,#2559,#261,.T.);
#2186=EDGE_CURVE('',#2559,#2561,#2753,.T.);
#2187=EDGE_CURVE('',#2560,#2562,#2754,.T.);
#2188=EDGE_CURVE('',#2562,#2561,#262,.T.);
#2189=EDGE_CURVE('',#2561,#2563,#263,.T.);
#2190=EDGE_CURVE('',#2562,#2564,#264,.T.);
#2191=EDGE_CURVE('',#2564,#2563,#265,.T.);
#2192=EDGE_CURVE('',#2531,#2565,#2755,.T.);
#2193=EDGE_CURVE('',#2565,#2566,#266,.T.);
#2194=EDGE_CURVE('',#2567,#2566,#2756,.T.);
#2195=EDGE_CURVE('',#2567,#2568,#267,.T.);
#2196=EDGE_CURVE('',#2568,#2543,#2757,.T.);
#2197=EDGE_CURVE('',#2532,#2544,#2758,.T.);
#2198=EDGE_CURVE('',#2563,#2545,#2759,.T.);
#2199=EDGE_CURVE('',#2564,#2547,#2760,.T.);
#2200=EDGE_CURVE('',#2569,#2569,#2761,.T.);
#2201=EDGE_CURVE('',#2570,#2570,#2762,.T.);
#2202=EDGE_CURVE('',#2571,#2546,#268,.T.);
#2203=EDGE_CURVE('',#2571,#2534,#2763,.T.);
#2204=EDGE_CURVE('',#2568,#2572,#2764,.T.);
#2205=EDGE_CURVE('',#2572,#2550,#269,.T.);
#2206=EDGE_CURVE('',#2573,#2573,#2765,.T.);
#2207=EDGE_CURVE('',#2574,#2574,#2766,.T.);
#2208=EDGE_CURVE('',#2575,#2575,#2767,.F.);
#2209=EDGE_CURVE('',#2576,#2576,#2768,.F.);
#2210=EDGE_CURVE('',#2577,#2577,#2769,.T.);
#2211=EDGE_CURVE('',#2578,#2551,#270,.T.);
#2212=EDGE_CURVE('',#2567,#2578,#2770,.T.);
#2213=EDGE_CURVE('',#2579,#2566,#271,.T.);
#2214=EDGE_CURVE('',#2579,#2580,#2771,.T.);
#2215=EDGE_CURVE('',#2536,#2580,#272,.T.);
#2216=EDGE_CURVE('',#2581,#2535,#2772,.T.);
#2217=EDGE_CURVE('',#2581,#2556,#273,.T.);
#2218=EDGE_CURVE('',#2582,#2555,#2773,.T.);
#2219=EDGE_CURVE('',#2583,#2582,#274,.T.);
#2220=EDGE_CURVE('',#2584,#2583,#2774,.T.);
#2221=EDGE_CURVE('',#2585,#2584,#275,.T.);
#2222=EDGE_CURVE('',#2552,#2585,#2775,.T.);
#2223=EDGE_CURVE('',#2586,#2580,#276,.T.);
#2224=EDGE_CURVE('',#2537,#2586,#277,.T.);
#2225=EDGE_CURVE('',#2587,#2579,#278,.T.);
#2226=EDGE_CURVE('',#2587,#2586,#2776,.T.);
#2227=EDGE_CURVE('',#2587,#2565,#279,.T.);
#2228=EDGE_CURVE('',#2588,#2585,#280,.T.);
#2229=EDGE_CURVE('',#2553,#2588,#2777,.T.);
#2230=EDGE_CURVE('',#2589,#2584,#281,.T.);
#2231=EDGE_CURVE('',#2588,#2589,#282,.T.);
#2232=EDGE_CURVE('',#2590,#2583,#283,.T.);
#2233=EDGE_CURVE('',#2589,#2590,#2778,.T.);
#2234=EDGE_CURVE('',#2591,#2582,#284,.T.);
#2235=EDGE_CURVE('',#2590,#2591,#285,.T.);
#2236=EDGE_CURVE('',#2591,#2554,#2779,.T.);
#2237=EDGE_CURVE('',#2592,#2592,#2780,.T.);
#2238=EDGE_CURVE('',#2581,#2571,#286,.T.);
#2239=EDGE_CURVE('',#2578,#2572,#287,.T.);
#2240=EDGE_CURVE('',#2593,#2594,#2781,.T.);
#2241=EDGE_CURVE('',#2595,#2594,#288,.T.);
#2242=EDGE_CURVE('',#2596,#2595,#2782,.T.);
#2243=EDGE_CURVE('',#2596,#2593,#289,.T.);
#2244=EDGE_CURVE('',#2597,#2594,#290,.T.);
#2245=EDGE_CURVE('',#2598,#2597,#291,.T.);
#2246=EDGE_CURVE('',#2598,#2599,#292,.T.);
#2247=EDGE_CURVE('',#2600,#2599,#293,.T.);
#2248=EDGE_CURVE('',#2600,#2595,#294,.T.);
#2249=EDGE_CURVE('',#2599,#2601,#2783,.T.);
#2250=EDGE_CURVE('',#2602,#2601,#295,.T.);
#2251=EDGE_CURVE('',#2600,#2602,#2784,.T.);
#2252=EDGE_CURVE('',#2603,#2601,#296,.T.);
#2253=EDGE_CURVE('',#2604,#2603,#297,.T.);
#2254=EDGE_CURVE('',#2604,#2602,#298,.T.);
#2255=EDGE_CURVE('',#2605,#2605,#2785,.T.);
#2256=EDGE_CURVE('',#2606,#2606,#2786,.T.);
#2257=EDGE_CURVE('',#2607,#2593,#299,.T.);
#2258=EDGE_CURVE('',#2604,#2596,#300,.T.);
#2259=EDGE_CURVE('',#2608,#2603,#301,.T.);
#2260=EDGE_CURVE('',#2608,#2607,#302,.T.);
#2261=EDGE_CURVE('',#2597,#2607,#2787,.T.);
#2262=EDGE_CURVE('',#2609,#2609,#2788,.T.);
#2263=EDGE_CURVE('',#2598,#2608,#2789,.T.);
#2264=EDGE_CURVE('',#2610,#2610,#2790,.T.);
#2265=EDGE_CURVE('',#2611,#2612,#303,.T.);
#2266=EDGE_CURVE('',#2613,#2611,#304,.T.);
#2267=EDGE_CURVE('',#2613,#2614,#305,.T.);
#2268=EDGE_CURVE('',#2614,#2615,#306,.T.);
#2269=EDGE_CURVE('',#2615,#2616,#307,.T.);
#2270=EDGE_CURVE('',#2616,#2612,#308,.T.);
#2271=EDGE_CURVE('',#2611,#2617,#2791,.T.);
#2272=EDGE_CURVE('',#2618,#2617,#309,.T.);
#2273=EDGE_CURVE('',#2613,#2618,#2792,.T.);
#2274=EDGE_CURVE('',#2617,#2619,#310,.T.);
#2275=EDGE_CURVE('',#2620,#2619,#311,.T.);
#2276=EDGE_CURVE('',#2621,#2620,#312,.T.);
#2277=EDGE_CURVE('',#2622,#2621,#313,.T.);
#2278=EDGE_CURVE('',#2618,#2622,#314,.T.);
#2279=EDGE_CURVE('',#2615,#2621,#2793,.T.);
#2280=EDGE_CURVE('',#2614,#2622,#2794,.T.);
#2281=EDGE_CURVE('',#2623,#2623,#2795,.T.);
#2282=EDGE_CURVE('',#2624,#2624,#2796,.T.);
#2283=EDGE_CURVE('',#2619,#2612,#2797,.T.);
#2284=EDGE_CURVE('',#2625,#2625,#2798,.T.);
#2285=EDGE_CURVE('',#2620,#2616,#2799,.T.);
#2286=EDGE_CURVE('',#2626,#2626,#2800,.T.);
#2287=VERTEX_POINT('',#5366);
#2288=VERTEX_POINT('',#5368);
#2289=VERTEX_POINT('',#5371);
#2290=VERTEX_POINT('',#5374);
#2291=VERTEX_POINT('',#5377);
#2292=VERTEX_POINT('',#5380);
#2293=VERTEX_POINT('',#5383);
#2294=VERTEX_POINT('',#5386);
#2295=VERTEX_POINT('',#5389);
#2296=VERTEX_POINT('',#5392);
#2297=VERTEX_POINT('',#5395);
#2298=VERTEX_POINT('',#5398);
#2299=VERTEX_POINT('',#5403);
#2300=VERTEX_POINT('',#5405);
#2301=VERTEX_POINT('',#5406);
#2302=VERTEX_POINT('',#5408);
#2303=VERTEX_POINT('',#5410);
#2304=VERTEX_POINT('',#5412);
#2305=VERTEX_POINT('',#5414);
#2306=VERTEX_POINT('',#5418);
#2307=VERTEX_POINT('',#5421);
#2308=VERTEX_POINT('',#5422);
#2309=VERTEX_POINT('',#5424);
#2310=VERTEX_POINT('',#5426);
#2311=VERTEX_POINT('',#5428);
#2312=VERTEX_POINT('',#5430);
#2313=VERTEX_POINT('',#5434);
#2314=VERTEX_POINT('',#5436);
#2315=VERTEX_POINT('',#5440);
#2316=VERTEX_POINT('',#5444);
#2317=VERTEX_POINT('',#5448);
#2318=VERTEX_POINT('',#5452);
#2319=VERTEX_POINT('',#5459);
#2320=VERTEX_POINT('',#5461);
#2321=VERTEX_POINT('',#5465);
#2322=VERTEX_POINT('',#5469);
#2323=VERTEX_POINT('',#5473);
#2324=VERTEX_POINT('',#5477);
#2325=VERTEX_POINT('',#5485);
#2326=VERTEX_POINT('',#5486);
#2327=VERTEX_POINT('',#5488);
#2328=VERTEX_POINT('',#5490);
#2329=VERTEX_POINT('',#5494);
#2330=VERTEX_POINT('',#5496);
#2331=VERTEX_POINT('',#5500);
#2332=VERTEX_POINT('',#5502);
#2333=VERTEX_POINT('',#5509);
#2334=VERTEX_POINT('',#5511);
#2335=VERTEX_POINT('',#5515);
#2336=VERTEX_POINT('',#5518);
#2337=VERTEX_POINT('',#5522);
#2338=VERTEX_POINT('',#5523);
#2339=VERTEX_POINT('',#5525);
#2340=VERTEX_POINT('',#5527);
#2341=VERTEX_POINT('',#5529);
#2342=VERTEX_POINT('',#5531);
#2343=VERTEX_POINT('',#5535);
#2344=VERTEX_POINT('',#5537);
#2345=VERTEX_POINT('',#5541);
#2346=VERTEX_POINT('',#5545);
#2347=VERTEX_POINT('',#5549);
#2348=VERTEX_POINT('',#5553);
#2349=VERTEX_POINT('',#5563);
#2350=VERTEX_POINT('',#5565);
#2351=VERTEX_POINT('',#5568);
#2352=VERTEX_POINT('',#5569);
#2353=VERTEX_POINT('',#5571);
#2354=VERTEX_POINT('',#5573);
#2355=VERTEX_POINT('',#5577);
#2356=VERTEX_POINT('',#5579);
#2357=VERTEX_POINT('',#5583);
#2358=VERTEX_POINT('',#5585);
#2359=VERTEX_POINT('',#5589);
#2360=VERTEX_POINT('',#5591);
#2361=VERTEX_POINT('',#5595);
#2362=VERTEX_POINT('',#5597);
#2363=VERTEX_POINT('',#5601);
#2364=VERTEX_POINT('',#5603);
#2365=VERTEX_POINT('',#5607);
#2366=VERTEX_POINT('',#5609);
#2367=VERTEX_POINT('',#5613);
#2368=VERTEX_POINT('',#5615);
#2369=VERTEX_POINT('',#5619);
#2370=VERTEX_POINT('',#5621);
#2371=VERTEX_POINT('',#5625);
#2372=VERTEX_POINT('',#5626);
#2373=VERTEX_POINT('',#5628);
#2374=VERTEX_POINT('',#5630);
#2375=VERTEX_POINT('',#5634);
#2376=VERTEX_POINT('',#5636);
#2377=VERTEX_POINT('',#5640);
#2378=VERTEX_POINT('',#5642);
#2379=VERTEX_POINT('',#5646);
#2380=VERTEX_POINT('',#5648);
#2381=VERTEX_POINT('',#5652);
#2382=VERTEX_POINT('',#5654);
#2383=VERTEX_POINT('',#5658);
#2384=VERTEX_POINT('',#5660);
#2385=VERTEX_POINT('',#5664);
#2386=VERTEX_POINT('',#5666);
#2387=VERTEX_POINT('',#5670);
#2388=VERTEX_POINT('',#5672);
#2389=VERTEX_POINT('',#5676);
#2390=VERTEX_POINT('',#5678);
#2391=VERTEX_POINT('',#5682);
#2392=VERTEX_POINT('',#5683);
#2393=VERTEX_POINT('',#5685);
#2394=VERTEX_POINT('',#5687);
#2395=VERTEX_POINT('',#5691);
#2396=VERTEX_POINT('',#5693);
#2397=VERTEX_POINT('',#5697);
#2398=VERTEX_POINT('',#5699);
#2399=VERTEX_POINT('',#5703);
#2400=VERTEX_POINT('',#5704);
#2401=VERTEX_POINT('',#5706);
#2402=VERTEX_POINT('',#5708);
#2403=VERTEX_POINT('',#5712);
#2404=VERTEX_POINT('',#5714);
#2405=VERTEX_POINT('',#5718);
#2406=VERTEX_POINT('',#5720);
#2407=VERTEX_POINT('',#5736);
#2408=VERTEX_POINT('',#5738);
#2409=VERTEX_POINT('',#5740);
#2410=VERTEX_POINT('',#5743);
#2411=VERTEX_POINT('',#5746);
#2412=VERTEX_POINT('',#5750);
#2413=VERTEX_POINT('',#5754);
#2414=VERTEX_POINT('',#5758);
#2415=VERTEX_POINT('',#5763);
#2416=VERTEX_POINT('',#5764);
#2417=VERTEX_POINT('',#5766);
#2418=VERTEX_POINT('',#5768);
#2419=VERTEX_POINT('',#5772);
#2420=VERTEX_POINT('',#5773);
#2421=VERTEX_POINT('',#5775);
#2422=VERTEX_POINT('',#5777);
#2423=VERTEX_POINT('',#5782);
#2424=VERTEX_POINT('',#5783);
#2425=VERTEX_POINT('',#5788);
#2426=VERTEX_POINT('',#5789);
#2427=VERTEX_POINT('',#5791);
#2428=VERTEX_POINT('',#5793);
#2429=VERTEX_POINT('',#5798);
#2430=VERTEX_POINT('',#5800);
#2431=VERTEX_POINT('',#5804);
#2432=VERTEX_POINT('',#5805);
#2433=VERTEX_POINT('',#5807);
#2434=VERTEX_POINT('',#5809);
#2435=VERTEX_POINT('',#5813);
#2436=VERTEX_POINT('',#5814);
#2437=VERTEX_POINT('',#5816);
#2438=VERTEX_POINT('',#5818);
#2439=VERTEX_POINT('',#5820);
#2440=VERTEX_POINT('',#5823);
#2441=VERTEX_POINT('',#5827);
#2442=VERTEX_POINT('',#5829);
#2443=VERTEX_POINT('',#5833);
#2444=VERTEX_POINT('',#5835);
#2445=VERTEX_POINT('',#5839);
#2446=VERTEX_POINT('',#5841);
#2447=VERTEX_POINT('',#5845);
#2448=VERTEX_POINT('',#5848);
#2449=VERTEX_POINT('',#5850);
#2450=VERTEX_POINT('',#5852);
#2451=VERTEX_POINT('',#5862);
#2452=VERTEX_POINT('',#5864);
#2453=VERTEX_POINT('',#5866);
#2454=VERTEX_POINT('',#5869);
#2455=VERTEX_POINT('',#5871);
#2456=VERTEX_POINT('',#5873);
#2457=VERTEX_POINT('',#5876);
#2458=VERTEX_POINT('',#5878);
#2459=VERTEX_POINT('',#5882);
#2460=VERTEX_POINT('',#5884);
#2461=VERTEX_POINT('',#5888);
#2462=VERTEX_POINT('',#5892);
#2463=VERTEX_POINT('',#5896);
#2464=VERTEX_POINT('',#5900);
#2465=VERTEX_POINT('',#5915);
#2466=VERTEX_POINT('',#5916);
#2467=VERTEX_POINT('',#5918);
#2468=VERTEX_POINT('',#5920);
#2469=VERTEX_POINT('',#5924);
#2470=VERTEX_POINT('',#5926);
#2471=VERTEX_POINT('',#5930);
#2472=VERTEX_POINT('',#5932);
#2473=VERTEX_POINT('',#5936);
#2474=VERTEX_POINT('',#5938);
#2475=VERTEX_POINT('',#5944);
#2476=VERTEX_POINT('',#5946);
#2477=VERTEX_POINT('',#5952);
#2478=VERTEX_POINT('',#5953);
#2479=VERTEX_POINT('',#5955);
#2480=VERTEX_POINT('',#5957);
#2481=VERTEX_POINT('',#5961);
#2482=VERTEX_POINT('',#5963);
#2483=VERTEX_POINT('',#5967);
#2484=VERTEX_POINT('',#5969);
#2485=VERTEX_POINT('',#5973);
#2486=VERTEX_POINT('',#5975);
#2487=VERTEX_POINT('',#5981);
#2488=VERTEX_POINT('',#5983);
#2489=VERTEX_POINT('',#5989);
#2490=VERTEX_POINT('',#5990);
#2491=VERTEX_POINT('',#5992);
#2492=VERTEX_POINT('',#5994);
#2493=VERTEX_POINT('',#5998);
#2494=VERTEX_POINT('',#6000);
#2495=VERTEX_POINT('',#6002);
#2496=VERTEX_POINT('',#6004);
#2497=VERTEX_POINT('',#6006);
#2498=VERTEX_POINT('',#6008);
#2499=VERTEX_POINT('',#6012);
#2500=VERTEX_POINT('',#6014);
#2501=VERTEX_POINT('',#6019);
#2502=VERTEX_POINT('',#6021);
#2503=VERTEX_POINT('',#6023);
#2504=VERTEX_POINT('',#6025);
#2505=VERTEX_POINT('',#6032);
#2506=VERTEX_POINT('',#6034);
#2507=VERTEX_POINT('',#6042);
#2508=VERTEX_POINT('',#6044);
#2509=VERTEX_POINT('',#6050);
#2510=VERTEX_POINT('',#6052);
#2511=VERTEX_POINT('',#6053);
#2512=VERTEX_POINT('',#6055);
#2513=VERTEX_POINT('',#6057);
#2514=VERTEX_POINT('',#6061);
#2515=VERTEX_POINT('',#6063);
#2516=VERTEX_POINT('',#6065);
#2517=VERTEX_POINT('',#6067);
#2518=VERTEX_POINT('',#6069);
#2519=VERTEX_POINT('',#6071);
#2520=VERTEX_POINT('',#6075);
#2521=VERTEX_POINT('',#6077);
#2522=VERTEX_POINT('',#6081);
#2523=VERTEX_POINT('',#6082);
#2524=VERTEX_POINT('',#6085);
#2525=VERTEX_POINT('',#6088);
#2526=VERTEX_POINT('',#6094);
#2527=VERTEX_POINT('',#6101);
#2528=VERTEX_POINT('',#6103);
#2529=VERTEX_POINT('',#6111);
#2530=VERTEX_POINT('',#6112);
#2531=VERTEX_POINT('',#6114);
#2532=VERTEX_POINT('',#6116);
#2533=VERTEX_POINT('',#6120);
#2534=VERTEX_POINT('',#6121);
#2535=VERTEX_POINT('',#6123);
#2536=VERTEX_POINT('',#6125);
#2537=VERTEX_POINT('',#6127);
#2538=VERTEX_POINT('',#6130);
#2539=VERTEX_POINT('',#6134);
#2540=VERTEX_POINT('',#6136);
#2541=VERTEX_POINT('',#6140);
#2542=VERTEX_POINT('',#6142);
#2543=VERTEX_POINT('',#6146);
#2544=VERTEX_POINT('',#6148);
#2545=VERTEX_POINT('',#6152);
#2546=VERTEX_POINT('',#6153);
#2547=VERTEX_POINT('',#6155);
#2548=VERTEX_POINT('',#6157);
#2549=VERTEX_POINT('',#6159);
#2550=VERTEX_POINT('',#6161);
#2551=VERTEX_POINT('',#6163);
#2552=VERTEX_POINT('',#6165);
#2553=VERTEX_POINT('',#6167);
#2554=VERTEX_POINT('',#6169);
#2555=VERTEX_POINT('',#6171);
#2556=VERTEX_POINT('',#6173);
#2557=VERTEX_POINT('',#6177);
#2558=VERTEX_POINT('',#6179);
#2559=VERTEX_POINT('',#6183);
#2560=VERTEX_POINT('',#6185);
#2561=VERTEX_POINT('',#6189);
#2562=VERTEX_POINT('',#6191);
#2563=VERTEX_POINT('',#6195);
#2564=VERTEX_POINT('',#6197);
#2565=VERTEX_POINT('',#6201);
#2566=VERTEX_POINT('',#6203);
#2567=VERTEX_POINT('',#6205);
#2568=VERTEX_POINT('',#6207);
#2569=VERTEX_POINT('',#6215);
#2570=VERTEX_POINT('',#6217);
#2571=VERTEX_POINT('',#6221);
#2572=VERTEX_POINT('',#6224);
#2573=VERTEX_POINT('',#6227);
#2574=VERTEX_POINT('',#6229);
#2575=VERTEX_POINT('',#6232);
#2576=VERTEX_POINT('',#6234);
#2577=VERTEX_POINT('',#6236);
#2578=VERTEX_POINT('',#6238);
#2579=VERTEX_POINT('',#6241);
#2580=VERTEX_POINT('',#6243);
#2581=VERTEX_POINT('',#6246);
#2582=VERTEX_POINT('',#6249);
#2583=VERTEX_POINT('',#6251);
#2584=VERTEX_POINT('',#6253);
#2585=VERTEX_POINT('',#6255);
#2586=VERTEX_POINT('',#6259);
#2587=VERTEX_POINT('',#6263);
#2588=VERTEX_POINT('',#6269);
#2589=VERTEX_POINT('',#6273);
#2590=VERTEX_POINT('',#6277);
#2591=VERTEX_POINT('',#6281);
#2592=VERTEX_POINT('',#6287);
#2593=VERTEX_POINT('',#6303);
#2594=VERTEX_POINT('',#6304);
#2595=VERTEX_POINT('',#6306);
#2596=VERTEX_POINT('',#6308);
#2597=VERTEX_POINT('',#6312);
#2598=VERTEX_POINT('',#6314);
#2599=VERTEX_POINT('',#6316);
#2600=VERTEX_POINT('',#6318);
#2601=VERTEX_POINT('',#6322);
#2602=VERTEX_POINT('',#6324);
#2603=VERTEX_POINT('',#6328);
#2604=VERTEX_POINT('',#6330);
#2605=VERTEX_POINT('',#6334);
#2606=VERTEX_POINT('',#6336);
#2607=VERTEX_POINT('',#6339);
#2608=VERTEX_POINT('',#6342);
#2609=VERTEX_POINT('',#6348);
#2610=VERTEX_POINT('',#6353);
#2611=VERTEX_POINT('',#6359);
#2612=VERTEX_POINT('',#6360);
#2613=VERTEX_POINT('',#6362);
#2614=VERTEX_POINT('',#6364);
#2615=VERTEX_POINT('',#6366);
#2616=VERTEX_POINT('',#6368);
#2617=VERTEX_POINT('',#6372);
#2618=VERTEX_POINT('',#6374);
#2619=VERTEX_POINT('',#6378);
#2620=VERTEX_POINT('',#6380);
#2621=VERTEX_POINT('',#6382);
#2622=VERTEX_POINT('',#6384);
#2623=VERTEX_POINT('',#6391);
#2624=VERTEX_POINT('',#6393);
#2625=VERTEX_POINT('',#6398);
#2626=VERTEX_POINT('',#6403);
#2627=CIRCLE('',#3857,0.004);
#2628=CIRCLE('',#3858,0.004);
#2629=CIRCLE('',#3860,0.0055);
#2630=CIRCLE('',#3862,0.0055);
#2631=CIRCLE('',#3864,0.0095);
#2632=CIRCLE('',#3866,0.0095);
#2633=CIRCLE('',#3868,0.011);
#2634=CIRCLE('',#3870,0.011);
#2635=CIRCLE('',#3872,0.0095);
#2636=CIRCLE('',#3874,0.0095);
#2637=CIRCLE('',#3876,0.0055);
#2638=CIRCLE('',#3878,0.0055);
#2639=CIRCLE('',#3882,0.004);
#2640=CIRCLE('',#3884,0.004);
#2641=CIRCLE('',#3903,0.004699);
#2642=CIRCLE('',#3904,0.004699);
#2643=CIRCLE('',#3907,0.004699);
#2644=CIRCLE('',#3908,0.004699);
#2645=CIRCLE('',#3910,0.00375);
#2646=CIRCLE('',#3911,0.00375);
#2647=CIRCLE('',#3914,0.00254);
#2648=CIRCLE('',#3916,0.00254);
#2649=CIRCLE('',#3930,0.01125);
#2650=CIRCLE('',#3931,0.01125);
#2651=CIRCLE('',#3933,0.01524);
#2652=CIRCLE('',#3934,0.01524);
#2653=CIRCLE('',#3937,0.01524);
#2654=CIRCLE('',#3938,0.01524);
#2655=CIRCLE('',#3941,0.01524);
#2656=CIRCLE('',#3942,0.01524);
#2657=CIRCLE('',#3945,0.01524);
#2658=CIRCLE('',#3946,0.01524);
#2659=CIRCLE('',#3949,0.01524);
#2660=CIRCLE('',#3950,0.01524);
#2661=CIRCLE('',#3952,0.00635);
#2662=CIRCLE('',#3953,0.00635);
#2663=CIRCLE('',#3956,0.00635);
#2664=CIRCLE('',#3957,0.00635);
#2665=CIRCLE('',#3960,0.00762);
#2666=CIRCLE('',#3961,0.00762);
#2667=CIRCLE('',#3964,0.01524);
#2668=CIRCLE('',#3965,0.01524);
#2669=CIRCLE('',#3968,0.00635);
#2670=CIRCLE('',#3969,0.00635);
#2671=CIRCLE('',#3981,0.00254);
#2672=CIRCLE('',#3982,0.00254);
#2673=CIRCLE('',#3983,0.01075);
#2674=CIRCLE('',#3985,0.01075);
#2675=CIRCLE('',#3987,0.01075);
#2676=CIRCLE('',#3990,0.01075);
#2677=CIRCLE('',#3993,0.00254);
#2678=CIRCLE('',#3996,0.00254);
#2679=CIRCLE('',#4000,0.000762);
#2680=CIRCLE('',#4001,0.000762);
#2681=CIRCLE('',#4004,0.000762);
#2682=CIRCLE('',#4005,0.000762);
#2683=CIRCLE('',#4008,0.000762);
#2684=CIRCLE('',#4009,0.000762);
#2685=CIRCLE('',#4011,0.0042291);
#2686=CIRCLE('',#4012,0.0042291);
#2687=CIRCLE('',#4015,0.00381);
#2688=CIRCLE('',#4016,0.00381);
#2689=CIRCLE('',#4019,0.00381);
#2690=CIRCLE('',#4020,0.00381);
#2691=CIRCLE('',#4025,0.00254);
#2692=CIRCLE('',#4026,0.00254);
#2693=CIRCLE('',#4027,0.00254);
#2694=CIRCLE('',#4029,0.00254);
#2695=CIRCLE('',#4030,0.00254);
#2696=CIRCLE('',#4031,0.00254);
#2697=CIRCLE('',#4032,0.000762);
#2698=CIRCLE('',#4033,0.000762);
#2699=CIRCLE('',#4034,0.00381);
#2700=CIRCLE('',#4035,0.00381);
#2701=CIRCLE('',#4037,0.000762);
#2702=CIRCLE('',#4039,0.000762);
#2703=CIRCLE('',#4041,0.00381);
#2704=CIRCLE('',#4044,0.00381);
#2705=CIRCLE('',#4055,0.00381);
#2706=CIRCLE('',#4056,0.00381);
#2707=CIRCLE('',#4059,0.003175);
#2708=CIRCLE('',#4060,0.003175);
#2709=CIRCLE('',#4062,0.00381);
#2710=CIRCLE('',#4063,0.00381);
#2711=CIRCLE('',#4065,0.003175);
#2712=CIRCLE('',#4066,0.003175);
#2713=CIRCLE('',#4072,0.00381);
#2714=CIRCLE('',#4073,0.00381);
#2715=CIRCLE('',#4076,0.003175);
#2716=CIRCLE('',#4077,0.003175);
#2717=CIRCLE('',#4079,0.00381);
#2718=CIRCLE('',#4080,0.00381);
#2719=CIRCLE('',#4082,0.003175);
#2720=CIRCLE('',#4083,0.003175);
#2721=CIRCLE('',#4088,0.0127);
#2722=CIRCLE('',#4089,0.0127);
#2723=CIRCLE('',#4092,0.00381);
#2724=CIRCLE('',#4093,0.00381);
#2725=CIRCLE('',#4096,0.0127);
#2726=CIRCLE('',#4097,0.0127);
#2727=CIRCLE('',#4099,0.003175);
#2728=CIRCLE('',#4100,0.003175);
#2729=CIRCLE('',#4104,0.00381);
#2730=CIRCLE('',#4105,0.00381);
#2731=CIRCLE('',#4107,0.003175);
#2732=CIRCLE('',#4108,0.003175);
#2733=CIRCLE('',#4113,0.003175);
#2734=CIRCLE('',#4114,0.0380999999999992);
#2735=CIRCLE('',#4115,0.00381);
#2736=CIRCLE('',#4118,0.0127);
#2737=CIRCLE('',#4119,0.0127);
#2738=CIRCLE('',#4122,0.00381);
#2739=CIRCLE('',#4124,0.003175);
#2740=CIRCLE('',#4127,0.00381);
#2741=CIRCLE('',#4128,0.00381);
#2742=CIRCLE('',#4130,0.003175);
#2743=CIRCLE('',#4131,0.003175);
#2744=CIRCLE('',#4134,0.0380999999999992);
#2745=CIRCLE('',#4139,0.00025400000000001);
#2746=CIRCLE('',#4140,0.00025400000000001);
#2747=CIRCLE('',#4141,0.00025400000000001);
#2748=CIRCLE('',#4142,0.00025400000000001);
#2749=CIRCLE('',#4145,0.000762000000000041);
#2750=CIRCLE('',#4146,0.000762000000000041);
#2751=CIRCLE('',#4150,0.00381);
#2752=CIRCLE('',#4151,0.00381);
#2753=CIRCLE('',#4154,0.004445);
#2754=CIRCLE('',#4155,0.004445);
#2755=CIRCLE('',#4158,0.000762);
#2756=CIRCLE('',#4159,0.000762);
#2757=CIRCLE('',#4160,0.000762);
#2758=CIRCLE('',#4161,0.000762);
#2759=CIRCLE('',#4163,0.00381);
#2760=CIRCLE('',#4164,0.00381);
#2761=CIRCLE('',#4166,0.003175);
#2762=CIRCLE('',#4167,0.003175);
#2763=CIRCLE('',#4170,0.000762000000000056);
#2764=CIRCLE('',#4171,0.000762);
#2765=CIRCLE('',#4172,0.00254);
#2766=CIRCLE('',#4173,0.00254);
#2767=CIRCLE('',#4175,0.00254);
#2768=CIRCLE('',#4176,0.00254);
#2769=CIRCLE('',#4177,0.003175);
#2770=CIRCLE('',#4178,0.000762);
#2771=CIRCLE('',#4179,0.000762000000000041);
#2772=CIRCLE('',#4180,0.000762000000000056);
#2773=CIRCLE('',#4181,0.00381);
#2774=CIRCLE('',#4182,0.004445);
#2775=CIRCLE('',#4183,0.00381);
#2776=CIRCLE('',#4186,0.000762000000000041);
#2777=CIRCLE('',#4189,0.00381);
#2778=CIRCLE('',#4192,0.004445);
#2779=CIRCLE('',#4195,0.00381);
#2780=CIRCLE('',#4197,0.003175);
#2781=CIRCLE('',#4210,0.00381);
#2782=CIRCLE('',#4211,0.00381);
#2783=CIRCLE('',#4214,0.00127);
#2784=CIRCLE('',#4215,0.00127);
#2785=CIRCLE('',#4218,0.003175);
#2786=CIRCLE('',#4219,0.003175);
#2787=CIRCLE('',#4223,0.00381);
#2788=CIRCLE('',#4224,0.003175);
#2789=CIRCLE('',#4226,0.00381);
#2790=CIRCLE('',#4228,0.003175);
#2791=CIRCLE('',#4234,0.00381);
#2792=CIRCLE('',#4235,0.00381);
#2793=CIRCLE('',#4238,0.0127);
#2794=CIRCLE('',#4239,0.0127);
#2795=CIRCLE('',#4241,0.003175);
#2796=CIRCLE('',#4242,0.003175);
#2797=CIRCLE('',#4245,0.00381);
#2798=CIRCLE('',#4246,0.003175);
#2799=CIRCLE('',#4248,0.00381);
#2800=CIRCLE('',#4250,0.003175);
#2801=EDGE_LOOP('',(#850));
#2802=EDGE_LOOP('',(#851));
#2803=EDGE_LOOP('',(#852));
#2804=EDGE_LOOP('',(#853));
#2805=EDGE_LOOP('',(#854));
#2806=EDGE_LOOP('',(#855));
#2807=EDGE_LOOP('',(#856));
#2808=EDGE_LOOP('',(#857));
#2809=EDGE_LOOP('',(#858));
#2810=EDGE_LOOP('',(#859));
#2811=EDGE_LOOP('',(#860));
#2812=EDGE_LOOP('',(#861));
#2813=EDGE_LOOP('',(#862));
#2814=EDGE_LOOP('',(#863));
#2815=EDGE_LOOP('',(#864));
#2816=EDGE_LOOP('',(#865));
#2817=EDGE_LOOP('',(#866));
#2818=EDGE_LOOP('',(#867));
#2819=EDGE_LOOP('',(#868));
#2820=EDGE_LOOP('',(#869));
#2821=EDGE_LOOP('',(#870));
#2822=EDGE_LOOP('',(#871));
#2823=EDGE_LOOP('',(#872));
#2824=EDGE_LOOP('',(#873));
#2825=EDGE_LOOP('',(#874));
#2826=EDGE_LOOP('',(#875,#876,#877,#878,#879,#880));
#2827=EDGE_LOOP('',(#881));
#2828=EDGE_LOOP('',(#882));
#2829=EDGE_LOOP('',(#883,#884,#885,#886,#887,#888));
#2830=EDGE_LOOP('',(#889));
#2831=EDGE_LOOP('',(#890,#891,#892,#893));
#2832=EDGE_LOOP('',(#894,#895,#896,#897));
#2833=EDGE_LOOP('',(#898,#899,#900,#901));
#2834=EDGE_LOOP('',(#902,#903,#904,#905));
#2835=EDGE_LOOP('',(#906,#907,#908,#909));
#2836=EDGE_LOOP('',(#910,#911,#912,#913));
#2837=EDGE_LOOP('',(#914,#915,#916,#917,#918,#919));
#2838=EDGE_LOOP('',(#920,#921,#922,#923));
#2839=EDGE_LOOP('',(#924,#925,#926,#927));
#2840=EDGE_LOOP('',(#928,#929,#930,#931));
#2841=EDGE_LOOP('',(#932,#933,#934,#935));
#2842=EDGE_LOOP('',(#936,#937,#938,#939));
#2843=EDGE_LOOP('',(#940,#941,#942,#943));
#2844=EDGE_LOOP('',(#944,#945,#946,#947,#948,#949));
#2845=EDGE_LOOP('',(#950,#951,#952,#953));
#2846=EDGE_LOOP('',(#954,#955,#956,#957));
#2847=EDGE_LOOP('',(#958,#959,#960,#961));
#2848=EDGE_LOOP('',(#962,#963,#964,#965));
#2849=EDGE_LOOP('',(#966));
#2850=EDGE_LOOP('',(#967));
#2851=EDGE_LOOP('',(#968,#969,#970,#971));
#2852=EDGE_LOOP('',(#972));
#2853=EDGE_LOOP('',(#973));
#2854=EDGE_LOOP('',(#974,#975,#976,#977));
#2855=EDGE_LOOP('',(#978));
#2856=EDGE_LOOP('',(#979));
#2857=EDGE_LOOP('',(#980));
#2858=EDGE_LOOP('',(#981,#982,#983,#984,#985,#986));
#2859=EDGE_LOOP('',(#987));
#2860=EDGE_LOOP('',(#988,#989,#990,#991));
#2861=EDGE_LOOP('',(#992,#993,#994,#995));
#2862=EDGE_LOOP('',(#996,#997,#998,#999));
#2863=EDGE_LOOP('',(#1000,#1001,#1002,#1003));
#2864=EDGE_LOOP('',(#1004,#1005,#1006,#1007));
#2865=EDGE_LOOP('',(#1008,#1009,#1010,#1011));
#2866=EDGE_LOOP('',(#1012,#1013,#1014,#1015,#1016,#1017));
#2867=EDGE_LOOP('',(#1018));
#2868=EDGE_LOOP('',(#1019));
#2869=EDGE_LOOP('',(#1020,#1021,#1022,#1023));
#2870=EDGE_LOOP('',(#1024,#1025,#1026,#1027));
#2871=EDGE_LOOP('',(#1028,#1029,#1030,#1031));
#2872=EDGE_LOOP('',(#1032,#1033,#1034,#1035));
#2873=EDGE_LOOP('',(#1036,#1037,#1038,#1039));
#2874=EDGE_LOOP('',(#1040,#1041,#1042,#1043));
#2875=EDGE_LOOP('',(#1044,#1045,#1046,#1047));
#2876=EDGE_LOOP('',(#1048,#1049,#1050,#1051));
#2877=EDGE_LOOP('',(#1052,#1053,#1054,#1055));
#2878=EDGE_LOOP('',(#1056,#1057,#1058,#1059));
#2879=EDGE_LOOP('',(#1060,#1061,#1062,#1063));
#2880=EDGE_LOOP('',(#1064,#1065,#1066,#1067));
#2881=EDGE_LOOP('',(#1068,#1069,#1070,#1071));
#2882=EDGE_LOOP('',(#1072,#1073,#1074,#1075));
#2883=EDGE_LOOP('',(#1076,#1077,#1078,#1079));
#2884=EDGE_LOOP('',(#1080,#1081,#1082,#1083));
#2885=EDGE_LOOP('',(#1084,#1085,#1086,#1087));
#2886=EDGE_LOOP('',(#1088,#1089,#1090,#1091));
#2887=EDGE_LOOP('',(#1092,#1093,#1094,#1095));
#2888=EDGE_LOOP('',(#1096,#1097,#1098,#1099));
#2889=EDGE_LOOP('',(#1100,#1101,#1102,#1103));
#2890=EDGE_LOOP('',(#1104,#1105,#1106,#1107));
#2891=EDGE_LOOP('',(#1108,#1109,#1110,#1111));
#2892=EDGE_LOOP('',(#1112,#1113,#1114,#1115));
#2893=EDGE_LOOP('',(#1116,#1117,#1118,#1119));
#2894=EDGE_LOOP('',(#1120,#1121,#1122,#1123));
#2895=EDGE_LOOP('',(#1124,#1125,#1126,#1127));
#2896=EDGE_LOOP('',(#1128,#1129,#1130,#1131));
#2897=EDGE_LOOP('',(#1132));
#2898=EDGE_LOOP('',(#1133));
#2899=EDGE_LOOP('',(#1134,#1135,#1136,#1137));
#2900=EDGE_LOOP('',(#1138,#1139,#1140,#1141));
#2901=EDGE_LOOP('',(#1142,#1143,#1144,#1145,#1146,#1147,#1148,#1149,#1150,
#1151));
#2902=EDGE_LOOP('',(#1152,#1153,#1154,#1155,#1156,#1157,#1158,#1159,#1160,
#1161));
#2903=EDGE_LOOP('',(#1162));
#2904=EDGE_LOOP('',(#1163,#1164,#1165,#1166));
#2905=EDGE_LOOP('',(#1167,#1168,#1169,#1170));
#2906=EDGE_LOOP('',(#1171,#1172,#1173,#1174,#1175,#1176,#1177,#1178,#1179,
#1180));
#2907=EDGE_LOOP('',(#1181,#1182,#1183,#1184,#1185,#1186,#1187,#1188,#1189,
#1190));
#2908=EDGE_LOOP('',(#1191));
#2909=EDGE_LOOP('',(#1192));
#2910=EDGE_LOOP('',(#1193));
#2911=EDGE_LOOP('',(#1194));
#2912=EDGE_LOOP('',(#1195));
#2913=EDGE_LOOP('',(#1196));
#2914=EDGE_LOOP('',(#1197));
#2915=EDGE_LOOP('',(#1198));
#2916=EDGE_LOOP('',(#1199));
#2917=EDGE_LOOP('',(#1200));
#2918=EDGE_LOOP('',(#1201));
#2919=EDGE_LOOP('',(#1202));
#2920=EDGE_LOOP('',(#1203));
#2921=EDGE_LOOP('',(#1204));
#2922=EDGE_LOOP('',(#1205));
#2923=EDGE_LOOP('',(#1206,#1207,#1208,#1209));
#2924=EDGE_LOOP('',(#1210,#1211,#1212,#1213,#1214,#1215));
#2925=EDGE_LOOP('',(#1216,#1217,#1218,#1219));
#2926=EDGE_LOOP('',(#1220,#1221,#1222,#1223,#1224,#1225));
#2927=EDGE_LOOP('',(#1226,#1227,#1228,#1229));
#2928=EDGE_LOOP('',(#1230,#1231,#1232,#1233));
#2929=EDGE_LOOP('',(#1234,#1235,#1236,#1237,#1238,#1239,#1240,#1241));
#2930=EDGE_LOOP('',(#1242,#1243,#1244,#1245));
#2931=EDGE_LOOP('',(#1246,#1247,#1248,#1249));
#2932=EDGE_LOOP('',(#1250,#1251,#1252,#1253));
#2933=EDGE_LOOP('',(#1254,#1255,#1256,#1257,#1258,#1259,#1260,#1261));
#2934=EDGE_LOOP('',(#1262,#1263,#1264,#1265));
#2935=EDGE_LOOP('',(#1266,#1267,#1268,#1269,#1270,#1271));
#2936=EDGE_LOOP('',(#1272,#1273,#1274,#1275,#1276,#1277));
#2937=EDGE_LOOP('',(#1278,#1279,#1280,#1281,#1282,#1283,#1284,#1285,#1286,
#1287));
#2938=EDGE_LOOP('',(#1288));
#2939=EDGE_LOOP('',(#1289));
#2940=EDGE_LOOP('',(#1290));
#2941=EDGE_LOOP('',(#1291));
#2942=EDGE_LOOP('',(#1292));
#2943=EDGE_LOOP('',(#1293));
#2944=EDGE_LOOP('',(#1294,#1295,#1296,#1297,#1298,#1299,#1300,#1301,#1302,
#1303));
#2945=EDGE_LOOP('',(#1304,#1305,#1306,#1307));
#2946=EDGE_LOOP('',(#1308,#1309,#1310,#1311));
#2947=EDGE_LOOP('',(#1312,#1313,#1314,#1315));
#2948=EDGE_LOOP('',(#1316,#1317,#1318,#1319));
#2949=EDGE_LOOP('',(#1320,#1321,#1322,#1323));
#2950=EDGE_LOOP('',(#1324,#1325,#1326,#1327));
#2951=EDGE_LOOP('',(#1328,#1329,#1330,#1331,#1332,#1333));
#2952=EDGE_LOOP('',(#1334,#1335,#1336,#1337,#1338,#1339));
#2953=EDGE_LOOP('',(#1340,#1341,#1342,#1343));
#2954=EDGE_LOOP('',(#1344,#1345,#1346,#1347));
#2955=EDGE_LOOP('',(#1348));
#2956=EDGE_LOOP('',(#1349));
#2957=EDGE_LOOP('',(#1350));
#2958=EDGE_LOOP('',(#1351));
#2959=EDGE_LOOP('',(#1352));
#2960=EDGE_LOOP('',(#1353));
#2961=EDGE_LOOP('',(#1354,#1355,#1356,#1357));
#2962=EDGE_LOOP('',(#1358,#1359,#1360,#1361));
#2963=EDGE_LOOP('',(#1362,#1363,#1364,#1365));
#2964=EDGE_LOOP('',(#1366));
#2965=EDGE_LOOP('',(#1367));
#2966=EDGE_LOOP('',(#1368,#1369,#1370,#1371));
#2967=EDGE_LOOP('',(#1372));
#2968=EDGE_LOOP('',(#1373));
#2969=EDGE_LOOP('',(#1374,#1375,#1376,#1377));
#2970=EDGE_LOOP('',(#1378));
#2971=EDGE_LOOP('',(#1379));
#2972=EDGE_LOOP('',(#1380,#1381,#1382,#1383));
#2973=EDGE_LOOP('',(#1384));
#2974=EDGE_LOOP('',(#1385));
#2975=EDGE_LOOP('',(#1386,#1387,#1388,#1389));
#2976=EDGE_LOOP('',(#1390,#1391,#1392,#1393));
#2977=EDGE_LOOP('',(#1394,#1395,#1396,#1397));
#2978=EDGE_LOOP('',(#1398));
#2979=EDGE_LOOP('',(#1399));
#2980=EDGE_LOOP('',(#1400,#1401,#1402,#1403));
#2981=EDGE_LOOP('',(#1404));
#2982=EDGE_LOOP('',(#1405));
#2983=EDGE_LOOP('',(#1406,#1407,#1408,#1409));
#2984=EDGE_LOOP('',(#1410));
#2985=EDGE_LOOP('',(#1411));
#2986=EDGE_LOOP('',(#1412,#1413,#1414,#1415));
#2987=EDGE_LOOP('',(#1416));
#2988=EDGE_LOOP('',(#1417));
#2989=EDGE_LOOP('',(#1418,#1419,#1420,#1421));
#2990=EDGE_LOOP('',(#1422,#1423,#1424,#1425,#1426,#1427,#1428,#1429));
#2991=EDGE_LOOP('',(#1430,#1431,#1432,#1433));
#2992=EDGE_LOOP('',(#1434,#1435,#1436,#1437,#1438,#1439,#1440,#1441));
#2993=EDGE_LOOP('',(#1442,#1443,#1444,#1445));
#2994=EDGE_LOOP('',(#1446));
#2995=EDGE_LOOP('',(#1447));
#2996=EDGE_LOOP('',(#1448,#1449,#1450,#1451));
#2997=EDGE_LOOP('',(#1452));
#2998=EDGE_LOOP('',(#1453,#1454,#1455,#1456));
#2999=EDGE_LOOP('',(#1457));
#3000=EDGE_LOOP('',(#1458,#1459,#1460,#1461));
#3001=EDGE_LOOP('',(#1462));
#3002=EDGE_LOOP('',(#1463));
#3003=EDGE_LOOP('',(#1464,#1465,#1466,#1467));
#3004=EDGE_LOOP('',(#1468));
#3005=EDGE_LOOP('',(#1469,#1470,#1471,#1472));
#3006=EDGE_LOOP('',(#1473));
#3007=EDGE_LOOP('',(#1474));
#3008=EDGE_LOOP('',(#1475,#1476,#1477,#1478));
#3009=EDGE_LOOP('',(#1479,#1480,#1481,#1482,#1483,#1484,#1485,#1486));
#3010=EDGE_LOOP('',(#1487,#1488,#1489,#1490));
#3011=EDGE_LOOP('',(#1491,#1492,#1493,#1494,#1495,#1496,#1497,#1498));
#3012=EDGE_LOOP('',(#1499,#1500,#1501,#1502));
#3013=EDGE_LOOP('',(#1503));
#3014=EDGE_LOOP('',(#1504));
#3015=EDGE_LOOP('',(#1505,#1506,#1507,#1508));
#3016=EDGE_LOOP('',(#1509));
#3017=EDGE_LOOP('',(#1510,#1511,#1512,#1513));
#3018=EDGE_LOOP('',(#1514));
#3019=EDGE_LOOP('',(#1515));
#3020=EDGE_LOOP('',(#1516,#1517,#1518,#1519));
#3021=EDGE_LOOP('',(#1520));
#3022=EDGE_LOOP('',(#1521,#1522,#1523,#1524));
#3023=EDGE_LOOP('',(#1525));
#3024=EDGE_LOOP('',(#1526,#1527,#1528,#1529));
#3025=EDGE_LOOP('',(#1530,#1531,#1532,#1533));
#3026=EDGE_LOOP('',(#1534,#1535,#1536,#1537,#1538,#1539,#1540,#1541));
#3027=EDGE_LOOP('',(#1542,#1543,#1544,#1545));
#3028=EDGE_LOOP('',(#1546,#1547,#1548,#1549));
#3029=EDGE_LOOP('',(#1550,#1551,#1552,#1553));
#3030=EDGE_LOOP('',(#1554,#1555,#1556,#1557,#1558,#1559,#1560,#1561,#1562,
#1563,#1564,#1565));
#3031=EDGE_LOOP('',(#1566,#1567,#1568,#1569));
#3032=EDGE_LOOP('',(#1570,#1571,#1572,#1573));
#3033=EDGE_LOOP('',(#1574,#1575,#1576,#1577));
#3034=EDGE_LOOP('',(#1578,#1579,#1580,#1581));
#3035=EDGE_LOOP('',(#1582,#1583,#1584,#1585,#1586,#1587,#1588,#1589));
#3036=EDGE_LOOP('',(#1590,#1591,#1592,#1593));
#3037=EDGE_LOOP('',(#1594));
#3038=EDGE_LOOP('',(#1595));
#3039=EDGE_LOOP('',(#1596,#1597,#1598,#1599,#1600,#1601));
#3040=EDGE_LOOP('',(#1602,#1603,#1604,#1605,#1606,#1607));
#3041=EDGE_LOOP('',(#1608));
#3042=EDGE_LOOP('',(#1609,#1610,#1611,#1612,#1613,#1614,#1615,#1616,#1617,
#1618,#1619,#1620,#1621,#1622,#1623,#1624));
#3043=EDGE_LOOP('',(#1625));
#3044=EDGE_LOOP('',(#1626));
#3045=EDGE_LOOP('',(#1627));
#3046=EDGE_LOOP('',(#1628));
#3047=EDGE_LOOP('',(#1629));
#3048=EDGE_LOOP('',(#1630));
#3049=EDGE_LOOP('',(#1631,#1632,#1633,#1634,#1635,#1636,#1637,#1638,#1639,
#1640,#1641,#1642,#1643,#1644,#1645,#1646));
#3050=EDGE_LOOP('',(#1647,#1648,#1649,#1650));
#3051=EDGE_LOOP('',(#1651,#1652,#1653,#1654));
#3052=EDGE_LOOP('',(#1655,#1656,#1657,#1658));
#3053=EDGE_LOOP('',(#1659,#1660,#1661,#1662));
#3054=EDGE_LOOP('',(#1663,#1664,#1665,#1666));
#3055=EDGE_LOOP('',(#1667,#1668,#1669,#1670));
#3056=EDGE_LOOP('',(#1671,#1672,#1673,#1674));
#3057=EDGE_LOOP('',(#1675,#1676,#1677,#1678));
#3058=EDGE_LOOP('',(#1679));
#3059=EDGE_LOOP('',(#1680));
#3060=EDGE_LOOP('',(#1681,#1682,#1683,#1684,#1685,#1686));
#3061=EDGE_LOOP('',(#1687,#1688,#1689,#1690,#1691,#1692));
#3062=EDGE_LOOP('',(#1693));
#3063=EDGE_LOOP('',(#1694,#1695,#1696,#1697));
#3064=EDGE_LOOP('',(#1698,#1699,#1700,#1701));
#3065=EDGE_LOOP('',(#1702,#1703,#1704,#1705));
#3066=EDGE_LOOP('',(#1706,#1707,#1708,#1709));
#3067=EDGE_LOOP('',(#1710));
#3068=EDGE_LOOP('',(#1711));
#3069=EDGE_LOOP('',(#1712));
#3070=EDGE_LOOP('',(#1713));
#3071=EDGE_LOOP('',(#1714,#1715,#1716,#1717));
#3072=EDGE_LOOP('',(#1718,#1719,#1720,#1721,#1722,#1723));
#3073=EDGE_LOOP('',(#1724,#1725,#1726,#1727));
#3074=EDGE_LOOP('',(#1728,#1729,#1730,#1731));
#3075=EDGE_LOOP('',(#1732));
#3076=EDGE_LOOP('',(#1733));
#3077=EDGE_LOOP('',(#1734,#1735,#1736,#1737,#1738,#1739));
#3078=EDGE_LOOP('',(#1740));
#3079=EDGE_LOOP('',(#1741,#1742,#1743,#1744,#1745));
#3080=EDGE_LOOP('',(#1746));
#3081=EDGE_LOOP('',(#1747,#1748,#1749,#1750));
#3082=EDGE_LOOP('',(#1751));
#3083=EDGE_LOOP('',(#1752,#1753,#1754,#1755));
#3084=EDGE_LOOP('',(#1756));
#3085=EDGE_LOOP('',(#1757));
#3086=EDGE_LOOP('',(#1758,#1759,#1760,#1761,#1762));
#3087=EDGE_LOOP('',(#1763));
#3088=EDGE_LOOP('',(#1764,#1765,#1766,#1767,#1768,#1769));
#3089=EDGE_LOOP('',(#1770,#1771,#1772,#1773));
#3090=EDGE_LOOP('',(#1774,#1775,#1776,#1777,#1778,#1779));
#3091=EDGE_LOOP('',(#1780,#1781,#1782,#1783));
#3092=EDGE_LOOP('',(#1784));
#3093=EDGE_LOOP('',(#1785));
#3094=EDGE_LOOP('',(#1786,#1787,#1788,#1789));
#3095=EDGE_LOOP('',(#1790));
#3096=EDGE_LOOP('',(#1791,#1792,#1793,#1794));
#3097=EDGE_LOOP('',(#1795));
#3098=EDGE_LOOP('',(#1796));
#3099=EDGE_LOOP('',(#1797,#1798,#1799,#1800));
#3100=EDGE_LOOP('',(#1801));
#3101=EDGE_LOOP('',(#1802));
#3102=EDGE_LOOP('',(#1803,#1804,#1805,#1806));
#3103=EDGE_LOOP('',(#1807));
#3104=FACE_BOUND('',#2801,.T.);
#3105=FACE_BOUND('',#2802,.T.);
#3106=FACE_BOUND('',#2803,.T.);
#3107=FACE_BOUND('',#2804,.T.);
#3108=FACE_BOUND('',#2805,.T.);
#3109=FACE_BOUND('',#2806,.T.);
#3110=FACE_BOUND('',#2807,.T.);
#3111=FACE_BOUND('',#2808,.T.);
#3112=FACE_BOUND('',#2809,.T.);
#3113=FACE_BOUND('',#2810,.T.);
#3114=FACE_BOUND('',#2811,.T.);
#3115=FACE_BOUND('',#2812,.T.);
#3116=FACE_BOUND('',#2813,.T.);
#3117=FACE_BOUND('',#2814,.T.);
#3118=FACE_BOUND('',#2815,.T.);
#3119=FACE_BOUND('',#2816,.T.);
#3120=FACE_BOUND('',#2817,.T.);
#3121=FACE_BOUND('',#2818,.T.);
#3122=FACE_BOUND('',#2819,.T.);
#3123=FACE_BOUND('',#2820,.T.);
#3124=FACE_BOUND('',#2821,.T.);
#3125=FACE_BOUND('',#2822,.T.);
#3126=FACE_BOUND('',#2823,.T.);
#3127=FACE_BOUND('',#2824,.T.);
#3128=FACE_BOUND('',#2825,.T.);
#3129=FACE_BOUND('',#2826,.T.);
#3130=FACE_BOUND('',#2827,.T.);
#3131=FACE_BOUND('',#2828,.T.);
#3132=FACE_BOUND('',#2829,.T.);
#3133=FACE_BOUND('',#2830,.T.);
#3134=FACE_BOUND('',#2831,.T.);
#3135=FACE_BOUND('',#2832,.T.);
#3136=FACE_BOUND('',#2833,.T.);
#3137=FACE_BOUND('',#2834,.T.);
#3138=FACE_BOUND('',#2835,.T.);
#3139=FACE_BOUND('',#2836,.T.);
#3140=FACE_BOUND('',#2837,.T.);
#3141=FACE_BOUND('',#2838,.T.);
#3142=FACE_BOUND('',#2839,.T.);
#3143=FACE_BOUND('',#2840,.T.);
#3144=FACE_BOUND('',#2841,.T.);
#3145=FACE_BOUND('',#2842,.T.);
#3146=FACE_BOUND('',#2843,.T.);
#3147=FACE_BOUND('',#2844,.T.);
#3148=FACE_BOUND('',#2845,.T.);
#3149=FACE_BOUND('',#2846,.T.);
#3150=FACE_BOUND('',#2847,.T.);
#3151=FACE_BOUND('',#2848,.T.);
#3152=FACE_BOUND('',#2849,.T.);
#3153=FACE_BOUND('',#2850,.T.);
#3154=FACE_BOUND('',#2851,.T.);
#3155=FACE_BOUND('',#2852,.T.);
#3156=FACE_BOUND('',#2853,.T.);
#3157=FACE_BOUND('',#2854,.T.);
#3158=FACE_BOUND('',#2855,.T.);
#3159=FACE_BOUND('',#2856,.T.);
#3160=FACE_BOUND('',#2857,.T.);
#3161=FACE_BOUND('',#2858,.T.);
#3162=FACE_BOUND('',#2859,.T.);
#3163=FACE_BOUND('',#2860,.T.);
#3164=FACE_BOUND('',#2861,.T.);
#3165=FACE_BOUND('',#2862,.T.);
#3166=FACE_BOUND('',#2863,.T.);
#3167=FACE_BOUND('',#2864,.T.);
#3168=FACE_BOUND('',#2865,.T.);
#3169=FACE_BOUND('',#2866,.T.);
#3170=FACE_BOUND('',#2867,.T.);
#3171=FACE_BOUND('',#2868,.T.);
#3172=FACE_BOUND('',#2869,.T.);
#3173=FACE_BOUND('',#2870,.T.);
#3174=FACE_BOUND('',#2871,.T.);
#3175=FACE_BOUND('',#2872,.T.);
#3176=FACE_BOUND('',#2873,.T.);
#3177=FACE_BOUND('',#2874,.T.);
#3178=FACE_BOUND('',#2875,.T.);
#3179=FACE_BOUND('',#2876,.T.);
#3180=FACE_BOUND('',#2877,.T.);
#3181=FACE_BOUND('',#2878,.T.);
#3182=FACE_BOUND('',#2879,.T.);
#3183=FACE_BOUND('',#2880,.T.);
#3184=FACE_BOUND('',#2881,.T.);
#3185=FACE_BOUND('',#2882,.T.);
#3186=FACE_BOUND('',#2883,.T.);
#3187=FACE_BOUND('',#2884,.T.);
#3188=FACE_BOUND('',#2885,.T.);
#3189=FACE_BOUND('',#2886,.T.);
#3190=FACE_BOUND('',#2887,.T.);
#3191=FACE_BOUND('',#2888,.T.);
#3192=FACE_BOUND('',#2889,.T.);
#3193=FACE_BOUND('',#2890,.T.);
#3194=FACE_BOUND('',#2891,.T.);
#3195=FACE_BOUND('',#2892,.T.);
#3196=FACE_BOUND('',#2893,.T.);
#3197=FACE_BOUND('',#2894,.T.);
#3198=FACE_BOUND('',#2895,.T.);
#3199=FACE_BOUND('',#2896,.T.);
#3200=FACE_BOUND('',#2897,.T.);
#3201=FACE_BOUND('',#2898,.T.);
#3202=FACE_BOUND('',#2899,.T.);
#3203=FACE_BOUND('',#2900,.T.);
#3204=FACE_BOUND('',#2901,.T.);
#3205=FACE_BOUND('',#2902,.T.);
#3206=FACE_BOUND('',#2903,.T.);
#3207=FACE_BOUND('',#2904,.T.);
#3208=FACE_BOUND('',#2905,.T.);
#3209=FACE_BOUND('',#2906,.T.);
#3210=FACE_BOUND('',#2907,.T.);
#3211=FACE_BOUND('',#2908,.T.);
#3212=FACE_BOUND('',#2909,.T.);
#3213=FACE_BOUND('',#2910,.T.);
#3214=FACE_BOUND('',#2911,.T.);
#3215=FACE_BOUND('',#2912,.T.);
#3216=FACE_BOUND('',#2913,.T.);
#3217=FACE_BOUND('',#2914,.T.);
#3218=FACE_BOUND('',#2915,.T.);
#3219=FACE_BOUND('',#2916,.T.);
#3220=FACE_BOUND('',#2917,.T.);
#3221=FACE_BOUND('',#2918,.T.);
#3222=FACE_BOUND('',#2919,.T.);
#3223=FACE_BOUND('',#2920,.T.);
#3224=FACE_BOUND('',#2921,.T.);
#3225=FACE_BOUND('',#2922,.T.);
#3226=FACE_BOUND('',#2923,.T.);
#3227=FACE_BOUND('',#2924,.T.);
#3228=FACE_BOUND('',#2925,.T.);
#3229=FACE_BOUND('',#2926,.T.);
#3230=FACE_BOUND('',#2927,.T.);
#3231=FACE_BOUND('',#2928,.T.);
#3232=FACE_BOUND('',#2929,.T.);
#3233=FACE_BOUND('',#2930,.T.);
#3234=FACE_BOUND('',#2931,.T.);
#3235=FACE_BOUND('',#2932,.T.);
#3236=FACE_BOUND('',#2933,.T.);
#3237=FACE_BOUND('',#2934,.T.);
#3238=FACE_BOUND('',#2935,.T.);
#3239=FACE_BOUND('',#2936,.T.);
#3240=FACE_BOUND('',#2937,.T.);
#3241=FACE_BOUND('',#2938,.T.);
#3242=FACE_BOUND('',#2939,.T.);
#3243=FACE_BOUND('',#2940,.T.);
#3244=FACE_BOUND('',#2941,.T.);
#3245=FACE_BOUND('',#2942,.T.);
#3246=FACE_BOUND('',#2943,.T.);
#3247=FACE_BOUND('',#2944,.T.);
#3248=FACE_BOUND('',#2945,.T.);
#3249=FACE_BOUND('',#2946,.T.);
#3250=FACE_BOUND('',#2947,.T.);
#3251=FACE_BOUND('',#2948,.T.);
#3252=FACE_BOUND('',#2949,.T.);
#3253=FACE_BOUND('',#2950,.T.);
#3254=FACE_BOUND('',#2951,.T.);
#3255=FACE_BOUND('',#2952,.T.);
#3256=FACE_BOUND('',#2953,.T.);
#3257=FACE_BOUND('',#2954,.T.);
#3258=FACE_BOUND('',#2955,.T.);
#3259=FACE_BOUND('',#2956,.T.);
#3260=FACE_BOUND('',#2957,.T.);
#3261=FACE_BOUND('',#2958,.T.);
#3262=FACE_BOUND('',#2959,.T.);
#3263=FACE_BOUND('',#2960,.T.);
#3264=FACE_BOUND('',#2961,.T.);
#3265=FACE_BOUND('',#2962,.T.);
#3266=FACE_BOUND('',#2963,.T.);
#3267=FACE_BOUND('',#2964,.T.);
#3268=FACE_BOUND('',#2965,.T.);
#3269=FACE_BOUND('',#2966,.T.);
#3270=FACE_BOUND('',#2967,.T.);
#3271=FACE_BOUND('',#2968,.T.);
#3272=FACE_BOUND('',#2969,.T.);
#3273=FACE_BOUND('',#2970,.T.);
#3274=FACE_BOUND('',#2971,.T.);
#3275=FACE_BOUND('',#2972,.T.);
#3276=FACE_BOUND('',#2973,.T.);
#3277=FACE_BOUND('',#2974,.T.);
#3278=FACE_BOUND('',#2975,.T.);
#3279=FACE_BOUND('',#2976,.T.);
#3280=FACE_BOUND('',#2977,.T.);
#3281=FACE_BOUND('',#2978,.T.);
#3282=FACE_BOUND('',#2979,.T.);
#3283=FACE_BOUND('',#2980,.T.);
#3284=FACE_BOUND('',#2981,.T.);
#3285=FACE_BOUND('',#2982,.T.);
#3286=FACE_BOUND('',#2983,.T.);
#3287=FACE_BOUND('',#2984,.T.);
#3288=FACE_BOUND('',#2985,.T.);
#3289=FACE_BOUND('',#2986,.T.);
#3290=FACE_BOUND('',#2987,.T.);
#3291=FACE_BOUND('',#2988,.T.);
#3292=FACE_BOUND('',#2989,.T.);
#3293=FACE_BOUND('',#2990,.T.);
#3294=FACE_BOUND('',#2991,.T.);
#3295=FACE_BOUND('',#2992,.T.);
#3296=FACE_BOUND('',#2993,.T.);
#3297=FACE_BOUND('',#2994,.T.);
#3298=FACE_BOUND('',#2995,.T.);
#3299=FACE_BOUND('',#2996,.T.);
#3300=FACE_BOUND('',#2997,.T.);
#3301=FACE_BOUND('',#2998,.T.);
#3302=FACE_BOUND('',#2999,.T.);
#3303=FACE_BOUND('',#3000,.T.);
#3304=FACE_BOUND('',#3001,.T.);
#3305=FACE_BOUND('',#3002,.T.);
#3306=FACE_BOUND('',#3003,.T.);
#3307=FACE_BOUND('',#3004,.T.);
#3308=FACE_BOUND('',#3005,.T.);
#3309=FACE_BOUND('',#3006,.T.);
#3310=FACE_BOUND('',#3007,.T.);
#3311=FACE_BOUND('',#3008,.T.);
#3312=FACE_BOUND('',#3009,.T.);
#3313=FACE_BOUND('',#3010,.T.);
#3314=FACE_BOUND('',#3011,.T.);
#3315=FACE_BOUND('',#3012,.T.);
#3316=FACE_BOUND('',#3013,.T.);
#3317=FACE_BOUND('',#3014,.T.);
#3318=FACE_BOUND('',#3015,.T.);
#3319=FACE_BOUND('',#3016,.T.);
#3320=FACE_BOUND('',#3017,.T.);
#3321=FACE_BOUND('',#3018,.T.);
#3322=FACE_BOUND('',#3019,.T.);
#3323=FACE_BOUND('',#3020,.T.);
#3324=FACE_BOUND('',#3021,.T.);
#3325=FACE_BOUND('',#3022,.T.);
#3326=FACE_BOUND('',#3023,.T.);
#3327=FACE_BOUND('',#3024,.T.);
#3328=FACE_BOUND('',#3025,.T.);
#3329=FACE_BOUND('',#3026,.T.);
#3330=FACE_BOUND('',#3027,.T.);
#3331=FACE_BOUND('',#3028,.T.);
#3332=FACE_BOUND('',#3029,.T.);
#3333=FACE_BOUND('',#3030,.T.);
#3334=FACE_BOUND('',#3031,.T.);
#3335=FACE_BOUND('',#3032,.T.);
#3336=FACE_BOUND('',#3033,.T.);
#3337=FACE_BOUND('',#3034,.T.);
#3338=FACE_BOUND('',#3035,.T.);
#3339=FACE_BOUND('',#3036,.T.);
#3340=FACE_BOUND('',#3037,.T.);
#3341=FACE_BOUND('',#3038,.T.);
#3342=FACE_BOUND('',#3039,.T.);
#3343=FACE_BOUND('',#3040,.T.);
#3344=FACE_BOUND('',#3041,.T.);
#3345=FACE_BOUND('',#3042,.T.);
#3346=FACE_BOUND('',#3043,.T.);
#3347=FACE_BOUND('',#3044,.T.);
#3348=FACE_BOUND('',#3045,.T.);
#3349=FACE_BOUND('',#3046,.T.);
#3350=FACE_BOUND('',#3047,.T.);
#3351=FACE_BOUND('',#3048,.T.);
#3352=FACE_BOUND('',#3049,.T.);
#3353=FACE_BOUND('',#3050,.T.);
#3354=FACE_BOUND('',#3051,.T.);
#3355=FACE_BOUND('',#3052,.T.);
#3356=FACE_BOUND('',#3053,.T.);
#3357=FACE_BOUND('',#3054,.T.);
#3358=FACE_BOUND('',#3055,.T.);
#3359=FACE_BOUND('',#3056,.T.);
#3360=FACE_BOUND('',#3057,.T.);
#3361=FACE_BOUND('',#3058,.T.);
#3362=FACE_BOUND('',#3059,.T.);
#3363=FACE_BOUND('',#3060,.T.);
#3364=FACE_BOUND('',#3061,.T.);
#3365=FACE_BOUND('',#3062,.T.);
#3366=FACE_BOUND('',#3063,.T.);
#3367=FACE_BOUND('',#3064,.T.);
#3368=FACE_BOUND('',#3065,.T.);
#3369=FACE_BOUND('',#3066,.T.);
#3370=FACE_BOUND('',#3067,.T.);
#3371=FACE_BOUND('',#3068,.T.);
#3372=FACE_BOUND('',#3069,.T.);
#3373=FACE_BOUND('',#3070,.T.);
#3374=FACE_BOUND('',#3071,.T.);
#3375=FACE_BOUND('',#3072,.T.);
#3376=FACE_BOUND('',#3073,.T.);
#3377=FACE_BOUND('',#3074,.T.);
#3378=FACE_BOUND('',#3075,.T.);
#3379=FACE_BOUND('',#3076,.T.);
#3380=FACE_BOUND('',#3077,.T.);
#3381=FACE_BOUND('',#3078,.T.);
#3382=FACE_BOUND('',#3079,.T.);
#3383=FACE_BOUND('',#3080,.T.);
#3384=FACE_BOUND('',#3081,.T.);
#3385=FACE_BOUND('',#3082,.T.);
#3386=FACE_BOUND('',#3083,.T.);
#3387=FACE_BOUND('',#3084,.T.);
#3388=FACE_BOUND('',#3085,.T.);
#3389=FACE_BOUND('',#3086,.T.);
#3390=FACE_BOUND('',#3087,.T.);
#3391=FACE_BOUND('',#3088,.T.);
#3392=FACE_BOUND('',#3089,.T.);
#3393=FACE_BOUND('',#3090,.T.);
#3394=FACE_BOUND('',#3091,.T.);
#3395=FACE_BOUND('',#3092,.T.);
#3396=FACE_BOUND('',#3093,.T.);
#3397=FACE_BOUND('',#3094,.T.);
#3398=FACE_BOUND('',#3095,.T.);
#3399=FACE_BOUND('',#3096,.T.);
#3400=FACE_BOUND('',#3097,.T.);
#3401=FACE_BOUND('',#3098,.T.);
#3402=FACE_BOUND('',#3099,.T.);
#3403=FACE_BOUND('',#3100,.T.);
#3404=FACE_BOUND('',#3101,.T.);
#3405=FACE_BOUND('',#3102,.T.);
#3406=FACE_BOUND('',#3103,.T.);
#3407=CYLINDRICAL_SURFACE('',#3856,0.004);
#3408=CYLINDRICAL_SURFACE('',#3861,0.0055);
#3409=CYLINDRICAL_SURFACE('',#3865,0.0095);
#3410=CYLINDRICAL_SURFACE('',#3869,0.011);
#3411=CYLINDRICAL_SURFACE('',#3873,0.0095);
#3412=CYLINDRICAL_SURFACE('',#3877,0.0055);
#3413=CYLINDRICAL_SURFACE('',#3883,0.004);
#3414=CYLINDRICAL_SURFACE('',#3902,0.004699);
#3415=CYLINDRICAL_SURFACE('',#3906,0.004699);
#3416=CYLINDRICAL_SURFACE('',#3909,0.00375);
#3417=CYLINDRICAL_SURFACE('',#3915,0.00254);
#3418=CYLINDRICAL_SURFACE('',#3929,0.01125);
#3419=CYLINDRICAL_SURFACE('',#3932,0.01524);
#3420=CYLINDRICAL_SURFACE('',#3936,0.01524);
#3421=CYLINDRICAL_SURFACE('',#3940,0.01524);
#3422=CYLINDRICAL_SURFACE('',#3944,0.01524);
#3423=CYLINDRICAL_SURFACE('',#3948,0.01524);
#3424=CYLINDRICAL_SURFACE('',#3951,0.00635);
#3425=CYLINDRICAL_SURFACE('',#3955,0.00635);
#3426=CYLINDRICAL_SURFACE('',#3959,0.00762);
#3427=CYLINDRICAL_SURFACE('',#3963,0.01524);
#3428=CYLINDRICAL_SURFACE('',#3967,0.00635);
#3429=CYLINDRICAL_SURFACE('',#3986,0.01075);
#3430=CYLINDRICAL_SURFACE('',#3989,0.01075);
#3431=CYLINDRICAL_SURFACE('',#3992,0.00254);
#3432=CYLINDRICAL_SURFACE('',#3995,0.00254);
#3433=CYLINDRICAL_SURFACE('',#3999,0.000762);
#3434=CYLINDRICAL_SURFACE('',#4003,0.000762);
#3435=CYLINDRICAL_SURFACE('',#4007,0.000762);
#3436=CYLINDRICAL_SURFACE('',#4010,0.0042291);
#3437=CYLINDRICAL_SURFACE('',#4014,0.00381);
#3438=CYLINDRICAL_SURFACE('',#4018,0.00381);
#3439=CYLINDRICAL_SURFACE('',#4036,0.000762);
#3440=CYLINDRICAL_SURFACE('',#4038,0.000762);
#3441=CYLINDRICAL_SURFACE('',#4040,0.00381);
#3442=CYLINDRICAL_SURFACE('',#4043,0.00381);
#3443=CYLINDRICAL_SURFACE('',#4049,0.00254);
#3444=CYLINDRICAL_SURFACE('',#4050,0.00254);
#3445=CYLINDRICAL_SURFACE('',#4051,0.00254);
#3446=CYLINDRICAL_SURFACE('',#4054,0.00381);
#3447=CYLINDRICAL_SURFACE('',#4058,0.003175);
#3448=CYLINDRICAL_SURFACE('',#4061,0.00381);
#3449=CYLINDRICAL_SURFACE('',#4064,0.003175);
#3450=CYLINDRICAL_SURFACE('',#4071,0.00381);
#3451=CYLINDRICAL_SURFACE('',#4075,0.003175);
#3452=CYLINDRICAL_SURFACE('',#4078,0.00381);
#3453=CYLINDRICAL_SURFACE('',#4081,0.003175);
#3454=CYLINDRICAL_SURFACE('',#4087,0.0127);
#3455=CYLINDRICAL_SURFACE('',#4091,0.00381);
#3456=CYLINDRICAL_SURFACE('',#4095,0.0127);
#3457=CYLINDRICAL_SURFACE('',#4098,0.003175);
#3458=CYLINDRICAL_SURFACE('',#4103,0.00381);
#3459=CYLINDRICAL_SURFACE('',#4106,0.003175);
#3460=CYLINDRICAL_SURFACE('',#4117,0.0127);
#3461=CYLINDRICAL_SURFACE('',#4121,0.00381);
#3462=CYLINDRICAL_SURFACE('',#4123,0.003175);
#3463=CYLINDRICAL_SURFACE('',#4126,0.00381);
#3464=CYLINDRICAL_SURFACE('',#4129,0.003175);
#3465=CYLINDRICAL_SURFACE('',#4135,0.0380999999999992);
#3466=CYLINDRICAL_SURFACE('',#4138,0.00025400000000001);
#3467=CYLINDRICAL_SURFACE('',#4144,0.000762000000000041);
#3468=CYLINDRICAL_SURFACE('',#4149,0.00381);
#3469=CYLINDRICAL_SURFACE('',#4153,0.004445);
#3470=CYLINDRICAL_SURFACE('',#4157,0.000762);
#3471=CYLINDRICAL_SURFACE('',#4162,0.00381);
#3472=CYLINDRICAL_SURFACE('',#4165,0.003175);
#3473=CYLINDRICAL_SURFACE('',#4185,0.000762000000000041);
#3474=CYLINDRICAL_SURFACE('',#4188,0.00381);
#3475=CYLINDRICAL_SURFACE('',#4191,0.004445);
#3476=CYLINDRICAL_SURFACE('',#4194,0.00381);
#3477=CYLINDRICAL_SURFACE('',#4196,0.003175);
#3478=CYLINDRICAL_SURFACE('',#4201,0.000762);
#3479=CYLINDRICAL_SURFACE('',#4202,0.000762000000000056);
#3480=CYLINDRICAL_SURFACE('',#4203,0.00254);
#3481=CYLINDRICAL_SURFACE('',#4204,0.00254);
#3482=CYLINDRICAL_SURFACE('',#4209,0.00381);
#3483=CYLINDRICAL_SURFACE('',#4213,0.00127);
#3484=CYLINDRICAL_SURFACE('',#4217,0.003175);
#3485=CYLINDRICAL_SURFACE('',#4225,0.00381);
#3486=CYLINDRICAL_SURFACE('',#4227,0.003175);
#3487=CYLINDRICAL_SURFACE('',#4233,0.00381);
#3488=CYLINDRICAL_SURFACE('',#4237,0.0127);
#3489=CYLINDRICAL_SURFACE('',#4240,0.003175);
#3490=CYLINDRICAL_SURFACE('',#4247,0.00381);
#3491=CYLINDRICAL_SURFACE('',#4249,0.003175);
#3492=ADVANCED_FACE('',(#3104,#3105),#3407,.F.);
#3493=ADVANCED_FACE('',(#3106,#3107),#730,.F.);
#3494=ADVANCED_FACE('',(#3108,#3109),#3408,.T.);
#3495=ADVANCED_FACE('',(#3110,#3111),#731,.F.);
#3496=ADVANCED_FACE('',(#3112,#3113),#3409,.F.);
#3497=ADVANCED_FACE('',(#3114,#3115),#732,.F.);
#3498=ADVANCED_FACE('',(#3116,#3117),#3410,.T.);
#3499=ADVANCED_FACE('',(#3118,#3119),#733,.F.);
#3500=ADVANCED_FACE('',(#3120,#3121),#3411,.F.);
#3501=ADVANCED_FACE('',(#3122,#3123),#734,.F.);
#3502=ADVANCED_FACE('',(#3124,#3125),#3412,.T.);
#3503=ADVANCED_FACE('',(#3126,#3127),#735,.F.);
#3504=ADVANCED_FACE('',(#3128,#3129),#736,.T.);
#3505=ADVANCED_FACE('',(#3130,#3131),#3413,.T.);
#3506=ADVANCED_FACE('',(#3132,#3133),#737,.F.);
#3507=ADVANCED_FACE('',(#3134),#738,.T.);
#3508=ADVANCED_FACE('',(#3135),#739,.T.);
#3509=ADVANCED_FACE('',(#3136),#740,.T.);
#3510=ADVANCED_FACE('',(#3137),#741,.T.);
#3511=ADVANCED_FACE('',(#3138),#742,.T.);
#3512=ADVANCED_FACE('',(#3139),#743,.T.);
#3513=ADVANCED_FACE('',(#3140),#744,.T.);
#3514=ADVANCED_FACE('',(#3141),#745,.F.);
#3515=ADVANCED_FACE('',(#3142),#746,.F.);
#3516=ADVANCED_FACE('',(#3143),#747,.F.);
#3517=ADVANCED_FACE('',(#3144),#748,.F.);
#3518=ADVANCED_FACE('',(#3145),#749,.F.);
#3519=ADVANCED_FACE('',(#3146),#750,.F.);
#3520=ADVANCED_FACE('',(#3147),#751,.T.);
#3521=ADVANCED_FACE('',(#3148),#752,.F.);
#3522=ADVANCED_FACE('',(#3149),#3414,.T.);
#3523=ADVANCED_FACE('',(#3150),#753,.F.);
#3524=ADVANCED_FACE('',(#3151),#3415,.T.);
#3525=ADVANCED_FACE('',(#3152,#3153),#3416,.F.);
#3526=ADVANCED_FACE('',(#3154,#3155),#754,.T.);
#3527=ADVANCED_FACE('',(#3156,#3157),#755,.F.);
#3528=ADVANCED_FACE('',(#3158,#3159),#3417,.T.);
#3529=ADVANCED_FACE('',(#3160),#756,.F.);
#3530=ADVANCED_FACE('',(#3161,#3162),#757,.T.);
#3531=ADVANCED_FACE('',(#3163),#758,.F.);
#3532=ADVANCED_FACE('',(#3164),#759,.F.);
#3533=ADVANCED_FACE('',(#3165),#760,.F.);
#3534=ADVANCED_FACE('',(#3166),#761,.F.);
#3535=ADVANCED_FACE('',(#3167),#762,.F.);
#3536=ADVANCED_FACE('',(#3168),#763,.F.);
#3537=ADVANCED_FACE('',(#3169),#764,.T.);
#3538=ADVANCED_FACE('',(#3170,#3171),#3418,.F.);
#3539=ADVANCED_FACE('',(#3172),#3419,.F.);
#3540=ADVANCED_FACE('',(#3173),#765,.F.);
#3541=ADVANCED_FACE('',(#3174),#3420,.F.);
#3542=ADVANCED_FACE('',(#3175),#766,.F.);
#3543=ADVANCED_FACE('',(#3176),#3421,.F.);
#3544=ADVANCED_FACE('',(#3177),#767,.T.);
#3545=ADVANCED_FACE('',(#3178),#3422,.F.);
#3546=ADVANCED_FACE('',(#3179),#768,.T.);
#3547=ADVANCED_FACE('',(#3180),#3423,.F.);
#3548=ADVANCED_FACE('',(#3181),#3424,.T.);
#3549=ADVANCED_FACE('',(#3182),#769,.F.);
#3550=ADVANCED_FACE('',(#3183),#3425,.T.);
#3551=ADVANCED_FACE('',(#3184),#770,.T.);
#3552=ADVANCED_FACE('',(#3185),#3426,.T.);
#3553=ADVANCED_FACE('',(#3186),#771,.T.);
#3554=ADVANCED_FACE('',(#3187),#3427,.T.);
#3555=ADVANCED_FACE('',(#3188),#772,.F.);
#3556=ADVANCED_FACE('',(#3189),#3428,.T.);
#3557=ADVANCED_FACE('',(#3190),#773,.T.);
#3558=ADVANCED_FACE('',(#3191),#774,.T.);
#3559=ADVANCED_FACE('',(#3192),#775,.F.);
#3560=ADVANCED_FACE('',(#3193),#776,.T.);
#3561=ADVANCED_FACE('',(#3194),#777,.F.);
#3562=ADVANCED_FACE('',(#3195),#778,.F.);
#3563=ADVANCED_FACE('',(#3196),#779,.F.);
#3564=ADVANCED_FACE('',(#3197),#780,.F.);
#3565=ADVANCED_FACE('',(#3198),#781,.F.);
#3566=ADVANCED_FACE('',(#3199),#782,.T.);
#3567=ADVANCED_FACE('',(#3200,#3201,#3202,#3203,#3204,#3205,#3206),#783,
 .T.);
#3568=ADVANCED_FACE('',(#3207,#3208,#3209,#3210,#3211),#784,.F.);
#3569=ADVANCED_FACE('',(#3212,#3213),#3429,.F.);
#3570=ADVANCED_FACE('',(#3214,#3215),#785,.T.);
#3571=ADVANCED_FACE('',(#3216,#3217),#3430,.F.);
#3572=ADVANCED_FACE('',(#3218,#3219),#786,.F.);
#3573=ADVANCED_FACE('',(#3220,#3221),#3431,.T.);
#3574=ADVANCED_FACE('',(#3222),#787,.T.);
#3575=ADVANCED_FACE('',(#3223,#3224),#3432,.T.);
#3576=ADVANCED_FACE('',(#3225),#788,.T.);
#3577=ADVANCED_FACE('',(#3226),#3433,.F.);
#3578=ADVANCED_FACE('',(#3227),#789,.F.);
#3579=ADVANCED_FACE('',(#3228),#3434,.F.);
#3580=ADVANCED_FACE('',(#3229),#790,.F.);
#3581=ADVANCED_FACE('',(#3230),#3435,.F.);
#3582=ADVANCED_FACE('',(#3231),#3436,.T.);
#3583=ADVANCED_FACE('',(#3232),#791,.T.);
#3584=ADVANCED_FACE('',(#3233),#3437,.T.);
#3585=ADVANCED_FACE('',(#3234),#792,.F.);
#3586=ADVANCED_FACE('',(#3235),#3438,.T.);
#3587=ADVANCED_FACE('',(#3236),#793,.T.);
#3588=ADVANCED_FACE('',(#3237),#794,.T.);
#3589=ADVANCED_FACE('',(#3238,#3239),#795,.F.);
#3590=ADVANCED_FACE('',(#3240,#3241,#3242,#3243),#796,.T.);
#3591=ADVANCED_FACE('',(#3244,#3245,#3246,#3247),#797,.F.);
#3592=ADVANCED_FACE('',(#3248),#3439,.F.);
#3593=ADVANCED_FACE('',(#3249),#3440,.F.);
#3594=ADVANCED_FACE('',(#3250),#3441,.T.);
#3595=ADVANCED_FACE('',(#3251),#798,.T.);
#3596=ADVANCED_FACE('',(#3252),#3442,.T.);
#3597=ADVANCED_FACE('',(#3253),#799,.F.);
#3598=ADVANCED_FACE('',(#3254,#3255),#800,.T.);
#3599=ADVANCED_FACE('',(#3256),#801,.T.);
#3600=ADVANCED_FACE('',(#3257),#802,.F.);
#3601=ADVANCED_FACE('',(#3258,#3259),#3443,.T.);
#3602=ADVANCED_FACE('',(#3260,#3261),#3444,.T.);
#3603=ADVANCED_FACE('',(#3262,#3263),#3445,.T.);
#3604=ADVANCED_FACE('',(#3264),#803,.T.);
#3605=ADVANCED_FACE('',(#3265),#3446,.T.);
#3606=ADVANCED_FACE('',(#3266),#804,.F.);
#3607=ADVANCED_FACE('',(#3267,#3268),#3447,.F.);
#3608=ADVANCED_FACE('',(#3269),#3448,.T.);
#3609=ADVANCED_FACE('',(#3270,#3271),#3449,.F.);
#3610=ADVANCED_FACE('',(#3272,#3273,#3274),#805,.T.);
#3611=ADVANCED_FACE('',(#3275,#3276,#3277),#806,.F.);
#3612=ADVANCED_FACE('',(#3278),#807,.T.);
#3613=ADVANCED_FACE('',(#3279),#3450,.T.);
#3614=ADVANCED_FACE('',(#3280),#808,.F.);
#3615=ADVANCED_FACE('',(#3281,#3282),#3451,.F.);
#3616=ADVANCED_FACE('',(#3283),#3452,.T.);
#3617=ADVANCED_FACE('',(#3284,#3285),#3453,.F.);
#3618=ADVANCED_FACE('',(#3286,#3287,#3288),#809,.T.);
#3619=ADVANCED_FACE('',(#3289,#3290,#3291),#810,.F.);
#3620=ADVANCED_FACE('',(#3292),#3454,.F.);
#3621=ADVANCED_FACE('',(#3293),#811,.T.);
#3622=ADVANCED_FACE('',(#3294),#3455,.T.);
#3623=ADVANCED_FACE('',(#3295),#812,.F.);
#3624=ADVANCED_FACE('',(#3296),#3456,.F.);
#3625=ADVANCED_FACE('',(#3297,#3298),#3457,.F.);
#3626=ADVANCED_FACE('',(#3299,#3300),#813,.T.);
#3627=ADVANCED_FACE('',(#3301,#3302),#814,.F.);
#3628=ADVANCED_FACE('',(#3303),#3458,.T.);
#3629=ADVANCED_FACE('',(#3304,#3305),#3459,.F.);
#3630=ADVANCED_FACE('',(#3306,#3307),#815,.T.);
#3631=ADVANCED_FACE('',(#3308,#3309),#816,.F.);
#3632=ADVANCED_FACE('',(#3310,#3311),#817,.F.);
#3633=ADVANCED_FACE('',(#3312),#818,.T.);
#3634=ADVANCED_FACE('',(#3313),#3460,.F.);
#3635=ADVANCED_FACE('',(#3314),#819,.F.);
#3636=ADVANCED_FACE('',(#3315),#3461,.T.);
#3637=ADVANCED_FACE('',(#3316,#3317),#3462,.F.);
#3638=ADVANCED_FACE('',(#3318,#3319),#820,.T.);
#3639=ADVANCED_FACE('',(#3320),#3463,.T.);
#3640=ADVANCED_FACE('',(#3321,#3322),#3464,.F.);
#3641=ADVANCED_FACE('',(#3323,#3324),#821,.T.);
#3642=ADVANCED_FACE('',(#3325,#3326),#822,.F.);
#3643=ADVANCED_FACE('',(#3327),#3465,.F.);
#3644=ADVANCED_FACE('',(#3328),#823,.F.);
#3645=ADVANCED_FACE('',(#3329),#3466,.F.);
#3646=ADVANCED_FACE('',(#3330),#824,.T.);
#3647=ADVANCED_FACE('',(#3331),#3467,.F.);
#3648=ADVANCED_FACE('',(#3332),#825,.T.);
#3649=ADVANCED_FACE('',(#3333),#826,.T.);
#3650=ADVANCED_FACE('',(#3334),#3468,.T.);
#3651=ADVANCED_FACE('',(#3335),#827,.T.);
#3652=ADVANCED_FACE('',(#3336),#3469,.T.);
#3653=ADVANCED_FACE('',(#3337),#828,.T.);
#3654=ADVANCED_FACE('',(#3338),#3470,.F.);
#3655=ADVANCED_FACE('',(#3339),#3471,.T.);
#3656=ADVANCED_FACE('',(#3340,#3341),#3472,.F.);
#3657=ADVANCED_FACE('',(#3342,#3343,#3344),#829,.F.);
#3658=ADVANCED_FACE('',(#3345,#3346,#3347,#3348),#830,.T.);
#3659=ADVANCED_FACE('',(#3349,#3350,#3351,#3352),#831,.F.);
#3660=ADVANCED_FACE('',(#3353),#832,.F.);
#3661=ADVANCED_FACE('',(#3354),#3473,.F.);
#3662=ADVANCED_FACE('',(#3355),#833,.F.);
#3663=ADVANCED_FACE('',(#3356),#3474,.T.);
#3664=ADVANCED_FACE('',(#3357),#834,.F.);
#3665=ADVANCED_FACE('',(#3358),#3475,.T.);
#3666=ADVANCED_FACE('',(#3359),#835,.F.);
#3667=ADVANCED_FACE('',(#3360),#3476,.T.);
#3668=ADVANCED_FACE('',(#3361,#3362),#3477,.F.);
#3669=ADVANCED_FACE('',(#3363,#3364,#3365),#836,.T.);
#3670=ADVANCED_FACE('',(#3366),#837,.F.);
#3671=ADVANCED_FACE('',(#3367),#838,.T.);
#3672=ADVANCED_FACE('',(#3368),#3478,.F.);
#3673=ADVANCED_FACE('',(#3369),#3479,.F.);
#3674=ADVANCED_FACE('',(#3370,#3371),#3480,.T.);
#3675=ADVANCED_FACE('',(#3372,#3373),#3481,.T.);
#3676=ADVANCED_FACE('',(#3374),#3482,.T.);
#3677=ADVANCED_FACE('',(#3375),#839,.T.);
#3678=ADVANCED_FACE('',(#3376),#3483,.T.);
#3679=ADVANCED_FACE('',(#3377),#840,.T.);
#3680=ADVANCED_FACE('',(#3378,#3379),#3484,.F.);
#3681=ADVANCED_FACE('',(#3380),#841,.F.);
#3682=ADVANCED_FACE('',(#3381,#3382),#842,.T.);
#3683=ADVANCED_FACE('',(#3383,#3384,#3385),#843,.F.);
#3684=ADVANCED_FACE('',(#3386),#3485,.T.);
#3685=ADVANCED_FACE('',(#3387,#3388),#3486,.F.);
#3686=ADVANCED_FACE('',(#3389,#3390),#844,.T.);
#3687=ADVANCED_FACE('',(#3391),#845,.T.);
#3688=ADVANCED_FACE('',(#3392),#3487,.T.);
#3689=ADVANCED_FACE('',(#3393),#846,.F.);
#3690=ADVANCED_FACE('',(#3394),#3488,.F.);
#3691=ADVANCED_FACE('',(#3395,#3396),#3489,.F.);
#3692=ADVANCED_FACE('',(#3397,#3398),#847,.T.);
#3693=ADVANCED_FACE('',(#3399,#3400,#3401),#848,.F.);
#3694=ADVANCED_FACE('',(#3402),#3490,.T.);
#3695=ADVANCED_FACE('',(#3403,#3404),#3491,.F.);
#3696=ADVANCED_FACE('',(#3405,#3406),#849,.T.);
#3697=CLOSED_SHELL('',(#3492,#3493,#3494,#3495,#3496,#3497,#3498,#3499,
#3500,#3501,#3502,#3503));
#3698=CLOSED_SHELL('',(#3504,#3505,#3506,#3507,#3508,#3509,#3510,#3511,
#3512,#3513,#3514,#3515,#3516,#3517,#3518,#3519,#3520));
#3699=CLOSED_SHELL('',(#3521,#3522,#3523,#3524,#3525,#3526,#3527,#3528,
#3529,#3530,#3531,#3532,#3533,#3534,#3535,#3536,#3537));
#3700=CLOSED_SHELL('',(#3538,#3539,#3540,#3541,#3542,#3543,#3544,#3545,
#3546,#3547,#3548,#3549,#3550,#3551,#3552,#3553,#3554,#3555,#3556,#3557,
#3558,#3559,#3560,#3561,#3562,#3563,#3564,#3565,#3566,#3567,#3568,#3569,
#3570,#3571,#3572,#3573,#3574,#3575,#3576));
#3701=CLOSED_SHELL('',(#3577,#3578,#3579,#3580,#3581,#3582,#3583,#3584,
#3585,#3586,#3587,#3588,#3589,#3590,#3591,#3592,#3593,#3594,#3595,#3596,
#3597,#3598,#3599,#3600,#3601,#3602,#3603));
#3702=CLOSED_SHELL('',(#3604,#3605,#3606,#3607,#3608,#3609,#3610,#3611));
#3703=CLOSED_SHELL('',(#3612,#3613,#3614,#3615,#3616,#3617,#3618,#3619));
#3704=CLOSED_SHELL('',(#3620,#3621,#3622,#3623,#3624,#3625,#3626,#3627,
#3628,#3629,#3630,#3631));
#3705=CLOSED_SHELL('',(#3632,#3633,#3634,#3635,#3636,#3637,#3638,#3639,
#3640,#3641,#3642,#3643));
#3706=CLOSED_SHELL('',(#3644,#3645,#3646,#3647,#3648,#3649,#3650,#3651,
#3652,#3653,#3654,#3655,#3656,#3657,#3658,#3659,#3660,#3661,#3662,#3663,
#3664,#3665,#3666,#3667,#3668,#3669,#3670,#3671,#3672,#3673,#3674,#3675));
#3707=CLOSED_SHELL('',(#3676,#3677,#3678,#3679,#3680,#3681,#3682,#3683,
#3684,#3685,#3686));
#3708=CLOSED_SHELL('',(#3687,#3688,#3689,#3690,#3691,#3692,#3693,#3694,
#3695,#3696));
#3709=STYLED_ITEM('',(#3721),#3809);
#3710=STYLED_ITEM('',(#3724),#3810);
#3711=STYLED_ITEM('',(#3725),#3811);
#3712=STYLED_ITEM('',(#3726),#3812);
#3713=STYLED_ITEM('',(#3727),#3813);
#3714=STYLED_ITEM('',(#3728),#3814);
#3715=STYLED_ITEM('',(#3729),#3815);
#3716=STYLED_ITEM('',(#3730),#3816);
#3717=STYLED_ITEM('',(#3731),#3817);
#3718=STYLED_ITEM('',(#3732),#3818);
#3719=STYLED_ITEM('',(#3733),#3819);
#3720=STYLED_ITEM('',(#3734),#3820);
#3721=PRESENTATION_STYLE_ASSIGNMENT((#3735));
#3722=PRESENTATION_STYLE_ASSIGNMENT((#3736));
#3723=PRESENTATION_STYLE_ASSIGNMENT((#3737));
#3724=PRESENTATION_STYLE_ASSIGNMENT((#3738));
#3725=PRESENTATION_STYLE_ASSIGNMENT((#3739));
#3726=PRESENTATION_STYLE_ASSIGNMENT((#3740));
#3727=PRESENTATION_STYLE_ASSIGNMENT((#3741));
#3728=PRESENTATION_STYLE_ASSIGNMENT((#3742));
#3729=PRESENTATION_STYLE_ASSIGNMENT((#3743));
#3730=PRESENTATION_STYLE_ASSIGNMENT((#3744));
#3731=PRESENTATION_STYLE_ASSIGNMENT((#3745));
#3732=PRESENTATION_STYLE_ASSIGNMENT((#3746));
#3733=PRESENTATION_STYLE_ASSIGNMENT((#3747));
#3734=PRESENTATION_STYLE_ASSIGNMENT((#3748));
#3735=SURFACE_STYLE_USAGE(.BOTH.,#3749);
#3736=SURFACE_STYLE_USAGE(.BOTH.,#3750);
#3737=SURFACE_STYLE_USAGE(.BOTH.,#3751);
#3738=SURFACE_STYLE_USAGE(.BOTH.,#3752);
#3739=SURFACE_STYLE_USAGE(.BOTH.,#3753);
#3740=SURFACE_STYLE_USAGE(.BOTH.,#3754);
#3741=SURFACE_STYLE_USAGE(.BOTH.,#3755);
#3742=SURFACE_STYLE_USAGE(.BOTH.,#3756);
#3743=SURFACE_STYLE_USAGE(.BOTH.,#3757);
#3744=SURFACE_STYLE_USAGE(.BOTH.,#3758);
#3745=SURFACE_STYLE_USAGE(.BOTH.,#3759);
#3746=SURFACE_STYLE_USAGE(.BOTH.,#3760);
#3747=SURFACE_STYLE_USAGE(.BOTH.,#3761);
#3748=SURFACE_STYLE_USAGE(.BOTH.,#3762);
#3749=SURFACE_SIDE_STYLE('',(#3763));
#3750=SURFACE_SIDE_STYLE('',(#3764));
#3751=SURFACE_SIDE_STYLE('',(#3765));
#3752=SURFACE_SIDE_STYLE('',(#3766));
#3753=SURFACE_SIDE_STYLE('',(#3767));
#3754=SURFACE_SIDE_STYLE('',(#3768));
#3755=SURFACE_SIDE_STYLE('',(#3769));
#3756=SURFACE_SIDE_STYLE('',(#3770));
#3757=SURFACE_SIDE_STYLE('',(#3771));
#3758=SURFACE_SIDE_STYLE('',(#3772));
#3759=SURFACE_SIDE_STYLE('',(#3773));
#3760=SURFACE_SIDE_STYLE('',(#3774));
#3761=SURFACE_SIDE_STYLE('',(#3775));
#3762=SURFACE_SIDE_STYLE('',(#3776));
#3763=SURFACE_STYLE_FILL_AREA(#3777);
#3764=SURFACE_STYLE_FILL_AREA(#3778);
#3765=SURFACE_STYLE_FILL_AREA(#3779);
#3766=SURFACE_STYLE_FILL_AREA(#3780);
#3767=SURFACE_STYLE_FILL_AREA(#3781);
#3768=SURFACE_STYLE_FILL_AREA(#3782);
#3769=SURFACE_STYLE_FILL_AREA(#3783);
#3770=SURFACE_STYLE_FILL_AREA(#3784);
#3771=SURFACE_STYLE_FILL_AREA(#3785);
#3772=SURFACE_STYLE_FILL_AREA(#3786);
#3773=SURFACE_STYLE_FILL_AREA(#3787);
#3774=SURFACE_STYLE_FILL_AREA(#3788);
#3775=SURFACE_STYLE_FILL_AREA(#3789);
#3776=SURFACE_STYLE_FILL_AREA(#3790);
#3777=FILL_AREA_STYLE('',(#3791));
#3778=FILL_AREA_STYLE('',(#3792));
#3779=FILL_AREA_STYLE('',(#3793));
#3780=FILL_AREA_STYLE('',(#3794));
#3781=FILL_AREA_STYLE('',(#3795));
#3782=FILL_AREA_STYLE('',(#3796));
#3783=FILL_AREA_STYLE('',(#3797));
#3784=FILL_AREA_STYLE('',(#3798));
#3785=FILL_AREA_STYLE('',(#3799));
#3786=FILL_AREA_STYLE('',(#3800));
#3787=FILL_AREA_STYLE('',(#3801));
#3788=FILL_AREA_STYLE('',(#3802));
#3789=FILL_AREA_STYLE('',(#3803));
#3790=FILL_AREA_STYLE('',(#3804));
#3791=FILL_AREA_STYLE_COLOUR('',#3805);
#3792=FILL_AREA_STYLE_COLOUR('',#3806);
#3793=FILL_AREA_STYLE_COLOUR('',#3806);
#3794=FILL_AREA_STYLE_COLOUR('',#3807);
#3795=FILL_AREA_STYLE_COLOUR('',#3807);
#3796=FILL_AREA_STYLE_COLOUR('',#3807);
#3797=FILL_AREA_STYLE_COLOUR('',#3808);
#3798=FILL_AREA_STYLE_COLOUR('',#3807);
#3799=FILL_AREA_STYLE_COLOUR('',#3807);
#3800=FILL_AREA_STYLE_COLOUR('',#3807);
#3801=FILL_AREA_STYLE_COLOUR('',#3807);
#3802=FILL_AREA_STYLE_COLOUR('',#3808);
#3803=FILL_AREA_STYLE_COLOUR('',#3807);
#3804=FILL_AREA_STYLE_COLOUR('',#3807);
#3805=COLOUR_RGB('',0.776470588235294,0.776470588235294,0.776470588235294);
#3806=COLOUR_RGB('',0.788235294117647,0.752941176470588,0.63921568627451);
#3807=COLOUR_RGB('',0.917647058823529,0.917647058823529,0.917647058823529);
#3808=COLOUR_RGB('',1.,0.274509803921568,0.274509803921568);
#3809=MANIFOLD_SOLID_BREP('8mm ID Bearing (22mm OD, 7mm WD, Shielded)',
#3697);
#3810=MANIFOLD_SOLID_BREP('Part 1',#3698);
#3811=MANIFOLD_SOLID_BREP('Part 1',#3699);
#3812=MANIFOLD_SOLID_BREP('Part 1',#3700);
#3813=MANIFOLD_SOLID_BREP('Part 1',#3701);
#3814=MANIFOLD_SOLID_BREP('Part 1',#3702);
#3815=MANIFOLD_SOLID_BREP('Part 1',#3703);
#3816=MANIFOLD_SOLID_BREP('Part 1',#3704);
#3817=MANIFOLD_SOLID_BREP('Part 1',#3705);
#3818=MANIFOLD_SOLID_BREP('Part 1',#3706);
#3819=MANIFOLD_SOLID_BREP('Part 1',#3707);
#3820=MANIFOLD_SOLID_BREP('Part 1',#3708);
#3821=SHAPE_DEFINITION_REPRESENTATION(#6447,#3838);
#3822=SHAPE_DEFINITION_REPRESENTATION(#6448,#3839);
#3823=SHAPE_DEFINITION_REPRESENTATION(#6450,#3840);
#3824=SHAPE_DEFINITION_REPRESENTATION(#6452,#3841);
#3825=SHAPE_DEFINITION_REPRESENTATION(#6453,#3842);
#3826=SHAPE_DEFINITION_REPRESENTATION(#6457,#3843);
#3827=SHAPE_DEFINITION_REPRESENTATION(#6459,#3844);
#3828=SHAPE_DEFINITION_REPRESENTATION(#6460,#3845);
#3829=SHAPE_DEFINITION_REPRESENTATION(#6461,#3846);
#3830=SHAPE_DEFINITION_REPRESENTATION(#6463,#3847);
#3831=SHAPE_DEFINITION_REPRESENTATION(#6465,#3848);
#3832=SHAPE_DEFINITION_REPRESENTATION(#6467,#3849);
#3833=SHAPE_DEFINITION_REPRESENTATION(#6469,#3850);
#3834=SHAPE_DEFINITION_REPRESENTATION(#6471,#3851);
#3835=SHAPE_DEFINITION_REPRESENTATION(#6474,#3852);
#3836=SHAPE_DEFINITION_REPRESENTATION(#6477,#3853);
#3837=SHAPE_DEFINITION_REPRESENTATION(#6480,#3854);
#3838=SHAPE_REPRESENTATION('Leg W/ Backplate',(#3855,#3880,#3900,#3928,
#3998,#4255),#6410);
#3839=SHAPE_REPRESENTATION('8mm ID Bearing (22mm OD, 7mm WD, Shielded)',
(#3855),#6411);
#3840=SHAPE_REPRESENTATION('Part 1',(#3855),#6412);
#3841=SHAPE_REPRESENTATION('Offset Shaft <1>',(#3855,#3926,#3927),#6413);
#3842=SHAPE_REPRESENTATION('Part 1',(#3855),#6414);
#3843=SHAPE_REPRESENTATION('Part 1',(#3855),#6415);
#3844=SHAPE_REPRESENTATION('Leg Pair <1>',(#3855,#4206,#4254),#6416);
#3845=SHAPE_REPRESENTATION('Right Leg <1>',(#3855,#4052,#4069,#4086,#4111,
#4136,#4205),#6417);
#3846=SHAPE_REPRESENTATION('Part 1',(#3855),#6418);
#3847=SHAPE_REPRESENTATION('Part 1',(#3855),#6419);
#3848=SHAPE_REPRESENTATION('Part 1',(#3855),#6420);
#3849=SHAPE_REPRESENTATION('Part 1',(#3855),#6421);
#3850=SHAPE_REPRESENTATION('Part 1',(#3855),#6422);
#3851=SHAPE_REPRESENTATION('Part 1',(#3855),#6423);
#3852=SHAPE_REPRESENTATION('Left Leg <1>',(#3855,#4207,#4208,#4230,#4231,
#4252,#4253),#6424);
#3853=SHAPE_REPRESENTATION('Part 1',(#3855),#6425);
#3854=SHAPE_REPRESENTATION('Part 1',(#3855),#6426);
#3855=AXIS2_PLACEMENT_3D('',#5363,#4256,#4257);
#3856=AXIS2_PLACEMENT_3D('',#5364,#4258,#4259);
#3857=AXIS2_PLACEMENT_3D('',#5365,#4260,#4261);
#3858=AXIS2_PLACEMENT_3D('',#5367,#4262,#4263);
#3859=AXIS2_PLACEMENT_3D('',#5369,#4264,#4265);
#3860=AXIS2_PLACEMENT_3D('',#5370,#4266,#4267);
#3861=AXIS2_PLACEMENT_3D('',#5372,#4268,#4269);
#3862=AXIS2_PLACEMENT_3D('',#5373,#4270,#4271);
#3863=AXIS2_PLACEMENT_3D('',#5375,#4272,#4273);
#3864=AXIS2_PLACEMENT_3D('',#5376,#4274,#4275);
#3865=AXIS2_PLACEMENT_3D('',#5378,#4276,#4277);
#3866=AXIS2_PLACEMENT_3D('',#5379,#4278,#4279);
#3867=AXIS2_PLACEMENT_3D('',#5381,#4280,#4281);
#3868=AXIS2_PLACEMENT_3D('',#5382,#4282,#4283);
#3869=AXIS2_PLACEMENT_3D('',#5384,#4284,#4285);
#3870=AXIS2_PLACEMENT_3D('',#5385,#4286,#4287);
#3871=AXIS2_PLACEMENT_3D('',#5387,#4288,#4289);
#3872=AXIS2_PLACEMENT_3D('',#5388,#4290,#4291);
#3873=AXIS2_PLACEMENT_3D('',#5390,#4292,#4293);
#3874=AXIS2_PLACEMENT_3D('',#5391,#4294,#4295);
#3875=AXIS2_PLACEMENT_3D('',#5393,#4296,#4297);
#3876=AXIS2_PLACEMENT_3D('',#5394,#4298,#4299);
#3877=AXIS2_PLACEMENT_3D('',#5396,#4300,#4301);
#3878=AXIS2_PLACEMENT_3D('',#5397,#4302,#4303);
#3879=AXIS2_PLACEMENT_3D('',#5399,#4304,#4305);
#3880=AXIS2_PLACEMENT_3D('',#5400,#4306,#4307);
#3881=AXIS2_PLACEMENT_3D('',#5401,#4308,#4309);
#3882=AXIS2_PLACEMENT_3D('',#5402,#4310,#4311);
#3883=AXIS2_PLACEMENT_3D('',#5416,#4318,#4319);
#3884=AXIS2_PLACEMENT_3D('',#5417,#4320,#4321);
#3885=AXIS2_PLACEMENT_3D('',#5419,#4322,#4323);
#3886=AXIS2_PLACEMENT_3D('',#5432,#4330,#4331);
#3887=AXIS2_PLACEMENT_3D('',#5438,#4335,#4336);
#3888=AXIS2_PLACEMENT_3D('',#5442,#4339,#4340);
#3889=AXIS2_PLACEMENT_3D('',#5446,#4343,#4344);
#3890=AXIS2_PLACEMENT_3D('',#5450,#4347,#4348);
#3891=AXIS2_PLACEMENT_3D('',#5454,#4351,#4352);
#3892=AXIS2_PLACEMENT_3D('',#5456,#4354,#4355);
#3893=AXIS2_PLACEMENT_3D('',#5457,#4356,#4357);
#3894=AXIS2_PLACEMENT_3D('',#5463,#4361,#4362);
#3895=AXIS2_PLACEMENT_3D('',#5467,#4365,#4366);
#3896=AXIS2_PLACEMENT_3D('',#5471,#4369,#4370);
#3897=AXIS2_PLACEMENT_3D('',#5475,#4373,#4374);
#3898=AXIS2_PLACEMENT_3D('',#5479,#4377,#4378);
#3899=AXIS2_PLACEMENT_3D('',#5481,#4380,#4381);
#3900=AXIS2_PLACEMENT_3D('',#5482,#4382,#4383);
#3901=AXIS2_PLACEMENT_3D('',#5483,#4384,#4385);
#3902=AXIS2_PLACEMENT_3D('',#5492,#4390,#4391);
#3903=AXIS2_PLACEMENT_3D('',#5493,#4392,#4393);
#3904=AXIS2_PLACEMENT_3D('',#5497,#4395,#4396);
#3905=AXIS2_PLACEMENT_3D('',#5498,#4397,#4398);
#3906=AXIS2_PLACEMENT_3D('',#5504,#4402,#4403);
#3907=AXIS2_PLACEMENT_3D('',#5505,#4404,#4405);
#3908=AXIS2_PLACEMENT_3D('',#5506,#4406,#4407);
#3909=AXIS2_PLACEMENT_3D('',#5507,#4408,#4409);
#3910=AXIS2_PLACEMENT_3D('',#5508,#4410,#4411);
#3911=AXIS2_PLACEMENT_3D('',#5510,#4412,#4413);
#3912=AXIS2_PLACEMENT_3D('',#5512,#4414,#4415);
#3913=AXIS2_PLACEMENT_3D('',#5513,#4416,#4417);
#3914=AXIS2_PLACEMENT_3D('',#5514,#4418,#4419);
#3915=AXIS2_PLACEMENT_3D('',#5516,#4420,#4421);
#3916=AXIS2_PLACEMENT_3D('',#5517,#4422,#4423);
#3917=AXIS2_PLACEMENT_3D('',#5519,#4424,#4425);
#3918=AXIS2_PLACEMENT_3D('',#5520,#4426,#4427);
#3919=AXIS2_PLACEMENT_3D('',#5533,#4434,#4435);
#3920=AXIS2_PLACEMENT_3D('',#5539,#4439,#4440);
#3921=AXIS2_PLACEMENT_3D('',#5543,#4443,#4444);
#3922=AXIS2_PLACEMENT_3D('',#5547,#4447,#4448);
#3923=AXIS2_PLACEMENT_3D('',#5551,#4451,#4452);
#3924=AXIS2_PLACEMENT_3D('',#5555,#4455,#4456);
#3925=AXIS2_PLACEMENT_3D('',#5557,#4458,#4459);
#3926=AXIS2_PLACEMENT_3D('',#5558,#4460,#4461);
#3927=AXIS2_PLACEMENT_3D('',#5559,#4462,#4463);
#3928=AXIS2_PLACEMENT_3D('',#5560,#4464,#4465);
#3929=AXIS2_PLACEMENT_3D('',#5561,#4466,#4467);
#3930=AXIS2_PLACEMENT_3D('',#5562,#4468,#4469);
#3931=AXIS2_PLACEMENT_3D('',#5564,#4470,#4471);
#3932=AXIS2_PLACEMENT_3D('',#5566,#4472,#4473);
#3933=AXIS2_PLACEMENT_3D('',#5567,#4474,#4475);
#3934=AXIS2_PLACEMENT_3D('',#5572,#4477,#4478);
#3935=AXIS2_PLACEMENT_3D('',#5575,#4480,#4481);
#3936=AXIS2_PLACEMENT_3D('',#5581,#4485,#4486);
#3937=AXIS2_PLACEMENT_3D('',#5582,#4487,#4488);
#3938=AXIS2_PLACEMENT_3D('',#5586,#4490,#4491);
#3939=AXIS2_PLACEMENT_3D('',#5587,#4492,#4493);
#3940=AXIS2_PLACEMENT_3D('',#5593,#4497,#4498);
#3941=AXIS2_PLACEMENT_3D('',#5594,#4499,#4500);
#3942=AXIS2_PLACEMENT_3D('',#5598,#4502,#4503);
#3943=AXIS2_PLACEMENT_3D('',#5599,#4504,#4505);
#3944=AXIS2_PLACEMENT_3D('',#5605,#4509,#4510);
#3945=AXIS2_PLACEMENT_3D('',#5606,#4511,#4512);
#3946=AXIS2_PLACEMENT_3D('',#5610,#4514,#4515);
#3947=AXIS2_PLACEMENT_3D('',#5611,#4516,#4517);
#3948=AXIS2_PLACEMENT_3D('',#5617,#4521,#4522);
#3949=AXIS2_PLACEMENT_3D('',#5618,#4523,#4524);
#3950=AXIS2_PLACEMENT_3D('',#5622,#4526,#4527);
#3951=AXIS2_PLACEMENT_3D('',#5623,#4528,#4529);
#3952=AXIS2_PLACEMENT_3D('',#5624,#4530,#4531);
#3953=AXIS2_PLACEMENT_3D('',#5629,#4533,#4534);
#3954=AXIS2_PLACEMENT_3D('',#5632,#4536,#4537);
#3955=AXIS2_PLACEMENT_3D('',#5638,#4541,#4542);
#3956=AXIS2_PLACEMENT_3D('',#5639,#4543,#4544);
#3957=AXIS2_PLACEMENT_3D('',#5643,#4546,#4547);
#3958=AXIS2_PLACEMENT_3D('',#5644,#4548,#4549);
#3959=AXIS2_PLACEMENT_3D('',#5650,#4553,#4554);
#3960=AXIS2_PLACEMENT_3D('',#5651,#4555,#4556);
#3961=AXIS2_PLACEMENT_3D('',#5655,#4558,#4559);
#3962=AXIS2_PLACEMENT_3D('',#5656,#4560,#4561);
#3963=AXIS2_PLACEMENT_3D('',#5662,#4565,#4566);
#3964=AXIS2_PLACEMENT_3D('',#5663,#4567,#4568);
#3965=AXIS2_PLACEMENT_3D('',#5667,#4570,#4571);
#3966=AXIS2_PLACEMENT_3D('',#5668,#4572,#4573);
#3967=AXIS2_PLACEMENT_3D('',#5674,#4577,#4578);
#3968=AXIS2_PLACEMENT_3D('',#5675,#4579,#4580);
#3969=AXIS2_PLACEMENT_3D('',#5679,#4582,#4583);
#3970=AXIS2_PLACEMENT_3D('',#5680,#4584,#4585);
#3971=AXIS2_PLACEMENT_3D('',#5689,#4590,#4591);
#3972=AXIS2_PLACEMENT_3D('',#5695,#4595,#4596);
#3973=AXIS2_PLACEMENT_3D('',#5701,#4600,#4601);
#3974=AXIS2_PLACEMENT_3D('',#5710,#4606,#4607);
#3975=AXIS2_PLACEMENT_3D('',#5716,#4611,#4612);
#3976=AXIS2_PLACEMENT_3D('',#5722,#4616,#4617);
#3977=AXIS2_PLACEMENT_3D('',#5725,#4620,#4621);
#3978=AXIS2_PLACEMENT_3D('',#5728,#4624,#4625);
#3979=AXIS2_PLACEMENT_3D('',#5731,#4628,#4629);
#3980=AXIS2_PLACEMENT_3D('',#5734,#4632,#4633);
#3981=AXIS2_PLACEMENT_3D('',#5735,#4634,#4635);
#3982=AXIS2_PLACEMENT_3D('',#5737,#4636,#4637);
#3983=AXIS2_PLACEMENT_3D('',#5739,#4638,#4639);
#3984=AXIS2_PLACEMENT_3D('',#5741,#4640,#4641);
#3985=AXIS2_PLACEMENT_3D('',#5742,#4642,#4643);
#3986=AXIS2_PLACEMENT_3D('',#5744,#4644,#4645);
#3987=AXIS2_PLACEMENT_3D('',#5745,#4646,#4647);
#3988=AXIS2_PLACEMENT_3D('',#5747,#4648,#4649);
#3989=AXIS2_PLACEMENT_3D('',#5748,#4650,#4651);
#3990=AXIS2_PLACEMENT_3D('',#5749,#4652,#4653);
#3991=AXIS2_PLACEMENT_3D('',#5751,#4654,#4655);
#3992=AXIS2_PLACEMENT_3D('',#5752,#4656,#4657);
#3993=AXIS2_PLACEMENT_3D('',#5753,#4658,#4659);
#3994=AXIS2_PLACEMENT_3D('',#5755,#4660,#4661);
#3995=AXIS2_PLACEMENT_3D('',#5756,#4662,#4663);
#3996=AXIS2_PLACEMENT_3D('',#5757,#4664,#4665);
#3997=AXIS2_PLACEMENT_3D('',#5759,#4666,#4667);
#3998=AXIS2_PLACEMENT_3D('',#5760,#4668,#4669);
#3999=AXIS2_PLACEMENT_3D('',#5761,#4670,#4671);
#4000=AXIS2_PLACEMENT_3D('',#5762,#4672,#4673);
#4001=AXIS2_PLACEMENT_3D('',#5767,#4675,#4676);
#4002=AXIS2_PLACEMENT_3D('',#5770,#4678,#4679);
#4003=AXIS2_PLACEMENT_3D('',#5780,#4685,#4686);
#4004=AXIS2_PLACEMENT_3D('',#5784,#4688,#4689);
#4005=AXIS2_PLACEMENT_3D('',#5785,#4690,#4691);
#4006=AXIS2_PLACEMENT_3D('',#5786,#4692,#4693);
#4007=AXIS2_PLACEMENT_3D('',#5796,#4699,#4700);
#4008=AXIS2_PLACEMENT_3D('',#5797,#4701,#4702);
#4009=AXIS2_PLACEMENT_3D('',#5799,#4703,#4704);
#4010=AXIS2_PLACEMENT_3D('',#5802,#4706,#4707);
#4011=AXIS2_PLACEMENT_3D('',#5806,#4709,#4710);
#4012=AXIS2_PLACEMENT_3D('',#5810,#4712,#4713);
#4013=AXIS2_PLACEMENT_3D('',#5811,#4714,#4715);
#4014=AXIS2_PLACEMENT_3D('',#5825,#4723,#4724);
#4015=AXIS2_PLACEMENT_3D('',#5826,#4725,#4726);
#4016=AXIS2_PLACEMENT_3D('',#5828,#4727,#4728);
#4017=AXIS2_PLACEMENT_3D('',#5831,#4730,#4731);
#4018=AXIS2_PLACEMENT_3D('',#5837,#4735,#4736);
#4019=AXIS2_PLACEMENT_3D('',#5838,#4737,#4738);
#4020=AXIS2_PLACEMENT_3D('',#5840,#4739,#4740);
#4021=AXIS2_PLACEMENT_3D('',#5843,#4742,#4743);
#4022=AXIS2_PLACEMENT_3D('',#5854,#4750,#4751);
#4023=AXIS2_PLACEMENT_3D('',#5857,#4754,#4755);
#4024=AXIS2_PLACEMENT_3D('',#5858,#4756,#4757);
#4025=AXIS2_PLACEMENT_3D('',#5861,#4760,#4761);
#4026=AXIS2_PLACEMENT_3D('',#5863,#4762,#4763);
#4027=AXIS2_PLACEMENT_3D('',#5865,#4764,#4765);
#4028=AXIS2_PLACEMENT_3D('',#5867,#4766,#4767);
#4029=AXIS2_PLACEMENT_3D('',#5868,#4768,#4769);
#4030=AXIS2_PLACEMENT_3D('',#5870,#4770,#4771);
#4031=AXIS2_PLACEMENT_3D('',#5872,#4772,#4773);
#4032=AXIS2_PLACEMENT_3D('',#5875,#4775,#4776);
#4033=AXIS2_PLACEMENT_3D('',#5879,#4778,#4779);
#4034=AXIS2_PLACEMENT_3D('',#5881,#4781,#4782);
#4035=AXIS2_PLACEMENT_3D('',#5885,#4784,#4785);
#4036=AXIS2_PLACEMENT_3D('',#5886,#4786,#4787);
#4037=AXIS2_PLACEMENT_3D('',#5887,#4788,#4789);
#4038=AXIS2_PLACEMENT_3D('',#5890,#4791,#4792);
#4039=AXIS2_PLACEMENT_3D('',#5893,#4794,#4795);
#4040=AXIS2_PLACEMENT_3D('',#5894,#4796,#4797);
#4041=AXIS2_PLACEMENT_3D('',#5897,#4799,#4800);
#4042=AXIS2_PLACEMENT_3D('',#5898,#4801,#4802);
#4043=AXIS2_PLACEMENT_3D('',#5902,#4805,#4806);
#4044=AXIS2_PLACEMENT_3D('',#5903,#4807,#4808);
#4045=AXIS2_PLACEMENT_3D('',#5904,#4809,#4810);
#4046=AXIS2_PLACEMENT_3D('',#5906,#4812,#4813);
#4047=AXIS2_PLACEMENT_3D('',#5907,#4814,#4815);
#4048=AXIS2_PLACEMENT_3D('',#5908,#4816,#4817);
#4049=AXIS2_PLACEMENT_3D('',#5909,#4818,#4819);
#4050=AXIS2_PLACEMENT_3D('',#5910,#4820,#4821);
#4051=AXIS2_PLACEMENT_3D('',#5911,#4822,#4823);
#4052=AXIS2_PLACEMENT_3D('',#5912,#4824,#4825);
#4053=AXIS2_PLACEMENT_3D('',#5913,#4826,#4827);
#4054=AXIS2_PLACEMENT_3D('',#5922,#4832,#4833);
#4055=AXIS2_PLACEMENT_3D('',#5923,#4834,#4835);
#4056=AXIS2_PLACEMENT_3D('',#5927,#4837,#4838);
#4057=AXIS2_PLACEMENT_3D('',#5928,#4839,#4840);
#4058=AXIS2_PLACEMENT_3D('',#5934,#4844,#4845);
#4059=AXIS2_PLACEMENT_3D('',#5935,#4846,#4847);
#4060=AXIS2_PLACEMENT_3D('',#5937,#4848,#4849);
#4061=AXIS2_PLACEMENT_3D('',#5939,#4850,#4851);
#4062=AXIS2_PLACEMENT_3D('',#5940,#4852,#4853);
#4063=AXIS2_PLACEMENT_3D('',#5941,#4854,#4855);
#4064=AXIS2_PLACEMENT_3D('',#5942,#4856,#4857);
#4065=AXIS2_PLACEMENT_3D('',#5943,#4858,#4859);
#4066=AXIS2_PLACEMENT_3D('',#5945,#4860,#4861);
#4067=AXIS2_PLACEMENT_3D('',#5947,#4862,#4863);
#4068=AXIS2_PLACEMENT_3D('',#5948,#4864,#4865);
#4069=AXIS2_PLACEMENT_3D('',#5949,#4866,#4867);
#4070=AXIS2_PLACEMENT_3D('',#5950,#4868,#4869);
#4071=AXIS2_PLACEMENT_3D('',#5959,#4874,#4875);
#4072=AXIS2_PLACEMENT_3D('',#5960,#4876,#4877);
#4073=AXIS2_PLACEMENT_3D('',#5964,#4879,#4880);
#4074=AXIS2_PLACEMENT_3D('',#5965,#4881,#4882);
#4075=AXIS2_PLACEMENT_3D('',#5971,#4886,#4887);
#4076=AXIS2_PLACEMENT_3D('',#5972,#4888,#4889);
#4077=AXIS2_PLACEMENT_3D('',#5974,#4890,#4891);
#4078=AXIS2_PLACEMENT_3D('',#5976,#4892,#4893);
#4079=AXIS2_PLACEMENT_3D('',#5977,#4894,#4895);
#4080=AXIS2_PLACEMENT_3D('',#5978,#4896,#4897);
#4081=AXIS2_PLACEMENT_3D('',#5979,#4898,#4899);
#4082=AXIS2_PLACEMENT_3D('',#5980,#4900,#4901);
#4083=AXIS2_PLACEMENT_3D('',#5982,#4902,#4903);
#4084=AXIS2_PLACEMENT_3D('',#5984,#4904,#4905);
#4085=AXIS2_PLACEMENT_3D('',#5985,#4906,#4907);
#4086=AXIS2_PLACEMENT_3D('',#5986,#4908,#4909);
#4087=AXIS2_PLACEMENT_3D('',#5987,#4910,#4911);
#4088=AXIS2_PLACEMENT_3D('',#5991,#4913,#4914);
#4089=AXIS2_PLACEMENT_3D('',#5995,#4916,#4917);
#4090=AXIS2_PLACEMENT_3D('',#5996,#4918,#4919);
#4091=AXIS2_PLACEMENT_3D('',#6010,#4927,#4928);
#4092=AXIS2_PLACEMENT_3D('',#6011,#4929,#4930);
#4093=AXIS2_PLACEMENT_3D('',#6015,#4932,#4933);
#4094=AXIS2_PLACEMENT_3D('',#6016,#4934,#4935);
#4095=AXIS2_PLACEMENT_3D('',#6027,#4942,#4943);
#4096=AXIS2_PLACEMENT_3D('',#6028,#4944,#4945);
#4097=AXIS2_PLACEMENT_3D('',#6029,#4946,#4947);
#4098=AXIS2_PLACEMENT_3D('',#6030,#4948,#4949);
#4099=AXIS2_PLACEMENT_3D('',#6031,#4950,#4951);
#4100=AXIS2_PLACEMENT_3D('',#6033,#4952,#4953);
#4101=AXIS2_PLACEMENT_3D('',#6035,#4954,#4955);
#4102=AXIS2_PLACEMENT_3D('',#6036,#4956,#4957);
#4103=AXIS2_PLACEMENT_3D('',#6037,#4958,#4959);
#4104=AXIS2_PLACEMENT_3D('',#6038,#4960,#4961);
#4105=AXIS2_PLACEMENT_3D('',#6039,#4962,#4963);
#4106=AXIS2_PLACEMENT_3D('',#6040,#4964,#4965);
#4107=AXIS2_PLACEMENT_3D('',#6041,#4966,#4967);
#4108=AXIS2_PLACEMENT_3D('',#6043,#4968,#4969);
#4109=AXIS2_PLACEMENT_3D('',#6045,#4970,#4971);
#4110=AXIS2_PLACEMENT_3D('',#6046,#4972,#4973);
#4111=AXIS2_PLACEMENT_3D('',#6047,#4974,#4975);
#4112=AXIS2_PLACEMENT_3D('',#6048,#4976,#4977);
#4113=AXIS2_PLACEMENT_3D('',#6049,#4978,#4979);
#4114=AXIS2_PLACEMENT_3D('',#6054,#4981,#4982);
#4115=AXIS2_PLACEMENT_3D('',#6058,#4984,#4985);
#4116=AXIS2_PLACEMENT_3D('',#6059,#4986,#4987);
#4117=AXIS2_PLACEMENT_3D('',#6073,#4995,#4996);
#4118=AXIS2_PLACEMENT_3D('',#6074,#4997,#4998);
#4119=AXIS2_PLACEMENT_3D('',#6078,#5000,#5001);
#4120=AXIS2_PLACEMENT_3D('',#6079,#5002,#5003);
#4121=AXIS2_PLACEMENT_3D('',#6090,#5010,#5011);
#4122=AXIS2_PLACEMENT_3D('',#6091,#5012,#5013);
#4123=AXIS2_PLACEMENT_3D('',#6092,#5014,#5015);
#4124=AXIS2_PLACEMENT_3D('',#6093,#5016,#5017);
#4125=AXIS2_PLACEMENT_3D('',#6095,#5018,#5019);
#4126=AXIS2_PLACEMENT_3D('',#6096,#5020,#5021);
#4127=AXIS2_PLACEMENT_3D('',#6097,#5022,#5023);
#4128=AXIS2_PLACEMENT_3D('',#6098,#5024,#5025);
#4129=AXIS2_PLACEMENT_3D('',#6099,#5026,#5027);
#4130=AXIS2_PLACEMENT_3D('',#6100,#5028,#5029);
#4131=AXIS2_PLACEMENT_3D('',#6102,#5030,#5031);
#4132=AXIS2_PLACEMENT_3D('',#6104,#5032,#5033);
#4133=AXIS2_PLACEMENT_3D('',#6105,#5034,#5035);
#4134=AXIS2_PLACEMENT_3D('',#6106,#5036,#5037);
#4135=AXIS2_PLACEMENT_3D('',#6107,#5038,#5039);
#4136=AXIS2_PLACEMENT_3D('',#6108,#5040,#5041);
#4137=AXIS2_PLACEMENT_3D('',#6109,#5042,#5043);
#4138=AXIS2_PLACEMENT_3D('',#6118,#5048,#5049);
#4139=AXIS2_PLACEMENT_3D('',#6119,#5050,#5051);
#4140=AXIS2_PLACEMENT_3D('',#6124,#5053,#5054);
#4141=AXIS2_PLACEMENT_3D('',#6128,#5056,#5057);
#4142=AXIS2_PLACEMENT_3D('',#6129,#5058,#5059);
#4143=AXIS2_PLACEMENT_3D('',#6132,#5061,#5062);
#4144=AXIS2_PLACEMENT_3D('',#6138,#5066,#5067);
#4145=AXIS2_PLACEMENT_3D('',#6139,#5068,#5069);
#4146=AXIS2_PLACEMENT_3D('',#6141,#5070,#5071);
#4147=AXIS2_PLACEMENT_3D('',#6144,#5073,#5074);
#4148=AXIS2_PLACEMENT_3D('',#6150,#5078,#5079);
#4149=AXIS2_PLACEMENT_3D('',#6175,#5092,#5093);
#4150=AXIS2_PLACEMENT_3D('',#6176,#5094,#5095);
#4151=AXIS2_PLACEMENT_3D('',#6178,#5096,#5097);
#4152=AXIS2_PLACEMENT_3D('',#6181,#5099,#5100);
#4153=AXIS2_PLACEMENT_3D('',#6187,#5104,#5105);
#4154=AXIS2_PLACEMENT_3D('',#6188,#5106,#5107);
#4155=AXIS2_PLACEMENT_3D('',#6190,#5108,#5109);
#4156=AXIS2_PLACEMENT_3D('',#6193,#5111,#5112);
#4157=AXIS2_PLACEMENT_3D('',#6199,#5116,#5117);
#4158=AXIS2_PLACEMENT_3D('',#6200,#5118,#5119);
#4159=AXIS2_PLACEMENT_3D('',#6204,#5121,#5122);
#4160=AXIS2_PLACEMENT_3D('',#6208,#5124,#5125);
#4161=AXIS2_PLACEMENT_3D('',#6209,#5126,#5127);
#4162=AXIS2_PLACEMENT_3D('',#6210,#5128,#5129);
#4163=AXIS2_PLACEMENT_3D('',#6211,#5130,#5131);
#4164=AXIS2_PLACEMENT_3D('',#6212,#5132,#5133);
#4165=AXIS2_PLACEMENT_3D('',#6213,#5134,#5135);
#4166=AXIS2_PLACEMENT_3D('',#6214,#5136,#5137);
#4167=AXIS2_PLACEMENT_3D('',#6216,#5138,#5139);
#4168=AXIS2_PLACEMENT_3D('',#6218,#5140,#5141);
#4169=AXIS2_PLACEMENT_3D('',#6219,#5142,#5143);
#4170=AXIS2_PLACEMENT_3D('',#6222,#5145,#5146);
#4171=AXIS2_PLACEMENT_3D('',#6223,#5147,#5148);
#4172=AXIS2_PLACEMENT_3D('',#6226,#5150,#5151);
#4173=AXIS2_PLACEMENT_3D('',#6228,#5152,#5153);
#4174=AXIS2_PLACEMENT_3D('',#6230,#5154,#5155);
#4175=AXIS2_PLACEMENT_3D('',#6231,#5156,#5157);
#4176=AXIS2_PLACEMENT_3D('',#6233,#5158,#5159);
#4177=AXIS2_PLACEMENT_3D('',#6235,#5160,#5161);
#4178=AXIS2_PLACEMENT_3D('',#6239,#5163,#5164);
#4179=AXIS2_PLACEMENT_3D('',#6242,#5166,#5167);
#4180=AXIS2_PLACEMENT_3D('',#6245,#5169,#5170);
#4181=AXIS2_PLACEMENT_3D('',#6248,#5172,#5173);
#4182=AXIS2_PLACEMENT_3D('',#6252,#5175,#5176);
#4183=AXIS2_PLACEMENT_3D('',#6256,#5178,#5179);
#4184=AXIS2_PLACEMENT_3D('',#6257,#5180,#5181);
#4185=AXIS2_PLACEMENT_3D('',#6261,#5184,#5185);
#4186=AXIS2_PLACEMENT_3D('',#6264,#5187,#5188);
#4187=AXIS2_PLACEMENT_3D('',#6265,#5189,#5190);
#4188=AXIS2_PLACEMENT_3D('',#6267,#5192,#5193);
#4189=AXIS2_PLACEMENT_3D('',#6270,#5195,#5196);
#4190=AXIS2_PLACEMENT_3D('',#6271,#5197,#5198);
#4191=AXIS2_PLACEMENT_3D('',#6275,#5201,#5202);
#4192=AXIS2_PLACEMENT_3D('',#6278,#5204,#5205);
#4193=AXIS2_PLACEMENT_3D('',#6279,#5206,#5207);
#4194=AXIS2_PLACEMENT_3D('',#6283,#5210,#5211);
#4195=AXIS2_PLACEMENT_3D('',#6284,#5212,#5213);
#4196=AXIS2_PLACEMENT_3D('',#6285,#5214,#5215);
#4197=AXIS2_PLACEMENT_3D('',#6286,#5216,#5217);
#4198=AXIS2_PLACEMENT_3D('',#6288,#5218,#5219);
#4199=AXIS2_PLACEMENT_3D('',#6289,#5220,#5221);
#4200=AXIS2_PLACEMENT_3D('',#6291,#5223,#5224);
#4201=AXIS2_PLACEMENT_3D('',#6293,#5226,#5227);
#4202=AXIS2_PLACEMENT_3D('',#6294,#5228,#5229);
#4203=AXIS2_PLACEMENT_3D('',#6295,#5230,#5231);
#4204=AXIS2_PLACEMENT_3D('',#6296,#5232,#5233);
#4205=AXIS2_PLACEMENT_3D('',#6297,#5234,#5235);
#4206=AXIS2_PLACEMENT_3D('',#6298,#5236,#5237);
#4207=AXIS2_PLACEMENT_3D('',#6299,#5238,#5239);
#4208=AXIS2_PLACEMENT_3D('',#6300,#5240,#5241);
#4209=AXIS2_PLACEMENT_3D('',#6301,#5242,#5243);
#4210=AXIS2_PLACEMENT_3D('',#6302,#5244,#5245);
#4211=AXIS2_PLACEMENT_3D('',#6307,#5247,#5248);
#4212=AXIS2_PLACEMENT_3D('',#6310,#5250,#5251);
#4213=AXIS2_PLACEMENT_3D('',#6320,#5257,#5258);
#4214=AXIS2_PLACEMENT_3D('',#6321,#5259,#5260);
#4215=AXIS2_PLACEMENT_3D('',#6325,#5262,#5263);
#4216=AXIS2_PLACEMENT_3D('',#6326,#5264,#5265);
#4217=AXIS2_PLACEMENT_3D('',#6332,#5269,#5270);
#4218=AXIS2_PLACEMENT_3D('',#6333,#5271,#5272);
#4219=AXIS2_PLACEMENT_3D('',#6335,#5273,#5274);
#4220=AXIS2_PLACEMENT_3D('',#6337,#5275,#5276);
#4221=AXIS2_PLACEMENT_3D('',#6344,#5281,#5282);
#4222=AXIS2_PLACEMENT_3D('',#6345,#5283,#5284);
#4223=AXIS2_PLACEMENT_3D('',#6346,#5285,#5286);
#4224=AXIS2_PLACEMENT_3D('',#6347,#5287,#5288);
#4225=AXIS2_PLACEMENT_3D('',#6349,#5289,#5290);
#4226=AXIS2_PLACEMENT_3D('',#6350,#5291,#5292);
#4227=AXIS2_PLACEMENT_3D('',#6351,#5293,#5294);
#4228=AXIS2_PLACEMENT_3D('',#6352,#5295,#5296);
#4229=AXIS2_PLACEMENT_3D('',#6354,#5297,#5298);
#4230=AXIS2_PLACEMENT_3D('',#6355,#5299,#5300);
#4231=AXIS2_PLACEMENT_3D('',#6356,#5301,#5302);
#4232=AXIS2_PLACEMENT_3D('',#6357,#5303,#5304);
#4233=AXIS2_PLACEMENT_3D('',#6370,#5311,#5312);
#4234=AXIS2_PLACEMENT_3D('',#6371,#5313,#5314);
#4235=AXIS2_PLACEMENT_3D('',#6375,#5316,#5317);
#4236=AXIS2_PLACEMENT_3D('',#6376,#5318,#5319);
#4237=AXIS2_PLACEMENT_3D('',#6386,#5325,#5326);
#4238=AXIS2_PLACEMENT_3D('',#6387,#5327,#5328);
#4239=AXIS2_PLACEMENT_3D('',#6388,#5329,#5330);
#4240=AXIS2_PLACEMENT_3D('',#6389,#5331,#5332);
#4241=AXIS2_PLACEMENT_3D('',#6390,#5333,#5334);
#4242=AXIS2_PLACEMENT_3D('',#6392,#5335,#5336);
#4243=AXIS2_PLACEMENT_3D('',#6394,#5337,#5338);
#4244=AXIS2_PLACEMENT_3D('',#6395,#5339,#5340);
#4245=AXIS2_PLACEMENT_3D('',#6396,#5341,#5342);
#4246=AXIS2_PLACEMENT_3D('',#6397,#5343,#5344);
#4247=AXIS2_PLACEMENT_3D('',#6399,#5345,#5346);
#4248=AXIS2_PLACEMENT_3D('',#6400,#5347,#5348);
#4249=AXIS2_PLACEMENT_3D('',#6401,#5349,#5350);
#4250=AXIS2_PLACEMENT_3D('',#6402,#5351,#5352);
#4251=AXIS2_PLACEMENT_3D('',#6404,#5353,#5354);
#4252=AXIS2_PLACEMENT_3D('',#6405,#5355,#5356);
#4253=AXIS2_PLACEMENT_3D('',#6406,#5357,#5358);
#4254=AXIS2_PLACEMENT_3D('',#6407,#5359,#5360);
#4255=AXIS2_PLACEMENT_3D('',#6408,#5361,#5362);
#4256=DIRECTION('',(0.,0.,1.));
#4257=DIRECTION('',(1.,0.,0.));
#4258=DIRECTION('',(0.,0.,-1.));
#4259=DIRECTION('',(-1.,0.,0.));
#4260=DIRECTION('',(0.,0.,-1.));
#4261=DIRECTION('',(-1.,0.,0.));
#4262=DIRECTION('',(0.,0.,-1.));
#4263=DIRECTION('',(-1.,0.,0.));
#4264=DIRECTION('',(0.,0.,1.));
#4265=DIRECTION('',(1.,0.,0.));
#4266=DIRECTION('',(0.,0.,-1.));
#4267=DIRECTION('',(-1.,0.,0.));
#4268=DIRECTION('',(0.,0.,-1.));
#4269=DIRECTION('',(-1.,0.,0.));
#4270=DIRECTION('',(0.,0.,-1.));
#4271=DIRECTION('',(-1.,0.,0.));
#4272=DIRECTION('',(0.,0.,1.));
#4273=DIRECTION('',(1.,0.,0.));
#4274=DIRECTION('',(0.,0.,-1.));
#4275=DIRECTION('',(-1.,0.,0.));
#4276=DIRECTION('',(0.,0.,-1.));
#4277=DIRECTION('',(-1.,0.,0.));
#4278=DIRECTION('',(0.,0.,-1.));
#4279=DIRECTION('',(-1.,0.,0.));
#4280=DIRECTION('',(0.,0.,1.));
#4281=DIRECTION('',(1.,0.,0.));
#4282=DIRECTION('',(0.,0.,-1.));
#4283=DIRECTION('',(-1.,0.,0.));
#4284=DIRECTION('',(0.,0.,-1.));
#4285=DIRECTION('',(-1.,0.,0.));
#4286=DIRECTION('',(0.,0.,-1.));
#4287=DIRECTION('',(-1.,0.,0.));
#4288=DIRECTION('',(0.,0.,-1.));
#4289=DIRECTION('',(-1.,0.,0.));
#4290=DIRECTION('',(0.,0.,-1.));
#4291=DIRECTION('',(-1.,0.,0.));
#4292=DIRECTION('',(0.,0.,-1.));
#4293=DIRECTION('',(-1.,0.,0.));
#4294=DIRECTION('',(0.,0.,-1.));
#4295=DIRECTION('',(-1.,0.,0.));
#4296=DIRECTION('',(0.,0.,-1.));
#4297=DIRECTION('',(-1.,0.,0.));
#4298=DIRECTION('',(0.,0.,-1.));
#4299=DIRECTION('',(-1.,0.,0.));
#4300=DIRECTION('',(0.,0.,-1.));
#4301=DIRECTION('',(-1.,0.,0.));
#4302=DIRECTION('',(0.,0.,-1.));
#4303=DIRECTION('',(-1.,0.,0.));
#4304=DIRECTION('',(0.,0.,-1.));
#4305=DIRECTION('',(-1.,0.,0.));
#4306=DIRECTION('',(0.,0.,1.));
#4307=DIRECTION('',(1.,0.,0.));
#4308=DIRECTION('',(0.,-1.,0.));
#4309=DIRECTION('',(1.,0.,0.));
#4310=DIRECTION('',(0.,-1.,0.));
#4311=DIRECTION('',(0.,0.,-1.));
#4312=DIRECTION('',(1.,0.,0.));
#4313=DIRECTION('',(0.5,0.,-0.866025403784439));
#4314=DIRECTION('',(-0.5,0.,-0.866025403784439));
#4315=DIRECTION('',(-1.,0.,0.));
#4316=DIRECTION('',(-0.5,0.,0.866025403784439));
#4317=DIRECTION('',(0.5,0.,0.866025403784439));
#4318=DIRECTION('',(0.,1.,0.));
#4319=DIRECTION('',(0.,0.,1.));
#4320=DIRECTION('',(0.,-1.,0.));
#4321=DIRECTION('',(0.,0.,-1.));
#4322=DIRECTION('',(0.,-1.,0.));
#4323=DIRECTION('',(1.,0.,0.));
#4324=DIRECTION('',(-1.,0.,0.));
#4325=DIRECTION('',(-0.5,0.,-0.866025403784439));
#4326=DIRECTION('',(0.5,0.,-0.866025403784439));
#4327=DIRECTION('',(1.,0.,0.));
#4328=DIRECTION('',(0.5,0.,0.866025403784439));
#4329=DIRECTION('',(-0.5,0.,0.866025403784439));
#4330=DIRECTION('',(-0.866025403784438,0.,0.5));
#4331=DIRECTION('',(0.5,0.,0.866025403784439));
#4332=DIRECTION('',(0.,1.,0.));
#4333=DIRECTION('',(0.5,0.,0.866025403784439));
#4334=DIRECTION('',(0.,1.,0.));
#4335=DIRECTION('',(0.,0.,1.));
#4336=DIRECTION('',(1.,0.,0.));
#4337=DIRECTION('',(0.,1.,0.));
#4338=DIRECTION('',(1.,0.,0.));
#4339=DIRECTION('',(0.866025403784438,0.,0.5));
#4340=DIRECTION('',(0.5,0.,-0.866025403784439));
#4341=DIRECTION('',(0.,1.,0.));
#4342=DIRECTION('',(0.5,0.,-0.866025403784439));
#4343=DIRECTION('',(0.866025403784439,0.,-0.5));
#4344=DIRECTION('',(-0.5,0.,-0.866025403784439));
#4345=DIRECTION('',(0.,1.,0.));
#4346=DIRECTION('',(-0.5,0.,-0.866025403784439));
#4347=DIRECTION('',(0.,0.,-1.));
#4348=DIRECTION('',(-1.,0.,0.));
#4349=DIRECTION('',(0.,1.,0.));
#4350=DIRECTION('',(-1.,0.,0.));
#4351=DIRECTION('',(-0.866025403784439,0.,-0.5));
#4352=DIRECTION('',(-0.5,0.,0.866025403784439));
#4353=DIRECTION('',(-0.5,0.,0.866025403784438));
#4354=DIRECTION('',(0.,1.,0.));
#4355=DIRECTION('',(-1.,0.,0.));
#4356=DIRECTION('',(-0.866025403784438,0.,-0.5));
#4357=DIRECTION('',(-0.5,0.,0.866025403784439));
#4358=DIRECTION('',(0.,1.,0.));
#4359=DIRECTION('',(-0.5,0.,0.866025403784439));
#4360=DIRECTION('',(0.,1.,0.));
#4361=DIRECTION('',(0.,0.,-1.));
#4362=DIRECTION('',(-1.,0.,0.));
#4363=DIRECTION('',(0.,1.,0.));
#4364=DIRECTION('',(-1.,0.,0.));
#4365=DIRECTION('',(0.866025403784438,0.,-0.5));
#4366=DIRECTION('',(-0.5,0.,-0.866025403784439));
#4367=DIRECTION('',(0.,1.,0.));
#4368=DIRECTION('',(-0.5,0.,-0.866025403784439));
#4369=DIRECTION('',(0.866025403784439,0.,0.5));
#4370=DIRECTION('',(0.5,0.,-0.866025403784439));
#4371=DIRECTION('',(0.,1.,0.));
#4372=DIRECTION('',(0.5,0.,-0.866025403784439));
#4373=DIRECTION('',(0.,0.,1.));
#4374=DIRECTION('',(1.,0.,0.));
#4375=DIRECTION('',(0.,1.,0.));
#4376=DIRECTION('',(1.,0.,0.));
#4377=DIRECTION('',(-0.866025403784438,0.,0.5));
#4378=DIRECTION('',(0.5,0.,0.866025403784439));
#4379=DIRECTION('',(0.5,0.,0.866025403784438));
#4380=DIRECTION('',(0.,-1.,0.));
#4381=DIRECTION('',(1.,0.,0.));
#4382=DIRECTION('',(0.587186721470082,0.809451514378234,-1.60875210184731E-23));
#4383=DIRECTION('',(0.809451514378234,-0.587186721470082,-4.3279654411198E-18));
#4384=DIRECTION('',(1.,1.55218636003651E-16,0.));
#4385=DIRECTION('',(-1.55218636003651E-16,1.,0.));
#4386=DIRECTION('',(1.55218636003651E-16,-1.,0.));
#4387=DIRECTION('',(0.,0.,-1.));
#4388=DIRECTION('',(1.55218636003651E-16,-1.,0.));
#4389=DIRECTION('',(0.,0.,-1.));
#4390=DIRECTION('',(0.,0.,-1.));
#4391=DIRECTION('',(-1.,0.,0.));
#4392=DIRECTION('',(0.,0.,1.));
#4393=DIRECTION('',(1.,0.,0.));
#4394=DIRECTION('',(0.,0.,-1.));
#4395=DIRECTION('',(0.,0.,1.));
#4396=DIRECTION('',(1.,0.,0.));
#4397=DIRECTION('',(-1.,0.,0.));
#4398=DIRECTION('',(0.,0.,1.));
#4399=DIRECTION('',(0.,1.,0.));
#4400=DIRECTION('',(0.,0.,-1.));
#4401=DIRECTION('',(0.,1.,0.));
#4402=DIRECTION('',(0.,0.,-1.));
#4403=DIRECTION('',(-1.,0.,0.));
#4404=DIRECTION('',(0.,0.,1.));
#4405=DIRECTION('',(1.,0.,0.));
#4406=DIRECTION('',(0.,0.,1.));
#4407=DIRECTION('',(1.,0.,0.));
#4408=DIRECTION('',(0.,0.,-1.));
#4409=DIRECTION('',(-1.,0.,0.));
#4410=DIRECTION('',(0.,0.,1.));
#4411=DIRECTION('',(1.,0.,0.));
#4412=DIRECTION('',(0.,0.,1.));
#4413=DIRECTION('',(1.,0.,0.));
#4414=DIRECTION('',(0.,0.,1.));
#4415=DIRECTION('',(1.,0.,0.));
#4416=DIRECTION('',(0.,0.,1.));
#4417=DIRECTION('',(1.,0.,0.));
#4418=DIRECTION('',(0.,0.,1.));
#4419=DIRECTION('',(1.,0.,0.));
#4420=DIRECTION('',(0.,0.,1.));
#4421=DIRECTION('',(1.,0.,0.));
#4422=DIRECTION('',(0.,0.,1.));
#4423=DIRECTION('',(1.,0.,0.));
#4424=DIRECTION('',(0.,0.,1.));
#4425=DIRECTION('',(1.,0.,0.));
#4426=DIRECTION('',(0.,0.,1.));
#4427=DIRECTION('',(1.,0.,0.));
#4428=DIRECTION('',(-0.5,0.866025403784439,0.));
#4429=DIRECTION('',(0.5,0.866025403784439,0.));
#4430=DIRECTION('',(1.,0.,0.));
#4431=DIRECTION('',(0.5,-0.866025403784439,0.));
#4432=DIRECTION('',(-0.5,-0.866025403784439,0.));
#4433=DIRECTION('',(-1.,-3.00462919747432E-16,0.));
#4434=DIRECTION('',(0.866025403784438,0.5,0.));
#4435=DIRECTION('',(-0.5,0.866025403784439,0.));
#4436=DIRECTION('',(0.,0.,1.));
#4437=DIRECTION('',(-0.5,0.866025403784439,0.));
#4438=DIRECTION('',(0.,0.,1.));
#4439=DIRECTION('',(-3.00462919747432E-16,1.,0.));
#4440=DIRECTION('',(-1.,-3.00462919747432E-16,0.));
#4441=DIRECTION('',(0.,0.,1.));
#4442=DIRECTION('',(-1.,-3.00462919747432E-16,0.));
#4443=DIRECTION('',(-0.866025403784439,0.5,0.));
#4444=DIRECTION('',(-0.5,-0.866025403784439,0.));
#4445=DIRECTION('',(0.,0.,1.));
#4446=DIRECTION('',(-0.5,-0.866025403784439,0.));
#4447=DIRECTION('',(-0.866025403784438,-0.5,0.));
#4448=DIRECTION('',(0.5,-0.866025403784439,0.));
#4449=DIRECTION('',(0.,0.,1.));
#4450=DIRECTION('',(0.5,-0.866025403784439,0.));
#4451=DIRECTION('',(0.,-1.,0.));
#4452=DIRECTION('',(0.,0.,-1.));
#4453=DIRECTION('',(0.,0.,1.));
#4454=DIRECTION('',(1.,0.,0.));
#4455=DIRECTION('',(0.866025403784438,-0.5,0.));
#4456=DIRECTION('',(0.5,0.866025403784439,0.));
#4457=DIRECTION('',(0.5,0.866025403784439,0.));
#4458=DIRECTION('',(0.,0.,1.));
#4459=DIRECTION('',(1.,0.,0.));
#4460=DIRECTION('',(2.09440771760334E-15,-2.74423025134885E-16,1.));
#4461=DIRECTION('',(-0.587186721470082,-0.809451514378234,1.00767626784545E-15));
#4462=DIRECTION('',(-1.99846595659701E-15,4.38126451351769E-16,-1.));
#4463=DIRECTION('',(0.587186721470082,0.809451514378234,-8.18830553487919E-16));
#4464=DIRECTION('',(0.,0.,1.));
#4465=DIRECTION('',(1.,0.,0.));
#4466=DIRECTION('',(0.,0.,-1.));
#4467=DIRECTION('',(-1.,0.,0.));
#4468=DIRECTION('',(0.,0.,1.));
#4469=DIRECTION('',(1.,0.,0.));
#4470=DIRECTION('',(0.,0.,1.));
#4471=DIRECTION('',(1.,0.,0.));
#4472=DIRECTION('',(0.,0.,-1.));
#4473=DIRECTION('',(-1.,0.,0.));
#4474=DIRECTION('',(0.,0.,1.));
#4475=DIRECTION('',(1.,0.,0.));
#4476=DIRECTION('',(0.,0.,-1.));
#4477=DIRECTION('',(0.,0.,1.));
#4478=DIRECTION('',(1.,0.,0.));
#4479=DIRECTION('',(0.,0.,-1.));
#4480=DIRECTION('',(1.,0.,0.));
#4481=DIRECTION('',(0.,0.,-1.));
#4482=DIRECTION('',(0.,-1.,0.));
#4483=DIRECTION('',(0.,0.,-1.));
#4484=DIRECTION('',(0.,-1.,0.));
#4485=DIRECTION('',(0.,0.,-1.));
#4486=DIRECTION('',(-1.,0.,0.));
#4487=DIRECTION('',(0.,0.,1.));
#4488=DIRECTION('',(1.,0.,0.));
#4489=DIRECTION('',(0.,0.,-1.));
#4490=DIRECTION('',(0.,0.,1.));
#4491=DIRECTION('',(1.,0.,0.));
#4492=DIRECTION('',(0.438298477254103,-0.898829485963125,0.));
#4493=DIRECTION('',(0.898829485963125,0.438298477254103,0.));
#4494=DIRECTION('',(-0.898829485963125,-0.438298477254103,0.));
#4495=DIRECTION('',(0.,0.,-1.));
#4496=DIRECTION('',(-0.898829485963125,-0.438298477254103,0.));
#4497=DIRECTION('',(0.,0.,-1.));
#4498=DIRECTION('',(-1.,0.,0.));
#4499=DIRECTION('',(0.,0.,1.));
#4500=DIRECTION('',(1.,0.,0.));
#4501=DIRECTION('',(0.,0.,-1.));
#4502=DIRECTION('',(0.,0.,1.));
#4503=DIRECTION('',(1.,0.,0.));
#4504=DIRECTION('',(0.438298477254103,0.898829485963125,0.));
#4505=DIRECTION('',(-0.898829485963125,0.438298477254103,0.));
#4506=DIRECTION('',(0.898829485963125,-0.438298477254103,0.));
#4507=DIRECTION('',(0.,0.,-1.));
#4508=DIRECTION('',(0.898829485963125,-0.438298477254103,0.));
#4509=DIRECTION('',(0.,0.,-1.));
#4510=DIRECTION('',(-1.,0.,0.));
#4511=DIRECTION('',(0.,0.,1.));
#4512=DIRECTION('',(1.,0.,0.));
#4513=DIRECTION('',(0.,0.,-1.));
#4514=DIRECTION('',(0.,0.,1.));
#4515=DIRECTION('',(1.,0.,0.));
#4516=DIRECTION('',(1.,0.,0.));
#4517=DIRECTION('',(0.,0.,-1.));
#4518=DIRECTION('',(0.,-1.,0.));
#4519=DIRECTION('',(0.,0.,-1.));
#4520=DIRECTION('',(0.,-1.,0.));
#4521=DIRECTION('',(0.,0.,-1.));
#4522=DIRECTION('',(-1.,0.,0.));
#4523=DIRECTION('',(0.,0.,1.));
#4524=DIRECTION('',(1.,0.,0.));
#4525=DIRECTION('',(0.,0.,-1.));
#4526=DIRECTION('',(0.,0.,1.));
#4527=DIRECTION('',(1.,0.,0.));
#4528=DIRECTION('',(0.,0.,-1.));
#4529=DIRECTION('',(-1.,0.,0.));
#4530=DIRECTION('',(0.,0.,1.));
#4531=DIRECTION('',(1.,0.,0.));
#4532=DIRECTION('',(0.,0.,-1.));
#4533=DIRECTION('',(0.,0.,1.));
#4534=DIRECTION('',(1.,0.,0.));
#4535=DIRECTION('',(0.,0.,-1.));
#4536=DIRECTION('',(0.,-1.,0.));
#4537=DIRECTION('',(0.,0.,-1.));
#4538=DIRECTION('',(-1.,0.,0.));
#4539=DIRECTION('',(0.,0.,-1.));
#4540=DIRECTION('',(-1.,0.,0.));
#4541=DIRECTION('',(0.,0.,-1.));
#4542=DIRECTION('',(-1.,0.,0.));
#4543=DIRECTION('',(0.,0.,-1.));
#4544=DIRECTION('',(1.,0.,0.));
#4545=DIRECTION('',(0.,0.,-1.));
#4546=DIRECTION('',(0.,0.,-1.));
#4547=DIRECTION('',(1.,0.,0.));
#4548=DIRECTION('',(-1.,0.,0.));
#4549=DIRECTION('',(0.,0.,1.));
#4550=DIRECTION('',(0.,1.,0.));
#4551=DIRECTION('',(0.,0.,-1.));
#4552=DIRECTION('',(0.,1.,0.));
#4553=DIRECTION('',(0.,0.,-1.));
#4554=DIRECTION('',(-1.,0.,0.));
#4555=DIRECTION('',(0.,0.,1.));
#4556=DIRECTION('',(1.,0.,0.));
#4557=DIRECTION('',(0.,0.,-1.));
#4558=DIRECTION('',(0.,0.,1.));
#4559=DIRECTION('',(1.,0.,0.));
#4560=DIRECTION('',(-0.699504912718635,-0.714627789189936,0.));
#4561=DIRECTION('',(0.714627789189936,-0.699504912718635,0.));
#4562=DIRECTION('',(-0.714627789189936,0.699504912718635,0.));
#4563=DIRECTION('',(0.,0.,-1.));
#4564=DIRECTION('',(-0.714627789189936,0.699504912718635,0.));
#4565=DIRECTION('',(0.,0.,-1.));
#4566=DIRECTION('',(-1.,0.,0.));
#4567=DIRECTION('',(0.,0.,1.));
#4568=DIRECTION('',(1.,0.,0.));
#4569=DIRECTION('',(0.,0.,-1.));
#4570=DIRECTION('',(0.,0.,1.));
#4571=DIRECTION('',(1.,0.,0.));
#4572=DIRECTION('',(-0.699504912718635,0.714627789189936,0.));
#4573=DIRECTION('',(-0.714627789189936,-0.699504912718635,0.));
#4574=DIRECTION('',(0.714627789189936,0.699504912718635,0.));
#4575=DIRECTION('',(0.,0.,-1.));
#4576=DIRECTION('',(0.714627789189936,0.699504912718635,0.));
#4577=DIRECTION('',(0.,0.,-1.));
#4578=DIRECTION('',(-1.,0.,0.));
#4579=DIRECTION('',(0.,0.,1.));
#4580=DIRECTION('',(1.,0.,0.));
#4581=DIRECTION('',(0.,0.,-1.));
#4582=DIRECTION('',(0.,0.,1.));
#4583=DIRECTION('',(1.,0.,0.));
#4584=DIRECTION('',(1.,0.,0.));
#4585=DIRECTION('',(0.,0.,-1.));
#4586=DIRECTION('',(0.,-1.,0.));
#4587=DIRECTION('',(0.,0.,-1.));
#4588=DIRECTION('',(0.,-1.,0.));
#4589=DIRECTION('',(0.,0.,-1.));
#4590=DIRECTION('',(0.,-1.,0.));
#4591=DIRECTION('',(0.,0.,-1.));
#4592=DIRECTION('',(-1.,0.,0.));
#4593=DIRECTION('',(0.,0.,-1.));
#4594=DIRECTION('',(-1.,0.,0.));
#4595=DIRECTION('',(1.,0.,0.));
#4596=DIRECTION('',(0.,0.,-1.));
#4597=DIRECTION('',(0.,-1.,0.));
#4598=DIRECTION('',(0.,0.,-1.));
#4599=DIRECTION('',(0.,-1.,0.));
#4600=DIRECTION('',(1.,0.,0.));
#4601=DIRECTION('',(0.,0.,-1.));
#4602=DIRECTION('',(0.,-1.,0.));
#4603=DIRECTION('',(0.,0.,-1.));
#4604=DIRECTION('',(0.,-1.,0.));
#4605=DIRECTION('',(0.,0.,-1.));
#4606=DIRECTION('',(0.,1.,0.));
#4607=DIRECTION('',(0.,0.,1.));
#4608=DIRECTION('',(1.,0.,0.));
#4609=DIRECTION('',(0.,0.,-1.));
#4610=DIRECTION('',(1.,0.,0.));
#4611=DIRECTION('',(1.,0.,0.));
#4612=DIRECTION('',(0.,0.,-1.));
#4613=DIRECTION('',(0.,-1.,0.));
#4614=DIRECTION('',(0.,0.,-1.));
#4615=DIRECTION('',(0.,-1.,0.));
#4616=DIRECTION('',(0.,1.,0.));
#4617=DIRECTION('',(0.,0.,1.));
#4618=DIRECTION('',(1.,0.,0.));
#4619=DIRECTION('',(1.,0.,0.));
#4620=DIRECTION('',(-1.,0.,0.));
#4621=DIRECTION('',(0.,0.,1.));
#4622=DIRECTION('',(0.,1.,0.));
#4623=DIRECTION('',(0.,1.,0.));
#4624=DIRECTION('',(0.,-1.,0.));
#4625=DIRECTION('',(0.,0.,-1.));
#4626=DIRECTION('',(-1.,0.,0.));
#4627=DIRECTION('',(-1.,0.,0.));
#4628=DIRECTION('',(0.,1.,0.));
#4629=DIRECTION('',(0.,0.,1.));
#4630=DIRECTION('',(1.,0.,0.));
#4631=DIRECTION('',(1.,0.,0.));
#4632=DIRECTION('',(0.,0.,1.));
#4633=DIRECTION('',(1.,0.,0.));
#4634=DIRECTION('',(0.,0.,1.));
#4635=DIRECTION('',(1.,0.,0.));
#4636=DIRECTION('',(0.,0.,1.));
#4637=DIRECTION('',(1.,0.,0.));
#4638=DIRECTION('',(0.,0.,1.));
#4639=DIRECTION('',(1.,0.,0.));
#4640=DIRECTION('',(0.,0.,1.));
#4641=DIRECTION('',(1.,0.,0.));
#4642=DIRECTION('',(0.,0.,1.));
#4643=DIRECTION('',(1.,0.,0.));
#4644=DIRECTION('',(0.,0.,-1.));
#4645=DIRECTION('',(-1.,0.,0.));
#4646=DIRECTION('',(0.,0.,1.));
#4647=DIRECTION('',(1.,0.,0.));
#4648=DIRECTION('',(0.,0.,1.));
#4649=DIRECTION('',(1.,0.,0.));
#4650=DIRECTION('',(0.,0.,-1.));
#4651=DIRECTION('',(-1.,0.,0.));
#4652=DIRECTION('',(0.,0.,1.));
#4653=DIRECTION('',(1.,0.,0.));
#4654=DIRECTION('',(0.,0.,1.));
#4655=DIRECTION('',(1.,0.,0.));
#4656=DIRECTION('',(0.,0.,-1.));
#4657=DIRECTION('',(-1.,0.,0.));
#4658=DIRECTION('',(0.,0.,1.));
#4659=DIRECTION('',(1.,0.,0.));
#4660=DIRECTION('',(0.,0.,1.));
#4661=DIRECTION('',(1.,0.,0.));
#4662=DIRECTION('',(0.,0.,-1.));
#4663=DIRECTION('',(-1.,0.,0.));
#4664=DIRECTION('',(0.,0.,1.));
#4665=DIRECTION('',(1.,0.,0.));
#4666=DIRECTION('',(0.,0.,1.));
#4667=DIRECTION('',(1.,0.,0.));
#4668=DIRECTION('',(0.,0.,1.));
#4669=DIRECTION('',(1.,0.,0.));
#4670=DIRECTION('',(0.,0.,1.));
#4671=DIRECTION('',(1.,0.,0.));
#4672=DIRECTION('',(0.,0.,1.));
#4673=DIRECTION('',(1.,0.,0.));
#4674=DIRECTION('',(0.,0.,1.));
#4675=DIRECTION('',(0.,0.,1.));
#4676=DIRECTION('',(1.,0.,0.));
#4677=DIRECTION('',(0.,0.,1.));
#4678=DIRECTION('',(0.987381651146551,-0.158358690885947,0.));
#4679=DIRECTION('',(0.158358690885947,0.987381651146551,0.));
#4680=DIRECTION('',(0.,0.,1.));
#4681=DIRECTION('',(0.158358690885947,0.987381651146551,0.));
#4682=DIRECTION('',(0.,0.,-1.));
#4683=DIRECTION('',(0.,0.,-1.));
#4684=DIRECTION('',(0.158358690885947,0.987381651146551,0.));
#4685=DIRECTION('',(0.,0.,1.));
#4686=DIRECTION('',(1.,0.,0.));
#4687=DIRECTION('',(0.,0.,1.));
#4688=DIRECTION('',(0.,0.,1.));
#4689=DIRECTION('',(1.,0.,0.));
#4690=DIRECTION('',(0.,0.,1.));
#4691=DIRECTION('',(1.,0.,0.));
#4692=DIRECTION('',(-0.70461822124631,-0.709586613661565,0.));
#4693=DIRECTION('',(0.709586613661565,-0.70461822124631,0.));
#4694=DIRECTION('',(0.,0.,1.));
#4695=DIRECTION('',(0.,0.,-1.));
#4696=DIRECTION('',(0.,0.,-1.));
#4697=DIRECTION('',(0.709586613661565,-0.70461822124631,0.));
#4698=DIRECTION('',(0.709586613661565,-0.70461822124631,0.));
#4699=DIRECTION('',(0.,0.,1.));
#4700=DIRECTION('',(1.,0.,0.));
#4701=DIRECTION('',(0.,0.,1.));
#4702=DIRECTION('',(1.,0.,0.));
#4703=DIRECTION('',(0.,0.,1.));
#4704=DIRECTION('',(1.,0.,0.));
#4705=DIRECTION('',(0.,0.,1.));
#4706=DIRECTION('',(0.,0.,1.));
#4707=DIRECTION('',(1.,0.,0.));
#4708=DIRECTION('',(0.,0.,1.));
#4709=DIRECTION('',(0.,0.,1.));
#4710=DIRECTION('',(1.,0.,0.));
#4711=DIRECTION('',(0.,0.,1.));
#4712=DIRECTION('',(0.,0.,1.));
#4713=DIRECTION('',(1.,0.,0.));
#4714=DIRECTION('',(0.989418725093632,-0.145088202256738,0.));
#4715=DIRECTION('',(0.145088202256738,0.989418725093632,0.));
#4716=DIRECTION('',(0.145088202256738,0.989418725093632,0.));
#4717=DIRECTION('',(0.,0.,-1.));
#4718=DIRECTION('',(0.145088202256738,0.989418725093632,0.));
#4719=DIRECTION('',(0.,0.,-1.));
#4720=DIRECTION('',(0.145088202256738,0.989418725093632,0.));
#4721=DIRECTION('',(0.145088202256738,0.989418725093632,0.));
#4722=DIRECTION('',(0.,0.,1.));
#4723=DIRECTION('',(0.,0.,1.));
#4724=DIRECTION('',(1.,0.,0.));
#4725=DIRECTION('',(0.,0.,1.));
#4726=DIRECTION('',(1.,0.,0.));
#4727=DIRECTION('',(0.,0.,1.));
#4728=DIRECTION('',(1.,0.,0.));
#4729=DIRECTION('',(0.,0.,1.));
#4730=DIRECTION('',(0.0352819523705213,-0.9993773981019,0.));
#4731=DIRECTION('',(0.999377398101901,0.0352819523705213,0.));
#4732=DIRECTION('',(0.9993773981019,0.0352819523705213,0.));
#4733=DIRECTION('',(0.9993773981019,0.0352819523705213,0.));
#4734=DIRECTION('',(0.,0.,1.));
#4735=DIRECTION('',(0.,0.,1.));
#4736=DIRECTION('',(1.,0.,0.));
#4737=DIRECTION('',(0.,0.,1.));
#4738=DIRECTION('',(1.,0.,0.));
#4739=DIRECTION('',(0.,0.,1.));
#4740=DIRECTION('',(1.,0.,0.));
#4741=DIRECTION('',(0.,0.,1.));
#4742=DIRECTION('',(-0.711660798032486,-0.702523244130587,0.));
#4743=DIRECTION('',(0.702523244130587,-0.711660798032487,0.));
#4744=DIRECTION('',(0.702523244130587,-0.711660798032487,0.));
#4745=DIRECTION('',(0.702523244130587,-0.711660798032487,0.));
#4746=DIRECTION('',(0.702523244130587,-0.711660798032487,0.));
#4747=DIRECTION('',(0.,0.,-1.));
#4748=DIRECTION('',(0.702523244130587,-0.711660798032487,0.));
#4749=DIRECTION('',(0.,0.,-1.));
#4750=DIRECTION('',(0.0352819523705215,-0.9993773981019,0.));
#4751=DIRECTION('',(0.999377398101901,0.0352819523705215,0.));
#4752=DIRECTION('',(0.9993773981019,0.0352819523705215,0.));
#4753=DIRECTION('',(0.9993773981019,0.0352819523705215,0.));
#4754=DIRECTION('',(0.,0.,1.));
#4755=DIRECTION('',(1.,0.,0.));
#4756=DIRECTION('',(0.,0.,1.));
#4757=DIRECTION('',(1.,0.,0.));
#4758=DIRECTION('',(-0.084781808667533,-0.996399540806328,0.));
#4759=DIRECTION('',(0.654509915752018,-0.756053417545537,0.));
#4760=DIRECTION('',(0.,0.,1.));
#4761=DIRECTION('',(1.,0.,0.));
#4762=DIRECTION('',(0.,0.,1.));
#4763=DIRECTION('',(1.,0.,0.));
#4764=DIRECTION('',(0.,0.,1.));
#4765=DIRECTION('',(1.,0.,0.));
#4766=DIRECTION('',(0.,0.,1.));
#4767=DIRECTION('',(1.,0.,0.));
#4768=DIRECTION('',(0.,0.,1.));
#4769=DIRECTION('',(1.,0.,0.));
#4770=DIRECTION('',(0.,0.,1.));
#4771=DIRECTION('',(1.,0.,0.));
#4772=DIRECTION('',(0.,0.,1.));
#4773=DIRECTION('',(1.,0.,0.));
#4774=DIRECTION('',(0.654509915752018,-0.756053417545537,0.));
#4775=DIRECTION('',(0.,0.,1.));
#4776=DIRECTION('',(1.,0.,0.));
#4777=DIRECTION('',(0.9993773981019,0.0352819523705215,0.));
#4778=DIRECTION('',(0.,0.,1.));
#4779=DIRECTION('',(1.,0.,0.));
#4780=DIRECTION('',(-0.084781808667533,-0.996399540806328,0.));
#4781=DIRECTION('',(0.,0.,1.));
#4782=DIRECTION('',(1.,0.,0.));
#4783=DIRECTION('',(0.9993773981019,0.0352819523705213,0.));
#4784=DIRECTION('',(0.,0.,1.));
#4785=DIRECTION('',(1.,0.,0.));
#4786=DIRECTION('',(0.,0.,-1.));
#4787=DIRECTION('',(-1.,0.,0.));
#4788=DIRECTION('',(0.,0.,1.));
#4789=DIRECTION('',(1.,0.,0.));
#4790=DIRECTION('',(0.,0.,-1.));
#4791=DIRECTION('',(0.,0.,-1.));
#4792=DIRECTION('',(-1.,0.,0.));
#4793=DIRECTION('',(0.,0.,-1.));
#4794=DIRECTION('',(0.,0.,1.));
#4795=DIRECTION('',(1.,0.,0.));
#4796=DIRECTION('',(0.,0.,-1.));
#4797=DIRECTION('',(-1.,0.,0.));
#4798=DIRECTION('',(0.,0.,-1.));
#4799=DIRECTION('',(0.,0.,1.));
#4800=DIRECTION('',(1.,0.,0.));
#4801=DIRECTION('',(-0.0352819523705213,0.9993773981019,0.));
#4802=DIRECTION('',(-0.999377398101901,-0.0352819523705213,0.));
#4803=DIRECTION('',(0.,0.,-1.));
#4804=DIRECTION('',(0.9993773981019,0.0352819523705213,0.));
#4805=DIRECTION('',(0.,0.,-1.));
#4806=DIRECTION('',(-1.,0.,0.));
#4807=DIRECTION('',(0.,0.,1.));
#4808=DIRECTION('',(1.,0.,0.));
#4809=DIRECTION('',(-0.0352819523705215,0.9993773981019,0.));
#4810=DIRECTION('',(-0.999377398101901,-0.0352819523705215,0.));
#4811=DIRECTION('',(0.9993773981019,0.0352819523705215,0.));
#4812=DIRECTION('',(0.,0.,1.));
#4813=DIRECTION('',(1.,0.,0.));
#4814=DIRECTION('',(0.756053417545537,0.654509915752018,0.));
#4815=DIRECTION('',(-0.654509915752018,0.756053417545538,0.));
#4816=DIRECTION('',(0.996399540806328,-0.084781808667533,0.));
#4817=DIRECTION('',(0.084781808667533,0.996399540806328,0.));
#4818=DIRECTION('',(0.,0.,-1.));
#4819=DIRECTION('',(-1.,0.,0.));
#4820=DIRECTION('',(0.,0.,-1.));
#4821=DIRECTION('',(-1.,0.,0.));
#4822=DIRECTION('',(0.,0.,-1.));
#4823=DIRECTION('',(-1.,0.,0.));
#4824=DIRECTION('',(6.56710534236865E-25,-7.29299882196777E-25,-1.));
#4825=DIRECTION('',(-0.794472176160539,-0.607300552697539,-7.88340257023596E-26));
#4826=DIRECTION('',(0.922198502923166,0.386716848878183,0.));
#4827=DIRECTION('',(-0.386716848878183,0.922198502923166,0.));
#4828=DIRECTION('',(0.386716848878183,-0.922198502923166,0.));
#4829=DIRECTION('',(0.,0.,-1.));
#4830=DIRECTION('',(0.386716848878183,-0.922198502923166,0.));
#4831=DIRECTION('',(0.,0.,-1.));
#4832=DIRECTION('',(0.,0.,-1.));
#4833=DIRECTION('',(-1.,0.,0.));
#4834=DIRECTION('',(0.,0.,1.));
#4835=DIRECTION('',(1.,0.,0.));
#4836=DIRECTION('',(0.,0.,-1.));
#4837=DIRECTION('',(0.,0.,1.));
#4838=DIRECTION('',(1.,0.,0.));
#4839=DIRECTION('',(0.922198502923166,0.386716848878183,0.));
#4840=DIRECTION('',(-0.386716848878183,0.922198502923166,0.));
#4841=DIRECTION('',(0.386716848878183,-0.922198502923166,0.));
#4842=DIRECTION('',(0.,0.,-1.));
#4843=DIRECTION('',(0.386716848878183,-0.922198502923166,0.));
#4844=DIRECTION('',(0.,0.,-1.));
#4845=DIRECTION('',(-1.,0.,0.));
#4846=DIRECTION('',(0.,0.,1.));
#4847=DIRECTION('',(1.,0.,0.));
#4848=DIRECTION('',(0.,0.,1.));
#4849=DIRECTION('',(1.,0.,0.));
#4850=DIRECTION('',(0.,0.,-1.));
#4851=DIRECTION('',(-1.,0.,0.));
#4852=DIRECTION('',(0.,0.,1.));
#4853=DIRECTION('',(1.,0.,0.));
#4854=DIRECTION('',(0.,0.,1.));
#4855=DIRECTION('',(1.,0.,0.));
#4856=DIRECTION('',(0.,0.,-1.));
#4857=DIRECTION('',(-1.,0.,0.));
#4858=DIRECTION('',(0.,0.,1.));
#4859=DIRECTION('',(1.,0.,0.));
#4860=DIRECTION('',(0.,0.,1.));
#4861=DIRECTION('',(1.,0.,0.));
#4862=DIRECTION('',(0.,0.,1.));
#4863=DIRECTION('',(1.,0.,0.));
#4864=DIRECTION('',(0.,0.,1.));
#4865=DIRECTION('',(1.,0.,0.));
#4866=DIRECTION('',(-2.09902930603864E-16,2.9302788357184E-15,-1.));
#4867=DIRECTION('',(-0.543736019478691,-0.839256302401995,-2.34512319670839E-15));
#4868=DIRECTION('',(0.922198502923166,0.386716848878183,0.));
#4869=DIRECTION('',(-0.386716848878183,0.922198502923166,0.));
#4870=DIRECTION('',(0.386716848878183,-0.922198502923166,0.));
#4871=DIRECTION('',(0.,0.,-1.));
#4872=DIRECTION('',(0.386716848878183,-0.922198502923166,0.));
#4873=DIRECTION('',(0.,0.,-1.));
#4874=DIRECTION('',(0.,0.,-1.));
#4875=DIRECTION('',(-1.,0.,0.));
#4876=DIRECTION('',(0.,0.,1.));
#4877=DIRECTION('',(1.,0.,0.));
#4878=DIRECTION('',(0.,0.,-1.));
#4879=DIRECTION('',(0.,0.,1.));
#4880=DIRECTION('',(1.,0.,0.));
#4881=DIRECTION('',(0.922198502923166,0.386716848878183,0.));
#4882=DIRECTION('',(-0.386716848878183,0.922198502923166,0.));
#4883=DIRECTION('',(0.386716848878183,-0.922198502923166,0.));
#4884=DIRECTION('',(0.,0.,-1.));
#4885=DIRECTION('',(0.386716848878183,-0.922198502923166,0.));
#4886=DIRECTION('',(0.,0.,-1.));
#4887=DIRECTION('',(-1.,0.,0.));
#4888=DIRECTION('',(0.,0.,1.));
#4889=DIRECTION('',(1.,0.,0.));
#4890=DIRECTION('',(0.,0.,1.));
#4891=DIRECTION('',(1.,0.,0.));
#4892=DIRECTION('',(0.,0.,-1.));
#4893=DIRECTION('',(-1.,0.,0.));
#4894=DIRECTION('',(0.,0.,1.));
#4895=DIRECTION('',(1.,0.,0.));
#4896=DIRECTION('',(0.,0.,1.));
#4897=DIRECTION('',(1.,0.,0.));
#4898=DIRECTION('',(0.,0.,-1.));
#4899=DIRECTION('',(-1.,0.,0.));
#4900=DIRECTION('',(0.,0.,1.));
#4901=DIRECTION('',(1.,0.,0.));
#4902=DIRECTION('',(0.,0.,1.));
#4903=DIRECTION('',(1.,0.,0.));
#4904=DIRECTION('',(0.,0.,1.));
#4905=DIRECTION('',(1.,0.,0.));
#4906=DIRECTION('',(0.,0.,1.));
#4907=DIRECTION('',(1.,0.,0.));
#4908=DIRECTION('',(-1.41386166514001E-29,6.10525912326704E-30,-1.));
#4909=DIRECTION('',(-0.543736019478691,-0.839256302401995,2.56379794196829E-30));
#4910=DIRECTION('',(0.,0.,-1.));
#4911=DIRECTION('',(-1.,0.,0.));
#4912=DIRECTION('',(0.,0.,-1.));
#4913=DIRECTION('',(0.,0.,1.));
#4914=DIRECTION('',(1.,0.,0.));
#4915=DIRECTION('',(0.,0.,-1.));
#4916=DIRECTION('',(0.,0.,1.));
#4917=DIRECTION('',(1.,0.,0.));
#4918=DIRECTION('',(-0.874098360040121,0.485748964975914,0.));
#4919=DIRECTION('',(-0.485748964975914,-0.874098360040121,0.));
#4920=DIRECTION('',(0.485748964975914,0.874098360040121,0.));
#4921=DIRECTION('',(0.,0.,-1.));
#4922=DIRECTION('',(0.485748964975914,0.874098360040121,0.));
#4923=DIRECTION('',(0.,0.,-1.));
#4924=DIRECTION('',(0.485748964975914,0.874098360040121,0.));
#4925=DIRECTION('',(0.,0.,-1.));
#4926=DIRECTION('',(0.485748964975914,0.874098360040121,0.));
#4927=DIRECTION('',(0.,0.,-1.));
#4928=DIRECTION('',(-1.,0.,0.));
#4929=DIRECTION('',(0.,0.,1.));
#4930=DIRECTION('',(1.,0.,0.));
#4931=DIRECTION('',(0.,0.,-1.));
#4932=DIRECTION('',(0.,0.,1.));
#4933=DIRECTION('',(1.,0.,0.));
#4934=DIRECTION('',(-0.874098360040121,0.485748964975914,0.));
#4935=DIRECTION('',(-0.485748964975914,-0.874098360040121,0.));
#4936=DIRECTION('',(0.485748964975914,0.874098360040121,0.));
#4937=DIRECTION('',(0.485748964975914,0.874098360040121,0.));
#4938=DIRECTION('',(0.,0.,-1.));
#4939=DIRECTION('',(0.485748964975914,0.874098360040121,0.));
#4940=DIRECTION('',(0.,0.,-1.));
#4941=DIRECTION('',(0.485748964975914,0.874098360040121,0.));
#4942=DIRECTION('',(0.,0.,-1.));
#4943=DIRECTION('',(-1.,0.,0.));
#4944=DIRECTION('',(0.,0.,1.));
#4945=DIRECTION('',(1.,0.,0.));
#4946=DIRECTION('',(0.,0.,1.));
#4947=DIRECTION('',(1.,0.,0.));
#4948=DIRECTION('',(0.,0.,-1.));
#4949=DIRECTION('',(-1.,0.,0.));
#4950=DIRECTION('',(0.,0.,1.));
#4951=DIRECTION('',(1.,0.,0.));
#4952=DIRECTION('',(0.,0.,1.));
#4953=DIRECTION('',(1.,0.,0.));
#4954=DIRECTION('',(0.,0.,1.));
#4955=DIRECTION('',(1.,0.,0.));
#4956=DIRECTION('',(0.,0.,1.));
#4957=DIRECTION('',(1.,0.,0.));
#4958=DIRECTION('',(0.,0.,-1.));
#4959=DIRECTION('',(-1.,0.,0.));
#4960=DIRECTION('',(0.,0.,1.));
#4961=DIRECTION('',(1.,0.,0.));
#4962=DIRECTION('',(0.,0.,1.));
#4963=DIRECTION('',(1.,0.,0.));
#4964=DIRECTION('',(0.,0.,-1.));
#4965=DIRECTION('',(-1.,0.,0.));
#4966=DIRECTION('',(0.,0.,1.));
#4967=DIRECTION('',(1.,0.,0.));
#4968=DIRECTION('',(0.,0.,1.));
#4969=DIRECTION('',(1.,0.,0.));
#4970=DIRECTION('',(0.,0.,1.));
#4971=DIRECTION('',(1.,0.,0.));
#4972=DIRECTION('',(0.,0.,1.));
#4973=DIRECTION('',(1.,0.,0.));
#4974=DIRECTION('',(-1.18415947925965E-15,1.65193111483707E-15,-1.));
#4975=DIRECTION('',(-0.677463987413369,-0.735555943323129,-4.12862346926227E-16));
#4976=DIRECTION('',(0.,0.,1.));
#4977=DIRECTION('',(1.,0.,0.));
#4978=DIRECTION('',(0.,0.,1.));
#4979=DIRECTION('',(1.,0.,0.));
#4980=DIRECTION('',(-0.665378291220442,0.74650634931832,0.));
#4981=DIRECTION('',(0.,0.,1.));
#4982=DIRECTION('',(1.,0.,0.));
#4983=DIRECTION('',(-0.665378291220442,0.74650634931832,0.));
#4984=DIRECTION('',(0.,0.,1.));
#4985=DIRECTION('',(1.,0.,0.));
#4986=DIRECTION('',(-0.74650634931832,-0.665378291220442,0.));
#4987=DIRECTION('',(0.665378291220442,-0.74650634931832,0.));
#4988=DIRECTION('',(0.,0.,-1.));
#4989=DIRECTION('',(-0.665378291220442,0.74650634931832,0.));
#4990=DIRECTION('',(0.,0.,-1.));
#4991=DIRECTION('',(-0.665378291220442,0.74650634931832,0.));
#4992=DIRECTION('',(0.,0.,-1.));
#4993=DIRECTION('',(-0.665378291220442,0.74650634931832,0.));
#4994=DIRECTION('',(0.,0.,-1.));
#4995=DIRECTION('',(0.,0.,-1.));
#4996=DIRECTION('',(-1.,0.,0.));
#4997=DIRECTION('',(0.,0.,1.));
#4998=DIRECTION('',(1.,0.,0.));
#4999=DIRECTION('',(0.,0.,-1.));
#5000=DIRECTION('',(0.,0.,1.));
#5001=DIRECTION('',(1.,0.,0.));
#5002=DIRECTION('',(-0.74650634931832,-0.665378291220442,0.));
#5003=DIRECTION('',(0.665378291220442,-0.74650634931832,0.));
#5004=DIRECTION('',(-0.665378291220442,0.74650634931832,0.));
#5005=DIRECTION('',(0.,0.,-1.));
#5006=DIRECTION('',(0.,0.,-1.));
#5007=DIRECTION('',(-0.665378291220442,0.74650634931832,0.));
#5008=DIRECTION('',(-0.665378291220442,0.74650634931832,0.));
#5009=DIRECTION('',(0.,0.,-1.));
#5010=DIRECTION('',(0.,0.,-1.));
#5011=DIRECTION('',(-1.,0.,0.));
#5012=DIRECTION('',(0.,0.,1.));
#5013=DIRECTION('',(1.,0.,0.));
#5014=DIRECTION('',(0.,0.,-1.));
#5015=DIRECTION('',(-1.,0.,0.));
#5016=DIRECTION('',(0.,0.,1.));
#5017=DIRECTION('',(1.,0.,0.));
#5018=DIRECTION('',(0.,0.,1.));
#5019=DIRECTION('',(1.,0.,0.));
#5020=DIRECTION('',(0.,0.,-1.));
#5021=DIRECTION('',(-1.,0.,0.));
#5022=DIRECTION('',(0.,0.,1.));
#5023=DIRECTION('',(1.,0.,0.));
#5024=DIRECTION('',(0.,0.,1.));
#5025=DIRECTION('',(1.,0.,0.));
#5026=DIRECTION('',(0.,0.,-1.));
#5027=DIRECTION('',(-1.,0.,0.));
#5028=DIRECTION('',(0.,0.,1.));
#5029=DIRECTION('',(1.,0.,0.));
#5030=DIRECTION('',(0.,0.,1.));
#5031=DIRECTION('',(1.,0.,0.));
#5032=DIRECTION('',(0.,0.,1.));
#5033=DIRECTION('',(1.,0.,0.));
#5034=DIRECTION('',(0.,0.,1.));
#5035=DIRECTION('',(1.,0.,0.));
#5036=DIRECTION('',(0.,0.,1.));
#5037=DIRECTION('',(1.,0.,0.));
#5038=DIRECTION('',(0.,0.,-1.));
#5039=DIRECTION('',(-1.,0.,0.));
#5040=DIRECTION('',(1.98225560593028E-15,-4.49191035426536E-16,1.));
#5041=DIRECTION('',(0.846180531035322,-0.532896339729201,-1.9167183598918E-15));
#5042=DIRECTION('',(-0.649501096547258,0.760360654942054,0.));
#5043=DIRECTION('',(-0.760360654942054,-0.649501096547258,0.));
#5044=DIRECTION('',(0.,0.,1.));
#5045=DIRECTION('',(-0.760360654942054,-0.649501096547258,0.));
#5046=DIRECTION('',(0.,0.,1.));
#5047=DIRECTION('',(-0.760360654942054,-0.649501096547258,0.));
#5048=DIRECTION('',(0.,0.,1.));
#5049=DIRECTION('',(1.,0.,0.));
#5050=DIRECTION('',(0.,0.,1.));
#5051=DIRECTION('',(1.,0.,0.));
#5052=DIRECTION('',(0.,0.,-1.));
#5053=DIRECTION('',(0.,0.,1.));
#5054=DIRECTION('',(1.,0.,0.));
#5055=DIRECTION('',(0.,0.,-1.));
#5056=DIRECTION('',(0.,0.,1.));
#5057=DIRECTION('',(1.,0.,0.));
#5058=DIRECTION('',(0.,0.,1.));
#5059=DIRECTION('',(1.,0.,0.));
#5060=DIRECTION('',(0.,0.,1.));
#5061=DIRECTION('',(-0.849570404734733,0.527475238659467,0.));
#5062=DIRECTION('',(-0.527475238659467,-0.849570404734733,0.));
#5063=DIRECTION('',(-0.527475238659467,-0.849570404734733,0.));
#5064=DIRECTION('',(-0.527475238659467,-0.849570404734733,0.));
#5065=DIRECTION('',(0.,0.,1.));
#5066=DIRECTION('',(0.,0.,1.));
#5067=DIRECTION('',(1.,0.,0.));
#5068=DIRECTION('',(0.,0.,1.));
#5069=DIRECTION('',(1.,0.,0.));
#5070=DIRECTION('',(0.,0.,1.));
#5071=DIRECTION('',(1.,0.,0.));
#5072=DIRECTION('',(0.,0.,1.));
#5073=DIRECTION('',(-0.035281952370522,0.9993773981019,0.));
#5074=DIRECTION('',(-0.999377398101901,-0.035281952370522,0.));
#5075=DIRECTION('',(-0.9993773981019,-0.035281952370522,0.));
#5076=DIRECTION('',(-0.9993773981019,-0.035281952370522,0.));
#5077=DIRECTION('',(0.,0.,1.));
#5078=DIRECTION('',(-0.649501096547257,0.760360654942055,0.));
#5079=DIRECTION('',(-0.760360654942055,-0.649501096547257,0.));
#5080=DIRECTION('',(-0.760360654942055,-0.649501096547257,0.));
#5081=DIRECTION('',(0.,0.,1.));
#5082=DIRECTION('',(-0.760360654942055,-0.649501096547257,0.));
#5083=DIRECTION('',(0.,0.,1.));
#5084=DIRECTION('',(-0.760360654942055,-0.649501096547257,0.));
#5085=DIRECTION('',(0.,0.,-1.));
#5086=DIRECTION('',(-0.760360654942055,-0.649501096547257,0.));
#5087=DIRECTION('',(0.,0.,-1.));
#5088=DIRECTION('',(-0.760360654942055,-0.649501096547257,0.));
#5089=DIRECTION('',(0.,0.,-1.));
#5090=DIRECTION('',(-0.760360654942055,-0.649501096547257,0.));
#5091=DIRECTION('',(0.,0.,-1.));
#5092=DIRECTION('',(0.,0.,1.));
#5093=DIRECTION('',(1.,0.,0.));
#5094=DIRECTION('',(0.,0.,1.));
#5095=DIRECTION('',(1.,0.,0.));
#5096=DIRECTION('',(0.,0.,1.));
#5097=DIRECTION('',(1.,0.,0.));
#5098=DIRECTION('',(0.,0.,1.));
#5099=DIRECTION('',(-0.00121518061800359,-0.99999926166776,0.));
#5100=DIRECTION('',(0.99999926166776,-0.00121518061800359,0.));
#5101=DIRECTION('',(0.99999926166776,-0.00121518061800359,0.));
#5102=DIRECTION('',(0.99999926166776,-0.00121518061800359,0.));
#5103=DIRECTION('',(0.,0.,1.));
#5104=DIRECTION('',(0.,0.,1.));
#5105=DIRECTION('',(1.,0.,0.));
#5106=DIRECTION('',(0.,0.,1.));
#5107=DIRECTION('',(1.,0.,0.));
#5108=DIRECTION('',(0.,0.,1.));
#5109=DIRECTION('',(1.,0.,0.));
#5110=DIRECTION('',(0.,0.,1.));
#5111=DIRECTION('',(0.858821582399007,-0.51227481843798,0.));
#5112=DIRECTION('',(0.51227481843798,0.858821582399007,0.));
#5113=DIRECTION('',(0.51227481843798,0.858821582399007,0.));
#5114=DIRECTION('',(0.51227481843798,0.858821582399007,0.));
#5115=DIRECTION('',(0.,0.,1.));
#5116=DIRECTION('',(0.,0.,1.));
#5117=DIRECTION('',(1.,0.,0.));
#5118=DIRECTION('',(0.,0.,1.));
#5119=DIRECTION('',(1.,0.,0.));
#5120=DIRECTION('',(0.,0.,-1.));
#5121=DIRECTION('',(0.,0.,1.));
#5122=DIRECTION('',(1.,0.,0.));
#5123=DIRECTION('',(0.,0.,-1.));
#5124=DIRECTION('',(0.,0.,1.));
#5125=DIRECTION('',(1.,0.,0.));
#5126=DIRECTION('',(0.,0.,1.));
#5127=DIRECTION('',(1.,0.,0.));
#5128=DIRECTION('',(0.,0.,1.));
#5129=DIRECTION('',(1.,0.,0.));
#5130=DIRECTION('',(0.,0.,1.));
#5131=DIRECTION('',(1.,0.,0.));
#5132=DIRECTION('',(0.,0.,1.));
#5133=DIRECTION('',(1.,0.,0.));
#5134=DIRECTION('',(0.,0.,1.));
#5135=DIRECTION('',(1.,0.,0.));
#5136=DIRECTION('',(0.,0.,1.));
#5137=DIRECTION('',(1.,0.,0.));
#5138=DIRECTION('',(0.,0.,1.));
#5139=DIRECTION('',(1.,0.,0.));
#5140=DIRECTION('',(0.,0.,1.));
#5141=DIRECTION('',(1.,0.,0.));
#5142=DIRECTION('',(0.,0.,1.));
#5143=DIRECTION('',(1.,0.,0.));
#5144=DIRECTION('',(0.48219235390547,0.876065370754433,0.));
#5145=DIRECTION('',(0.,0.,1.));
#5146=DIRECTION('',(1.,0.,0.));
#5147=DIRECTION('',(0.,0.,1.));
#5148=DIRECTION('',(1.,0.,0.));
#5149=DIRECTION('',(-0.990057122334161,0.140665896774594,0.));
#5150=DIRECTION('',(0.,0.,1.));
#5151=DIRECTION('',(1.,0.,0.));
#5152=DIRECTION('',(0.,0.,1.));
#5153=DIRECTION('',(1.,0.,0.));
#5154=DIRECTION('',(0.,0.,1.));
#5155=DIRECTION('',(1.,0.,0.));
#5156=DIRECTION('',(0.,0.,1.));
#5157=DIRECTION('',(1.,0.,0.));
#5158=DIRECTION('',(0.,0.,1.));
#5159=DIRECTION('',(1.,0.,0.));
#5160=DIRECTION('',(0.,0.,1.));
#5161=DIRECTION('',(1.,0.,0.));
#5162=DIRECTION('',(-0.990057122334161,0.140665896774594,0.));
#5163=DIRECTION('',(0.,0.,1.));
#5164=DIRECTION('',(1.,0.,0.));
#5165=DIRECTION('',(-0.9993773981019,-0.035281952370522,0.));
#5166=DIRECTION('',(0.,0.,1.));
#5167=DIRECTION('',(1.,0.,0.));
#5168=DIRECTION('',(-0.527475238659467,-0.849570404734733,0.));
#5169=DIRECTION('',(0.,0.,1.));
#5170=DIRECTION('',(1.,0.,0.));
#5171=DIRECTION('',(0.48219235390547,0.876065370754433,0.));
#5172=DIRECTION('',(0.,0.,1.));
#5173=DIRECTION('',(1.,0.,0.));
#5174=DIRECTION('',(0.51227481843798,0.858821582399007,0.));
#5175=DIRECTION('',(0.,0.,1.));
#5176=DIRECTION('',(1.,0.,0.));
#5177=DIRECTION('',(0.99999926166776,-0.00121518061800359,0.));
#5178=DIRECTION('',(0.,0.,1.));
#5179=DIRECTION('',(1.,0.,0.));
#5180=DIRECTION('',(0.849570404734733,-0.527475238659467,0.));
#5181=DIRECTION('',(0.527475238659467,0.849570404734733,0.));
#5182=DIRECTION('',(0.,0.,-1.));
#5183=DIRECTION('',(-0.527475238659467,-0.849570404734733,0.));
#5184=DIRECTION('',(0.,0.,-1.));
#5185=DIRECTION('',(-1.,0.,0.));
#5186=DIRECTION('',(0.,0.,-1.));
#5187=DIRECTION('',(0.,0.,1.));
#5188=DIRECTION('',(1.,0.,0.));
#5189=DIRECTION('',(0.035281952370522,-0.9993773981019,0.));
#5190=DIRECTION('',(0.999377398101901,0.035281952370522,0.));
#5191=DIRECTION('',(-0.9993773981019,-0.035281952370522,0.));
#5192=DIRECTION('',(0.,0.,-1.));
#5193=DIRECTION('',(-1.,0.,0.));
#5194=DIRECTION('',(0.,0.,-1.));
#5195=DIRECTION('',(0.,0.,1.));
#5196=DIRECTION('',(1.,0.,0.));
#5197=DIRECTION('',(0.00121518061800359,0.99999926166776,0.));
#5198=DIRECTION('',(-0.99999926166776,0.00121518061800359,0.));
#5199=DIRECTION('',(0.,0.,-1.));
#5200=DIRECTION('',(0.99999926166776,-0.00121518061800359,0.));
#5201=DIRECTION('',(0.,0.,-1.));
#5202=DIRECTION('',(-1.,0.,0.));
#5203=DIRECTION('',(0.,0.,-1.));
#5204=DIRECTION('',(0.,0.,1.));
#5205=DIRECTION('',(1.,0.,0.));
#5206=DIRECTION('',(-0.858821582399007,0.51227481843798,0.));
#5207=DIRECTION('',(-0.51227481843798,-0.858821582399007,0.));
#5208=DIRECTION('',(0.,0.,-1.));
#5209=DIRECTION('',(0.51227481843798,0.858821582399007,0.));
#5210=DIRECTION('',(0.,0.,-1.));
#5211=DIRECTION('',(-1.,0.,0.));
#5212=DIRECTION('',(0.,0.,1.));
#5213=DIRECTION('',(1.,0.,0.));
#5214=DIRECTION('',(0.,0.,-1.));
#5215=DIRECTION('',(-1.,0.,0.));
#5216=DIRECTION('',(0.,0.,1.));
#5217=DIRECTION('',(1.,0.,0.));
#5218=DIRECTION('',(0.,0.,1.));
#5219=DIRECTION('',(1.,0.,0.));
#5220=DIRECTION('',(-0.876065370754433,0.48219235390547,0.));
#5221=DIRECTION('',(-0.48219235390547,-0.876065370754433,0.));
#5222=DIRECTION('',(0.,0.,-1.));
#5223=DIRECTION('',(-0.140665896774594,-0.990057122334161,0.));
#5224=DIRECTION('',(0.990057122334161,-0.140665896774594,0.));
#5225=DIRECTION('',(0.,0.,-1.));
#5226=DIRECTION('',(0.,0.,-1.));
#5227=DIRECTION('',(-1.,0.,0.));
#5228=DIRECTION('',(0.,0.,-1.));
#5229=DIRECTION('',(-1.,0.,0.));
#5230=DIRECTION('',(0.,0.,-1.));
#5231=DIRECTION('',(-1.,0.,0.));
#5232=DIRECTION('',(0.,0.,-1.));
#5233=DIRECTION('',(-1.,0.,0.));
#5234=DIRECTION('',(2.23813670730681E-26,3.44662684416818E-26,-1.));
#5235=DIRECTION('',(-0.794472176160536,-0.607300552697545,-3.87127572780435E-26));
#5236=DIRECTION('',(0.,0.,1.));
#5237=DIRECTION('',(1.,0.,0.));
#5238=DIRECTION('',(7.90723585224773E-16,-7.1961294387329E-16,1.));
#5239=DIRECTION('',(0.991659651255616,-0.128884196360885,-8.76875410725588E-16));
#5240=DIRECTION('',(-1.19158949161717E-15,-2.70443480698052E-16,1.));
#5241=DIRECTION('',(0.688949425594113,-0.724809415621474,6.24924914590234E-16));
#5242=DIRECTION('',(0.,0.,-1.));
#5243=DIRECTION('',(-1.,0.,0.));
#5244=DIRECTION('',(0.,0.,1.));
#5245=DIRECTION('',(1.,0.,0.));
#5246=DIRECTION('',(0.,0.,-1.));
#5247=DIRECTION('',(0.,0.,1.));
#5248=DIRECTION('',(1.,0.,0.));
#5249=DIRECTION('',(0.,0.,-1.));
#5250=DIRECTION('',(-0.74650634931832,-0.665378291220442,0.));
#5251=DIRECTION('',(0.665378291220442,-0.74650634931832,0.));
#5252=DIRECTION('',(-0.665378291220442,0.74650634931832,0.));
#5253=DIRECTION('',(0.,0.,-1.));
#5254=DIRECTION('',(-0.665378291220442,0.74650634931832,0.));
#5255=DIRECTION('',(0.,0.,-1.));
#5256=DIRECTION('',(-0.665378291220442,0.74650634931832,0.));
#5257=DIRECTION('',(0.,0.,-1.));
#5258=DIRECTION('',(-1.,0.,0.));
#5259=DIRECTION('',(0.,0.,1.));
#5260=DIRECTION('',(1.,0.,0.));
#5261=DIRECTION('',(0.,0.,-1.));
#5262=DIRECTION('',(0.,0.,1.));
#5263=DIRECTION('',(1.,0.,0.));
#5264=DIRECTION('',(0.889146237492098,0.4576231728766,0.));
#5265=DIRECTION('',(-0.4576231728766,0.889146237492098,0.));
#5266=DIRECTION('',(0.4576231728766,-0.889146237492098,0.));
#5267=DIRECTION('',(0.,0.,-1.));
#5268=DIRECTION('',(0.4576231728766,-0.889146237492098,0.));
#5269=DIRECTION('',(0.,0.,-1.));
#5270=DIRECTION('',(-1.,0.,0.));
#5271=DIRECTION('',(0.,0.,1.));
#5272=DIRECTION('',(1.,0.,0.));
#5273=DIRECTION('',(0.,0.,1.));
#5274=DIRECTION('',(1.,0.,0.));
#5275=DIRECTION('',(-0.74650634931832,-0.665378291220442,0.));
#5276=DIRECTION('',(0.665378291220442,-0.74650634931832,0.));
#5277=DIRECTION('',(-0.665378291220442,0.74650634931832,0.));
#5278=DIRECTION('',(-0.665378291220442,0.74650634931832,0.));
#5279=DIRECTION('',(-0.665378291220442,0.74650634931832,0.));
#5280=DIRECTION('',(0.,0.,-1.));
#5281=DIRECTION('',(0.,0.,1.));
#5282=DIRECTION('',(1.,0.,0.));
#5283=DIRECTION('',(0.,0.,1.));
#5284=DIRECTION('',(1.,0.,0.));
#5285=DIRECTION('',(0.,0.,1.));
#5286=DIRECTION('',(1.,0.,0.));
#5287=DIRECTION('',(0.,0.,1.));
#5288=DIRECTION('',(1.,0.,0.));
#5289=DIRECTION('',(0.,0.,-1.));
#5290=DIRECTION('',(-1.,0.,0.));
#5291=DIRECTION('',(0.,0.,1.));
#5292=DIRECTION('',(1.,0.,0.));
#5293=DIRECTION('',(0.,0.,-1.));
#5294=DIRECTION('',(-1.,0.,0.));
#5295=DIRECTION('',(0.,0.,1.));
#5296=DIRECTION('',(1.,0.,0.));
#5297=DIRECTION('',(0.,0.,1.));
#5298=DIRECTION('',(1.,0.,0.));
#5299=DIRECTION('',(1.73059779498812E-25,1.87336425367199E-25,1.));
#5300=DIRECTION('',(0.968459429588891,-0.249171292970035,-1.2092251600907E-25));
#5301=DIRECTION('',(-2.14605744162964E-25,-6.40139374029632E-25,1.));
#5302=DIRECTION('',(0.688949425594087,-0.724809415621498,-3.16126541436463E-25));
#5303=DIRECTION('',(-0.874098360040121,0.485748964975914,0.));
#5304=DIRECTION('',(-0.485748964975914,-0.874098360040121,0.));
#5305=DIRECTION('',(0.485748964975914,0.874098360040121,0.));
#5306=DIRECTION('',(0.,0.,-1.));
#5307=DIRECTION('',(0.485748964975914,0.874098360040121,0.));
#5308=DIRECTION('',(0.,0.,-1.));
#5309=DIRECTION('',(0.485748964975914,0.874098360040121,0.));
#5310=DIRECTION('',(0.,0.,-1.));
#5311=DIRECTION('',(0.,0.,-1.));
#5312=DIRECTION('',(-1.,0.,0.));
#5313=DIRECTION('',(0.,0.,1.));
#5314=DIRECTION('',(1.,0.,0.));
#5315=DIRECTION('',(0.,0.,-1.));
#5316=DIRECTION('',(0.,0.,1.));
#5317=DIRECTION('',(1.,0.,0.));
#5318=DIRECTION('',(-0.874098360040121,0.485748964975914,0.));
#5319=DIRECTION('',(-0.485748964975914,-0.874098360040121,0.));
#5320=DIRECTION('',(0.485748964975914,0.874098360040121,0.));
#5321=DIRECTION('',(0.,0.,-1.));
#5322=DIRECTION('',(0.485748964975914,0.874098360040121,0.));
#5323=DIRECTION('',(0.,0.,-1.));
#5324=DIRECTION('',(0.485748964975914,0.874098360040121,0.));
#5325=DIRECTION('',(0.,0.,-1.));
#5326=DIRECTION('',(-1.,0.,0.));
#5327=DIRECTION('',(0.,0.,1.));
#5328=DIRECTION('',(1.,0.,0.));
#5329=DIRECTION('',(0.,0.,1.));
#5330=DIRECTION('',(1.,0.,0.));
#5331=DIRECTION('',(0.,0.,-1.));
#5332=DIRECTION('',(-1.,0.,0.));
#5333=DIRECTION('',(0.,0.,1.));
#5334=DIRECTION('',(1.,0.,0.));
#5335=DIRECTION('',(0.,0.,1.));
#5336=DIRECTION('',(1.,0.,0.));
#5337=DIRECTION('',(0.,0.,1.));
#5338=DIRECTION('',(1.,0.,0.));
#5339=DIRECTION('',(0.,0.,1.));
#5340=DIRECTION('',(1.,0.,0.));
#5341=DIRECTION('',(0.,0.,1.));
#5342=DIRECTION('',(1.,0.,0.));
#5343=DIRECTION('',(0.,0.,1.));
#5344=DIRECTION('',(1.,0.,0.));
#5345=DIRECTION('',(0.,0.,-1.));
#5346=DIRECTION('',(-1.,0.,0.));
#5347=DIRECTION('',(0.,0.,1.));
#5348=DIRECTION('',(1.,0.,0.));
#5349=DIRECTION('',(0.,0.,-1.));
#5350=DIRECTION('',(-1.,0.,0.));
#5351=DIRECTION('',(0.,0.,1.));
#5352=DIRECTION('',(1.,0.,0.));
#5353=DIRECTION('',(0.,0.,1.));
#5354=DIRECTION('',(1.,0.,0.));
#5355=DIRECTION('',(-1.28044198433635E-15,-1.92359528864326E-16,-1.));
#5356=DIRECTION('',(0.0240721617662241,0.999710223528749,-2.2312679417805E-16));
#5357=DIRECTION('',(6.50944228171592E-17,-1.18187583927462E-16,1.));
#5358=DIRECTION('',(0.991659651255617,-0.128884196360877,-7.97840244038743E-17));
#5359=DIRECTION('',(0.,0.,1.));
#5360=DIRECTION('',(1.,0.,0.));
#5361=DIRECTION('',(0.,0.,1.));
#5362=DIRECTION('',(1.,0.,0.));
#5363=CARTESIAN_POINT('',(0.,0.,0.));
#5364=CARTESIAN_POINT('',(0.,0.,0.));
#5365=CARTESIAN_POINT('',(0.,0.,0.007));
#5366=CARTESIAN_POINT('',(-0.004,0.,0.007));
#5367=CARTESIAN_POINT('',(0.,0.,0.));
#5368=CARTESIAN_POINT('',(-0.004,0.,0.));
#5369=CARTESIAN_POINT('',(0.00475,0.,0.));
#5370=CARTESIAN_POINT('',(0.,0.,0.));
#5371=CARTESIAN_POINT('',(-0.0055,0.,0.));
#5372=CARTESIAN_POINT('',(0.,0.,0.));
#5373=CARTESIAN_POINT('',(0.,0.,0.0002));
#5374=CARTESIAN_POINT('',(-0.0055,0.,0.0002));
#5375=CARTESIAN_POINT('',(0.0075,0.,0.0002));
#5376=CARTESIAN_POINT('',(0.,0.,0.0002));
#5377=CARTESIAN_POINT('',(-0.0095,0.,0.0002));
#5378=CARTESIAN_POINT('',(0.,0.,0.));
#5379=CARTESIAN_POINT('',(0.,0.,-5.96311194867027E-19));
#5380=CARTESIAN_POINT('',(-0.0095,0.,-5.96311194867027E-19));
#5381=CARTESIAN_POINT('',(0.01025,0.,-2.98155597433513E-19));
#5382=CARTESIAN_POINT('',(0.,0.,0.));
#5383=CARTESIAN_POINT('',(-0.011,0.,0.));
#5384=CARTESIAN_POINT('',(0.,0.,0.));
#5385=CARTESIAN_POINT('',(0.,0.,0.007));
#5386=CARTESIAN_POINT('',(-0.011,0.,0.007));
#5387=CARTESIAN_POINT('',(0.01025,0.,0.007));
#5388=CARTESIAN_POINT('',(0.,0.,0.007));
#5389=CARTESIAN_POINT('',(-0.0095,0.,0.007));
#5390=CARTESIAN_POINT('',(0.,0.,0.));
#5391=CARTESIAN_POINT('',(0.,0.,0.0068));
#5392=CARTESIAN_POINT('',(-0.0095,0.,0.0068));
#5393=CARTESIAN_POINT('',(0.0075,0.,0.0068));
#5394=CARTESIAN_POINT('',(0.,0.,0.0068));
#5395=CARTESIAN_POINT('',(-0.0055,0.,0.0068));
#5396=CARTESIAN_POINT('',(0.,0.,0.));
#5397=CARTESIAN_POINT('',(0.,0.,0.007));
#5398=CARTESIAN_POINT('',(-0.0055,0.,0.007));
#5399=CARTESIAN_POINT('',(0.00475,0.,0.007));
#5400=CARTESIAN_POINT('',(0.,-0.073406,0.003));
#5401=CARTESIAN_POINT('',(0.,-0.016,0.));
#5402=CARTESIAN_POINT('',(0.,-0.016,2.4492935982947E-19));
#5403=CARTESIAN_POINT('',(0.,-0.016,-0.004));
#5404=CARTESIAN_POINT('',(0.,-0.016,0.00235));
#5405=CARTESIAN_POINT('',(-0.00135677313259562,-0.016,0.00235));
#5406=CARTESIAN_POINT('',(0.00135677313259562,-0.016,0.00235));
#5407=CARTESIAN_POINT('',(0.00203515969889343,-0.016,0.001175));
#5408=CARTESIAN_POINT('',(0.00271354626519124,-0.016,1.3010426069826E-18));
#5409=CARTESIAN_POINT('',(0.00203515969889343,-0.016,-0.001175));
#5410=CARTESIAN_POINT('',(0.00135677313259562,-0.016,-0.00235));
#5411=CARTESIAN_POINT('',(0.,-0.016,-0.00235));
#5412=CARTESIAN_POINT('',(-0.00135677313259562,-0.016,-0.00235));
#5413=CARTESIAN_POINT('',(-0.00203515969889343,-0.016,-0.001175));
#5414=CARTESIAN_POINT('',(-0.00271354626519124,-0.016,1.95156391047391E-18));
#5415=CARTESIAN_POINT('',(-0.00203515969889343,-0.016,0.001175));
#5416=CARTESIAN_POINT('',(0.,-0.016,2.4492935982947E-19));
#5417=CARTESIAN_POINT('',(0.,0.,2.4492935982947E-19));
#5418=CARTESIAN_POINT('',(0.,0.,-0.004));
#5419=CARTESIAN_POINT('',(0.,0.,0.));
#5420=CARTESIAN_POINT('',(0.,0.,0.00235));
#5421=CARTESIAN_POINT('',(0.00135677313259562,0.,0.00235));
#5422=CARTESIAN_POINT('',(-0.00135677313259562,0.,0.00235));
#5423=CARTESIAN_POINT('',(-0.00203515969889343,0.,0.001175));
#5424=CARTESIAN_POINT('',(-0.00271354626519124,0.,4.33680868994202E-19));
#5425=CARTESIAN_POINT('',(-0.00203515969889343,0.,-0.001175));
#5426=CARTESIAN_POINT('',(-0.00135677313259562,0.,-0.00235));
#5427=CARTESIAN_POINT('',(0.,0.,-0.00235));
#5428=CARTESIAN_POINT('',(0.00135677313259562,0.,-0.00235));
#5429=CARTESIAN_POINT('',(0.00203515969889343,0.,-0.001175));
#5430=CARTESIAN_POINT('',(0.00271354626519124,0.,1.51788304147971E-18));
#5431=CARTESIAN_POINT('',(0.00203515969889343,0.,0.001175));
#5432=CARTESIAN_POINT('',(-0.00203515969889343,-0.0015,0.001175));
#5433=CARTESIAN_POINT('',(-0.00135677313259562,-0.0015,0.00235));
#5434=CARTESIAN_POINT('',(-0.00135677313259562,0.0015,0.00235));
#5435=CARTESIAN_POINT('',(-0.00203515969889343,0.0015,0.001175));
#5436=CARTESIAN_POINT('',(-0.00271354626519124,0.0015,4.33680868994202E-19));
#5437=CARTESIAN_POINT('',(-0.00271354626519124,-0.0015,4.33680868994202E-19));
#5438=CARTESIAN_POINT('',(0.,-0.0015,0.00235));
#5439=CARTESIAN_POINT('',(0.00135677313259562,-0.0015,0.00235));
#5440=CARTESIAN_POINT('',(0.00135677313259562,0.0015,0.00235));
#5441=CARTESIAN_POINT('',(0.,0.0015,0.00235));
#5442=CARTESIAN_POINT('',(0.00203515969889343,-0.0015,0.001175));
#5443=CARTESIAN_POINT('',(0.00271354626519124,-0.0015,1.51788304147971E-18));
#5444=CARTESIAN_POINT('',(0.00271354626519124,0.0015,1.51788304147971E-18));
#5445=CARTESIAN_POINT('',(0.00203515969889343,0.0015,0.001175));
#5446=CARTESIAN_POINT('',(0.00203515969889343,-0.0015,-0.001175));
#5447=CARTESIAN_POINT('',(0.00135677313259562,-0.0015,-0.00235));
#5448=CARTESIAN_POINT('',(0.00135677313259562,0.0015,-0.00235));
#5449=CARTESIAN_POINT('',(0.00203515969889343,0.0015,-0.001175));
#5450=CARTESIAN_POINT('',(2.16840434497101E-19,-0.0015,-0.00235));
#5451=CARTESIAN_POINT('',(-0.00135677313259562,-0.0015,-0.00235));
#5452=CARTESIAN_POINT('',(-0.00135677313259562,0.0015,-0.00235));
#5453=CARTESIAN_POINT('',(2.16840434497101E-19,0.0015,-0.00235));
#5454=CARTESIAN_POINT('',(-0.00203515969889343,-0.0015,-0.001175));
#5455=CARTESIAN_POINT('',(-0.00203515969889343,0.0015,-0.001175));
#5456=CARTESIAN_POINT('',(0.,0.0015,0.));
#5457=CARTESIAN_POINT('',(0.00203515969889343,-0.0175,0.001175));
#5458=CARTESIAN_POINT('',(0.00135677313259562,-0.0175,0.00235));
#5459=CARTESIAN_POINT('',(0.00135677313259562,-0.0175,0.00235));
#5460=CARTESIAN_POINT('',(0.00203515969889343,-0.0175,0.001175));
#5461=CARTESIAN_POINT('',(0.00271354626519124,-0.0175,1.3010426069826E-18));
#5462=CARTESIAN_POINT('',(0.00271354626519124,-0.0175,1.3010426069826E-18));
#5463=CARTESIAN_POINT('',(0.,-0.0175,0.00235));
#5464=CARTESIAN_POINT('',(-0.00135677313259562,-0.0175,0.00235));
#5465=CARTESIAN_POINT('',(-0.00135677313259562,-0.0175,0.00235));
#5466=CARTESIAN_POINT('',(0.,-0.0175,0.00235));
#5467=CARTESIAN_POINT('',(-0.00203515969889343,-0.0175,0.001175));
#5468=CARTESIAN_POINT('',(-0.00271354626519124,-0.0175,1.95156391047391E-18));
#5469=CARTESIAN_POINT('',(-0.00271354626519124,-0.0175,1.95156391047391E-18));
#5470=CARTESIAN_POINT('',(-0.00203515969889343,-0.0175,0.001175));
#5471=CARTESIAN_POINT('',(-0.00203515969889343,-0.0175,-0.001175));
#5472=CARTESIAN_POINT('',(-0.00135677313259562,-0.0175,-0.00235));
#5473=CARTESIAN_POINT('',(-0.00135677313259562,-0.0175,-0.00235));
#5474=CARTESIAN_POINT('',(-0.00203515969889343,-0.0175,-0.001175));
#5475=CARTESIAN_POINT('',(-2.16840434497101E-19,-0.0175,-0.00235));
#5476=CARTESIAN_POINT('',(0.00135677313259562,-0.0175,-0.00235));
#5477=CARTESIAN_POINT('',(0.00135677313259562,-0.0175,-0.00235));
#5478=CARTESIAN_POINT('',(-2.16840434497101E-19,-0.0175,-0.00235));
#5479=CARTESIAN_POINT('',(0.00203515969889343,-0.0175,-0.001175));
#5480=CARTESIAN_POINT('',(0.00203515969889343,-0.0175,-0.001175));
#5481=CARTESIAN_POINT('',(0.,-0.0175,0.));
#5482=CARTESIAN_POINT('',(-5.02931030155168E-18,-0.073406,-0.00149999999999995));
#5483=CARTESIAN_POINT('',(-0.004699,0.011176,0.004));
#5484=CARTESIAN_POINT('',(-0.004699,0.011176,0.));
#5485=CARTESIAN_POINT('',(-0.004699,0.022352,0.));
#5486=CARTESIAN_POINT('',(-0.004699,0.,0.));
#5487=CARTESIAN_POINT('',(-0.004699,0.,0.004));
#5488=CARTESIAN_POINT('',(-0.004699,0.,0.004));
#5489=CARTESIAN_POINT('',(-0.004699,0.011176,0.004));
#5490=CARTESIAN_POINT('',(-0.004699,0.022352,0.004));
#5491=CARTESIAN_POINT('',(-0.004699,0.022352,0.004));
#5492=CARTESIAN_POINT('',(0.,2.87730765459671E-19,0.004));
#5493=CARTESIAN_POINT('',(0.,2.87730765459671E-19,0.));
#5494=CARTESIAN_POINT('',(0.004699,0.,0.));
#5495=CARTESIAN_POINT('',(0.004699,0.,0.004));
#5496=CARTESIAN_POINT('',(0.004699,0.,0.004));
#5497=CARTESIAN_POINT('',(0.,2.87730765459671E-19,0.004));
#5498=CARTESIAN_POINT('',(0.004699,0.011176,0.004));
#5499=CARTESIAN_POINT('',(0.004699,0.011176,0.));
#5500=CARTESIAN_POINT('',(0.004699,0.022352,0.));
#5501=CARTESIAN_POINT('',(0.004699,0.022352,0.004));
#5502=CARTESIAN_POINT('',(0.004699,0.022352,0.004));
#5503=CARTESIAN_POINT('',(0.004699,0.011176,0.004));
#5504=CARTESIAN_POINT('',(0.,0.022352,0.004));
#5505=CARTESIAN_POINT('',(0.,0.022352,0.));
#5506=CARTESIAN_POINT('',(0.,0.022352,0.004));
#5507=CARTESIAN_POINT('',(0.,2.29621274840129E-19,0.004));
#5508=CARTESIAN_POINT('',(0.,2.29621274840129E-19,0.0025));
#5509=CARTESIAN_POINT('',(0.00375,2.29621274840129E-19,0.0025));
#5510=CARTESIAN_POINT('',(0.,2.29621274840129E-19,0.004));
#5511=CARTESIAN_POINT('',(0.00375,2.29621274840129E-19,0.004));
#5512=CARTESIAN_POINT('',(-1.7347234759768E-18,0.011176,0.004));
#5513=CARTESIAN_POINT('',(-1.7347234759768E-18,0.011176,0.));
#5514=CARTESIAN_POINT('',(0.,0.022352,0.));
#5515=CARTESIAN_POINT('',(0.00254,0.022352,0.));
#5516=CARTESIAN_POINT('',(0.,0.022352,-0.004));
#5517=CARTESIAN_POINT('',(0.,0.022352,-0.004));
#5518=CARTESIAN_POINT('',(0.00254,0.022352,-0.004));
#5519=CARTESIAN_POINT('',(-1.7347234759768E-18,0.011176,-0.004));
#5520=CARTESIAN_POINT('',(-1.7347234759768E-18,0.011176,0.0025));
#5521=CARTESIAN_POINT('',(0.0021650635094611,0.00125,0.0025));
#5522=CARTESIAN_POINT('',(0.00288675134594814,-3.46944695195361E-18,0.0025));
#5523=CARTESIAN_POINT('',(0.00144337567297406,0.0025,0.0025));
#5524=CARTESIAN_POINT('',(0.0021650635094611,-0.00125,0.0025));
#5525=CARTESIAN_POINT('',(0.00144337567297407,-0.0025,0.0025));
#5526=CARTESIAN_POINT('',(-8.67361737988404E-19,-0.0025,0.0025));
#5527=CARTESIAN_POINT('',(-0.00144337567297407,-0.0025,0.0025));
#5528=CARTESIAN_POINT('',(-0.0021650635094611,-0.00125,0.0025));
#5529=CARTESIAN_POINT('',(-0.00288675134594813,0.,0.0025));
#5530=CARTESIAN_POINT('',(-0.00216506350946109,0.00125,0.0025));
#5531=CARTESIAN_POINT('',(-0.00144337567297406,0.0025,0.0025));
#5532=CARTESIAN_POINT('',(2.16840434497101E-19,0.0025,0.0025));
#5533=CARTESIAN_POINT('',(0.0021650635094611,0.00125,0.001));
#5534=CARTESIAN_POINT('',(0.00144337567297406,0.0025,0.001));
#5535=CARTESIAN_POINT('',(0.00144337567297406,0.0025,0.001));
#5536=CARTESIAN_POINT('',(0.0021650635094611,0.00125,0.001));
#5537=CARTESIAN_POINT('',(0.00288675134594814,-3.46944695195361E-18,0.001));
#5538=CARTESIAN_POINT('',(0.00288675134594814,-3.46944695195361E-18,0.001));
#5539=CARTESIAN_POINT('',(2.16840434497101E-19,0.0025,0.001));
#5540=CARTESIAN_POINT('',(-0.00144337567297406,0.0025,0.001));
#5541=CARTESIAN_POINT('',(-0.00144337567297406,0.0025,0.001));
#5542=CARTESIAN_POINT('',(2.16840434497101E-19,0.0025,0.001));
#5543=CARTESIAN_POINT('',(-0.00216506350946109,0.00125,0.001));
#5544=CARTESIAN_POINT('',(-0.00288675134594813,0.,0.001));
#5545=CARTESIAN_POINT('',(-0.00288675134594813,0.,0.001));
#5546=CARTESIAN_POINT('',(-0.00216506350946109,0.00125,0.001));
#5547=CARTESIAN_POINT('',(-0.0021650635094611,-0.00125,0.001));
#5548=CARTESIAN_POINT('',(-0.00144337567297407,-0.0025,0.001));
#5549=CARTESIAN_POINT('',(-0.00144337567297407,-0.0025,0.001));
#5550=CARTESIAN_POINT('',(-0.0021650635094611,-0.00125,0.001));
#5551=CARTESIAN_POINT('',(-8.67361737988404E-19,-0.0025,0.001));
#5552=CARTESIAN_POINT('',(0.00144337567297407,-0.0025,0.001));
#5553=CARTESIAN_POINT('',(0.00144337567297407,-0.0025,0.001));
#5554=CARTESIAN_POINT('',(-8.67361737988404E-19,-0.0025,0.001));
#5555=CARTESIAN_POINT('',(0.0021650635094611,-0.00125,0.001));
#5556=CARTESIAN_POINT('',(0.0021650635094611,-0.00125,0.001));
#5557=CARTESIAN_POINT('',(0.,0.,0.001));
#5558=CARTESIAN_POINT('',(-3.97237798210875E-17,-0.073406,0.025));
#5559=CARTESIAN_POINT('',(-4.55770723297595E-18,-0.073406,0.017));
#5560=CARTESIAN_POINT('',(0.,0.,0.));
#5561=CARTESIAN_POINT('',(-3.46944695195361E-18,6.88863824520385E-19,0.013));
#5562=CARTESIAN_POINT('',(-3.46944695195361E-18,6.88863824520385E-19,0.003));
#5563=CARTESIAN_POINT('',(0.01125,6.88863824520385E-19,0.003));
#5564=CARTESIAN_POINT('',(-3.46944695195361E-18,6.88863824520385E-19,0.01));
#5565=CARTESIAN_POINT('',(0.01125,6.88863824520385E-19,0.01));
#5566=CARTESIAN_POINT('',(0.020701,0.058166,0.013));
#5567=CARTESIAN_POINT('',(0.020701,0.058166,0.));
#5568=CARTESIAN_POINT('',(0.035941,0.058166,0.));
#5569=CARTESIAN_POINT('',(0.020701,0.073406,0.));
#5570=CARTESIAN_POINT('',(0.035941,0.058166,0.013));
#5571=CARTESIAN_POINT('',(0.035941,0.058166,0.013));
#5572=CARTESIAN_POINT('',(0.020701,0.058166,0.013));
#5573=CARTESIAN_POINT('',(0.020701,0.073406,0.013));
#5574=CARTESIAN_POINT('',(0.020701,0.073406,0.013));
#5575=CARTESIAN_POINT('',(0.035941,0.0514979327916656,0.013));
#5576=CARTESIAN_POINT('',(0.035941,0.0514979327916656,0.));
#5577=CARTESIAN_POINT('',(0.035941,0.0448298655833312,0.));
#5578=CARTESIAN_POINT('',(0.035941,0.0448298655833312,0.013));
#5579=CARTESIAN_POINT('',(0.035941,0.0448298655833312,0.013));
#5580=CARTESIAN_POINT('',(0.035941,0.0514979327916656,0.013));
#5581=CARTESIAN_POINT('',(0.020701,0.0448298655833312,0.013));
#5582=CARTESIAN_POINT('',(0.020701,0.0448298655833312,0.));
#5583=CARTESIAN_POINT('',(0.0273806687933526,0.0311317042172532,0.));
#5584=CARTESIAN_POINT('',(0.0273806687933526,0.0311317042172532,0.013));
#5585=CARTESIAN_POINT('',(0.0273806687933526,0.0311317042172532,0.013));
#5586=CARTESIAN_POINT('',(0.020701,0.0448298655833312,0.013));
#5587=CARTESIAN_POINT('',(0.0170301687933526,0.0260844639345677,0.013));
#5588=CARTESIAN_POINT('',(0.0170301687933526,0.0260844639345677,0.));
#5589=CARTESIAN_POINT('',(0.00667966879335252,0.0210372236518821,0.));
#5590=CARTESIAN_POINT('',(0.00667966879335252,0.0210372236518821,0.013));
#5591=CARTESIAN_POINT('',(0.00667966879335252,0.0210372236518821,0.013));
#5592=CARTESIAN_POINT('',(0.0170301687933526,0.0260844639345677,0.013));
#5593=CARTESIAN_POINT('',(-1.7347234759768E-18,0.0347353850179602,0.013));
#5594=CARTESIAN_POINT('',(-1.7347234759768E-18,0.0347353850179602,0.));
#5595=CARTESIAN_POINT('',(-0.00667966879335251,0.0210372236518821,0.));
#5596=CARTESIAN_POINT('',(-0.00667966879335251,0.0210372236518821,0.013));
#5597=CARTESIAN_POINT('',(-0.00667966879335251,0.0210372236518821,0.013));
#5598=CARTESIAN_POINT('',(-1.7347234759768E-18,0.0347353850179602,0.013));
#5599=CARTESIAN_POINT('',(-0.0170301687933525,0.0260844639345677,0.013));
#5600=CARTESIAN_POINT('',(-0.0170301687933525,0.0260844639345677,0.));
#5601=CARTESIAN_POINT('',(-0.0273806687933525,0.0311317042172532,0.));
#5602=CARTESIAN_POINT('',(-0.0273806687933525,0.0311317042172532,0.013));
#5603=CARTESIAN_POINT('',(-0.0273806687933525,0.0311317042172532,0.013));
#5604=CARTESIAN_POINT('',(-0.0170301687933525,0.0260844639345677,0.013));
#5605=CARTESIAN_POINT('',(-0.020701,0.0448298655833312,0.013));
#5606=CARTESIAN_POINT('',(-0.020701,0.0448298655833312,0.));
#5607=CARTESIAN_POINT('',(-0.035941,0.0448298655833312,0.));
#5608=CARTESIAN_POINT('',(-0.035941,0.0448298655833312,0.013));
#5609=CARTESIAN_POINT('',(-0.035941,0.0448298655833312,0.013));
#5610=CARTESIAN_POINT('',(-0.020701,0.0448298655833312,0.013));
#5611=CARTESIAN_POINT('',(-0.035941,0.0514979327916656,0.013));
#5612=CARTESIAN_POINT('',(-0.035941,0.0514979327916656,0.));
#5613=CARTESIAN_POINT('',(-0.035941,0.058166,0.));
#5614=CARTESIAN_POINT('',(-0.035941,0.058166,0.013));
#5615=CARTESIAN_POINT('',(-0.035941,0.058166,0.013));
#5616=CARTESIAN_POINT('',(-0.035941,0.0514979327916656,0.013));
#5617=CARTESIAN_POINT('',(-0.020701,0.058166,0.013));
#5618=CARTESIAN_POINT('',(-0.020701,0.058166,0.));
#5619=CARTESIAN_POINT('',(-0.020701,0.073406,0.));
#5620=CARTESIAN_POINT('',(-0.020701,0.073406,0.013));
#5621=CARTESIAN_POINT('',(-0.020701,0.073406,0.013));
#5622=CARTESIAN_POINT('',(-0.020701,0.058166,0.013));
#5623=CARTESIAN_POINT('',(0.042291,0.079756,0.013));
#5624=CARTESIAN_POINT('',(0.042291,0.079756,0.));
#5625=CARTESIAN_POINT('',(0.048641,0.079756,0.));
#5626=CARTESIAN_POINT('',(0.042291,0.086106,0.));
#5627=CARTESIAN_POINT('',(0.042291,0.086106,0.013));
#5628=CARTESIAN_POINT('',(0.042291,0.086106,0.013));
#5629=CARTESIAN_POINT('',(0.042291,0.079756,0.013));
#5630=CARTESIAN_POINT('',(0.048641,0.079756,0.013));
#5631=CARTESIAN_POINT('',(0.048641,0.079756,0.013));
#5632=CARTESIAN_POINT('',(0.,0.086106,0.013));
#5633=CARTESIAN_POINT('',(0.,0.086106,0.));
#5634=CARTESIAN_POINT('',(-0.042291,0.086106,0.));
#5635=CARTESIAN_POINT('',(-0.042291,0.086106,0.013));
#5636=CARTESIAN_POINT('',(-0.042291,0.086106,0.013));
#5637=CARTESIAN_POINT('',(0.,0.086106,0.013));
#5638=CARTESIAN_POINT('',(-0.042291,0.079756,0.013));
#5639=CARTESIAN_POINT('',(-0.042291,0.079756,0.));
#5640=CARTESIAN_POINT('',(-0.048641,0.079756,0.));
#5641=CARTESIAN_POINT('',(-0.048641,0.079756,0.013));
#5642=CARTESIAN_POINT('',(-0.048641,0.079756,0.013));
#5643=CARTESIAN_POINT('',(-0.042291,0.079756,0.013));
#5644=CARTESIAN_POINT('',(-0.048641,0.054623012259123,0.013));
#5645=CARTESIAN_POINT('',(-0.048641,0.054623012259123,0.));
#5646=CARTESIAN_POINT('',(-0.048641,0.0294900245182459,0.));
#5647=CARTESIAN_POINT('',(-0.048641,0.0294900245182459,0.013));
#5648=CARTESIAN_POINT('',(-0.048641,0.0294900245182459,0.013));
#5649=CARTESIAN_POINT('',(-0.048641,0.054623012259123,0.013));
#5650=CARTESIAN_POINT('',(-0.041021,0.0294900245182459,0.013));
#5651=CARTESIAN_POINT('',(-0.041021,0.0294900245182459,0.));
#5652=CARTESIAN_POINT('',(-0.046351227434916,0.0240445607646186,0.));
#5653=CARTESIAN_POINT('',(-0.046351227434916,0.0240445607646186,0.013));
#5654=CARTESIAN_POINT('',(-0.046351227434916,0.0240445607646186,0.013));
#5655=CARTESIAN_POINT('',(-0.041021,0.0294900245182459,0.013));
#5656=CARTESIAN_POINT('',(-0.028505841152374,0.00657681662868201,0.013));
#5657=CARTESIAN_POINT('',(-0.028505841152374,0.00657681662868201,0.));
#5658=CARTESIAN_POINT('',(-0.010660454869832,-0.0108909275072546,0.));
#5659=CARTESIAN_POINT('',(-0.010660454869832,-0.0108909275072546,0.013));
#5660=CARTESIAN_POINT('',(-0.010660454869832,-0.0108909275072546,0.013));
#5661=CARTESIAN_POINT('',(-0.028505841152374,0.00657681662868201,0.013));
#5662=CARTESIAN_POINT('',(-4.33680868994202E-18,-8.67361737988404E-19,0.013));
#5663=CARTESIAN_POINT('',(-4.33680868994202E-18,-8.67361737988404E-19,0.));
#5664=CARTESIAN_POINT('',(0.010660454869832,-0.0108909275072546,0.));
#5665=CARTESIAN_POINT('',(0.010660454869832,-0.0108909275072546,0.013));
#5666=CARTESIAN_POINT('',(0.010660454869832,-0.0108909275072546,0.013));
#5667=CARTESIAN_POINT('',(-4.33680868994202E-18,-8.67361737988404E-19,0.013));
#5668=CARTESIAN_POINT('',(0.0286966555327977,0.00676359301569465,0.013));
#5669=CARTESIAN_POINT('',(0.0286966555327977,0.00676359301569465,0.));
#5670=CARTESIAN_POINT('',(0.0467328561957633,0.0244181135386439,0.));
#5671=CARTESIAN_POINT('',(0.0467328561957633,0.0244181135386439,0.013));
#5672=CARTESIAN_POINT('',(0.0467328561957633,0.0244181135386439,0.013));
#5673=CARTESIAN_POINT('',(0.0286966555327977,0.00676359301569465,0.013));
#5674=CARTESIAN_POINT('',(0.042291,0.028956,0.013));
#5675=CARTESIAN_POINT('',(0.042291,0.028956,0.));
#5676=CARTESIAN_POINT('',(0.048641,0.028956,0.));
#5677=CARTESIAN_POINT('',(0.048641,0.028956,0.013));
#5678=CARTESIAN_POINT('',(0.048641,0.028956,0.013));
#5679=CARTESIAN_POINT('',(0.042291,0.028956,0.013));
#5680=CARTESIAN_POINT('',(0.0350374182583388,0.0760212784858175,0.013));
#5681=CARTESIAN_POINT('',(0.0350374182583388,0.0760212784858175,0.));
#5682=CARTESIAN_POINT('',(0.0350374182583388,0.0798312784858175,0.));
#5683=CARTESIAN_POINT('',(0.0350374182583388,0.0722112784858175,0.));
#5684=CARTESIAN_POINT('',(0.0350374182583388,0.0798312784858175,0.013));
#5685=CARTESIAN_POINT('',(0.0350374182583388,0.0798312784858175,0.013));
#5686=CARTESIAN_POINT('',(0.0350374182583388,0.0760212784858175,0.013));
#5687=CARTESIAN_POINT('',(0.0350374182583388,0.0722112784858175,0.013));
#5688=CARTESIAN_POINT('',(0.0350374182583388,0.0722112784858175,0.013));
#5689=CARTESIAN_POINT('',(0.0388474182583388,0.0798312784858175,0.013));
#5690=CARTESIAN_POINT('',(0.0388474182583388,0.0798312784858175,0.));
#5691=CARTESIAN_POINT('',(0.0426574182583388,0.0798312784858175,0.));
#5692=CARTESIAN_POINT('',(0.0426574182583388,0.0798312784858175,0.013));
#5693=CARTESIAN_POINT('',(0.0426574182583388,0.0798312784858175,0.013));
#5694=CARTESIAN_POINT('',(0.0388474182583388,0.0798312784858175,0.013));
#5695=CARTESIAN_POINT('',(0.0426574182583388,0.0760212784858175,0.013));
#5696=CARTESIAN_POINT('',(0.0426574182583388,0.0760212784858175,0.));
#5697=CARTESIAN_POINT('',(0.0426574182583388,0.0722112784858175,0.));
#5698=CARTESIAN_POINT('',(0.0426574182583388,0.0722112784858175,0.013));
#5699=CARTESIAN_POINT('',(0.0426574182583388,0.0722112784858175,0.013));
#5700=CARTESIAN_POINT('',(0.0426574182583388,0.0760212784858175,0.013));
#5701=CARTESIAN_POINT('',(-0.0426574182583388,0.0760212784858175,0.013));
#5702=CARTESIAN_POINT('',(-0.0426574182583388,0.0760212784858175,0.));
#5703=CARTESIAN_POINT('',(-0.0426574182583388,0.0798312784858175,0.));
#5704=CARTESIAN_POINT('',(-0.0426574182583388,0.0722112784858175,0.));
#5705=CARTESIAN_POINT('',(-0.0426574182583388,0.0798312784858175,0.013));
#5706=CARTESIAN_POINT('',(-0.0426574182583388,0.0798312784858175,0.013));
#5707=CARTESIAN_POINT('',(-0.0426574182583388,0.0760212784858175,0.013));
#5708=CARTESIAN_POINT('',(-0.0426574182583388,0.0722112784858175,0.013));
#5709=CARTESIAN_POINT('',(-0.0426574182583388,0.0722112784858175,0.013));
#5710=CARTESIAN_POINT('',(-0.0388474182583388,0.0798312784858175,0.013));
#5711=CARTESIAN_POINT('',(-0.0388474182583388,0.0798312784858175,0.));
#5712=CARTESIAN_POINT('',(-0.0350374182583388,0.0798312784858175,0.));
#5713=CARTESIAN_POINT('',(-0.0350374182583388,0.0798312784858175,0.013));
#5714=CARTESIAN_POINT('',(-0.0350374182583388,0.0798312784858175,0.013));
#5715=CARTESIAN_POINT('',(-0.0388474182583388,0.0798312784858175,0.013));
#5716=CARTESIAN_POINT('',(-0.0350374182583388,0.0760212784858175,0.013));
#5717=CARTESIAN_POINT('',(-0.0350374182583388,0.0760212784858175,0.));
#5718=CARTESIAN_POINT('',(-0.0350374182583388,0.0722112784858175,0.));
#5719=CARTESIAN_POINT('',(-0.0350374182583388,0.0722112784858175,0.013));
#5720=CARTESIAN_POINT('',(-0.0350374182583388,0.0722112784858175,0.013));
#5721=CARTESIAN_POINT('',(-0.0350374182583388,0.0760212784858175,0.013));
#5722=CARTESIAN_POINT('',(-3.46944695195361E-18,0.073406,0.013));
#5723=CARTESIAN_POINT('',(-3.46944695195361E-18,0.073406,0.));
#5724=CARTESIAN_POINT('',(-3.46944695195361E-18,0.073406,0.013));
#5725=CARTESIAN_POINT('',(0.048641,0.054356,0.013));
#5726=CARTESIAN_POINT('',(0.048641,0.054356,0.));
#5727=CARTESIAN_POINT('',(0.048641,0.054356,0.013));
#5728=CARTESIAN_POINT('',(0.0388474182583388,0.0722112784858175,0.013));
#5729=CARTESIAN_POINT('',(0.0388474182583388,0.0722112784858175,0.));
#5730=CARTESIAN_POINT('',(0.0388474182583388,0.0722112784858175,0.013));
#5731=CARTESIAN_POINT('',(-0.0388474182583388,0.0722112784858175,0.013));
#5732=CARTESIAN_POINT('',(-0.0388474182583388,0.0722112784858175,0.));
#5733=CARTESIAN_POINT('',(-0.0388474182583388,0.0722112784858175,0.013));
#5734=CARTESIAN_POINT('',(0.,0.0319892593462613,0.013));
#5735=CARTESIAN_POINT('',(-0.042291,0.028956,0.013));
#5736=CARTESIAN_POINT('',(-0.039751,0.028956,0.013));
#5737=CARTESIAN_POINT('',(0.042291,0.028956,0.013));
#5738=CARTESIAN_POINT('',(0.044831,0.028956,0.013));
#5739=CARTESIAN_POINT('',(-3.46944695195361E-18,6.58247654541702E-19,0.013));
#5740=CARTESIAN_POINT('',(0.01075,6.58247654541702E-19,0.013));
#5741=CARTESIAN_POINT('',(0.,0.0319892593462613,0.));
#5742=CARTESIAN_POINT('',(-3.46944695195361E-18,6.58247654541702E-19,0.));
#5743=CARTESIAN_POINT('',(0.01075,6.58247654541702E-19,0.));
#5744=CARTESIAN_POINT('',(-3.46944695195361E-18,6.58247654541702E-19,0.003));
#5745=CARTESIAN_POINT('',(-3.46944695195361E-18,6.58247654541702E-19,0.003));
#5746=CARTESIAN_POINT('',(0.01075,6.58247654541702E-19,0.003));
#5747=CARTESIAN_POINT('',(0.,0.0319892593462613,0.003));
#5748=CARTESIAN_POINT('',(-3.46944695195361E-18,6.58247654541702E-19,0.013));
#5749=CARTESIAN_POINT('',(-3.46944695195361E-18,6.58247654541702E-19,0.01));
#5750=CARTESIAN_POINT('',(0.01075,6.58247654541702E-19,0.01));
#5751=CARTESIAN_POINT('',(0.,0.0319892593462613,0.01));
#5752=CARTESIAN_POINT('',(0.042291,0.028956,0.029));
#5753=CARTESIAN_POINT('',(0.042291,0.028956,0.029));
#5754=CARTESIAN_POINT('',(0.044831,0.028956,0.029));
#5755=CARTESIAN_POINT('',(0.,0.0319892593462613,0.029));
#5756=CARTESIAN_POINT('',(-0.042291,0.028956,0.029));
#5757=CARTESIAN_POINT('',(-0.042291,0.028956,0.029));
#5758=CARTESIAN_POINT('',(-0.039751,0.028956,0.029));
#5759=CARTESIAN_POINT('',(0.,0.0319892593462613,0.029));
#5760=CARTESIAN_POINT('',(0.,-0.073406,0.));
#5761=CARTESIAN_POINT('',(-0.0109961072541843,-0.0212232811983532,-0.003));
#5762=CARTESIAN_POINT('',(-0.0109961072541843,-0.0212232811983532,0.));
#5763=CARTESIAN_POINT('',(-0.0102437224360107,-0.0213439505208083,0.));
#5764=CARTESIAN_POINT('',(-0.0110229921018907,-0.0204617556209996,0.));
#5765=CARTESIAN_POINT('',(-0.0110229921018907,-0.0204617556209996,-0.003));
#5766=CARTESIAN_POINT('',(-0.0110229921018907,-0.0204617556209996,-0.003));
#5767=CARTESIAN_POINT('',(-0.0109961072541843,-0.0212232811983532,-0.003));
#5768=CARTESIAN_POINT('',(-0.0102437224360107,-0.0213439505208083,-0.003));
#5769=CARTESIAN_POINT('',(-0.0102437224360107,-0.0213439505208083,-0.003));
#5770=CARTESIAN_POINT('',(-0.0115715386605583,-0.0296230122437751,-0.003));
#5771=CARTESIAN_POINT('',(-0.0128993548851058,-0.037902073966742,-0.003));
#5772=CARTESIAN_POINT('',(-0.0128993548851058,-0.037902073966742,-0.003));
#5773=CARTESIAN_POINT('',(-0.0128993548851058,-0.037902073966742,0.01));
#5774=CARTESIAN_POINT('',(-0.0115715386605583,-0.0296230122437751,0.01));
#5775=CARTESIAN_POINT('',(-0.0102437224360107,-0.0213439505208083,0.01));
#5776=CARTESIAN_POINT('',(-0.0102437224360107,-0.0213439505208083,0.01));
#5777=CARTESIAN_POINT('',(-0.0102437224360107,-0.0213439505208083,0.007));
#5778=CARTESIAN_POINT('',(-0.0102437224360107,-0.0213439505208083,0.007));
#5779=CARTESIAN_POINT('',(-0.0115715386605583,-0.0296230122437751,-0.003));
#5780=CARTESIAN_POINT('',(-0.0136517397032795,-0.0377814046442869,-0.003));
#5781=CARTESIAN_POINT('',(-0.0141886587878692,-0.0383221096438969,-0.003));
#5782=CARTESIAN_POINT('',(-0.0141886587878692,-0.0383221096438969,-0.003));
#5783=CARTESIAN_POINT('',(-0.0141886587878692,-0.0383221096438969,0.01));
#5784=CARTESIAN_POINT('',(-0.0136517397032795,-0.0377814046442869,0.01));
#5785=CARTESIAN_POINT('',(-0.0136517397032795,-0.0377814046442869,-0.003));
#5786=CARTESIAN_POINT('',(-0.0221942676715547,-0.0303725545324945,-0.003));
#5787=CARTESIAN_POINT('',(-0.03019987655524,-0.022422999421092,-0.003));
#5788=CARTESIAN_POINT('',(-0.03019987655524,-0.022422999421092,-0.003));
#5789=CARTESIAN_POINT('',(-0.03019987655524,-0.022422999421092,0.));
#5790=CARTESIAN_POINT('',(-0.03019987655524,-0.022422999421092,0.007));
#5791=CARTESIAN_POINT('',(-0.03019987655524,-0.022422999421092,0.007));
#5792=CARTESIAN_POINT('',(-0.03019987655524,-0.022422999421092,0.01));
#5793=CARTESIAN_POINT('',(-0.03019987655524,-0.022422999421092,0.01));
#5794=CARTESIAN_POINT('',(-0.0221942676715547,-0.0303725545324945,0.01));
#5795=CARTESIAN_POINT('',(-0.0221942676715547,-0.0303725545324945,-0.003));
#5796=CARTESIAN_POINT('',(-0.0296629574706503,-0.0218822944214818,-0.003));
#5797=CARTESIAN_POINT('',(-0.0296629574706503,-0.0218822944214818,0.));
#5798=CARTESIAN_POINT('',(-0.0296898423183568,-0.0211207688441282,0.));
#5799=CARTESIAN_POINT('',(-0.0296629574706503,-0.0218822944214818,-0.003));
#5800=CARTESIAN_POINT('',(-0.0296898423183568,-0.0211207688441282,-0.003));
#5801=CARTESIAN_POINT('',(-0.0296898423183568,-0.0211207688441282,-0.003));
#5802=CARTESIAN_POINT('',(-0.0105488502267248,-0.047305756335224,-0.003));
#5803=CARTESIAN_POINT('',(-0.00636449949643136,-0.0479193488513882,-0.003));
#5804=CARTESIAN_POINT('',(-0.00636449949643136,-0.0479193488513882,-0.003));
#5805=CARTESIAN_POINT('',(-0.00636449949643136,-0.0479193488513882,0.01));
#5806=CARTESIAN_POINT('',(-0.0105488502267248,-0.047305756335224,0.01));
#5807=CARTESIAN_POINT('',(-0.013558534907684,-0.0502767973869766,0.01));
#5808=CARTESIAN_POINT('',(-0.013558534907684,-0.0502767973869766,-0.003));
#5809=CARTESIAN_POINT('',(-0.013558534907684,-0.0502767973869766,-0.003));
#5810=CARTESIAN_POINT('',(-0.0105488502267248,-0.047305756335224,-0.003));
#5811=CARTESIAN_POINT('',(-0.00271669280358393,-0.023043389322725,-0.003));
#5812=CARTESIAN_POINT('',(-0.00271669280358393,-0.023043389322725,0.));
#5813=CARTESIAN_POINT('',(-0.00359390169197015,-0.029025453243071,0.));
#5814=CARTESIAN_POINT('',(-0.00183948391519771,-0.0170613254023789,0.));
#5815=CARTESIAN_POINT('',(-0.00359390169197015,-0.029025453243071,0.007));
#5816=CARTESIAN_POINT('',(-0.00359390169197015,-0.029025453243071,0.007));
#5817=CARTESIAN_POINT('',(-0.00271669280358393,-0.023043389322725,0.007));
#5818=CARTESIAN_POINT('',(-0.00183948391519771,-0.0170613254023789,0.007));
#5819=CARTESIAN_POINT('',(-0.00183948391519771,-0.0170613254023789,0.01));
#5820=CARTESIAN_POINT('',(-0.00183948391519771,-0.0170613254023789,0.01));
#5821=CARTESIAN_POINT('',(-0.00271669280358393,-0.023043389322725,0.01));
#5822=CARTESIAN_POINT('',(-0.00271669280358393,-0.023043389322725,-0.003));
#5823=CARTESIAN_POINT('',(-0.00183948391519771,-0.0170613254023789,-0.003));
#5824=CARTESIAN_POINT('',(-0.00183948391519771,-0.0170613254023789,-0.003));
#5825=CARTESIAN_POINT('',(-0.00560140800606607,-0.0164579787901034,-0.003));
#5826=CARTESIAN_POINT('',(-0.00560140800606607,-0.0164579787901034,0.));
#5827=CARTESIAN_POINT('',(-0.00573583224459787,-0.0126503509033352,0.));
#5828=CARTESIAN_POINT('',(-0.00560140800606607,-0.0164579787901034,-0.003));
#5829=CARTESIAN_POINT('',(-0.00573583224459787,-0.0126503509033352,-0.003));
#5830=CARTESIAN_POINT('',(-0.00573583224459787,-0.0126503509033352,-0.003));
#5831=CARTESIAN_POINT('',(-0.0144299159193855,-0.0129572862479826,-0.003));
#5832=CARTESIAN_POINT('',(-0.0144299159193855,-0.0129572862479826,0.));
#5833=CARTESIAN_POINT('',(-0.0405121669437477,-0.0138780922819246,0.));
#5834=CARTESIAN_POINT('',(-0.0144299159193855,-0.0129572862479826,-0.003));
#5835=CARTESIAN_POINT('',(-0.0405121669437477,-0.0138780922819246,-0.003));
#5836=CARTESIAN_POINT('',(-0.0405121669437477,-0.0138780922819246,-0.003));
#5837=CARTESIAN_POINT('',(-0.040377742705216,-0.0176857201686929,-0.003));
#5838=CARTESIAN_POINT('',(-0.040377742705216,-0.0176857201686929,0.));
#5839=CARTESIAN_POINT('',(-0.0430623381281644,-0.0203892451667434,0.));
#5840=CARTESIAN_POINT('',(-0.040377742705216,-0.0176857201686929,-0.003));
#5841=CARTESIAN_POINT('',(-0.0430623381281644,-0.0203892451667434,-0.003));
#5842=CARTESIAN_POINT('',(-0.0430623381281644,-0.0203892451667434,-0.003));
#5843=CARTESIAN_POINT('',(-0.0370617989297333,-0.0264678319612138,-0.003));
#5844=CARTESIAN_POINT('',(-0.0370617989297333,-0.0264678319612138,0.));
#5845=CARTESIAN_POINT('',(-0.0310612597313022,-0.0325464187556843,0.));
#5846=CARTESIAN_POINT('',(-0.0370617989297333,-0.0264678319612138,-0.003));
#5847=CARTESIAN_POINT('',(-0.0370617989297333,-0.0264678319612138,0.01));
#5848=CARTESIAN_POINT('',(-0.0430623381281644,-0.0203892451667434,0.01));
#5849=CARTESIAN_POINT('',(-0.0430623381281644,-0.0203892451667434,0.01));
#5850=CARTESIAN_POINT('',(-0.0430623381281644,-0.0203892451667434,0.007));
#5851=CARTESIAN_POINT('',(-0.0370617989297333,-0.0264678319612138,0.007));
#5852=CARTESIAN_POINT('',(-0.0310612597313022,-0.0325464187556843,0.007));
#5853=CARTESIAN_POINT('',(-0.0310612597313022,-0.0325464187556843,0.007));
#5854=CARTESIAN_POINT('',(-0.0262724967177332,-0.0210001231051473,-0.003));
#5855=CARTESIAN_POINT('',(-0.0262724967177332,-0.0210001231051473,0.));
#5856=CARTESIAN_POINT('',(-0.0262724967177332,-0.0210001231051473,-0.003));
#5857=CARTESIAN_POINT('',(-0.022989575355641,-0.0320914175626637,-0.003));
#5858=CARTESIAN_POINT('',(-0.022989575355641,-0.0320914175626637,0.));
#5859=CARTESIAN_POINT('',(-0.0306305681432711,-0.0274847090883882,0.));
#5860=CARTESIAN_POINT('',(-0.00691881206399041,-0.0251847018819397,0.));
#5861=CARTESIAN_POINT('',(-0.040377742705216,-0.0176857201686929,0.));
#5862=CARTESIAN_POINT('',(-0.037837742705216,-0.0176857201686929,0.));
#5863=CARTESIAN_POINT('',(-0.022989575355641,-0.0170718494793981,0.));
#5864=CARTESIAN_POINT('',(-0.020449575355641,-0.0170718494793981,0.));
#5865=CARTESIAN_POINT('',(-0.00560140800606616,-0.0164579787901034,0.));
#5866=CARTESIAN_POINT('',(-0.00306140800606616,-0.0164579787901034,0.));
#5867=CARTESIAN_POINT('',(-0.022989575355641,-0.0320914175626637,0.007));
#5868=CARTESIAN_POINT('',(-0.00560140800606616,-0.0164579787901034,0.007));
#5869=CARTESIAN_POINT('',(-0.00306140800606616,-0.0164579787901034,0.007));
#5870=CARTESIAN_POINT('',(-0.022989575355641,-0.0170718494793981,0.007));
#5871=CARTESIAN_POINT('',(-0.020449575355641,-0.0170718494793981,0.007));
#5872=CARTESIAN_POINT('',(-0.040377742705216,-0.0176857201686929,0.007));
#5873=CARTESIAN_POINT('',(-0.037837742705216,-0.0176857201686929,0.007));
#5874=CARTESIAN_POINT('',(-0.00691881206399041,-0.0251847018819397,0.007));
#5875=CARTESIAN_POINT('',(-0.0109961072541843,-0.0212232811983532,0.007));
#5876=CARTESIAN_POINT('',(-0.0110229921018907,-0.0204617556209996,0.007));
#5877=CARTESIAN_POINT('',(-0.0262724967177332,-0.0210001231051473,0.007));
#5878=CARTESIAN_POINT('',(-0.0296898423183568,-0.0211207688441282,0.007));
#5879=CARTESIAN_POINT('',(-0.0296629574706503,-0.0218822944214818,0.007));
#5880=CARTESIAN_POINT('',(-0.0306305681432711,-0.0274847090883882,0.007));
#5881=CARTESIAN_POINT('',(-0.040377742705216,-0.0176857201686929,0.007));
#5882=CARTESIAN_POINT('',(-0.0405121669437477,-0.0138780922819246,0.007));
#5883=CARTESIAN_POINT('',(-0.0144299159193855,-0.0129572862479826,0.007));
#5884=CARTESIAN_POINT('',(-0.00573583224459787,-0.0126503509033352,0.007));
#5885=CARTESIAN_POINT('',(-0.00560140800606607,-0.0164579787901034,0.007));
#5886=CARTESIAN_POINT('',(-0.0109961072541843,-0.0212232811983532,0.01));
#5887=CARTESIAN_POINT('',(-0.0109961072541843,-0.0212232811983532,0.01));
#5888=CARTESIAN_POINT('',(-0.0110229921018907,-0.0204617556209996,0.01));
#5889=CARTESIAN_POINT('',(-0.0110229921018907,-0.0204617556209996,0.01));
#5890=CARTESIAN_POINT('',(-0.0296629574706503,-0.0218822944214818,0.01));
#5891=CARTESIAN_POINT('',(-0.0296898423183568,-0.0211207688441282,0.01));
#5892=CARTESIAN_POINT('',(-0.0296898423183568,-0.0211207688441282,0.01));
#5893=CARTESIAN_POINT('',(-0.0296629574706503,-0.0218822944214818,0.01));
#5894=CARTESIAN_POINT('',(-0.00560140800606607,-0.0164579787901034,0.01));
#5895=CARTESIAN_POINT('',(-0.00573583224459787,-0.0126503509033352,0.01));
#5896=CARTESIAN_POINT('',(-0.00573583224459787,-0.0126503509033352,0.01));
#5897=CARTESIAN_POINT('',(-0.00560140800606607,-0.0164579787901034,0.01));
#5898=CARTESIAN_POINT('',(-0.0144299159193855,-0.0129572862479826,0.01));
#5899=CARTESIAN_POINT('',(-0.0405121669437477,-0.0138780922819246,0.01));
#5900=CARTESIAN_POINT('',(-0.0405121669437477,-0.0138780922819246,0.01));
#5901=CARTESIAN_POINT('',(-0.0144299159193855,-0.0129572862479826,0.01));
#5902=CARTESIAN_POINT('',(-0.040377742705216,-0.0176857201686929,0.01));
#5903=CARTESIAN_POINT('',(-0.040377742705216,-0.0176857201686929,0.01));
#5904=CARTESIAN_POINT('',(-0.0262724967177332,-0.0210001231051473,0.01));
#5905=CARTESIAN_POINT('',(-0.0262724967177332,-0.0210001231051473,0.01));
#5906=CARTESIAN_POINT('',(-0.022989575355641,-0.0320914175626637,0.01));
#5907=CARTESIAN_POINT('',(-0.00691881206399041,-0.0251847018819397,0.007));
#5908=CARTESIAN_POINT('',(-0.0306305681432711,-0.0274847090883882,0.007));
#5909=CARTESIAN_POINT('',(-0.040377742705216,-0.0176857201686929,0.007));
#5910=CARTESIAN_POINT('',(-0.022989575355641,-0.0170718494793981,0.007));
#5911=CARTESIAN_POINT('',(-0.00560140800606616,-0.0164579787901034,0.007));
#5912=CARTESIAN_POINT('',(0.041792961368994,-0.0860743143519876,0.023));
#5913=CARTESIAN_POINT('',(-0.0291267113816832,0.00741546645452667,0.005));
#5914=CARTESIAN_POINT('',(-0.0291267113816832,0.00741546645452667,0.));
#5915=CARTESIAN_POINT('',(-0.0387774237038627,0.0304293911942258,0.));
#5916=CARTESIAN_POINT('',(-0.0194759990595038,-0.0155984582851723,0.));
#5917=CARTESIAN_POINT('',(-0.0387774237038627,0.0304293911942258,0.005));
#5918=CARTESIAN_POINT('',(-0.0387774237038627,0.0304293911942258,0.005));
#5919=CARTESIAN_POINT('',(-0.0291267113816832,0.00741546645452667,0.005));
#5920=CARTESIAN_POINT('',(-0.0194759990595038,-0.0155984582851723,0.005));
#5921=CARTESIAN_POINT('',(-0.0194759990595038,-0.0155984582851723,0.005));
#5922=CARTESIAN_POINT('',(-0.042291,0.028956,0.005));
#5923=CARTESIAN_POINT('',(-0.042291,0.028956,0.));
#5924=CARTESIAN_POINT('',(-0.0458045762961372,0.0274826088057741,0.));
#5925=CARTESIAN_POINT('',(-0.0458045762961372,0.0274826088057741,0.005));
#5926=CARTESIAN_POINT('',(-0.0458045762961372,0.0274826088057741,0.005));
#5927=CARTESIAN_POINT('',(-0.042291,0.028956,0.005));
#5928=CARTESIAN_POINT('',(-0.0361538639739577,0.00446868406607494,0.005));
#5929=CARTESIAN_POINT('',(-0.0361538639739577,0.00446868406607494,0.));
#5930=CARTESIAN_POINT('',(-0.0265031516517783,-0.018545240673624,0.));
#5931=CARTESIAN_POINT('',(-0.0265031516517783,-0.018545240673624,0.005));
#5932=CARTESIAN_POINT('',(-0.0265031516517783,-0.018545240673624,0.005));
#5933=CARTESIAN_POINT('',(-0.0361538639739577,0.00446868406607494,0.005));
#5934=CARTESIAN_POINT('',(-0.022989575355641,-0.0170718494793981,0.005));
#5935=CARTESIAN_POINT('',(-0.022989575355641,-0.0170718494793981,0.005));
#5936=CARTESIAN_POINT('',(-0.019814575355641,-0.0170718494793981,0.005));
#5937=CARTESIAN_POINT('',(-0.022989575355641,-0.0170718494793981,0.));
#5938=CARTESIAN_POINT('',(-0.019814575355641,-0.0170718494793981,0.));
#5939=CARTESIAN_POINT('',(-0.022989575355641,-0.0170718494793981,0.005));
#5940=CARTESIAN_POINT('',(-0.022989575355641,-0.0170718494793981,0.));
#5941=CARTESIAN_POINT('',(-0.022989575355641,-0.0170718494793981,0.005));
#5942=CARTESIAN_POINT('',(-0.042291,0.028956,0.005));
#5943=CARTESIAN_POINT('',(-0.042291,0.028956,0.005));
#5944=CARTESIAN_POINT('',(-0.039116,0.028956,0.005));
#5945=CARTESIAN_POINT('',(-0.042291,0.028956,0.));
#5946=CARTESIAN_POINT('',(-0.039116,0.028956,0.));
#5947=CARTESIAN_POINT('',(-0.0326402876778205,0.00594207526030093,0.005));
#5948=CARTESIAN_POINT('',(-0.0326402876778205,0.00594207526030093,0.));
#5949=CARTESIAN_POINT('',(0.0435973654925787,-0.0956874084649078,0.022));
#5950=CARTESIAN_POINT('',(-0.0465148787312582,0.006801595765232,0.005));
#5951=CARTESIAN_POINT('',(-0.0465148787312582,0.006801595765232,0.));
#5952=CARTESIAN_POINT('',(-0.0561655910534377,0.0298155205049311,0.));
#5953=CARTESIAN_POINT('',(-0.0368641664090788,-0.0162123289744671,0.));
#5954=CARTESIAN_POINT('',(-0.0561655910534377,0.0298155205049311,0.005));
#5955=CARTESIAN_POINT('',(-0.0561655910534377,0.0298155205049311,0.005));
#5956=CARTESIAN_POINT('',(-0.0465148787312582,0.006801595765232,0.005));
#5957=CARTESIAN_POINT('',(-0.0368641664090788,-0.0162123289744671,0.005));
#5958=CARTESIAN_POINT('',(-0.0368641664090788,-0.0162123289744671,0.005));
#5959=CARTESIAN_POINT('',(-0.059679167349575,0.0283421293107053,0.005));
#5960=CARTESIAN_POINT('',(-0.059679167349575,0.0283421293107053,0.));
#5961=CARTESIAN_POINT('',(-0.0631927436457122,0.0268687381164794,0.));
#5962=CARTESIAN_POINT('',(-0.0631927436457122,0.0268687381164794,0.005));
#5963=CARTESIAN_POINT('',(-0.0631927436457122,0.0268687381164794,0.005));
#5964=CARTESIAN_POINT('',(-0.059679167349575,0.0283421293107053,0.005));
#5965=CARTESIAN_POINT('',(-0.0535420313235327,0.00385481337678026,0.005));
#5966=CARTESIAN_POINT('',(-0.0535420313235327,0.00385481337678026,0.));
#5967=CARTESIAN_POINT('',(-0.0438913190013532,-0.0191591113629188,0.));
#5968=CARTESIAN_POINT('',(-0.0438913190013532,-0.0191591113629188,0.005));
#5969=CARTESIAN_POINT('',(-0.0438913190013532,-0.0191591113629188,0.005));
#5970=CARTESIAN_POINT('',(-0.0535420313235327,0.00385481337678026,0.005));
#5971=CARTESIAN_POINT('',(-0.040377742705216,-0.0176857201686929,0.005));
#5972=CARTESIAN_POINT('',(-0.040377742705216,-0.0176857201686929,0.005));
#5973=CARTESIAN_POINT('',(-0.037202742705216,-0.0176857201686929,0.005));
#5974=CARTESIAN_POINT('',(-0.040377742705216,-0.0176857201686929,0.));
#5975=CARTESIAN_POINT('',(-0.037202742705216,-0.0176857201686929,0.));
#5976=CARTESIAN_POINT('',(-0.040377742705216,-0.0176857201686929,0.005));
#5977=CARTESIAN_POINT('',(-0.040377742705216,-0.0176857201686929,0.));
#5978=CARTESIAN_POINT('',(-0.040377742705216,-0.0176857201686929,0.005));
#5979=CARTESIAN_POINT('',(-0.059679167349575,0.0283421293107053,0.005));
#5980=CARTESIAN_POINT('',(-0.059679167349575,0.0283421293107053,0.005));
#5981=CARTESIAN_POINT('',(-0.056504167349575,0.0283421293107053,0.005));
#5982=CARTESIAN_POINT('',(-0.059679167349575,0.0283421293107053,0.));
#5983=CARTESIAN_POINT('',(-0.056504167349575,0.0283421293107053,0.));
#5984=CARTESIAN_POINT('',(-0.0500284550273955,0.0053282045710062,0.005));
#5985=CARTESIAN_POINT('',(-0.0500284550273955,0.0053282045710062,0.));
#5986=CARTESIAN_POINT('',(0.0478148169095947,-0.0998746134357985,0.022));
#5987=CARTESIAN_POINT('',(0.0134608386264837,0.017844263152951,0.005));
#5988=CARTESIAN_POINT('',(0.00424566163205528,0.00910524072699521,0.005));
#5989=CARTESIAN_POINT('',(0.00424566163205528,0.00910524072699521,0.00125));
#5990=CARTESIAN_POINT('',(0.00424566163205528,0.00910524072699521,0.));
#5991=CARTESIAN_POINT('',(0.0134608386264837,0.017844263152951,0.00125));
#5992=CARTESIAN_POINT('',(0.010906291135561,0.00540383361387874,0.00125));
#5993=CARTESIAN_POINT('',(0.010906291135561,0.00540383361387874,0.005));
#5994=CARTESIAN_POINT('',(0.010906291135561,0.00540383361387874,0.));
#5995=CARTESIAN_POINT('',(0.0134608386264837,0.017844263152951,0.));
#5996=CARTESIAN_POINT('',(-0.00234303056288195,-0.00275101725327521,0.005));
#5997=CARTESIAN_POINT('',(-0.00234303056288195,-0.00275101725327521,0.));
#5998=CARTESIAN_POINT('',(-0.00893172275781917,-0.0146072752335456,0.));
#5999=CARTESIAN_POINT('',(-0.00893172275781917,-0.0146072752335456,0.005));
#6000=CARTESIAN_POINT('',(-0.00893172275781917,-0.0146072752335456,0.005));
#6001=CARTESIAN_POINT('',(-0.00234303056288195,-0.00275101725327521,0.005));
#6002=CARTESIAN_POINT('',(0.00424566163205528,0.00910524072699521,0.005));
#6003=CARTESIAN_POINT('',(0.00424566163205528,0.00910524072699521,0.005));
#6004=CARTESIAN_POINT('',(0.00424566163205528,0.00910524072699521,0.0025));
#6005=CARTESIAN_POINT('',(0.00718809275339298,0.0144001037182521,0.0025));
#6006=CARTESIAN_POINT('',(0.0101305238747308,0.0196949667095092,0.0025));
#6007=CARTESIAN_POINT('',(0.0101305238747308,0.0196949667095092,0.0025));
#6008=CARTESIAN_POINT('',(0.0101305238747308,0.0196949667095092,0.00125));
#6009=CARTESIAN_POINT('',(0.00718809275339298,0.0144001037182521,0.00125));
#6010=CARTESIAN_POINT('',(-0.00560140800606616,-0.0164579787901034,0.005));
#6011=CARTESIAN_POINT('',(-0.00560140800606616,-0.0164579787901034,0.));
#6012=CARTESIAN_POINT('',(-0.00227109325431345,-0.0183086823466621,0.));
#6013=CARTESIAN_POINT('',(-0.00227109325431345,-0.0183086823466621,0.005));
#6014=CARTESIAN_POINT('',(-0.00227109325431345,-0.0183086823466621,0.005));
#6015=CARTESIAN_POINT('',(-0.00560140800606616,-0.0164579787901034,0.005));
#6016=CARTESIAN_POINT('',(0.00431759894062377,-0.00645242436639168,0.005));
#6017=CARTESIAN_POINT('',(0.00431759894062377,-0.00645242436639168,0.));
#6018=CARTESIAN_POINT('',(0.0138487222568987,0.0106986966051356,0.00125));
#6019=CARTESIAN_POINT('',(0.0167911533782365,0.0159935595963928,0.00125));
#6020=CARTESIAN_POINT('',(0.0167911533782365,0.0159935595963928,0.0025));
#6021=CARTESIAN_POINT('',(0.0167911533782365,0.0159935595963928,0.0025));
#6022=CARTESIAN_POINT('',(0.0138487222568987,0.0106986966051356,0.0025));
#6023=CARTESIAN_POINT('',(0.010906291135561,0.00540383361387874,0.0025));
#6024=CARTESIAN_POINT('',(0.010906291135561,0.00540383361387874,0.005));
#6025=CARTESIAN_POINT('',(0.010906291135561,0.00540383361387874,0.005));
#6026=CARTESIAN_POINT('',(0.00431759894062377,-0.00645242436639168,0.005));
#6027=CARTESIAN_POINT('',(0.0134608386264837,0.017844263152951,0.005));
#6028=CARTESIAN_POINT('',(0.0134608386264837,0.017844263152951,0.0025));
#6029=CARTESIAN_POINT('',(0.0134608386264837,0.017844263152951,0.005));
#6030=CARTESIAN_POINT('',(-0.00560140800606616,-0.0164579787901034,0.005));
#6031=CARTESIAN_POINT('',(-0.00560140800606616,-0.0164579787901034,0.005));
#6032=CARTESIAN_POINT('',(-0.00242640800606616,-0.0164579787901034,0.005));
#6033=CARTESIAN_POINT('',(-0.00560140800606616,-0.0164579787901034,0.));
#6034=CARTESIAN_POINT('',(-0.00242640800606616,-0.0164579787901034,0.));
#6035=CARTESIAN_POINT('',(0.00392971531020877,0.000693142181423766,0.005));
#6036=CARTESIAN_POINT('',(0.00392971531020877,0.000693142181423766,0.));
#6037=CARTESIAN_POINT('',(0.0134608386264837,0.017844263152951,0.0025));
#6038=CARTESIAN_POINT('',(0.0134608386264837,0.017844263152951,0.00125));
#6039=CARTESIAN_POINT('',(0.0134608386264837,0.017844263152951,0.0025));
#6040=CARTESIAN_POINT('',(0.0134608386264837,0.017844263152951,0.0025));
#6041=CARTESIAN_POINT('',(0.0134608386264837,0.017844263152951,0.0025));
#6042=CARTESIAN_POINT('',(0.0166358386264837,0.017844263152951,0.0025));
#6043=CARTESIAN_POINT('',(0.0134608386264837,0.017844263152951,0.00125));
#6044=CARTESIAN_POINT('',(0.0166358386264837,0.017844263152951,0.00125));
#6045=CARTESIAN_POINT('',(0.00392971531020877,0.000693142181423766,0.0025));
#6046=CARTESIAN_POINT('',(0.00392971531020877,0.000693142181423766,0.00125));
#6047=CARTESIAN_POINT('',(0.0403375474755841,-0.0887184434125276,0.022));
#6048=CARTESIAN_POINT('',(-0.00500307626573796,0.0385594410933597,0.));
#6049=CARTESIAN_POINT('',(-0.0234669911579597,0.0592746190337685,0.));
#6050=CARTESIAN_POINT('',(-0.0202919911579597,0.0592746190337685,0.));
#6051=CARTESIAN_POINT('',(-0.0147708069999379,0.0552441949514232,0.));
#6052=CARTESIAN_POINT('',(-0.00891881203281905,0.0486786795795281,0.));
#6053=CARTESIAN_POINT('',(-0.0206228019670569,0.0618097103233183,0.));
#6054=CARTESIAN_POINT('',(0.0134608386264831,0.0178442631529516,0.));
#6055=CARTESIAN_POINT('',(-0.0146071904146246,0.0436084970004284,0.));
#6056=CARTESIAN_POINT('',(-0.0204591853817436,0.0501740123723235,0.));
#6057=CARTESIAN_POINT('',(-0.0263111803488624,0.0567395277442186,0.));
#6058=CARTESIAN_POINT('',(-0.0234669911579597,0.0592746190337685,0.));
#6059=CARTESIAN_POINT('',(-0.0204591853817436,0.0501740123723235,0.005));
#6060=CARTESIAN_POINT('',(-0.0146071904146246,0.0436084970004284,0.00125));
#6061=CARTESIAN_POINT('',(-0.0146071904146246,0.0436084970004284,0.00125));
#6062=CARTESIAN_POINT('',(0.00658611116846048,0.0198311444724819,0.00125));
#6063=CARTESIAN_POINT('',(0.010616649435581,0.0153091718634011,0.00125));
#6064=CARTESIAN_POINT('',(0.010616649435581,0.0153091718634011,0.0025));
#6065=CARTESIAN_POINT('',(0.010616649435581,0.0153091718634011,0.0025));
#6066=CARTESIAN_POINT('',(0.00658611116846048,0.0198311444724819,0.0025));
#6067=CARTESIAN_POINT('',(0.00255557290134001,0.0243531170815629,0.0025));
#6068=CARTESIAN_POINT('',(0.00255557290134001,0.0243531170815629,0.005));
#6069=CARTESIAN_POINT('',(0.00255557290134001,0.0243531170815629,0.005));
#6070=CARTESIAN_POINT('',(-0.0204591853817436,0.0501740123723235,0.005));
#6071=CARTESIAN_POINT('',(-0.0263111803488624,0.0567395277442186,0.005));
#6072=CARTESIAN_POINT('',(-0.0263111803488624,0.0567395277442186,0.005));
#6073=CARTESIAN_POINT('',(0.0134608386264837,0.017844263152951,0.005));
#6074=CARTESIAN_POINT('',(0.0134608386264837,0.017844263152951,0.0025));
#6075=CARTESIAN_POINT('',(0.0082439512831456,0.0294232996606626,0.0025));
#6076=CARTESIAN_POINT('',(0.0082439512831456,0.0294232996606626,0.005));
#6077=CARTESIAN_POINT('',(0.0082439512831456,0.0294232996606626,0.005));
#6078=CARTESIAN_POINT('',(0.0134608386264837,0.017844263152951,0.005));
#6079=CARTESIAN_POINT('',(-0.0147708069999379,0.0552441949514232,0.005));
#6080=CARTESIAN_POINT('',(0.0122744895502661,0.0249013270515817,0.00125));
#6081=CARTESIAN_POINT('',(0.0163050278173866,0.0203793544425008,0.00125));
#6082=CARTESIAN_POINT('',(-0.00891881203281905,0.0486786795795281,0.00125));
#6083=CARTESIAN_POINT('',(-0.00891881203281905,0.0486786795795281,0.00125));
#6084=CARTESIAN_POINT('',(-0.0206228019670569,0.0618097103233183,0.005));
#6085=CARTESIAN_POINT('',(-0.0206228019670569,0.0618097103233183,0.005));
#6086=CARTESIAN_POINT('',(-0.0147708069999379,0.0552441949514232,0.005));
#6087=CARTESIAN_POINT('',(0.0122744895502661,0.0249013270515817,0.0025));
#6088=CARTESIAN_POINT('',(0.0163050278173866,0.0203793544425008,0.0025));
#6089=CARTESIAN_POINT('',(0.0163050278173866,0.0203793544425008,0.0025));
#6090=CARTESIAN_POINT('',(-0.0234669911579597,0.0592746190337685,0.005));
#6091=CARTESIAN_POINT('',(-0.0234669911579597,0.0592746190337685,0.005));
#6092=CARTESIAN_POINT('',(-0.0234669911579597,0.0592746190337685,0.005));
#6093=CARTESIAN_POINT('',(-0.0234669911579597,0.0592746190337685,0.005));
#6094=CARTESIAN_POINT('',(-0.0202919911579597,0.0592746190337685,0.005));
#6095=CARTESIAN_POINT('',(-0.00500307626573796,0.0385594410933597,0.005));
#6096=CARTESIAN_POINT('',(0.0134608386264837,0.017844263152951,0.0025));
#6097=CARTESIAN_POINT('',(0.0134608386264837,0.017844263152951,0.00125));
#6098=CARTESIAN_POINT('',(0.0134608386264837,0.017844263152951,0.0025));
#6099=CARTESIAN_POINT('',(0.0134608386264837,0.017844263152951,0.0025));
#6100=CARTESIAN_POINT('',(0.0134608386264837,0.017844263152951,0.0025));
#6101=CARTESIAN_POINT('',(0.0166358386264837,0.017844263152951,0.0025));
#6102=CARTESIAN_POINT('',(0.0134608386264837,0.017844263152951,0.00125));
#6103=CARTESIAN_POINT('',(0.0166358386264837,0.017844263152951,0.00125));
#6104=CARTESIAN_POINT('',(-0.00500307626573796,0.0385594410933597,0.0025));
#6105=CARTESIAN_POINT('',(-0.00500307626573796,0.0385594410933597,0.00125));
#6106=CARTESIAN_POINT('',(0.0134608386264831,0.0178442631529516,0.00125));
#6107=CARTESIAN_POINT('',(0.0134608386264831,0.0178442631529516,0.00125));
#6108=CARTESIAN_POINT('',(-0.00280658184712821,-0.0944570340352588,0.017));
#6109=CARTESIAN_POINT('',(-0.0440640071228311,0.0366698401790613,-0.003));
#6110=CARTESIAN_POINT('',(-0.0408832441738102,0.0393868521783255,-0.003));
#6111=CARTESIAN_POINT('',(-0.0408832441738102,0.0393868521783255,-0.003));
#6112=CARTESIAN_POINT('',(-0.0408832441738102,0.0393868521783255,0.01));
#6113=CARTESIAN_POINT('',(-0.0440640071228311,0.0366698401790613,0.01));
#6114=CARTESIAN_POINT('',(-0.047244770071852,0.0339528281797971,0.01));
#6115=CARTESIAN_POINT('',(-0.047244770071852,0.0339528281797971,-0.003));
#6116=CARTESIAN_POINT('',(-0.047244770071852,0.0339528281797971,-0.003));
#6117=CARTESIAN_POINT('',(-0.0440640071228311,0.0366698401790613,-0.003));
#6118=CARTESIAN_POINT('',(-0.0407182708952872,0.0391937205719703,-0.003));
#6119=CARTESIAN_POINT('',(-0.0407182708952872,0.0391937205719703,0.));
#6120=CARTESIAN_POINT('',(-0.0405024800124846,0.0390597418613507,0.));
#6121=CARTESIAN_POINT('',(-0.0404985248044236,0.0393211083875186,0.));
#6122=CARTESIAN_POINT('',(-0.0404985248044236,0.0393211083875186,0.007));
#6123=CARTESIAN_POINT('',(-0.0404985248044236,0.0393211083875186,0.007));
#6124=CARTESIAN_POINT('',(-0.0407182708952872,0.0391937205719703,0.007));
#6125=CARTESIAN_POINT('',(-0.0405024800124846,0.0390597418613507,0.007));
#6126=CARTESIAN_POINT('',(-0.0405024800124846,0.0390597418613507,0.01));
#6127=CARTESIAN_POINT('',(-0.0405024800124846,0.0390597418613507,0.01));
#6128=CARTESIAN_POINT('',(-0.0407182708952872,0.0391937205719703,0.01));
#6129=CARTESIAN_POINT('',(-0.0407182708952872,0.0391937205719703,-0.003));
#6130=CARTESIAN_POINT('',(-0.0405024800124846,0.0390597418613507,-0.003));
#6131=CARTESIAN_POINT('',(-0.0405024800124846,0.0390597418613507,-0.003));
#6132=CARTESIAN_POINT('',(-0.042372099841131,0.0360484655812359,-0.003));
#6133=CARTESIAN_POINT('',(-0.042372099841131,0.0360484655812359,0.));
#6134=CARTESIAN_POINT('',(-0.0442417196697773,0.033037189301121,0.));
#6135=CARTESIAN_POINT('',(-0.042372099841131,0.0360484655812359,-0.003));
#6136=CARTESIAN_POINT('',(-0.0442417196697773,0.033037189301121,-0.003));
#6137=CARTESIAN_POINT('',(-0.0442417196697773,0.033037189301121,-0.003));
#6138=CARTESIAN_POINT('',(-0.0448890923181852,0.0334391254329796,-0.003));
#6139=CARTESIAN_POINT('',(-0.0448890923181852,0.0334391254329796,0.));
#6140=CARTESIAN_POINT('',(-0.0448622074704789,0.0326775998556259,0.));
#6141=CARTESIAN_POINT('',(-0.0448890923181852,0.0334391254329796,-0.003));
#6142=CARTESIAN_POINT('',(-0.0448622074704789,0.0326775998556259,-0.003));
#6143=CARTESIAN_POINT('',(-0.0448622074704789,0.0326775998556259,-0.003));
#6144=CARTESIAN_POINT('',(-0.0457925864295277,0.0326447538195018,-0.003));
#6145=CARTESIAN_POINT('',(-0.0457925864295277,0.0326447538195018,0.));
#6146=CARTESIAN_POINT('',(-0.0467229653885766,0.0326119077833776,0.));
#6147=CARTESIAN_POINT('',(-0.0457925864295277,0.0326447538195018,-0.003));
#6148=CARTESIAN_POINT('',(-0.0467229653885766,0.0326119077833776,-0.003));
#6149=CARTESIAN_POINT('',(-0.0467229653885766,0.0326119077833776,-0.003));
#6150=CARTESIAN_POINT('',(-0.0282071507943978,0.0602363483310057,-0.003));
#6151=CARTESIAN_POINT('',(-0.0282071507943978,0.0602363483310057,0.));
#6152=CARTESIAN_POINT('',(-0.0259415903358047,0.0621715931290977,0.));
#6153=CARTESIAN_POINT('',(-0.0304727112529911,0.0583011035329138,0.));
#6154=CARTESIAN_POINT('',(-0.0259415903358047,0.0621715931290977,-0.003));
#6155=CARTESIAN_POINT('',(-0.0259415903358047,0.0621715931290977,-0.003));
#6156=CARTESIAN_POINT('',(-0.0282071507943978,0.0602363483310057,-0.003));
#6157=CARTESIAN_POINT('',(-0.06215376652742,0.0312391034060346,-0.003));
#6158=CARTESIAN_POINT('',(-0.06215376652742,0.0312391034060346,-0.003));
#6159=CARTESIAN_POINT('',(-0.06215376652742,0.0312391034060346,0.));
#6160=CARTESIAN_POINT('',(-0.0282071507943978,0.0602363483310057,0.));
#6161=CARTESIAN_POINT('',(-0.057303750434767,0.035381993691027,0.));
#6162=CARTESIAN_POINT('',(-0.057303750434767,0.035381993691027,0.007));
#6163=CARTESIAN_POINT('',(-0.057303750434767,0.035381993691027,0.007));
#6164=CARTESIAN_POINT('',(-0.0282071507943978,0.0602363483310057,0.007));
#6165=CARTESIAN_POINT('',(-0.06215376652742,0.0312391034060346,0.007));
#6166=CARTESIAN_POINT('',(-0.06215376652742,0.0312391034060346,0.01));
#6167=CARTESIAN_POINT('',(-0.06215376652742,0.0312391034060346,0.01));
#6168=CARTESIAN_POINT('',(-0.0282071507943978,0.0602363483310057,0.01));
#6169=CARTESIAN_POINT('',(-0.0259415903358047,0.0621715931290977,0.01));
#6170=CARTESIAN_POINT('',(-0.0259415903358047,0.0621715931290977,0.01));
#6171=CARTESIAN_POINT('',(-0.0259415903358047,0.0621715931290977,0.007));
#6172=CARTESIAN_POINT('',(-0.0282071507943978,0.0602363483310057,0.007));
#6173=CARTESIAN_POINT('',(-0.030472711252991,0.0583011035329138,0.007));
#6174=CARTESIAN_POINT('',(-0.0304727112529911,0.0583011035329138,0.007));
#6175=CARTESIAN_POINT('',(-0.059679167349575,0.0283421293107053,-0.003));
#6176=CARTESIAN_POINT('',(-0.059679167349575,0.0283421293107053,0.));
#6177=CARTESIAN_POINT('',(-0.0596837971877296,0.0245321321237511,0.));
#6178=CARTESIAN_POINT('',(-0.059679167349575,0.0283421293107053,-0.003));
#6179=CARTESIAN_POINT('',(-0.0596837971877296,0.0245321321237511,-0.003));
#6180=CARTESIAN_POINT('',(-0.0596837971877296,0.0245321321237511,-0.003));
#6181=CARTESIAN_POINT('',(-0.0509900993327883,0.024521567702819,-0.003));
#6182=CARTESIAN_POINT('',(-0.0509900993327883,0.024521567702819,0.));
#6183=CARTESIAN_POINT('',(-0.0422964014778471,0.0245110032818868,0.));
#6184=CARTESIAN_POINT('',(-0.0509900993327883,0.024521567702819,-0.003));
#6185=CARTESIAN_POINT('',(-0.0422964014778471,0.0245110032818868,-0.003));
#6186=CARTESIAN_POINT('',(-0.0422964014778471,0.0245110032818868,-0.003));
#6187=CARTESIAN_POINT('',(-0.042291,0.028956,-0.003));
#6188=CARTESIAN_POINT('',(-0.042291,0.028956,0.));
#6189=CARTESIAN_POINT('',(-0.0384735380662364,0.0266789384320432,0.));
#6190=CARTESIAN_POINT('',(-0.042291,0.028956,-0.003));
#6191=CARTESIAN_POINT('',(-0.0384735380662364,0.0266789384320432,-0.003));
#6192=CARTESIAN_POINT('',(-0.0384735380662364,0.0266789384320432,-0.003));
#6193=CARTESIAN_POINT('',(-0.0293342094976279,0.0420008952037814,-0.003));
#6194=CARTESIAN_POINT('',(-0.0293342094976279,0.0420008952037814,0.));
#6195=CARTESIAN_POINT('',(-0.0201948809290194,0.0573228519755197,0.));
#6196=CARTESIAN_POINT('',(-0.0293342094976279,0.0420008952037814,-0.003));
#6197=CARTESIAN_POINT('',(-0.0201948809290194,0.0573228519755197,-0.003));
#6198=CARTESIAN_POINT('',(-0.0201948809290194,0.0573228519755197,-0.003));
#6199=CARTESIAN_POINT('',(-0.046749850236283,0.0333734333607313,-0.003));
#6200=CARTESIAN_POINT('',(-0.046749850236283,0.0333734333607313,0.01));
#6201=CARTESIAN_POINT('',(-0.0467229653885766,0.0326119077833776,0.01));
#6202=CARTESIAN_POINT('',(-0.0467229653885766,0.0326119077833776,0.01));
#6203=CARTESIAN_POINT('',(-0.0467229653885766,0.0326119077833776,0.007));
#6204=CARTESIAN_POINT('',(-0.046749850236283,0.0333734333607313,0.007));
#6205=CARTESIAN_POINT('',(-0.0475115305837752,0.0333513641911929,0.007));
#6206=CARTESIAN_POINT('',(-0.0475115305837752,0.0333513641911929,0.007));
#6207=CARTESIAN_POINT('',(-0.0475115305837752,0.0333513641911929,0.));
#6208=CARTESIAN_POINT('',(-0.046749850236283,0.0333734333607313,0.));
#6209=CARTESIAN_POINT('',(-0.046749850236283,0.0333734333607313,-0.003));
#6210=CARTESIAN_POINT('',(-0.0234669911579596,0.0592746190337685,-0.003));
#6211=CARTESIAN_POINT('',(-0.0234669911579596,0.0592746190337685,0.));
#6212=CARTESIAN_POINT('',(-0.0234669911579596,0.0592746190337685,-0.003));
#6213=CARTESIAN_POINT('',(-0.042291,0.028956,-0.003));
#6214=CARTESIAN_POINT('',(-0.042291,0.028956,-0.003));
#6215=CARTESIAN_POINT('',(-0.039116,0.028956,-0.003));
#6216=CARTESIAN_POINT('',(-0.042291,0.028956,0.));
#6217=CARTESIAN_POINT('',(-0.039116,0.028956,0.));
#6218=CARTESIAN_POINT('',(-0.0415730792537673,0.0437978095168843,-0.003));
#6219=CARTESIAN_POINT('',(-0.0415730792537673,0.0437978095168843,0.));
#6220=CARTESIAN_POINT('',(-0.0354897797986695,0.0491859029703768,0.));
#6221=CARTESIAN_POINT('',(-0.040506848344348,0.0400707024078398,0.));
#6222=CARTESIAN_POINT('',(-0.039839286531833,0.0397032718341639,0.));
#6223=CARTESIAN_POINT('',(-0.0482732109312674,0.0333292950216545,0.));
#6224=CARTESIAN_POINT('',(-0.0481660235179252,0.0340837185488731,0.));
#6225=CARTESIAN_POINT('',(-0.0527348869763461,0.03473285611995,0.));
#6226=CARTESIAN_POINT('',(-0.059679167349575,0.0283421293107053,0.));
#6227=CARTESIAN_POINT('',(-0.057139167349575,0.0283421293107053,0.));
#6228=CARTESIAN_POINT('',(-0.0234669911579597,0.0592746190337685,0.));
#6229=CARTESIAN_POINT('',(-0.0209269911579597,0.0592746190337685,0.));
#6230=CARTESIAN_POINT('',(-0.0415730792537673,0.0437978095168843,0.007));
#6231=CARTESIAN_POINT('',(-0.0234669911579597,0.0592746190337685,0.007));
#6232=CARTESIAN_POINT('',(-0.0209269911579597,0.0592746190337685,0.007));
#6233=CARTESIAN_POINT('',(-0.059679167349575,0.0283421293107053,0.007));
#6234=CARTESIAN_POINT('',(-0.057139167349575,0.0283421293107053,0.007));
#6235=CARTESIAN_POINT('',(-0.042291,0.028956,0.007));
#6236=CARTESIAN_POINT('',(-0.039116,0.028956,0.007));
#6237=CARTESIAN_POINT('',(-0.0527348869763461,0.03473285611995,0.007));
#6238=CARTESIAN_POINT('',(-0.0481660235179252,0.0340837185488731,0.007));
#6239=CARTESIAN_POINT('',(-0.0482732109312674,0.0333292950216545,0.007));
#6240=CARTESIAN_POINT('',(-0.0457925864295277,0.0326447538195018,0.007));
#6241=CARTESIAN_POINT('',(-0.0448622074704789,0.0326775998556259,0.007));
#6242=CARTESIAN_POINT('',(-0.0448890923181852,0.0334391254329796,0.007));
#6243=CARTESIAN_POINT('',(-0.0442417196697773,0.033037189301121,0.007));
#6244=CARTESIAN_POINT('',(-0.042372099841131,0.0360484655812359,0.007));
#6245=CARTESIAN_POINT('',(-0.039839286531833,0.0397032718341639,0.007));
#6246=CARTESIAN_POINT('',(-0.040506848344348,0.0400707024078398,0.007));
#6247=CARTESIAN_POINT('',(-0.0354897797986695,0.0491859029703768,0.007));
#6248=CARTESIAN_POINT('',(-0.0234669911579596,0.0592746190337685,0.007));
#6249=CARTESIAN_POINT('',(-0.0201948809290194,0.0573228519755197,0.007));
#6250=CARTESIAN_POINT('',(-0.0293342094976279,0.0420008952037814,0.007));
#6251=CARTESIAN_POINT('',(-0.0384735380662364,0.0266789384320432,0.007));
#6252=CARTESIAN_POINT('',(-0.042291,0.028956,0.007));
#6253=CARTESIAN_POINT('',(-0.0422964014778471,0.0245110032818868,0.007));
#6254=CARTESIAN_POINT('',(-0.0509900993327883,0.024521567702819,0.007));
#6255=CARTESIAN_POINT('',(-0.0596837971877296,0.0245321321237511,0.007));
#6256=CARTESIAN_POINT('',(-0.059679167349575,0.0283421293107053,0.007));
#6257=CARTESIAN_POINT('',(-0.042372099841131,0.0360484655812359,0.01));
#6258=CARTESIAN_POINT('',(-0.0442417196697773,0.033037189301121,0.01));
#6259=CARTESIAN_POINT('',(-0.0442417196697773,0.033037189301121,0.01));
#6260=CARTESIAN_POINT('',(-0.042372099841131,0.0360484655812359,0.01));
#6261=CARTESIAN_POINT('',(-0.0448890923181852,0.0334391254329796,0.01));
#6262=CARTESIAN_POINT('',(-0.0448622074704789,0.0326775998556259,0.01));
#6263=CARTESIAN_POINT('',(-0.0448622074704789,0.0326775998556259,0.01));
#6264=CARTESIAN_POINT('',(-0.0448890923181852,0.0334391254329796,0.01));
#6265=CARTESIAN_POINT('',(-0.0457925864295277,0.0326447538195018,0.01));
#6266=CARTESIAN_POINT('',(-0.0457925864295277,0.0326447538195018,0.01));
#6267=CARTESIAN_POINT('',(-0.059679167349575,0.0283421293107053,0.01));
#6268=CARTESIAN_POINT('',(-0.0596837971877296,0.0245321321237511,0.01));
#6269=CARTESIAN_POINT('',(-0.0596837971877296,0.0245321321237511,0.01));
#6270=CARTESIAN_POINT('',(-0.059679167349575,0.0283421293107053,0.01));
#6271=CARTESIAN_POINT('',(-0.0509900993327883,0.024521567702819,0.01));
#6272=CARTESIAN_POINT('',(-0.0422964014778471,0.0245110032818868,0.01));
#6273=CARTESIAN_POINT('',(-0.0422964014778471,0.0245110032818868,0.01));
#6274=CARTESIAN_POINT('',(-0.0509900993327883,0.024521567702819,0.01));
#6275=CARTESIAN_POINT('',(-0.042291,0.028956,0.01));
#6276=CARTESIAN_POINT('',(-0.0384735380662364,0.0266789384320432,0.01));
#6277=CARTESIAN_POINT('',(-0.0384735380662364,0.0266789384320432,0.01));
#6278=CARTESIAN_POINT('',(-0.042291,0.028956,0.01));
#6279=CARTESIAN_POINT('',(-0.0293342094976279,0.0420008952037814,0.01));
#6280=CARTESIAN_POINT('',(-0.0201948809290194,0.0573228519755197,0.01));
#6281=CARTESIAN_POINT('',(-0.0201948809290194,0.0573228519755197,0.01));
#6282=CARTESIAN_POINT('',(-0.0293342094976279,0.0420008952037814,0.01));
#6283=CARTESIAN_POINT('',(-0.0234669911579596,0.0592746190337685,0.01));
#6284=CARTESIAN_POINT('',(-0.0234669911579596,0.0592746190337685,0.01));
#6285=CARTESIAN_POINT('',(-0.042291,0.028956,0.01));
#6286=CARTESIAN_POINT('',(-0.042291,0.028956,0.01));
#6287=CARTESIAN_POINT('',(-0.039116,0.028956,0.01));
#6288=CARTESIAN_POINT('',(-0.0415730792537673,0.0437978095168843,0.01));
#6289=CARTESIAN_POINT('',(-0.0354897797986695,0.0491859029703768,0.007));
#6290=CARTESIAN_POINT('',(-0.040506848344348,0.0400707024078398,0.007));
#6291=CARTESIAN_POINT('',(-0.0527348869763461,0.03473285611995,0.007));
#6292=CARTESIAN_POINT('',(-0.0481660235179252,0.0340837185488731,0.007));
#6293=CARTESIAN_POINT('',(-0.0482732109312674,0.0333292950216545,0.007));
#6294=CARTESIAN_POINT('',(-0.039839286531833,0.0397032718341639,0.007));
#6295=CARTESIAN_POINT('',(-0.059679167349575,0.0283421293107053,0.007));
#6296=CARTESIAN_POINT('',(-0.0234669911579597,0.0592746190337685,0.007));
#6297=CARTESIAN_POINT('',(0.0262769720019054,-0.0931380840070347,0.023));
#6298=CARTESIAN_POINT('',(0.,0.,0.));
#6299=CARTESIAN_POINT('',(0.000813062558540438,-0.0680672660348371,0.017));
#6300=CARTESIAN_POINT('',(-0.000870326378149344,-0.0974830295529412,0.016));
#6301=CARTESIAN_POINT('',(-0.0234669911579597,0.0592746190337685,0.005));
#6302=CARTESIAN_POINT('',(-0.0234669911579597,0.0592746190337685,0.));
#6303=CARTESIAN_POINT('',(-0.0206228019670569,0.0618097103233183,0.));
#6304=CARTESIAN_POINT('',(-0.0263111803488624,0.0567395277442186,0.));
#6305=CARTESIAN_POINT('',(-0.0263111803488624,0.0567395277442186,0.005));
#6306=CARTESIAN_POINT('',(-0.0263111803488624,0.0567395277442186,0.005));
#6307=CARTESIAN_POINT('',(-0.0234669911579597,0.0592746190337685,0.005));
#6308=CARTESIAN_POINT('',(-0.0206228019670569,0.0618097103233183,0.005));
#6309=CARTESIAN_POINT('',(-0.0206228019670569,0.0618097103233183,0.005));
#6310=CARTESIAN_POINT('',(-0.0156452014425944,0.0447730703465479,0.005));
#6311=CARTESIAN_POINT('',(-0.0156452014425944,0.0447730703465479,0.));
#6312=CARTESIAN_POINT('',(0.010616649435581,0.0153091718634011,0.));
#6313=CARTESIAN_POINT('',(0.010616649435581,0.0153091718634011,0.00125));
#6314=CARTESIAN_POINT('',(0.010616649435581,0.0153091718634011,0.00125));
#6315=CARTESIAN_POINT('',(0.00614516870025091,0.0203258500505656,0.00125));
#6316=CARTESIAN_POINT('',(-0.00497922253632638,0.0328066129488771,0.00125));
#6317=CARTESIAN_POINT('',(-0.00497922253632638,0.0328066129488771,0.005));
#6318=CARTESIAN_POINT('',(-0.00497922253632638,0.0328066129488771,0.005));
#6319=CARTESIAN_POINT('',(-0.0156452014425944,0.0447730703465479,0.005));
#6320=CARTESIAN_POINT('',(-0.0040311594726921,0.0336516433787271,0.005));
#6321=CARTESIAN_POINT('',(-0.0040311594726921,0.0336516433787271,0.00125));
#6322=CARTESIAN_POINT('',(-0.00290194375107715,0.0342328248082804,0.00125));
#6323=CARTESIAN_POINT('',(-0.00290194375107715,0.0342328248082804,0.005));
#6324=CARTESIAN_POINT('',(-0.00290194375107715,0.0342328248082804,0.005));
#6325=CARTESIAN_POINT('',(-0.0040311594726921,0.0336516433787271,0.005));
#6326=CARTESIAN_POINT('',(-0.00758830504771753,0.0433382651823849,0.005));
#6327=CARTESIAN_POINT('',(-0.00758830504771753,0.0433382651823849,0.00125));
#6328=CARTESIAN_POINT('',(-0.0122746663443579,0.0524437055564893,0.00125));
#6329=CARTESIAN_POINT('',(-0.0122746663443579,0.0524437055564893,0.005));
#6330=CARTESIAN_POINT('',(-0.0122746663443579,0.0524437055564893,0.005));
#6331=CARTESIAN_POINT('',(-0.00758830504771753,0.0433382651823849,0.005));
#6332=CARTESIAN_POINT('',(-0.0234669911579597,0.0592746190337685,0.005));
#6333=CARTESIAN_POINT('',(-0.0234669911579597,0.0592746190337685,0.005));
#6334=CARTESIAN_POINT('',(-0.0202919911579597,0.0592746190337685,0.005));
#6335=CARTESIAN_POINT('',(-0.0234669911579597,0.0592746190337685,0.));
#6336=CARTESIAN_POINT('',(-0.0202919911579597,0.0592746190337685,0.));
#6337=CARTESIAN_POINT('',(-0.0164487341557074,0.0571267079399038,0.005));
#6338=CARTESIAN_POINT('',(-0.0164487341557074,0.0571267079399038,0.));
#6339=CARTESIAN_POINT('',(0.0163050278173865,0.0203793544425009,0.));
#6340=CARTESIAN_POINT('',(-0.0164487341557074,0.0571267079399038,0.005));
#6341=CARTESIAN_POINT('',(0.0118335470820565,0.0253960326296654,0.00125));
#6342=CARTESIAN_POINT('',(0.0163050278173865,0.0203793544425009,0.00125));
#6343=CARTESIAN_POINT('',(0.0163050278173865,0.0203793544425009,0.00125));
#6344=CARTESIAN_POINT('',(-0.00500307626573796,0.0385594410933597,0.005));
#6345=CARTESIAN_POINT('',(-0.00500307626573796,0.0385594410933597,0.));
#6346=CARTESIAN_POINT('',(0.0134608386264837,0.017844263152951,0.));
#6347=CARTESIAN_POINT('',(0.0134608386264837,0.017844263152951,0.));
#6348=CARTESIAN_POINT('',(0.0166358386264837,0.017844263152951,0.));
#6349=CARTESIAN_POINT('',(0.0134608386264837,0.017844263152951,0.00125));
#6350=CARTESIAN_POINT('',(0.0134608386264837,0.017844263152951,0.00125));
#6351=CARTESIAN_POINT('',(0.0134608386264837,0.017844263152951,0.00125));
#6352=CARTESIAN_POINT('',(0.0134608386264837,0.017844263152951,0.00125));
#6353=CARTESIAN_POINT('',(0.0166358386264837,0.017844263152951,0.00125));
#6354=CARTESIAN_POINT('',(-0.00500307626573796,0.0385594410933597,0.00125));
#6355=CARTESIAN_POINT('',(0.000610306029472229,-0.100458187947818,0.017));
#6356=CARTESIAN_POINT('',(-0.0341422212809367,-0.0950521345635503,0.016));
#6357=CARTESIAN_POINT('',(-0.00234303056288195,-0.00275101725327521,0.005));
#6358=CARTESIAN_POINT('',(-0.00234303056288195,-0.00275101725327521,0.));
#6359=CARTESIAN_POINT('',(-0.00893172275781917,-0.0146072752335456,0.));
#6360=CARTESIAN_POINT('',(0.0101305238747308,0.0196949667095092,0.));
#6361=CARTESIAN_POINT('',(-0.00893172275781917,-0.0146072752335456,0.005));
#6362=CARTESIAN_POINT('',(-0.00893172275781917,-0.0146072752335456,0.005));
#6363=CARTESIAN_POINT('',(-0.00234303056288195,-0.00275101725327521,0.005));
#6364=CARTESIAN_POINT('',(0.00424566163205528,0.00910524072699521,0.005));
#6365=CARTESIAN_POINT('',(0.00424566163205528,0.00910524072699521,0.005));
#6366=CARTESIAN_POINT('',(0.00424566163205528,0.00910524072699521,0.00125));
#6367=CARTESIAN_POINT('',(0.00718809275339298,0.0144001037182521,0.00125));
#6368=CARTESIAN_POINT('',(0.0101305238747308,0.0196949667095092,0.00125));
#6369=CARTESIAN_POINT('',(0.0101305238747308,0.0196949667095092,0.00125));
#6370=CARTESIAN_POINT('',(-0.00560140800606616,-0.0164579787901034,0.005));
#6371=CARTESIAN_POINT('',(-0.00560140800606616,-0.0164579787901034,0.));
#6372=CARTESIAN_POINT('',(-0.00227109325431345,-0.0183086823466621,0.));
#6373=CARTESIAN_POINT('',(-0.00227109325431345,-0.0183086823466621,0.005));
#6374=CARTESIAN_POINT('',(-0.00227109325431345,-0.0183086823466621,0.005));
#6375=CARTESIAN_POINT('',(-0.00560140800606616,-0.0164579787901034,0.005));
#6376=CARTESIAN_POINT('',(0.00431759894062377,-0.00645242436639168,0.005));
#6377=CARTESIAN_POINT('',(0.00431759894062377,-0.00645242436639168,0.));
#6378=CARTESIAN_POINT('',(0.0167911533782365,0.0159935595963928,0.));
#6379=CARTESIAN_POINT('',(0.0167911533782365,0.0159935595963928,0.00125));
#6380=CARTESIAN_POINT('',(0.0167911533782365,0.0159935595963928,0.00125));
#6381=CARTESIAN_POINT('',(0.0138487222568987,0.0106986966051356,0.00125));
#6382=CARTESIAN_POINT('',(0.010906291135561,0.00540383361387874,0.00125));
#6383=CARTESIAN_POINT('',(0.010906291135561,0.00540383361387874,0.005));
#6384=CARTESIAN_POINT('',(0.010906291135561,0.00540383361387874,0.005));
#6385=CARTESIAN_POINT('',(0.00431759894062377,-0.00645242436639168,0.005));
#6386=CARTESIAN_POINT('',(0.0134608386264837,0.017844263152951,0.005));
#6387=CARTESIAN_POINT('',(0.0134608386264837,0.017844263152951,0.00125));
#6388=CARTESIAN_POINT('',(0.0134608386264837,0.017844263152951,0.005));
#6389=CARTESIAN_POINT('',(-0.00560140800606616,-0.0164579787901034,0.005));
#6390=CARTESIAN_POINT('',(-0.00560140800606616,-0.0164579787901034,0.005));
#6391=CARTESIAN_POINT('',(-0.00242640800606616,-0.0164579787901034,0.005));
#6392=CARTESIAN_POINT('',(-0.00560140800606616,-0.0164579787901034,0.));
#6393=CARTESIAN_POINT('',(-0.00242640800606616,-0.0164579787901034,0.));
#6394=CARTESIAN_POINT('',(0.00392971531020877,0.000693142181423766,0.005));
#6395=CARTESIAN_POINT('',(0.00392971531020877,0.000693142181423766,0.));
#6396=CARTESIAN_POINT('',(0.0134608386264837,0.017844263152951,0.));
#6397=CARTESIAN_POINT('',(0.0134608386264837,0.017844263152951,0.));
#6398=CARTESIAN_POINT('',(0.0166358386264837,0.017844263152951,0.));
#6399=CARTESIAN_POINT('',(0.0134608386264837,0.017844263152951,0.00125));
#6400=CARTESIAN_POINT('',(0.0134608386264837,0.017844263152951,0.00125));
#6401=CARTESIAN_POINT('',(0.0134608386264837,0.017844263152951,0.00125));
#6402=CARTESIAN_POINT('',(0.0134608386264837,0.017844263152951,0.00125));
#6403=CARTESIAN_POINT('',(0.0166358386264837,0.017844263152951,0.00125));
#6404=CARTESIAN_POINT('',(0.00392971531020877,0.000693142181423766,0.00125));
#6405=CARTESIAN_POINT('',(-7.02635408855267E-5,-0.0995581856012489,0.022));
#6406=CARTESIAN_POINT('',(-0.00408469247857456,-0.0786151384100552,0.017));
#6407=CARTESIAN_POINT('',(0.,0.,0.));
#6408=CARTESIAN_POINT('',(0.,0.,0.));
#6409=MECHANICAL_DESIGN_GEOMETRIC_PRESENTATION_REPRESENTATION('',(#3709,
#728,#729,#3710,#3711,#3712,#3713,#3714,#3715,#3716,#3717,#3718,#3719,#3720),
#6410);
#6410=(
GEOMETRIC_REPRESENTATION_CONTEXT(3)
GLOBAL_UNCERTAINTY_ASSIGNED_CONTEXT((#6427))
GLOBAL_UNIT_ASSIGNED_CONTEXT((#6446,#6445,#6444))
REPRESENTATION_CONTEXT('Leg W/ Backplate','TOP_LEVEL_ASSEMBLY_PART')
);
#6411=(
GEOMETRIC_REPRESENTATION_CONTEXT(3)
GLOBAL_UNCERTAINTY_ASSIGNED_CONTEXT((#6428))
GLOBAL_UNIT_ASSIGNED_CONTEXT((#6446,#6445,#6444))
REPRESENTATION_CONTEXT('8mm ID Bearing (22mm OD, 7mm WD, Shielded)',
'COMPONENT_PART')
);
#6412=(
GEOMETRIC_REPRESENTATION_CONTEXT(3)
GLOBAL_UNCERTAINTY_ASSIGNED_CONTEXT((#6429))
GLOBAL_UNIT_ASSIGNED_CONTEXT((#6446,#6445,#6444))
REPRESENTATION_CONTEXT('Part 1','COMPONENT_PART')
);
#6413=(
GEOMETRIC_REPRESENTATION_CONTEXT(3)
GLOBAL_UNCERTAINTY_ASSIGNED_CONTEXT((#6430))
GLOBAL_UNIT_ASSIGNED_CONTEXT((#6446,#6445,#6444))
REPRESENTATION_CONTEXT('Offset Shaft <1>','COMPONENT_PART')
);
#6414=(
GEOMETRIC_REPRESENTATION_CONTEXT(3)
GLOBAL_UNCERTAINTY_ASSIGNED_CONTEXT((#6431))
GLOBAL_UNIT_ASSIGNED_CONTEXT((#6446,#6445,#6444))
REPRESENTATION_CONTEXT('Part 1','COMPONENT_PART')
);
#6415=(
GEOMETRIC_REPRESENTATION_CONTEXT(3)
GLOBAL_UNCERTAINTY_ASSIGNED_CONTEXT((#6432))
GLOBAL_UNIT_ASSIGNED_CONTEXT((#6446,#6445,#6444))
REPRESENTATION_CONTEXT('Part 1','COMPONENT_PART')
);
#6416=(
GEOMETRIC_REPRESENTATION_CONTEXT(3)
GLOBAL_UNCERTAINTY_ASSIGNED_CONTEXT((#6433))
GLOBAL_UNIT_ASSIGNED_CONTEXT((#6446,#6445,#6444))
REPRESENTATION_CONTEXT('Leg Pair <1>','COMPONENT_PART')
);
#6417=(
GEOMETRIC_REPRESENTATION_CONTEXT(3)
GLOBAL_UNCERTAINTY_ASSIGNED_CONTEXT((#6434))
GLOBAL_UNIT_ASSIGNED_CONTEXT((#6446,#6445,#6444))
REPRESENTATION_CONTEXT('Right Leg <1>','COMPONENT_PART')
);
#6418=(
GEOMETRIC_REPRESENTATION_CONTEXT(3)
GLOBAL_UNCERTAINTY_ASSIGNED_CONTEXT((#6435))
GLOBAL_UNIT_ASSIGNED_CONTEXT((#6446,#6445,#6444))
REPRESENTATION_CONTEXT('Part 1','COMPONENT_PART')
);
#6419=(
GEOMETRIC_REPRESENTATION_CONTEXT(3)
GLOBAL_UNCERTAINTY_ASSIGNED_CONTEXT((#6436))
GLOBAL_UNIT_ASSIGNED_CONTEXT((#6446,#6445,#6444))
REPRESENTATION_CONTEXT('Part 1','COMPONENT_PART')
);
#6420=(
GEOMETRIC_REPRESENTATION_CONTEXT(3)
GLOBAL_UNCERTAINTY_ASSIGNED_CONTEXT((#6437))
GLOBAL_UNIT_ASSIGNED_CONTEXT((#6446,#6445,#6444))
REPRESENTATION_CONTEXT('Part 1','COMPONENT_PART')
);
#6421=(
GEOMETRIC_REPRESENTATION_CONTEXT(3)
GLOBAL_UNCERTAINTY_ASSIGNED_CONTEXT((#6438))
GLOBAL_UNIT_ASSIGNED_CONTEXT((#6446,#6445,#6444))
REPRESENTATION_CONTEXT('Part 1','COMPONENT_PART')
);
#6422=(
GEOMETRIC_REPRESENTATION_CONTEXT(3)
GLOBAL_UNCERTAINTY_ASSIGNED_CONTEXT((#6439))
GLOBAL_UNIT_ASSIGNED_CONTEXT((#6446,#6445,#6444))
REPRESENTATION_CONTEXT('Part 1','COMPONENT_PART')
);
#6423=(
GEOMETRIC_REPRESENTATION_CONTEXT(3)
GLOBAL_UNCERTAINTY_ASSIGNED_CONTEXT((#6440))
GLOBAL_UNIT_ASSIGNED_CONTEXT((#6446,#6445,#6444))
REPRESENTATION_CONTEXT('Part 1','COMPONENT_PART')
);
#6424=(
GEOMETRIC_REPRESENTATION_CONTEXT(3)
GLOBAL_UNCERTAINTY_ASSIGNED_CONTEXT((#6441))
GLOBAL_UNIT_ASSIGNED_CONTEXT((#6446,#6445,#6444))
REPRESENTATION_CONTEXT('Left Leg <1>','COMPONENT_PART')
);
#6425=(
GEOMETRIC_REPRESENTATION_CONTEXT(3)
GLOBAL_UNCERTAINTY_ASSIGNED_CONTEXT((#6442))
GLOBAL_UNIT_ASSIGNED_CONTEXT((#6446,#6445,#6444))
REPRESENTATION_CONTEXT('Part 1','COMPONENT_PART')
);
#6426=(
GEOMETRIC_REPRESENTATION_CONTEXT(3)
GLOBAL_UNCERTAINTY_ASSIGNED_CONTEXT((#6443))
GLOBAL_UNIT_ASSIGNED_CONTEXT((#6446,#6445,#6444))
REPRESENTATION_CONTEXT('Part 1','COMPONENT_PART')
);
#6427=UNCERTAINTY_MEASURE_WITH_UNIT(LENGTH_MEASURE(1.E-8),#6446,
'DISTANCE_ACCURACY_VALUE','Maximum Tolerance applied to model');
#6428=UNCERTAINTY_MEASURE_WITH_UNIT(LENGTH_MEASURE(1.E-8),#6446,
'DISTANCE_ACCURACY_VALUE','Maximum Tolerance applied to model');
#6429=UNCERTAINTY_MEASURE_WITH_UNIT(LENGTH_MEASURE(1.E-8),#6446,
'DISTANCE_ACCURACY_VALUE','Maximum Tolerance applied to model');
#6430=UNCERTAINTY_MEASURE_WITH_UNIT(LENGTH_MEASURE(1.E-8),#6446,
'DISTANCE_ACCURACY_VALUE','Maximum Tolerance applied to model');
#6431=UNCERTAINTY_MEASURE_WITH_UNIT(LENGTH_MEASURE(1.E-8),#6446,
'DISTANCE_ACCURACY_VALUE','Maximum Tolerance applied to model');
#6432=UNCERTAINTY_MEASURE_WITH_UNIT(LENGTH_MEASURE(1.E-8),#6446,
'DISTANCE_ACCURACY_VALUE','Maximum Tolerance applied to model');
#6433=UNCERTAINTY_MEASURE_WITH_UNIT(LENGTH_MEASURE(1.E-8),#6446,
'DISTANCE_ACCURACY_VALUE','Maximum Tolerance applied to model');
#6434=UNCERTAINTY_MEASURE_WITH_UNIT(LENGTH_MEASURE(1.E-8),#6446,
'DISTANCE_ACCURACY_VALUE','Maximum Tolerance applied to model');
#6435=UNCERTAINTY_MEASURE_WITH_UNIT(LENGTH_MEASURE(1.E-8),#6446,
'DISTANCE_ACCURACY_VALUE','Maximum Tolerance applied to model');
#6436=UNCERTAINTY_MEASURE_WITH_UNIT(LENGTH_MEASURE(1.E-8),#6446,
'DISTANCE_ACCURACY_VALUE','Maximum Tolerance applied to model');
#6437=UNCERTAINTY_MEASURE_WITH_UNIT(LENGTH_MEASURE(1.E-8),#6446,
'DISTANCE_ACCURACY_VALUE','Maximum Tolerance applied to model');
#6438=UNCERTAINTY_MEASURE_WITH_UNIT(LENGTH_MEASURE(1.E-8),#6446,
'DISTANCE_ACCURACY_VALUE','Maximum Tolerance applied to model');
#6439=UNCERTAINTY_MEASURE_WITH_UNIT(LENGTH_MEASURE(1.E-8),#6446,
'DISTANCE_ACCURACY_VALUE','Maximum Tolerance applied to model');
#6440=UNCERTAINTY_MEASURE_WITH_UNIT(LENGTH_MEASURE(1.E-8),#6446,
'DISTANCE_ACCURACY_VALUE','Maximum Tolerance applied to model');
#6441=UNCERTAINTY_MEASURE_WITH_UNIT(LENGTH_MEASURE(1.E-8),#6446,
'DISTANCE_ACCURACY_VALUE','Maximum Tolerance applied to model');
#6442=UNCERTAINTY_MEASURE_WITH_UNIT(LENGTH_MEASURE(1.E-8),#6446,
'DISTANCE_ACCURACY_VALUE','Maximum Tolerance applied to model');
#6443=UNCERTAINTY_MEASURE_WITH_UNIT(LENGTH_MEASURE(1.E-8),#6446,
'DISTANCE_ACCURACY_VALUE','Maximum Tolerance applied to model');
#6444=(
NAMED_UNIT(*)
SI_UNIT($,.STERADIAN.)
SOLID_ANGLE_UNIT()
);
#6445=(
NAMED_UNIT(*)
PLANE_ANGLE_UNIT()
SI_UNIT($,.RADIAN.)
);
#6446=(
LENGTH_UNIT()
NAMED_UNIT(*)
SI_UNIT($,.METRE.)
);
#6447=PRODUCT_DEFINITION_SHAPE('','',#6485);
#6448=PRODUCT_DEFINITION_SHAPE('','',#6486);
#6449=PRODUCT_DEFINITION_SHAPE(' ','NAUO PRDDFN',#641);
#6450=PRODUCT_DEFINITION_SHAPE('','',#6487);
#6451=PRODUCT_DEFINITION_SHAPE(' ','NAUO PRDDFN',#642);
#6452=PRODUCT_DEFINITION_SHAPE('','',#6488);
#6453=PRODUCT_DEFINITION_SHAPE('','',#6489);
#6454=PRODUCT_DEFINITION_SHAPE(' ','NAUO PRDDFN',#643);
#6455=PRODUCT_DEFINITION_SHAPE(' ','NAUO PRDDFN',#644);
#6456=PRODUCT_DEFINITION_SHAPE(' ','NAUO PRDDFN',#645);
#6457=PRODUCT_DEFINITION_SHAPE('','',#6490);
#6458=PRODUCT_DEFINITION_SHAPE(' ','NAUO PRDDFN',#646);
#6459=PRODUCT_DEFINITION_SHAPE('','',#6491);
#6460=PRODUCT_DEFINITION_SHAPE('','',#6492);
#6461=PRODUCT_DEFINITION_SHAPE('','',#6493);
#6462=PRODUCT_DEFINITION_SHAPE(' ','NAUO PRDDFN',#647);
#6463=PRODUCT_DEFINITION_SHAPE('','',#6494);
#6464=PRODUCT_DEFINITION_SHAPE(' ','NAUO PRDDFN',#648);
#6465=PRODUCT_DEFINITION_SHAPE('','',#6495);
#6466=PRODUCT_DEFINITION_SHAPE(' ','NAUO PRDDFN',#649);
#6467=PRODUCT_DEFINITION_SHAPE('','',#6496);
#6468=PRODUCT_DEFINITION_SHAPE(' ','NAUO PRDDFN',#650);
#6469=PRODUCT_DEFINITION_SHAPE('','',#6497);
#6470=PRODUCT_DEFINITION_SHAPE(' ','NAUO PRDDFN',#651);
#6471=PRODUCT_DEFINITION_SHAPE('','',#6498);
#6472=PRODUCT_DEFINITION_SHAPE(' ','NAUO PRDDFN',#652);
#6473=PRODUCT_DEFINITION_SHAPE(' ','NAUO PRDDFN',#653);
#6474=PRODUCT_DEFINITION_SHAPE('','',#6499);
#6475=PRODUCT_DEFINITION_SHAPE(' ','NAUO PRDDFN',#654);
#6476=PRODUCT_DEFINITION_SHAPE(' ','NAUO PRDDFN',#655);
#6477=PRODUCT_DEFINITION_SHAPE('','',#6500);
#6478=PRODUCT_DEFINITION_SHAPE(' ','NAUO PRDDFN',#656);
#6479=PRODUCT_DEFINITION_SHAPE(' ','NAUO PRDDFN',#657);
#6480=PRODUCT_DEFINITION_SHAPE('','',#6501);
#6481=PRODUCT_DEFINITION_SHAPE(' ','NAUO PRDDFN',#658);
#6482=PRODUCT_DEFINITION_SHAPE(' ','NAUO PRDDFN',#659);
#6483=PRODUCT_DEFINITION_SHAPE(' ','NAUO PRDDFN',#660);
#6484=PRODUCT_DEFINITION_SHAPE(' ','NAUO PRDDFN',#661);
#6485=PRODUCT_DEFINITION('','',#6519,#6502);
#6486=PRODUCT_DEFINITION('','',#6520,#6503);
#6487=PRODUCT_DEFINITION('','',#6521,#6504);
#6488=PRODUCT_DEFINITION('','',#6522,#6505);
#6489=PRODUCT_DEFINITION('','',#6523,#6506);
#6490=PRODUCT_DEFINITION('','',#6524,#6507);
#6491=PRODUCT_DEFINITION('','',#6525,#6508);
#6492=PRODUCT_DEFINITION('','',#6526,#6509);
#6493=PRODUCT_DEFINITION('','',#6527,#6510);
#6494=PRODUCT_DEFINITION('','',#6528,#6511);
#6495=PRODUCT_DEFINITION('','',#6529,#6512);
#6496=PRODUCT_DEFINITION('','',#6530,#6513);
#6497=PRODUCT_DEFINITION('','',#6531,#6514);
#6498=PRODUCT_DEFINITION('','',#6532,#6515);
#6499=PRODUCT_DEFINITION('','',#6533,#6516);
#6500=PRODUCT_DEFINITION('','',#6534,#6517);
#6501=PRODUCT_DEFINITION('','',#6535,#6518);
#6502=PRODUCT_DEFINITION_CONTEXT('',#6605,'design');
#6503=PRODUCT_DEFINITION_CONTEXT('',#6605,'design');
#6504=PRODUCT_DEFINITION_CONTEXT('',#6605,'design');
#6505=PRODUCT_DEFINITION_CONTEXT('',#6605,'design');
#6506=PRODUCT_DEFINITION_CONTEXT('',#6605,'design');
#6507=PRODUCT_DEFINITION_CONTEXT('',#6605,'design');
#6508=PRODUCT_DEFINITION_CONTEXT('',#6605,'design');
#6509=PRODUCT_DEFINITION_CONTEXT('',#6605,'design');
#6510=PRODUCT_DEFINITION_CONTEXT('',#6605,'design');
#6511=PRODUCT_DEFINITION_CONTEXT('',#6605,'design');
#6512=PRODUCT_DEFINITION_CONTEXT('',#6605,'design');
#6513=PRODUCT_DEFINITION_CONTEXT('',#6605,'design');
#6514=PRODUCT_DEFINITION_CONTEXT('',#6605,'design');
#6515=PRODUCT_DEFINITION_CONTEXT('',#6605,'design');
#6516=PRODUCT_DEFINITION_CONTEXT('',#6605,'design');
#6517=PRODUCT_DEFINITION_CONTEXT('',#6605,'design');
#6518=PRODUCT_DEFINITION_CONTEXT('',#6605,'design');
#6519=PRODUCT_DEFINITION_FORMATION_WITH_SPECIFIED_SOURCE('','',#6553,
 .NOT_KNOWN.);
#6520=PRODUCT_DEFINITION_FORMATION_WITH_SPECIFIED_SOURCE('','',#6554,
 .NOT_KNOWN.);
#6521=PRODUCT_DEFINITION_FORMATION_WITH_SPECIFIED_SOURCE('','',#6555,
 .NOT_KNOWN.);
#6522=PRODUCT_DEFINITION_FORMATION_WITH_SPECIFIED_SOURCE('','',#6556,
 .NOT_KNOWN.);
#6523=PRODUCT_DEFINITION_FORMATION_WITH_SPECIFIED_SOURCE('','',#6557,
 .NOT_KNOWN.);
#6524=PRODUCT_DEFINITION_FORMATION_WITH_SPECIFIED_SOURCE('','',#6558,
 .NOT_KNOWN.);
#6525=PRODUCT_DEFINITION_FORMATION_WITH_SPECIFIED_SOURCE('','',#6559,
 .NOT_KNOWN.);
#6526=PRODUCT_DEFINITION_FORMATION_WITH_SPECIFIED_SOURCE('','',#6560,
 .NOT_KNOWN.);
#6527=PRODUCT_DEFINITION_FORMATION_WITH_SPECIFIED_SOURCE('','',#6561,
 .NOT_KNOWN.);
#6528=PRODUCT_DEFINITION_FORMATION_WITH_SPECIFIED_SOURCE('','',#6562,
 .NOT_KNOWN.);
#6529=PRODUCT_DEFINITION_FORMATION_WITH_SPECIFIED_SOURCE('','',#6563,
 .NOT_KNOWN.);
#6530=PRODUCT_DEFINITION_FORMATION_WITH_SPECIFIED_SOURCE('','',#6564,
 .NOT_KNOWN.);
#6531=PRODUCT_DEFINITION_FORMATION_WITH_SPECIFIED_SOURCE('','',#6565,
 .NOT_KNOWN.);
#6532=PRODUCT_DEFINITION_FORMATION_WITH_SPECIFIED_SOURCE('','',#6566,
 .NOT_KNOWN.);
#6533=PRODUCT_DEFINITION_FORMATION_WITH_SPECIFIED_SOURCE('','',#6567,
 .NOT_KNOWN.);
#6534=PRODUCT_DEFINITION_FORMATION_WITH_SPECIFIED_SOURCE('','',#6568,
 .NOT_KNOWN.);
#6535=PRODUCT_DEFINITION_FORMATION_WITH_SPECIFIED_SOURCE('','',#6569,
 .NOT_KNOWN.);
#6536=PRODUCT_RELATED_PRODUCT_CATEGORY('','',(#6553));
#6537=PRODUCT_RELATED_PRODUCT_CATEGORY('','',(#6554));
#6538=PRODUCT_RELATED_PRODUCT_CATEGORY('','',(#6555));
#6539=PRODUCT_RELATED_PRODUCT_CATEGORY('','',(#6556));
#6540=PRODUCT_RELATED_PRODUCT_CATEGORY('','',(#6557));
#6541=PRODUCT_RELATED_PRODUCT_CATEGORY('','',(#6558));
#6542=PRODUCT_RELATED_PRODUCT_CATEGORY('','',(#6559));
#6543=PRODUCT_RELATED_PRODUCT_CATEGORY('','',(#6560));
#6544=PRODUCT_RELATED_PRODUCT_CATEGORY('','',(#6561));
#6545=PRODUCT_RELATED_PRODUCT_CATEGORY('','',(#6562));
#6546=PRODUCT_RELATED_PRODUCT_CATEGORY('','',(#6563));
#6547=PRODUCT_RELATED_PRODUCT_CATEGORY('','',(#6564));
#6548=PRODUCT_RELATED_PRODUCT_CATEGORY('','',(#6565));
#6549=PRODUCT_RELATED_PRODUCT_CATEGORY('','',(#6566));
#6550=PRODUCT_RELATED_PRODUCT_CATEGORY('','',(#6567));
#6551=PRODUCT_RELATED_PRODUCT_CATEGORY('','',(#6568));
#6552=PRODUCT_RELATED_PRODUCT_CATEGORY('','',(#6569));
#6553=PRODUCT('Leg W/ Backplate','Leg W/ Backplate','Leg W/ Backplate',
(#6587));
#6554=PRODUCT('8mm ID Bearing (22mm OD, 7mm WD, Shielded)',
'8mm ID Bearing (22mm OD, 7mm WD, Shielded)',
'8mm ID Bearing (22mm OD, 7mm WD, Shielded)',(#6588));
#6555=PRODUCT('Part 1','Part 1','Part 1',(#6589));
#6556=PRODUCT('Offset Shaft <1>','Offset Shaft <1>','Offset Shaft <1>',
(#6590));
#6557=PRODUCT('Part 1','Part 1','Part 1',(#6591));
#6558=PRODUCT('Part 1','Part 1','Part 1',(#6592));
#6559=PRODUCT('Leg Pair <1>','Leg Pair <1>','Leg Pair <1>',(#6593));
#6560=PRODUCT('Right Leg <1>','Right Leg <1>','Right Leg <1>',(#6594));
#6561=PRODUCT('Part 1','Part 1','Part 1',(#6595));
#6562=PRODUCT('Part 1','Part 1','Part 1',(#6596));
#6563=PRODUCT('Part 1','Part 1','Part 1',(#6597));
#6564=PRODUCT('Part 1','Part 1','Part 1',(#6598));
#6565=PRODUCT('Part 1','Part 1','Part 1',(#6599));
#6566=PRODUCT('Part 1','Part 1','Part 1',(#6600));
#6567=PRODUCT('Left Leg <1>','Left Leg <1>','Left Leg <1>',(#6601));
#6568=PRODUCT('Part 1','Part 1','Part 1',(#6602));
#6569=PRODUCT('Part 1','Part 1','Part 1',(#6603));
#6570=PRODUCT_CATEGORY('','');
#6571=PRODUCT_CATEGORY('','');
#6572=PRODUCT_CATEGORY('','');
#6573=PRODUCT_CATEGORY('','');
#6574=PRODUCT_CATEGORY('','');
#6575=PRODUCT_CATEGORY('','');
#6576=PRODUCT_CATEGORY('','');
#6577=PRODUCT_CATEGORY('','');
#6578=PRODUCT_CATEGORY('','');
#6579=PRODUCT_CATEGORY('','');
#6580=PRODUCT_CATEGORY('','');
#6581=PRODUCT_CATEGORY('','');
#6582=PRODUCT_CATEGORY('','');
#6583=PRODUCT_CATEGORY('','');
#6584=PRODUCT_CATEGORY('','');
#6585=PRODUCT_CATEGORY('','');
#6586=PRODUCT_CATEGORY('','');
#6587=PRODUCT_CONTEXT('',#6605,'mechanical');
#6588=PRODUCT_CONTEXT('',#6605,'mechanical');
#6589=PRODUCT_CONTEXT('',#6605,'mechanical');
#6590=PRODUCT_CONTEXT('',#6605,'mechanical');
#6591=PRODUCT_CONTEXT('',#6605,'mechanical');
#6592=PRODUCT_CONTEXT('',#6605,'mechanical');
#6593=PRODUCT_CONTEXT('',#6605,'mechanical');
#6594=PRODUCT_CONTEXT('',#6605,'mechanical');
#6595=PRODUCT_CONTEXT('',#6605,'mechanical');
#6596=PRODUCT_CONTEXT('',#6605,'mechanical');
#6597=PRODUCT_CONTEXT('',#6605,'mechanical');
#6598=PRODUCT_CONTEXT('',#6605,'mechanical');
#6599=PRODUCT_CONTEXT('',#6605,'mechanical');
#6600=PRODUCT_CONTEXT('',#6605,'mechanical');
#6601=PRODUCT_CONTEXT('',#6605,'mechanical');
#6602=PRODUCT_CONTEXT('',#6605,'mechanical');
#6603=PRODUCT_CONTEXT('',#6605,'mechanical');
#6604=APPLICATION_PROTOCOL_DEFINITION('international standard',
'ap242_managed_model_based_3d_engineering',2020,#6605);
#6605=APPLICATION_CONTEXT('managed model based 3d engineering');
ENDSEC;
END-ISO-10303-21;
