ISO-10303-21;
HEADER;
/* Generated by software containing ST-Developer
 * from STEP Tools, Inc. (www.steptools.com) 
 */
/* OPTION: using custom renumber hook */

FILE_DESCRIPTION(
/* description */ ('STEP AP242 Edition 2',
'CAx-IF Rec.Pracs.---Representation and Presentation of Product Manufa
cturing Information (PMI)---4.0---2014-10-13',
'CAx-IF Rec.Pracs.---3D Tessellated Geometry---0.4---2014-09-14','2;1',
'CAx-IF Rec.Pracs.---User Defined Attributes---1.5---2016-08-15'),
/* implementation_level */ '2;1');

FILE_NAME(
/* name */ '6abda5f5625352acf6b02dd2',
/* time_stamp */ '2026-10-01T00:14:46Z',
/* author */ (''),
/* organization */ (''),
/* preprocessor_version */ 'ST-DEVELOPER v20',
/* originating_system */ 'ONSHAPE BY PTC INC, 1.221',
/* authorisation */ '  ');

FILE_SCHEMA (('AP242_MANAGED_MODEL_BASED_3D_ENGINEERING_MIM_LF { 1 0 10303 442 3 1 4 }'));
ENDSEC;

DATA;
#10=CONTEXT_DEPENDENT_SHAPE_REPRESENTATION(#22,#3290);
#11=CONTEXT_DEPENDENT_SHAPE_REPRESENTATION(#23,#3292);
#12=CONTEXT_DEPENDENT_SHAPE_REPRESENTATION(#24,#3294);
#13=CONTEXT_DEPENDENT_SHAPE_REPRESENTATION(#25,#3296);
#14=CONTEXT_DEPENDENT_SHAPE_REPRESENTATION(#26,#3298);
#15=CONTEXT_DEPENDENT_SHAPE_REPRESENTATION(#27,#3300);
#16=NEXT_ASSEMBLY_USAGE_OCCURRENCE('NAUO1','Part 1','Part 1',#3301,#3302,
'');
#17=NEXT_ASSEMBLY_USAGE_OCCURRENCE('NAUO2','Part 1','Part 1',#3301,#3303,
'');
#18=NEXT_ASSEMBLY_USAGE_OCCURRENCE('NAUO3','Part 1','Part 1',#3301,#3304,
'');
#19=NEXT_ASSEMBLY_USAGE_OCCURRENCE('NAUO4','Part 1','Part 1',#3301,#3305,
'');
#20=NEXT_ASSEMBLY_USAGE_OCCURRENCE('NAUO5','Part 1','Part 1',#3301,#3306,
'');
#21=NEXT_ASSEMBLY_USAGE_OCCURRENCE('NAUO6','Part 1','Part 1',#3301,#3307,
'');
#22=(
REPRESENTATION_RELATIONSHIP(' ',' ',#1950,#1949)
REPRESENTATION_RELATIONSHIP_WITH_TRANSFORMATION(#28)
SHAPE_REPRESENTATION_RELATIONSHIP()
);
#23=(
REPRESENTATION_RELATIONSHIP(' ',' ',#1951,#1949)
REPRESENTATION_RELATIONSHIP_WITH_TRANSFORMATION(#29)
SHAPE_REPRESENTATION_RELATIONSHIP()
);
#24=(
REPRESENTATION_RELATIONSHIP(' ',' ',#1952,#1949)
REPRESENTATION_RELATIONSHIP_WITH_TRANSFORMATION(#30)
SHAPE_REPRESENTATION_RELATIONSHIP()
);
#25=(
REPRESENTATION_RELATIONSHIP(' ',' ',#1953,#1949)
REPRESENTATION_RELATIONSHIP_WITH_TRANSFORMATION(#31)
SHAPE_REPRESENTATION_RELATIONSHIP()
);
#26=(
REPRESENTATION_RELATIONSHIP(' ',' ',#1954,#1949)
REPRESENTATION_RELATIONSHIP_WITH_TRANSFORMATION(#32)
SHAPE_REPRESENTATION_RELATIONSHIP()
);
#27=(
REPRESENTATION_RELATIONSHIP(' ',' ',#1955,#1949)
REPRESENTATION_RELATIONSHIP_WITH_TRANSFORMATION(#33)
SHAPE_REPRESENTATION_RELATIONSHIP()
);
#28=ITEM_DEFINED_TRANSFORMATION(' ',' ',#1956,#2025);
#29=ITEM_DEFINED_TRANSFORMATION(' ',' ',#1956,#2042);
#30=ITEM_DEFINED_TRANSFORMATION(' ',' ',#1956,#2096);
#31=ITEM_DEFINED_TRANSFORMATION(' ',' ',#1956,#2113);
#32=ITEM_DEFINED_TRANSFORMATION(' ',' ',#1956,#2138);
#33=ITEM_DEFINED_TRANSFORMATION(' ',' ',#1956,#2163);
#34=SHAPE_REPRESENTATION_RELATIONSHIP('','',#1950,#40);
#35=SHAPE_REPRESENTATION_RELATIONSHIP('','',#1951,#41);
#36=SHAPE_REPRESENTATION_RELATIONSHIP('','',#1952,#42);
#37=SHAPE_REPRESENTATION_RELATIONSHIP('','',#1953,#43);
#38=SHAPE_REPRESENTATION_RELATIONSHIP('','',#1954,#44);
#39=SHAPE_REPRESENTATION_RELATIONSHIP('','',#1955,#45);
#40=ADVANCED_BREP_SHAPE_REPRESENTATION('',(#1936),#3272);
#41=ADVANCED_BREP_SHAPE_REPRESENTATION('',(#1937),#3273);
#42=ADVANCED_BREP_SHAPE_REPRESENTATION('',(#1938),#3274);
#43=ADVANCED_BREP_SHAPE_REPRESENTATION('',(#1939),#3275);
#44=ADVANCED_BREP_SHAPE_REPRESENTATION('',(#1940),#3276);
#45=ADVANCED_BREP_SHAPE_REPRESENTATION('',(#1941),#3277);
#46=CIRCLE('',#1959,0.00025400000000001);
#47=CIRCLE('',#1960,0.00025400000000001);
#48=CIRCLE('',#1961,0.00025400000000001);
#49=CIRCLE('',#1962,0.00025400000000001);
#50=CIRCLE('',#1965,0.000762000000000041);
#51=CIRCLE('',#1966,0.000762000000000041);
#52=CIRCLE('',#1970,0.00381);
#53=CIRCLE('',#1971,0.00381);
#54=CIRCLE('',#1974,0.004445);
#55=CIRCLE('',#1975,0.004445);
#56=CIRCLE('',#1978,0.000762);
#57=CIRCLE('',#1979,0.000762);
#58=CIRCLE('',#1980,0.000762);
#59=CIRCLE('',#1981,0.000762);
#60=CIRCLE('',#1983,0.00381);
#61=CIRCLE('',#1984,0.00381);
#62=CIRCLE('',#1986,0.003175);
#63=CIRCLE('',#1987,0.003175);
#64=CIRCLE('',#1990,0.000762000000000056);
#65=CIRCLE('',#1991,0.000762);
#66=CIRCLE('',#1992,0.00254);
#67=CIRCLE('',#1993,0.00254);
#68=CIRCLE('',#1995,0.00254);
#69=CIRCLE('',#1996,0.00254);
#70=CIRCLE('',#1997,0.003175);
#71=CIRCLE('',#1998,0.000762);
#72=CIRCLE('',#1999,0.000762000000000041);
#73=CIRCLE('',#2000,0.000762000000000056);
#74=CIRCLE('',#2001,0.00381);
#75=CIRCLE('',#2002,0.004445);
#76=CIRCLE('',#2003,0.00381);
#77=CIRCLE('',#2006,0.000762000000000041);
#78=CIRCLE('',#2009,0.00381);
#79=CIRCLE('',#2012,0.004445);
#80=CIRCLE('',#2015,0.00381);
#81=CIRCLE('',#2017,0.003175);
#82=CIRCLE('',#2028,0.00381);
#83=CIRCLE('',#2029,0.00381);
#84=CIRCLE('',#2032,0.003175);
#85=CIRCLE('',#2033,0.003175);
#86=CIRCLE('',#2035,0.00381);
#87=CIRCLE('',#2036,0.00381);
#88=CIRCLE('',#2038,0.003175);
#89=CIRCLE('',#2039,0.003175);
#90=CIRCLE('',#2044,0.000762);
#91=CIRCLE('',#2045,0.000762);
#92=CIRCLE('',#2048,0.000762);
#93=CIRCLE('',#2049,0.000762);
#94=CIRCLE('',#2052,0.000762);
#95=CIRCLE('',#2053,0.000762);
#96=CIRCLE('',#2055,0.0042291);
#97=CIRCLE('',#2056,0.0042291);
#98=CIRCLE('',#2059,0.00381);
#99=CIRCLE('',#2060,0.00381);
#100=CIRCLE('',#2063,0.00381);
#101=CIRCLE('',#2064,0.00381);
#102=CIRCLE('',#2069,0.00254);
#103=CIRCLE('',#2070,0.00254);
#104=CIRCLE('',#2071,0.00254);
#105=CIRCLE('',#2073,0.00254);
#106=CIRCLE('',#2074,0.00254);
#107=CIRCLE('',#2075,0.00254);
#108=CIRCLE('',#2076,0.000762);
#109=CIRCLE('',#2077,0.000762);
#110=CIRCLE('',#2078,0.00381);
#111=CIRCLE('',#2079,0.00381);
#112=CIRCLE('',#2081,0.000762);
#113=CIRCLE('',#2083,0.000762);
#114=CIRCLE('',#2085,0.00381);
#115=CIRCLE('',#2088,0.00381);
#116=CIRCLE('',#2099,0.00381);
#117=CIRCLE('',#2100,0.00381);
#118=CIRCLE('',#2103,0.003175);
#119=CIRCLE('',#2104,0.003175);
#120=CIRCLE('',#2106,0.00381);
#121=CIRCLE('',#2107,0.00381);
#122=CIRCLE('',#2109,0.003175);
#123=CIRCLE('',#2110,0.003175);
#124=CIRCLE('',#2115,0.0127);
#125=CIRCLE('',#2116,0.0127);
#126=CIRCLE('',#2119,0.00381);
#127=CIRCLE('',#2120,0.00381);
#128=CIRCLE('',#2123,0.0127);
#129=CIRCLE('',#2124,0.0127);
#130=CIRCLE('',#2126,0.003175);
#131=CIRCLE('',#2127,0.003175);
#132=CIRCLE('',#2131,0.00381);
#133=CIRCLE('',#2132,0.00381);
#134=CIRCLE('',#2134,0.003175);
#135=CIRCLE('',#2135,0.003175);
#136=CIRCLE('',#2140,0.003175);
#137=CIRCLE('',#2141,0.0380999999999992);
#138=CIRCLE('',#2142,0.00381);
#139=CIRCLE('',#2145,0.0127);
#140=CIRCLE('',#2146,0.0127);
#141=CIRCLE('',#2149,0.00381);
#142=CIRCLE('',#2151,0.003175);
#143=CIRCLE('',#2154,0.00381);
#144=CIRCLE('',#2155,0.00381);
#145=CIRCLE('',#2157,0.003175);
#146=CIRCLE('',#2158,0.003175);
#147=CIRCLE('',#2161,0.0380999999999992);
#148=CYLINDRICAL_SURFACE('',#1958,0.00025400000000001);
#149=CYLINDRICAL_SURFACE('',#1964,0.000762000000000041);
#150=CYLINDRICAL_SURFACE('',#1969,0.00381);
#151=CYLINDRICAL_SURFACE('',#1973,0.004445);
#152=CYLINDRICAL_SURFACE('',#1977,0.000762);
#153=CYLINDRICAL_SURFACE('',#1982,0.00381);
#154=CYLINDRICAL_SURFACE('',#1985,0.003175);
#155=CYLINDRICAL_SURFACE('',#2005,0.000762000000000041);
#156=CYLINDRICAL_SURFACE('',#2008,0.00381);
#157=CYLINDRICAL_SURFACE('',#2011,0.004445);
#158=CYLINDRICAL_SURFACE('',#2014,0.00381);
#159=CYLINDRICAL_SURFACE('',#2016,0.003175);
#160=CYLINDRICAL_SURFACE('',#2021,0.000762);
#161=CYLINDRICAL_SURFACE('',#2022,0.000762000000000056);
#162=CYLINDRICAL_SURFACE('',#2023,0.00254);
#163=CYLINDRICAL_SURFACE('',#2024,0.00254);
#164=CYLINDRICAL_SURFACE('',#2027,0.00381);
#165=CYLINDRICAL_SURFACE('',#2031,0.003175);
#166=CYLINDRICAL_SURFACE('',#2034,0.00381);
#167=CYLINDRICAL_SURFACE('',#2037,0.003175);
#168=CYLINDRICAL_SURFACE('',#2043,0.000762);
#169=CYLINDRICAL_SURFACE('',#2047,0.000762);
#170=CYLINDRICAL_SURFACE('',#2051,0.000762);
#171=CYLINDRICAL_SURFACE('',#2054,0.0042291);
#172=CYLINDRICAL_SURFACE('',#2058,0.00381);
#173=CYLINDRICAL_SURFACE('',#2062,0.00381);
#174=CYLINDRICAL_SURFACE('',#2080,0.000762);
#175=CYLINDRICAL_SURFACE('',#2082,0.000762);
#176=CYLINDRICAL_SURFACE('',#2084,0.00381);
#177=CYLINDRICAL_SURFACE('',#2087,0.00381);
#178=CYLINDRICAL_SURFACE('',#2093,0.00254);
#179=CYLINDRICAL_SURFACE('',#2094,0.00254);
#180=CYLINDRICAL_SURFACE('',#2095,0.00254);
#181=CYLINDRICAL_SURFACE('',#2098,0.00381);
#182=CYLINDRICAL_SURFACE('',#2102,0.003175);
#183=CYLINDRICAL_SURFACE('',#2105,0.00381);
#184=CYLINDRICAL_SURFACE('',#2108,0.003175);
#185=CYLINDRICAL_SURFACE('',#2114,0.0127);
#186=CYLINDRICAL_SURFACE('',#2118,0.00381);
#187=CYLINDRICAL_SURFACE('',#2122,0.0127);
#188=CYLINDRICAL_SURFACE('',#2125,0.003175);
#189=CYLINDRICAL_SURFACE('',#2130,0.00381);
#190=CYLINDRICAL_SURFACE('',#2133,0.003175);
#191=CYLINDRICAL_SURFACE('',#2144,0.0127);
#192=CYLINDRICAL_SURFACE('',#2148,0.00381);
#193=CYLINDRICAL_SURFACE('',#2150,0.003175);
#194=CYLINDRICAL_SURFACE('',#2153,0.00381);
#195=CYLINDRICAL_SURFACE('',#2156,0.003175);
#196=CYLINDRICAL_SURFACE('',#2162,0.0380999999999992);
#197=ORIENTED_EDGE('',*,*,#705,.T.);
#198=ORIENTED_EDGE('',*,*,#706,.T.);
#199=ORIENTED_EDGE('',*,*,#707,.F.);
#200=ORIENTED_EDGE('',*,*,#708,.F.);
#201=ORIENTED_EDGE('',*,*,#709,.T.);
#202=ORIENTED_EDGE('',*,*,#710,.F.);
#203=ORIENTED_EDGE('',*,*,#711,.F.);
#204=ORIENTED_EDGE('',*,*,#712,.F.);
#205=ORIENTED_EDGE('',*,*,#713,.T.);
#206=ORIENTED_EDGE('',*,*,#705,.F.);
#207=ORIENTED_EDGE('',*,*,#714,.F.);
#208=ORIENTED_EDGE('',*,*,#715,.T.);
#209=ORIENTED_EDGE('',*,*,#716,.F.);
#210=ORIENTED_EDGE('',*,*,#715,.F.);
#211=ORIENTED_EDGE('',*,*,#717,.T.);
#212=ORIENTED_EDGE('',*,*,#718,.T.);
#213=ORIENTED_EDGE('',*,*,#719,.T.);
#214=ORIENTED_EDGE('',*,*,#718,.F.);
#215=ORIENTED_EDGE('',*,*,#720,.F.);
#216=ORIENTED_EDGE('',*,*,#721,.T.);
#217=ORIENTED_EDGE('',*,*,#722,.F.);
#218=ORIENTED_EDGE('',*,*,#721,.F.);
#219=ORIENTED_EDGE('',*,*,#723,.T.);
#220=ORIENTED_EDGE('',*,*,#724,.T.);
#221=ORIENTED_EDGE('',*,*,#725,.F.);
#222=ORIENTED_EDGE('',*,*,#726,.F.);
#223=ORIENTED_EDGE('',*,*,#727,.T.);
#224=ORIENTED_EDGE('',*,*,#728,.T.);
#225=ORIENTED_EDGE('',*,*,#729,.F.);
#226=ORIENTED_EDGE('',*,*,#730,.F.);
#227=ORIENTED_EDGE('',*,*,#731,.T.);
#228=ORIENTED_EDGE('',*,*,#732,.F.);
#229=ORIENTED_EDGE('',*,*,#733,.F.);
#230=ORIENTED_EDGE('',*,*,#734,.T.);
#231=ORIENTED_EDGE('',*,*,#735,.T.);
#232=ORIENTED_EDGE('',*,*,#736,.T.);
#233=ORIENTED_EDGE('',*,*,#737,.F.);
#234=ORIENTED_EDGE('',*,*,#728,.F.);
#235=ORIENTED_EDGE('',*,*,#738,.T.);
#236=ORIENTED_EDGE('',*,*,#739,.T.);
#237=ORIENTED_EDGE('',*,*,#740,.F.);
#238=ORIENTED_EDGE('',*,*,#739,.F.);
#239=ORIENTED_EDGE('',*,*,#741,.T.);
#240=ORIENTED_EDGE('',*,*,#742,.T.);
#241=ORIENTED_EDGE('',*,*,#743,.F.);
#242=ORIENTED_EDGE('',*,*,#742,.F.);
#243=ORIENTED_EDGE('',*,*,#744,.T.);
#244=ORIENTED_EDGE('',*,*,#745,.T.);
#245=ORIENTED_EDGE('',*,*,#746,.F.);
#246=ORIENTED_EDGE('',*,*,#745,.F.);
#247=ORIENTED_EDGE('',*,*,#747,.T.);
#248=ORIENTED_EDGE('',*,*,#748,.T.);
#249=ORIENTED_EDGE('',*,*,#707,.T.);
#250=ORIENTED_EDGE('',*,*,#749,.T.);
#251=ORIENTED_EDGE('',*,*,#750,.T.);
#252=ORIENTED_EDGE('',*,*,#751,.F.);
#253=ORIENTED_EDGE('',*,*,#752,.T.);
#254=ORIENTED_EDGE('',*,*,#753,.T.);
#255=ORIENTED_EDGE('',*,*,#724,.F.);
#256=ORIENTED_EDGE('',*,*,#754,.F.);
#257=ORIENTED_EDGE('',*,*,#755,.F.);
#258=ORIENTED_EDGE('',*,*,#748,.F.);
#259=ORIENTED_EDGE('',*,*,#756,.T.);
#260=ORIENTED_EDGE('',*,*,#726,.T.);
#261=ORIENTED_EDGE('',*,*,#757,.F.);
#262=ORIENTED_EDGE('',*,*,#758,.T.);
#263=ORIENTED_EDGE('',*,*,#727,.F.);
#264=ORIENTED_EDGE('',*,*,#756,.F.);
#265=ORIENTED_EDGE('',*,*,#747,.F.);
#266=ORIENTED_EDGE('',*,*,#744,.F.);
#267=ORIENTED_EDGE('',*,*,#741,.F.);
#268=ORIENTED_EDGE('',*,*,#738,.F.);
#269=ORIENTED_EDGE('',*,*,#708,.T.);
#270=ORIENTED_EDGE('',*,*,#754,.T.);
#271=ORIENTED_EDGE('',*,*,#723,.F.);
#272=ORIENTED_EDGE('',*,*,#720,.T.);
#273=ORIENTED_EDGE('',*,*,#717,.F.);
#274=ORIENTED_EDGE('',*,*,#714,.T.);
#275=ORIENTED_EDGE('',*,*,#757,.T.);
#276=ORIENTED_EDGE('',*,*,#759,.F.);
#277=ORIENTED_EDGE('',*,*,#760,.T.);
#278=ORIENTED_EDGE('',*,*,#709,.F.);
#279=ORIENTED_EDGE('',*,*,#716,.T.);
#280=ORIENTED_EDGE('',*,*,#719,.F.);
#281=ORIENTED_EDGE('',*,*,#722,.T.);
#282=ORIENTED_EDGE('',*,*,#753,.F.);
#283=ORIENTED_EDGE('',*,*,#761,.T.);
#284=ORIENTED_EDGE('',*,*,#762,.T.);
#285=ORIENTED_EDGE('',*,*,#729,.T.);
#286=ORIENTED_EDGE('',*,*,#737,.T.);
#287=ORIENTED_EDGE('',*,*,#740,.T.);
#288=ORIENTED_EDGE('',*,*,#743,.T.);
#289=ORIENTED_EDGE('',*,*,#746,.T.);
#290=ORIENTED_EDGE('',*,*,#755,.T.);
#291=ORIENTED_EDGE('',*,*,#725,.T.);
#292=ORIENTED_EDGE('',*,*,#763,.F.);
#293=ORIENTED_EDGE('',*,*,#764,.F.);
#294=ORIENTED_EDGE('',*,*,#758,.F.);
#295=ORIENTED_EDGE('',*,*,#765,.F.);
#296=ORIENTED_EDGE('',*,*,#766,.F.);
#297=ORIENTED_EDGE('',*,*,#767,.T.);
#298=ORIENTED_EDGE('',*,*,#768,.F.);
#299=ORIENTED_EDGE('',*,*,#769,.F.);
#300=ORIENTED_EDGE('',*,*,#751,.T.);
#301=ORIENTED_EDGE('',*,*,#770,.F.);
#302=ORIENTED_EDGE('',*,*,#771,.T.);
#303=ORIENTED_EDGE('',*,*,#772,.F.);
#304=ORIENTED_EDGE('',*,*,#711,.T.);
#305=ORIENTED_EDGE('',*,*,#773,.F.);
#306=ORIENTED_EDGE('',*,*,#774,.T.);
#307=ORIENTED_EDGE('',*,*,#735,.F.);
#308=ORIENTED_EDGE('',*,*,#775,.F.);
#309=ORIENTED_EDGE('',*,*,#776,.F.);
#310=ORIENTED_EDGE('',*,*,#777,.F.);
#311=ORIENTED_EDGE('',*,*,#778,.F.);
#312=ORIENTED_EDGE('',*,*,#779,.F.);
#313=ORIENTED_EDGE('',*,*,#731,.F.);
#314=ORIENTED_EDGE('',*,*,#772,.T.);
#315=ORIENTED_EDGE('',*,*,#780,.F.);
#316=ORIENTED_EDGE('',*,*,#781,.F.);
#317=ORIENTED_EDGE('',*,*,#712,.T.);
#318=ORIENTED_EDGE('',*,*,#771,.F.);
#319=ORIENTED_EDGE('',*,*,#782,.F.);
#320=ORIENTED_EDGE('',*,*,#783,.T.);
#321=ORIENTED_EDGE('',*,*,#780,.T.);
#322=ORIENTED_EDGE('',*,*,#770,.T.);
#323=ORIENTED_EDGE('',*,*,#750,.F.);
#324=ORIENTED_EDGE('',*,*,#784,.F.);
#325=ORIENTED_EDGE('',*,*,#782,.T.);
#326=ORIENTED_EDGE('',*,*,#779,.T.);
#327=ORIENTED_EDGE('',*,*,#785,.F.);
#328=ORIENTED_EDGE('',*,*,#786,.F.);
#329=ORIENTED_EDGE('',*,*,#732,.T.);
#330=ORIENTED_EDGE('',*,*,#778,.T.);
#331=ORIENTED_EDGE('',*,*,#787,.F.);
#332=ORIENTED_EDGE('',*,*,#788,.F.);
#333=ORIENTED_EDGE('',*,*,#785,.T.);
#334=ORIENTED_EDGE('',*,*,#777,.T.);
#335=ORIENTED_EDGE('',*,*,#789,.F.);
#336=ORIENTED_EDGE('',*,*,#790,.F.);
#337=ORIENTED_EDGE('',*,*,#787,.T.);
#338=ORIENTED_EDGE('',*,*,#776,.T.);
#339=ORIENTED_EDGE('',*,*,#791,.F.);
#340=ORIENTED_EDGE('',*,*,#792,.F.);
#341=ORIENTED_EDGE('',*,*,#789,.T.);
#342=ORIENTED_EDGE('',*,*,#775,.T.);
#343=ORIENTED_EDGE('',*,*,#734,.F.);
#344=ORIENTED_EDGE('',*,*,#793,.F.);
#345=ORIENTED_EDGE('',*,*,#791,.T.);
#346=ORIENTED_EDGE('',*,*,#794,.T.);
#347=ORIENTED_EDGE('',*,*,#767,.F.);
#348=ORIENTED_EDGE('',*,*,#733,.T.);
#349=ORIENTED_EDGE('',*,*,#786,.T.);
#350=ORIENTED_EDGE('',*,*,#788,.T.);
#351=ORIENTED_EDGE('',*,*,#790,.T.);
#352=ORIENTED_EDGE('',*,*,#792,.T.);
#353=ORIENTED_EDGE('',*,*,#793,.T.);
#354=ORIENTED_EDGE('',*,*,#706,.F.);
#355=ORIENTED_EDGE('',*,*,#713,.F.);
#356=ORIENTED_EDGE('',*,*,#781,.T.);
#357=ORIENTED_EDGE('',*,*,#783,.F.);
#358=ORIENTED_EDGE('',*,*,#784,.T.);
#359=ORIENTED_EDGE('',*,*,#749,.F.);
#360=ORIENTED_EDGE('',*,*,#794,.F.);
#361=ORIENTED_EDGE('',*,*,#759,.T.);
#362=ORIENTED_EDGE('',*,*,#736,.F.);
#363=ORIENTED_EDGE('',*,*,#774,.F.);
#364=ORIENTED_EDGE('',*,*,#795,.T.);
#365=ORIENTED_EDGE('',*,*,#762,.F.);
#366=ORIENTED_EDGE('',*,*,#796,.F.);
#367=ORIENTED_EDGE('',*,*,#768,.T.);
#368=ORIENTED_EDGE('',*,*,#730,.T.);
#369=ORIENTED_EDGE('',*,*,#761,.F.);
#370=ORIENTED_EDGE('',*,*,#752,.F.);
#371=ORIENTED_EDGE('',*,*,#769,.T.);
#372=ORIENTED_EDGE('',*,*,#796,.T.);
#373=ORIENTED_EDGE('',*,*,#760,.F.);
#374=ORIENTED_EDGE('',*,*,#795,.F.);
#375=ORIENTED_EDGE('',*,*,#773,.T.);
#376=ORIENTED_EDGE('',*,*,#710,.T.);
#377=ORIENTED_EDGE('',*,*,#766,.T.);
#378=ORIENTED_EDGE('',*,*,#763,.T.);
#379=ORIENTED_EDGE('',*,*,#765,.T.);
#380=ORIENTED_EDGE('',*,*,#764,.T.);
#381=ORIENTED_EDGE('',*,*,#797,.F.);
#382=ORIENTED_EDGE('',*,*,#798,.F.);
#383=ORIENTED_EDGE('',*,*,#799,.T.);
#384=ORIENTED_EDGE('',*,*,#800,.T.);
#385=ORIENTED_EDGE('',*,*,#801,.T.);
#386=ORIENTED_EDGE('',*,*,#802,.F.);
#387=ORIENTED_EDGE('',*,*,#803,.F.);
#388=ORIENTED_EDGE('',*,*,#798,.T.);
#389=ORIENTED_EDGE('',*,*,#804,.T.);
#390=ORIENTED_EDGE('',*,*,#805,.F.);
#391=ORIENTED_EDGE('',*,*,#806,.F.);
#392=ORIENTED_EDGE('',*,*,#802,.T.);
#393=ORIENTED_EDGE('',*,*,#807,.T.);
#394=ORIENTED_EDGE('',*,*,#808,.F.);
#395=ORIENTED_EDGE('',*,*,#809,.T.);
#396=ORIENTED_EDGE('',*,*,#800,.F.);
#397=ORIENTED_EDGE('',*,*,#810,.F.);
#398=ORIENTED_EDGE('',*,*,#805,.T.);
#399=ORIENTED_EDGE('',*,*,#811,.T.);
#400=ORIENTED_EDGE('',*,*,#812,.F.);
#401=ORIENTED_EDGE('',*,*,#799,.F.);
#402=ORIENTED_EDGE('',*,*,#803,.T.);
#403=ORIENTED_EDGE('',*,*,#806,.T.);
#404=ORIENTED_EDGE('',*,*,#810,.T.);
#405=ORIENTED_EDGE('',*,*,#807,.F.);
#406=ORIENTED_EDGE('',*,*,#811,.F.);
#407=ORIENTED_EDGE('',*,*,#797,.T.);
#408=ORIENTED_EDGE('',*,*,#809,.F.);
#409=ORIENTED_EDGE('',*,*,#804,.F.);
#410=ORIENTED_EDGE('',*,*,#801,.F.);
#411=ORIENTED_EDGE('',*,*,#808,.T.);
#412=ORIENTED_EDGE('',*,*,#812,.T.);
#413=ORIENTED_EDGE('',*,*,#813,.T.);
#414=ORIENTED_EDGE('',*,*,#814,.F.);
#415=ORIENTED_EDGE('',*,*,#815,.F.);
#416=ORIENTED_EDGE('',*,*,#816,.T.);
#417=ORIENTED_EDGE('',*,*,#817,.T.);
#418=ORIENTED_EDGE('',*,*,#818,.T.);
#419=ORIENTED_EDGE('',*,*,#819,.T.);
#420=ORIENTED_EDGE('',*,*,#820,.T.);
#421=ORIENTED_EDGE('',*,*,#816,.F.);
#422=ORIENTED_EDGE('',*,*,#821,.F.);
#423=ORIENTED_EDGE('',*,*,#822,.T.);
#424=ORIENTED_EDGE('',*,*,#823,.T.);
#425=ORIENTED_EDGE('',*,*,#817,.F.);
#426=ORIENTED_EDGE('',*,*,#824,.F.);
#427=ORIENTED_EDGE('',*,*,#825,.T.);
#428=ORIENTED_EDGE('',*,*,#826,.F.);
#429=ORIENTED_EDGE('',*,*,#827,.F.);
#430=ORIENTED_EDGE('',*,*,#828,.T.);
#431=ORIENTED_EDGE('',*,*,#822,.F.);
#432=ORIENTED_EDGE('',*,*,#829,.F.);
#433=ORIENTED_EDGE('',*,*,#830,.T.);
#434=ORIENTED_EDGE('',*,*,#825,.F.);
#435=ORIENTED_EDGE('',*,*,#831,.F.);
#436=ORIENTED_EDGE('',*,*,#832,.T.);
#437=ORIENTED_EDGE('',*,*,#833,.T.);
#438=ORIENTED_EDGE('',*,*,#834,.F.);
#439=ORIENTED_EDGE('',*,*,#835,.F.);
#440=ORIENTED_EDGE('',*,*,#836,.T.);
#441=ORIENTED_EDGE('',*,*,#837,.F.);
#442=ORIENTED_EDGE('',*,*,#838,.F.);
#443=ORIENTED_EDGE('',*,*,#839,.T.);
#444=ORIENTED_EDGE('',*,*,#840,.F.);
#445=ORIENTED_EDGE('',*,*,#841,.F.);
#446=ORIENTED_EDGE('',*,*,#833,.F.);
#447=ORIENTED_EDGE('',*,*,#842,.T.);
#448=ORIENTED_EDGE('',*,*,#843,.T.);
#449=ORIENTED_EDGE('',*,*,#844,.F.);
#450=ORIENTED_EDGE('',*,*,#843,.F.);
#451=ORIENTED_EDGE('',*,*,#845,.T.);
#452=ORIENTED_EDGE('',*,*,#846,.T.);
#453=ORIENTED_EDGE('',*,*,#847,.T.);
#454=ORIENTED_EDGE('',*,*,#846,.F.);
#455=ORIENTED_EDGE('',*,*,#848,.F.);
#456=ORIENTED_EDGE('',*,*,#849,.T.);
#457=ORIENTED_EDGE('',*,*,#850,.F.);
#458=ORIENTED_EDGE('',*,*,#849,.F.);
#459=ORIENTED_EDGE('',*,*,#851,.T.);
#460=ORIENTED_EDGE('',*,*,#852,.T.);
#461=ORIENTED_EDGE('',*,*,#853,.F.);
#462=ORIENTED_EDGE('',*,*,#852,.F.);
#463=ORIENTED_EDGE('',*,*,#854,.T.);
#464=ORIENTED_EDGE('',*,*,#835,.T.);
#465=ORIENTED_EDGE('',*,*,#855,.F.);
#466=ORIENTED_EDGE('',*,*,#856,.T.);
#467=ORIENTED_EDGE('',*,*,#857,.T.);
#468=ORIENTED_EDGE('',*,*,#858,.T.);
#469=ORIENTED_EDGE('',*,*,#859,.F.);
#470=ORIENTED_EDGE('',*,*,#832,.F.);
#471=ORIENTED_EDGE('',*,*,#860,.T.);
#472=ORIENTED_EDGE('',*,*,#814,.T.);
#473=ORIENTED_EDGE('',*,*,#836,.F.);
#474=ORIENTED_EDGE('',*,*,#854,.F.);
#475=ORIENTED_EDGE('',*,*,#851,.F.);
#476=ORIENTED_EDGE('',*,*,#848,.T.);
#477=ORIENTED_EDGE('',*,*,#845,.F.);
#478=ORIENTED_EDGE('',*,*,#842,.F.);
#479=ORIENTED_EDGE('',*,*,#815,.T.);
#480=ORIENTED_EDGE('',*,*,#860,.F.);
#481=ORIENTED_EDGE('',*,*,#831,.T.);
#482=ORIENTED_EDGE('',*,*,#829,.T.);
#483=ORIENTED_EDGE('',*,*,#824,.T.);
#484=ORIENTED_EDGE('',*,*,#821,.T.);
#485=ORIENTED_EDGE('',*,*,#861,.F.);
#486=ORIENTED_EDGE('',*,*,#830,.F.);
#487=ORIENTED_EDGE('',*,*,#859,.T.);
#488=ORIENTED_EDGE('',*,*,#813,.F.);
#489=ORIENTED_EDGE('',*,*,#862,.T.);
#490=ORIENTED_EDGE('',*,*,#837,.T.);
#491=ORIENTED_EDGE('',*,*,#844,.T.);
#492=ORIENTED_EDGE('',*,*,#847,.F.);
#493=ORIENTED_EDGE('',*,*,#850,.T.);
#494=ORIENTED_EDGE('',*,*,#853,.T.);
#495=ORIENTED_EDGE('',*,*,#863,.F.);
#496=ORIENTED_EDGE('',*,*,#864,.F.);
#497=ORIENTED_EDGE('',*,*,#865,.F.);
#498=ORIENTED_EDGE('',*,*,#866,.F.);
#499=ORIENTED_EDGE('',*,*,#867,.F.);
#500=ORIENTED_EDGE('',*,*,#868,.F.);
#501=ORIENTED_EDGE('',*,*,#869,.F.);
#502=ORIENTED_EDGE('',*,*,#870,.T.);
#503=ORIENTED_EDGE('',*,*,#871,.F.);
#504=ORIENTED_EDGE('',*,*,#872,.T.);
#505=ORIENTED_EDGE('',*,*,#873,.T.);
#506=ORIENTED_EDGE('',*,*,#857,.F.);
#507=ORIENTED_EDGE('',*,*,#874,.F.);
#508=ORIENTED_EDGE('',*,*,#875,.T.);
#509=ORIENTED_EDGE('',*,*,#876,.F.);
#510=ORIENTED_EDGE('',*,*,#839,.F.);
#511=ORIENTED_EDGE('',*,*,#870,.F.);
#512=ORIENTED_EDGE('',*,*,#819,.F.);
#513=ORIENTED_EDGE('',*,*,#877,.T.);
#514=ORIENTED_EDGE('',*,*,#878,.T.);
#515=ORIENTED_EDGE('',*,*,#872,.F.);
#516=ORIENTED_EDGE('',*,*,#879,.F.);
#517=ORIENTED_EDGE('',*,*,#880,.T.);
#518=ORIENTED_EDGE('',*,*,#827,.T.);
#519=ORIENTED_EDGE('',*,*,#876,.T.);
#520=ORIENTED_EDGE('',*,*,#881,.F.);
#521=ORIENTED_EDGE('',*,*,#882,.F.);
#522=ORIENTED_EDGE('',*,*,#840,.T.);
#523=ORIENTED_EDGE('',*,*,#875,.F.);
#524=ORIENTED_EDGE('',*,*,#883,.F.);
#525=ORIENTED_EDGE('',*,*,#884,.T.);
#526=ORIENTED_EDGE('',*,*,#881,.T.);
#527=ORIENTED_EDGE('',*,*,#874,.T.);
#528=ORIENTED_EDGE('',*,*,#856,.F.);
#529=ORIENTED_EDGE('',*,*,#885,.F.);
#530=ORIENTED_EDGE('',*,*,#883,.T.);
#531=ORIENTED_EDGE('',*,*,#871,.T.);
#532=ORIENTED_EDGE('',*,*,#878,.F.);
#533=ORIENTED_EDGE('',*,*,#886,.F.);
#534=ORIENTED_EDGE('',*,*,#879,.T.);
#535=ORIENTED_EDGE('',*,*,#834,.T.);
#536=ORIENTED_EDGE('',*,*,#841,.T.);
#537=ORIENTED_EDGE('',*,*,#882,.T.);
#538=ORIENTED_EDGE('',*,*,#884,.F.);
#539=ORIENTED_EDGE('',*,*,#885,.T.);
#540=ORIENTED_EDGE('',*,*,#855,.T.);
#541=ORIENTED_EDGE('',*,*,#877,.F.);
#542=ORIENTED_EDGE('',*,*,#818,.F.);
#543=ORIENTED_EDGE('',*,*,#823,.F.);
#544=ORIENTED_EDGE('',*,*,#828,.F.);
#545=ORIENTED_EDGE('',*,*,#880,.F.);
#546=ORIENTED_EDGE('',*,*,#886,.T.);
#547=ORIENTED_EDGE('',*,*,#862,.F.);
#548=ORIENTED_EDGE('',*,*,#820,.F.);
#549=ORIENTED_EDGE('',*,*,#869,.T.);
#550=ORIENTED_EDGE('',*,*,#838,.T.);
#551=ORIENTED_EDGE('',*,*,#861,.T.);
#552=ORIENTED_EDGE('',*,*,#858,.F.);
#553=ORIENTED_EDGE('',*,*,#873,.F.);
#554=ORIENTED_EDGE('',*,*,#826,.T.);
#555=ORIENTED_EDGE('',*,*,#868,.T.);
#556=ORIENTED_EDGE('',*,*,#863,.T.);
#557=ORIENTED_EDGE('',*,*,#867,.T.);
#558=ORIENTED_EDGE('',*,*,#864,.T.);
#559=ORIENTED_EDGE('',*,*,#866,.T.);
#560=ORIENTED_EDGE('',*,*,#865,.T.);
#561=ORIENTED_EDGE('',*,*,#887,.F.);
#562=ORIENTED_EDGE('',*,*,#888,.F.);
#563=ORIENTED_EDGE('',*,*,#889,.T.);
#564=ORIENTED_EDGE('',*,*,#890,.T.);
#565=ORIENTED_EDGE('',*,*,#891,.T.);
#566=ORIENTED_EDGE('',*,*,#892,.F.);
#567=ORIENTED_EDGE('',*,*,#893,.F.);
#568=ORIENTED_EDGE('',*,*,#888,.T.);
#569=ORIENTED_EDGE('',*,*,#894,.T.);
#570=ORIENTED_EDGE('',*,*,#895,.F.);
#571=ORIENTED_EDGE('',*,*,#896,.F.);
#572=ORIENTED_EDGE('',*,*,#892,.T.);
#573=ORIENTED_EDGE('',*,*,#897,.T.);
#574=ORIENTED_EDGE('',*,*,#898,.F.);
#575=ORIENTED_EDGE('',*,*,#899,.T.);
#576=ORIENTED_EDGE('',*,*,#890,.F.);
#577=ORIENTED_EDGE('',*,*,#900,.F.);
#578=ORIENTED_EDGE('',*,*,#895,.T.);
#579=ORIENTED_EDGE('',*,*,#901,.T.);
#580=ORIENTED_EDGE('',*,*,#902,.F.);
#581=ORIENTED_EDGE('',*,*,#889,.F.);
#582=ORIENTED_EDGE('',*,*,#893,.T.);
#583=ORIENTED_EDGE('',*,*,#896,.T.);
#584=ORIENTED_EDGE('',*,*,#900,.T.);
#585=ORIENTED_EDGE('',*,*,#897,.F.);
#586=ORIENTED_EDGE('',*,*,#901,.F.);
#587=ORIENTED_EDGE('',*,*,#887,.T.);
#588=ORIENTED_EDGE('',*,*,#899,.F.);
#589=ORIENTED_EDGE('',*,*,#894,.F.);
#590=ORIENTED_EDGE('',*,*,#891,.F.);
#591=ORIENTED_EDGE('',*,*,#898,.T.);
#592=ORIENTED_EDGE('',*,*,#902,.T.);
#593=ORIENTED_EDGE('',*,*,#903,.F.);
#594=ORIENTED_EDGE('',*,*,#904,.T.);
#595=ORIENTED_EDGE('',*,*,#905,.T.);
#596=ORIENTED_EDGE('',*,*,#906,.F.);
#597=ORIENTED_EDGE('',*,*,#907,.F.);
#598=ORIENTED_EDGE('',*,*,#908,.F.);
#599=ORIENTED_EDGE('',*,*,#909,.T.);
#600=ORIENTED_EDGE('',*,*,#910,.T.);
#601=ORIENTED_EDGE('',*,*,#911,.T.);
#602=ORIENTED_EDGE('',*,*,#912,.T.);
#603=ORIENTED_EDGE('',*,*,#913,.F.);
#604=ORIENTED_EDGE('',*,*,#903,.T.);
#605=ORIENTED_EDGE('',*,*,#914,.T.);
#606=ORIENTED_EDGE('',*,*,#915,.F.);
#607=ORIENTED_EDGE('',*,*,#916,.F.);
#608=ORIENTED_EDGE('',*,*,#908,.T.);
#609=ORIENTED_EDGE('',*,*,#917,.T.);
#610=ORIENTED_EDGE('',*,*,#905,.F.);
#611=ORIENTED_EDGE('',*,*,#918,.T.);
#612=ORIENTED_EDGE('',*,*,#919,.F.);
#613=ORIENTED_EDGE('',*,*,#920,.F.);
#614=ORIENTED_EDGE('',*,*,#921,.F.);
#615=ORIENTED_EDGE('',*,*,#922,.F.);
#616=ORIENTED_EDGE('',*,*,#915,.T.);
#617=ORIENTED_EDGE('',*,*,#923,.F.);
#618=ORIENTED_EDGE('',*,*,#910,.F.);
#619=ORIENTED_EDGE('',*,*,#924,.T.);
#620=ORIENTED_EDGE('',*,*,#921,.T.);
#621=ORIENTED_EDGE('',*,*,#925,.T.);
#622=ORIENTED_EDGE('',*,*,#926,.F.);
#623=ORIENTED_EDGE('',*,*,#909,.F.);
#624=ORIENTED_EDGE('',*,*,#916,.T.);
#625=ORIENTED_EDGE('',*,*,#922,.T.);
#626=ORIENTED_EDGE('',*,*,#924,.F.);
#627=ORIENTED_EDGE('',*,*,#925,.F.);
#628=ORIENTED_EDGE('',*,*,#907,.T.);
#629=ORIENTED_EDGE('',*,*,#906,.T.);
#630=ORIENTED_EDGE('',*,*,#917,.F.);
#631=ORIENTED_EDGE('',*,*,#914,.F.);
#632=ORIENTED_EDGE('',*,*,#926,.T.);
#633=ORIENTED_EDGE('',*,*,#927,.T.);
#634=ORIENTED_EDGE('',*,*,#912,.F.);
#635=ORIENTED_EDGE('',*,*,#928,.F.);
#636=ORIENTED_EDGE('',*,*,#919,.T.);
#637=ORIENTED_EDGE('',*,*,#929,.T.);
#638=ORIENTED_EDGE('',*,*,#930,.F.);
#639=ORIENTED_EDGE('',*,*,#911,.F.);
#640=ORIENTED_EDGE('',*,*,#923,.T.);
#641=ORIENTED_EDGE('',*,*,#920,.T.);
#642=ORIENTED_EDGE('',*,*,#928,.T.);
#643=ORIENTED_EDGE('',*,*,#929,.F.);
#644=ORIENTED_EDGE('',*,*,#913,.T.);
#645=ORIENTED_EDGE('',*,*,#927,.F.);
#646=ORIENTED_EDGE('',*,*,#918,.F.);
#647=ORIENTED_EDGE('',*,*,#904,.F.);
#648=ORIENTED_EDGE('',*,*,#930,.T.);
#649=ORIENTED_EDGE('',*,*,#931,.T.);
#650=ORIENTED_EDGE('',*,*,#932,.F.);
#651=ORIENTED_EDGE('',*,*,#933,.T.);
#652=ORIENTED_EDGE('',*,*,#934,.T.);
#653=ORIENTED_EDGE('',*,*,#935,.F.);
#654=ORIENTED_EDGE('',*,*,#936,.F.);
#655=ORIENTED_EDGE('',*,*,#937,.F.);
#656=ORIENTED_EDGE('',*,*,#938,.F.);
#657=ORIENTED_EDGE('',*,*,#939,.T.);
#658=ORIENTED_EDGE('',*,*,#940,.F.);
#659=ORIENTED_EDGE('',*,*,#941,.T.);
#660=ORIENTED_EDGE('',*,*,#942,.T.);
#661=ORIENTED_EDGE('',*,*,#934,.F.);
#662=ORIENTED_EDGE('',*,*,#943,.F.);
#663=ORIENTED_EDGE('',*,*,#944,.F.);
#664=ORIENTED_EDGE('',*,*,#945,.T.);
#665=ORIENTED_EDGE('',*,*,#940,.T.);
#666=ORIENTED_EDGE('',*,*,#946,.T.);
#667=ORIENTED_EDGE('',*,*,#947,.T.);
#668=ORIENTED_EDGE('',*,*,#932,.T.);
#669=ORIENTED_EDGE('',*,*,#948,.F.);
#670=ORIENTED_EDGE('',*,*,#949,.F.);
#671=ORIENTED_EDGE('',*,*,#944,.T.);
#672=ORIENTED_EDGE('',*,*,#950,.F.);
#673=ORIENTED_EDGE('',*,*,#951,.T.);
#674=ORIENTED_EDGE('',*,*,#935,.T.);
#675=ORIENTED_EDGE('',*,*,#942,.F.);
#676=ORIENTED_EDGE('',*,*,#952,.F.);
#677=ORIENTED_EDGE('',*,*,#948,.T.);
#678=ORIENTED_EDGE('',*,*,#953,.T.);
#679=ORIENTED_EDGE('',*,*,#931,.F.);
#680=ORIENTED_EDGE('',*,*,#941,.F.);
#681=ORIENTED_EDGE('',*,*,#945,.F.);
#682=ORIENTED_EDGE('',*,*,#949,.T.);
#683=ORIENTED_EDGE('',*,*,#952,.T.);
#684=ORIENTED_EDGE('',*,*,#953,.F.);
#685=ORIENTED_EDGE('',*,*,#954,.T.);
#686=ORIENTED_EDGE('',*,*,#951,.F.);
#687=ORIENTED_EDGE('',*,*,#955,.F.);
#688=ORIENTED_EDGE('',*,*,#938,.T.);
#689=ORIENTED_EDGE('',*,*,#956,.T.);
#690=ORIENTED_EDGE('',*,*,#957,.F.);
#691=ORIENTED_EDGE('',*,*,#939,.F.);
#692=ORIENTED_EDGE('',*,*,#955,.T.);
#693=ORIENTED_EDGE('',*,*,#950,.T.);
#694=ORIENTED_EDGE('',*,*,#943,.T.);
#695=ORIENTED_EDGE('',*,*,#956,.F.);
#696=ORIENTED_EDGE('',*,*,#937,.T.);
#697=ORIENTED_EDGE('',*,*,#958,.F.);
#698=ORIENTED_EDGE('',*,*,#946,.F.);
#699=ORIENTED_EDGE('',*,*,#954,.F.);
#700=ORIENTED_EDGE('',*,*,#957,.T.);
#701=ORIENTED_EDGE('',*,*,#933,.F.);
#702=ORIENTED_EDGE('',*,*,#947,.F.);
#703=ORIENTED_EDGE('',*,*,#958,.T.);
#704=ORIENTED_EDGE('',*,*,#936,.T.);
#705=EDGE_CURVE('',#959,#960,#1137,.T.);
#706=EDGE_CURVE('',#960,#961,#1138,.T.);
#707=EDGE_CURVE('',#962,#961,#1139,.T.);
#708=EDGE_CURVE('',#959,#962,#1140,.T.);
#709=EDGE_CURVE('',#963,#964,#46,.T.);
#710=EDGE_CURVE('',#965,#964,#1141,.T.);
#711=EDGE_CURVE('',#966,#965,#47,.T.);
#712=EDGE_CURVE('',#967,#966,#1142,.T.);
#713=EDGE_CURVE('',#967,#960,#48,.T.);
#714=EDGE_CURVE('',#968,#959,#49,.T.);
#715=EDGE_CURVE('',#968,#963,#1143,.T.);
#716=EDGE_CURVE('',#963,#969,#1144,.T.);
#717=EDGE_CURVE('',#968,#970,#1145,.T.);
#718=EDGE_CURVE('',#970,#969,#1146,.T.);
#719=EDGE_CURVE('',#971,#969,#50,.T.);
#720=EDGE_CURVE('',#972,#970,#51,.T.);
#721=EDGE_CURVE('',#972,#971,#1147,.T.);
#722=EDGE_CURVE('',#971,#973,#1148,.T.);
#723=EDGE_CURVE('',#972,#974,#1149,.T.);
#724=EDGE_CURVE('',#974,#973,#1150,.T.);
#725=EDGE_CURVE('',#975,#976,#1151,.T.);
#726=EDGE_CURVE('',#977,#975,#1152,.T.);
#727=EDGE_CURVE('',#977,#978,#1153,.T.);
#728=EDGE_CURVE('',#978,#979,#1154,.T.);
#729=EDGE_CURVE('',#980,#979,#1155,.T.);
#730=EDGE_CURVE('',#981,#980,#1156,.T.);
#731=EDGE_CURVE('',#981,#982,#1157,.T.);
#732=EDGE_CURVE('',#983,#982,#1158,.T.);
#733=EDGE_CURVE('',#984,#983,#1159,.T.);
#734=EDGE_CURVE('',#984,#985,#1160,.T.);
#735=EDGE_CURVE('',#985,#986,#1161,.T.);
#736=EDGE_CURVE('',#986,#976,#1162,.T.);
#737=EDGE_CURVE('',#979,#987,#52,.T.);
#738=EDGE_CURVE('',#978,#988,#53,.T.);
#739=EDGE_CURVE('',#988,#987,#1163,.T.);
#740=EDGE_CURVE('',#987,#989,#1164,.T.);
#741=EDGE_CURVE('',#988,#990,#1165,.T.);
#742=EDGE_CURVE('',#990,#989,#1166,.T.);
#743=EDGE_CURVE('',#989,#991,#54,.T.);
#744=EDGE_CURVE('',#990,#992,#55,.T.);
#745=EDGE_CURVE('',#992,#991,#1167,.T.);
#746=EDGE_CURVE('',#991,#993,#1168,.T.);
#747=EDGE_CURVE('',#992,#994,#1169,.T.);
#748=EDGE_CURVE('',#994,#993,#1170,.T.);
#749=EDGE_CURVE('',#961,#995,#56,.T.);
#750=EDGE_CURVE('',#995,#996,#1171,.T.);
#751=EDGE_CURVE('',#997,#996,#57,.T.);
#752=EDGE_CURVE('',#997,#998,#1172,.T.);
#753=EDGE_CURVE('',#998,#973,#58,.T.);
#754=EDGE_CURVE('',#962,#974,#59,.T.);
#755=EDGE_CURVE('',#993,#975,#60,.T.);
#756=EDGE_CURVE('',#994,#977,#61,.T.);
#757=EDGE_CURVE('',#999,#999,#62,.T.);
#758=EDGE_CURVE('',#1000,#1000,#63,.T.);
#759=EDGE_CURVE('',#1001,#976,#1173,.T.);
#760=EDGE_CURVE('',#1001,#964,#64,.T.);
#761=EDGE_CURVE('',#998,#1002,#65,.T.);
#762=EDGE_CURVE('',#1002,#980,#1174,.T.);
#763=EDGE_CURVE('',#1003,#1003,#66,.T.);
#764=EDGE_CURVE('',#1004,#1004,#67,.T.);
#765=EDGE_CURVE('',#1005,#1005,#68,.F.);
#766=EDGE_CURVE('',#1006,#1006,#69,.F.);
#767=EDGE_CURVE('',#1007,#1007,#70,.T.);
#768=EDGE_CURVE('',#1008,#981,#1175,.T.);
#769=EDGE_CURVE('',#997,#1008,#71,.T.);
#770=EDGE_CURVE('',#1009,#996,#1176,.T.);
#771=EDGE_CURVE('',#1009,#1010,#72,.T.);
#772=EDGE_CURVE('',#966,#1010,#1177,.T.);
#773=EDGE_CURVE('',#1011,#965,#73,.T.);
#774=EDGE_CURVE('',#1011,#986,#1178,.T.);
#775=EDGE_CURVE('',#1012,#985,#74,.T.);
#776=EDGE_CURVE('',#1013,#1012,#1179,.T.);
#777=EDGE_CURVE('',#1014,#1013,#75,.T.);
#778=EDGE_CURVE('',#1015,#1014,#1180,.T.);
#779=EDGE_CURVE('',#982,#1015,#76,.T.);
#780=EDGE_CURVE('',#1016,#1010,#1181,.T.);
#781=EDGE_CURVE('',#967,#1016,#1182,.T.);
#782=EDGE_CURVE('',#1017,#1009,#1183,.T.);
#783=EDGE_CURVE('',#1017,#1016,#77,.T.);
#784=EDGE_CURVE('',#1017,#995,#1184,.T.);
#785=EDGE_CURVE('',#1018,#1015,#1185,.T.);
#786=EDGE_CURVE('',#983,#1018,#78,.T.);
#787=EDGE_CURVE('',#1019,#1014,#1186,.T.);
#788=EDGE_CURVE('',#1018,#1019,#1187,.T.);
#789=EDGE_CURVE('',#1020,#1013,#1188,.T.);
#790=EDGE_CURVE('',#1019,#1020,#79,.T.);
#791=EDGE_CURVE('',#1021,#1012,#1189,.T.);
#792=EDGE_CURVE('',#1020,#1021,#1190,.T.);
#793=EDGE_CURVE('',#1021,#984,#80,.T.);
#794=EDGE_CURVE('',#1022,#1022,#81,.T.);
#795=EDGE_CURVE('',#1011,#1001,#1191,.T.);
#796=EDGE_CURVE('',#1008,#1002,#1192,.T.);
#797=EDGE_CURVE('',#1023,#1024,#1193,.T.);
#798=EDGE_CURVE('',#1025,#1023,#1194,.T.);
#799=EDGE_CURVE('',#1025,#1026,#1195,.T.);
#800=EDGE_CURVE('',#1026,#1024,#1196,.T.);
#801=EDGE_CURVE('',#1023,#1027,#82,.T.);
#802=EDGE_CURVE('',#1028,#1027,#1197,.T.);
#803=EDGE_CURVE('',#1025,#1028,#83,.T.);
#804=EDGE_CURVE('',#1027,#1029,#1198,.T.);
#805=EDGE_CURVE('',#1030,#1029,#1199,.T.);
#806=EDGE_CURVE('',#1028,#1030,#1200,.T.);
#807=EDGE_CURVE('',#1031,#1031,#84,.T.);
#808=EDGE_CURVE('',#1032,#1032,#85,.T.);
#809=EDGE_CURVE('',#1029,#1024,#86,.T.);
#810=EDGE_CURVE('',#1030,#1026,#87,.T.);
#811=EDGE_CURVE('',#1033,#1033,#88,.T.);
#812=EDGE_CURVE('',#1034,#1034,#89,.T.);
#813=EDGE_CURVE('',#1035,#1036,#90,.T.);
#814=EDGE_CURVE('',#1037,#1036,#1201,.T.);
#815=EDGE_CURVE('',#1038,#1037,#91,.T.);
#816=EDGE_CURVE('',#1038,#1035,#1202,.T.);
#817=EDGE_CURVE('',#1039,#1040,#1203,.T.);
#818=EDGE_CURVE('',#1040,#1041,#1204,.T.);
#819=EDGE_CURVE('',#1041,#1042,#1205,.T.);
#820=EDGE_CURVE('',#1042,#1035,#1206,.T.);
#821=EDGE_CURVE('',#1039,#1038,#1207,.T.);
#822=EDGE_CURVE('',#1043,#1044,#1208,.T.);
#823=EDGE_CURVE('',#1044,#1040,#92,.T.);
#824=EDGE_CURVE('',#1043,#1039,#93,.T.);
#825=EDGE_CURVE('',#1045,#1046,#1209,.T.);
#826=EDGE_CURVE('',#1047,#1046,#1210,.T.);
#827=EDGE_CURVE('',#1048,#1047,#1211,.T.);
#828=EDGE_CURVE('',#1048,#1044,#1212,.T.);
#829=EDGE_CURVE('',#1045,#1043,#1213,.T.);
#830=EDGE_CURVE('',#1049,#1046,#94,.T.);
#831=EDGE_CURVE('',#1050,#1045,#95,.T.);
#832=EDGE_CURVE('',#1050,#1049,#1214,.T.);
#833=EDGE_CURVE('',#1051,#1052,#1215,.T.);
#834=EDGE_CURVE('',#1053,#1052,#96,.T.);
#835=EDGE_CURVE('',#1054,#1053,#1216,.T.);
#836=EDGE_CURVE('',#1054,#1051,#97,.T.);
#837=EDGE_CURVE('',#1055,#1056,#1217,.T.);
#838=EDGE_CURVE('',#1057,#1055,#1218,.T.);
#839=EDGE_CURVE('',#1057,#1058,#1219,.T.);
#840=EDGE_CURVE('',#1059,#1058,#1220,.T.);
#841=EDGE_CURVE('',#1052,#1059,#1221,.T.);
#842=EDGE_CURVE('',#1051,#1060,#1222,.T.);
#843=EDGE_CURVE('',#1060,#1056,#1223,.T.);
#844=EDGE_CURVE('',#1056,#1061,#98,.T.);
#845=EDGE_CURVE('',#1060,#1062,#99,.T.);
#846=EDGE_CURVE('',#1062,#1061,#1224,.T.);
#847=EDGE_CURVE('',#1063,#1061,#1225,.T.);
#848=EDGE_CURVE('',#1064,#1062,#1226,.T.);
#849=EDGE_CURVE('',#1064,#1063,#1227,.T.);
#850=EDGE_CURVE('',#1063,#1065,#100,.T.);
#851=EDGE_CURVE('',#1064,#1066,#101,.T.);
#852=EDGE_CURVE('',#1066,#1065,#1228,.T.);
#853=EDGE_CURVE('',#1065,#1067,#1229,.T.);
#854=EDGE_CURVE('',#1066,#1054,#1230,.T.);
#855=EDGE_CURVE('',#1068,#1053,#1231,.T.);
#856=EDGE_CURVE('',#1068,#1069,#1232,.T.);
#857=EDGE_CURVE('',#1069,#1070,#1233,.T.);
#858=EDGE_CURVE('',#1070,#1067,#1234,.T.);
#859=EDGE_CURVE('',#1049,#1036,#1235,.T.);
#860=EDGE_CURVE('',#1050,#1037,#1236,.T.);
#861=EDGE_CURVE('',#1046,#1067,#1237,.T.);
#862=EDGE_CURVE('',#1035,#1055,#1238,.T.);
#863=EDGE_CURVE('',#1071,#1071,#102,.T.);
#864=EDGE_CURVE('',#1072,#1072,#103,.T.);
#865=EDGE_CURVE('',#1073,#1073,#104,.T.);
#866=EDGE_CURVE('',#1074,#1074,#105,.F.);
#867=EDGE_CURVE('',#1075,#1075,#106,.F.);
#868=EDGE_CURVE('',#1076,#1076,#107,.F.);
#869=EDGE_CURVE('',#1042,#1057,#1239,.T.);
#870=EDGE_CURVE('',#1042,#1077,#108,.T.);
#871=EDGE_CURVE('',#1078,#1077,#1240,.T.);
#872=EDGE_CURVE('',#1078,#1047,#109,.T.);
#873=EDGE_CURVE('',#1047,#1070,#1241,.T.);
#874=EDGE_CURVE('',#1079,#1069,#110,.T.);
#875=EDGE_CURVE('',#1079,#1080,#1242,.T.);
#876=EDGE_CURVE('',#1058,#1080,#111,.T.);
#877=EDGE_CURVE('',#1041,#1081,#112,.T.);
#878=EDGE_CURVE('',#1081,#1077,#1243,.T.);
#879=EDGE_CURVE('',#1082,#1078,#1244,.T.);
#880=EDGE_CURVE('',#1082,#1048,#113,.T.);
#881=EDGE_CURVE('',#1083,#1080,#1245,.T.);
#882=EDGE_CURVE('',#1059,#1083,#114,.T.);
#883=EDGE_CURVE('',#1084,#1079,#1246,.T.);
#884=EDGE_CURVE('',#1084,#1083,#1247,.T.);
#885=EDGE_CURVE('',#1084,#1068,#115,.T.);
#886=EDGE_CURVE('',#1082,#1081,#1248,.T.);
#887=EDGE_CURVE('',#1085,#1086,#1249,.T.);
#888=EDGE_CURVE('',#1087,#1085,#1250,.T.);
#889=EDGE_CURVE('',#1087,#1088,#1251,.T.);
#890=EDGE_CURVE('',#1088,#1086,#1252,.T.);
#891=EDGE_CURVE('',#1085,#1089,#116,.T.);
#892=EDGE_CURVE('',#1090,#1089,#1253,.T.);
#893=EDGE_CURVE('',#1087,#1090,#117,.T.);
#894=EDGE_CURVE('',#1089,#1091,#1254,.T.);
#895=EDGE_CURVE('',#1092,#1091,#1255,.T.);
#896=EDGE_CURVE('',#1090,#1092,#1256,.T.);
#897=EDGE_CURVE('',#1093,#1093,#118,.T.);
#898=EDGE_CURVE('',#1094,#1094,#119,.T.);
#899=EDGE_CURVE('',#1091,#1086,#120,.T.);
#900=EDGE_CURVE('',#1092,#1088,#121,.T.);
#901=EDGE_CURVE('',#1095,#1095,#122,.T.);
#902=EDGE_CURVE('',#1096,#1096,#123,.T.);
#903=EDGE_CURVE('',#1097,#1098,#1257,.T.);
#904=EDGE_CURVE('',#1097,#1099,#124,.T.);
#905=EDGE_CURVE('',#1099,#1100,#1258,.T.);
#906=EDGE_CURVE('',#1098,#1100,#125,.T.);
#907=EDGE_CURVE('',#1101,#1098,#1259,.T.);
#908=EDGE_CURVE('',#1102,#1101,#1260,.T.);
#909=EDGE_CURVE('',#1102,#1103,#1261,.T.);
#910=EDGE_CURVE('',#1103,#1104,#1262,.T.);
#911=EDGE_CURVE('',#1104,#1105,#1263,.T.);
#912=EDGE_CURVE('',#1105,#1106,#1264,.T.);
#913=EDGE_CURVE('',#1097,#1106,#1265,.T.);
#914=EDGE_CURVE('',#1101,#1107,#126,.T.);
#915=EDGE_CURVE('',#1108,#1107,#1266,.T.);
#916=EDGE_CURVE('',#1102,#1108,#127,.T.);
#917=EDGE_CURVE('',#1107,#1100,#1267,.T.);
#918=EDGE_CURVE('',#1099,#1109,#1268,.T.);
#919=EDGE_CURVE('',#1110,#1109,#1269,.T.);
#920=EDGE_CURVE('',#1111,#1110,#1270,.T.);
#921=EDGE_CURVE('',#1112,#1111,#1271,.T.);
#922=EDGE_CURVE('',#1108,#1112,#1272,.T.);
#923=EDGE_CURVE('',#1104,#1111,#128,.T.);
#924=EDGE_CURVE('',#1103,#1112,#129,.T.);
#925=EDGE_CURVE('',#1113,#1113,#130,.T.);
#926=EDGE_CURVE('',#1114,#1114,#131,.T.);
#927=EDGE_CURVE('',#1109,#1106,#132,.T.);
#928=EDGE_CURVE('',#1110,#1105,#133,.T.);
#929=EDGE_CURVE('',#1115,#1115,#134,.T.);
#930=EDGE_CURVE('',#1116,#1116,#135,.T.);
#931=EDGE_CURVE('',#1117,#1117,#136,.T.);
#932=EDGE_CURVE('',#1118,#1119,#1273,.T.);
#933=EDGE_CURVE('',#1118,#1120,#137,.T.);
#934=EDGE_CURVE('',#1120,#1121,#1274,.T.);
#935=EDGE_CURVE('',#1119,#1121,#138,.T.);
#936=EDGE_CURVE('',#1122,#1120,#1275,.T.);
#937=EDGE_CURVE('',#1123,#1122,#1276,.T.);
#938=EDGE_CURVE('',#1124,#1123,#1277,.T.);
#939=EDGE_CURVE('',#1124,#1125,#1278,.T.);
#940=EDGE_CURVE('',#1126,#1125,#1279,.T.);
#941=EDGE_CURVE('',#1126,#1127,#1280,.T.);
#942=EDGE_CURVE('',#1127,#1121,#1281,.T.);
#943=EDGE_CURVE('',#1128,#1125,#139,.T.);
#944=EDGE_CURVE('',#1129,#1128,#1282,.T.);
#945=EDGE_CURVE('',#1129,#1126,#140,.T.);
#946=EDGE_CURVE('',#1130,#1131,#1283,.T.);
#947=EDGE_CURVE('',#1131,#1118,#1284,.T.);
#948=EDGE_CURVE('',#1132,#1119,#1285,.T.);
#949=EDGE_CURVE('',#1129,#1132,#1286,.T.);
#950=EDGE_CURVE('',#1133,#1128,#1287,.T.);
#951=EDGE_CURVE('',#1133,#1130,#1288,.T.);
#952=EDGE_CURVE('',#1132,#1127,#141,.T.);
#953=EDGE_CURVE('',#1134,#1134,#142,.T.);
#954=EDGE_CURVE('',#1123,#1130,#143,.T.);
#955=EDGE_CURVE('',#1124,#1133,#144,.T.);
#956=EDGE_CURVE('',#1135,#1135,#145,.T.);
#957=EDGE_CURVE('',#1136,#1136,#146,.T.);
#958=EDGE_CURVE('',#1131,#1122,#147,.T.);
#959=VERTEX_POINT('',#2735);
#960=VERTEX_POINT('',#2736);
#961=VERTEX_POINT('',#2738);
#962=VERTEX_POINT('',#2740);
#963=VERTEX_POINT('',#2744);
#964=VERTEX_POINT('',#2745);
#965=VERTEX_POINT('',#2747);
#966=VERTEX_POINT('',#2749);
#967=VERTEX_POINT('',#2751);
#968=VERTEX_POINT('',#2754);
#969=VERTEX_POINT('',#2758);
#970=VERTEX_POINT('',#2760);
#971=VERTEX_POINT('',#2764);
#972=VERTEX_POINT('',#2766);
#973=VERTEX_POINT('',#2770);
#974=VERTEX_POINT('',#2772);
#975=VERTEX_POINT('',#2776);
#976=VERTEX_POINT('',#2777);
#977=VERTEX_POINT('',#2779);
#978=VERTEX_POINT('',#2781);
#979=VERTEX_POINT('',#2783);
#980=VERTEX_POINT('',#2785);
#981=VERTEX_POINT('',#2787);
#982=VERTEX_POINT('',#2789);
#983=VERTEX_POINT('',#2791);
#984=VERTEX_POINT('',#2793);
#985=VERTEX_POINT('',#2795);
#986=VERTEX_POINT('',#2797);
#987=VERTEX_POINT('',#2801);
#988=VERTEX_POINT('',#2803);
#989=VERTEX_POINT('',#2807);
#990=VERTEX_POINT('',#2809);
#991=VERTEX_POINT('',#2813);
#992=VERTEX_POINT('',#2815);
#993=VERTEX_POINT('',#2819);
#994=VERTEX_POINT('',#2821);
#995=VERTEX_POINT('',#2825);
#996=VERTEX_POINT('',#2827);
#997=VERTEX_POINT('',#2829);
#998=VERTEX_POINT('',#2831);
#999=VERTEX_POINT('',#2839);
#1000=VERTEX_POINT('',#2841);
#1001=VERTEX_POINT('',#2845);
#1002=VERTEX_POINT('',#2848);
#1003=VERTEX_POINT('',#2851);
#1004=VERTEX_POINT('',#2853);
#1005=VERTEX_POINT('',#2856);
#1006=VERTEX_POINT('',#2858);
#1007=VERTEX_POINT('',#2860);
#1008=VERTEX_POINT('',#2862);
#1009=VERTEX_POINT('',#2865);
#1010=VERTEX_POINT('',#2867);
#1011=VERTEX_POINT('',#2870);
#1012=VERTEX_POINT('',#2873);
#1013=VERTEX_POINT('',#2875);
#1014=VERTEX_POINT('',#2877);
#1015=VERTEX_POINT('',#2879);
#1016=VERTEX_POINT('',#2883);
#1017=VERTEX_POINT('',#2887);
#1018=VERTEX_POINT('',#2893);
#1019=VERTEX_POINT('',#2897);
#1020=VERTEX_POINT('',#2901);
#1021=VERTEX_POINT('',#2905);
#1022=VERTEX_POINT('',#2911);
#1023=VERTEX_POINT('',#2924);
#1024=VERTEX_POINT('',#2925);
#1025=VERTEX_POINT('',#2927);
#1026=VERTEX_POINT('',#2929);
#1027=VERTEX_POINT('',#2933);
#1028=VERTEX_POINT('',#2935);
#1029=VERTEX_POINT('',#2939);
#1030=VERTEX_POINT('',#2941);
#1031=VERTEX_POINT('',#2945);
#1032=VERTEX_POINT('',#2947);
#1033=VERTEX_POINT('',#2953);
#1034=VERTEX_POINT('',#2955);
#1035=VERTEX_POINT('',#2961);
#1036=VERTEX_POINT('',#2962);
#1037=VERTEX_POINT('',#2964);
#1038=VERTEX_POINT('',#2966);
#1039=VERTEX_POINT('',#2970);
#1040=VERTEX_POINT('',#2971);
#1041=VERTEX_POINT('',#2973);
#1042=VERTEX_POINT('',#2975);
#1043=VERTEX_POINT('',#2980);
#1044=VERTEX_POINT('',#2981);
#1045=VERTEX_POINT('',#2986);
#1046=VERTEX_POINT('',#2987);
#1047=VERTEX_POINT('',#2989);
#1048=VERTEX_POINT('',#2991);
#1049=VERTEX_POINT('',#2996);
#1050=VERTEX_POINT('',#2998);
#1051=VERTEX_POINT('',#3002);
#1052=VERTEX_POINT('',#3003);
#1053=VERTEX_POINT('',#3005);
#1054=VERTEX_POINT('',#3007);
#1055=VERTEX_POINT('',#3011);
#1056=VERTEX_POINT('',#3012);
#1057=VERTEX_POINT('',#3014);
#1058=VERTEX_POINT('',#3016);
#1059=VERTEX_POINT('',#3018);
#1060=VERTEX_POINT('',#3021);
#1061=VERTEX_POINT('',#3025);
#1062=VERTEX_POINT('',#3027);
#1063=VERTEX_POINT('',#3031);
#1064=VERTEX_POINT('',#3033);
#1065=VERTEX_POINT('',#3037);
#1066=VERTEX_POINT('',#3039);
#1067=VERTEX_POINT('',#3043);
#1068=VERTEX_POINT('',#3046);
#1069=VERTEX_POINT('',#3048);
#1070=VERTEX_POINT('',#3050);
#1071=VERTEX_POINT('',#3060);
#1072=VERTEX_POINT('',#3062);
#1073=VERTEX_POINT('',#3064);
#1074=VERTEX_POINT('',#3067);
#1075=VERTEX_POINT('',#3069);
#1076=VERTEX_POINT('',#3071);
#1077=VERTEX_POINT('',#3074);
#1078=VERTEX_POINT('',#3076);
#1079=VERTEX_POINT('',#3080);
#1080=VERTEX_POINT('',#3082);
#1081=VERTEX_POINT('',#3086);
#1082=VERTEX_POINT('',#3090);
#1083=VERTEX_POINT('',#3094);
#1084=VERTEX_POINT('',#3098);
#1085=VERTEX_POINT('',#3113);
#1086=VERTEX_POINT('',#3114);
#1087=VERTEX_POINT('',#3116);
#1088=VERTEX_POINT('',#3118);
#1089=VERTEX_POINT('',#3122);
#1090=VERTEX_POINT('',#3124);
#1091=VERTEX_POINT('',#3128);
#1092=VERTEX_POINT('',#3130);
#1093=VERTEX_POINT('',#3134);
#1094=VERTEX_POINT('',#3136);
#1095=VERTEX_POINT('',#3142);
#1096=VERTEX_POINT('',#3144);
#1097=VERTEX_POINT('',#3150);
#1098=VERTEX_POINT('',#3151);
#1099=VERTEX_POINT('',#3153);
#1100=VERTEX_POINT('',#3155);
#1101=VERTEX_POINT('',#3159);
#1102=VERTEX_POINT('',#3161);
#1103=VERTEX_POINT('',#3163);
#1104=VERTEX_POINT('',#3165);
#1105=VERTEX_POINT('',#3167);
#1106=VERTEX_POINT('',#3169);
#1107=VERTEX_POINT('',#3173);
#1108=VERTEX_POINT('',#3175);
#1109=VERTEX_POINT('',#3180);
#1110=VERTEX_POINT('',#3182);
#1111=VERTEX_POINT('',#3184);
#1112=VERTEX_POINT('',#3186);
#1113=VERTEX_POINT('',#3193);
#1114=VERTEX_POINT('',#3195);
#1115=VERTEX_POINT('',#3203);
#1116=VERTEX_POINT('',#3205);
#1117=VERTEX_POINT('',#3211);
#1118=VERTEX_POINT('',#3213);
#1119=VERTEX_POINT('',#3214);
#1120=VERTEX_POINT('',#3216);
#1121=VERTEX_POINT('',#3218);
#1122=VERTEX_POINT('',#3222);
#1123=VERTEX_POINT('',#3224);
#1124=VERTEX_POINT('',#3226);
#1125=VERTEX_POINT('',#3228);
#1126=VERTEX_POINT('',#3230);
#1127=VERTEX_POINT('',#3232);
#1128=VERTEX_POINT('',#3236);
#1129=VERTEX_POINT('',#3238);
#1130=VERTEX_POINT('',#3242);
#1131=VERTEX_POINT('',#3243);
#1132=VERTEX_POINT('',#3246);
#1133=VERTEX_POINT('',#3249);
#1134=VERTEX_POINT('',#3255);
#1135=VERTEX_POINT('',#3262);
#1136=VERTEX_POINT('',#3264);
#1137=LINE('',#2734,#1289);
#1138=LINE('',#2737,#1290);
#1139=LINE('',#2739,#1291);
#1140=LINE('',#2741,#1292);
#1141=LINE('',#2746,#1293);
#1142=LINE('',#2750,#1294);
#1143=LINE('',#2755,#1295);
#1144=LINE('',#2757,#1296);
#1145=LINE('',#2759,#1297);
#1146=LINE('',#2761,#1298);
#1147=LINE('',#2767,#1299);
#1148=LINE('',#2769,#1300);
#1149=LINE('',#2771,#1301);
#1150=LINE('',#2773,#1302);
#1151=LINE('',#2775,#1303);
#1152=LINE('',#2778,#1304);
#1153=LINE('',#2780,#1305);
#1154=LINE('',#2782,#1306);
#1155=LINE('',#2784,#1307);
#1156=LINE('',#2786,#1308);
#1157=LINE('',#2788,#1309);
#1158=LINE('',#2790,#1310);
#1159=LINE('',#2792,#1311);
#1160=LINE('',#2794,#1312);
#1161=LINE('',#2796,#1313);
#1162=LINE('',#2798,#1314);
#1163=LINE('',#2804,#1315);
#1164=LINE('',#2806,#1316);
#1165=LINE('',#2808,#1317);
#1166=LINE('',#2810,#1318);
#1167=LINE('',#2816,#1319);
#1168=LINE('',#2818,#1320);
#1169=LINE('',#2820,#1321);
#1170=LINE('',#2822,#1322);
#1171=LINE('',#2826,#1323);
#1172=LINE('',#2830,#1324);
#1173=LINE('',#2844,#1325);
#1174=LINE('',#2849,#1326);
#1175=LINE('',#2861,#1327);
#1176=LINE('',#2864,#1328);
#1177=LINE('',#2868,#1329);
#1178=LINE('',#2871,#1330);
#1179=LINE('',#2874,#1331);
#1180=LINE('',#2878,#1332);
#1181=LINE('',#2882,#1333);
#1182=LINE('',#2884,#1334);
#1183=LINE('',#2886,#1335);
#1184=LINE('',#2890,#1336);
#1185=LINE('',#2892,#1337);
#1186=LINE('',#2896,#1338);
#1187=LINE('',#2898,#1339);
#1188=LINE('',#2900,#1340);
#1189=LINE('',#2904,#1341);
#1190=LINE('',#2906,#1342);
#1191=LINE('',#2914,#1343);
#1192=LINE('',#2916,#1344);
#1193=LINE('',#2923,#1345);
#1194=LINE('',#2926,#1346);
#1195=LINE('',#2928,#1347);
#1196=LINE('',#2930,#1348);
#1197=LINE('',#2934,#1349);
#1198=LINE('',#2938,#1350);
#1199=LINE('',#2940,#1351);
#1200=LINE('',#2942,#1352);
#1201=LINE('',#2963,#1353);
#1202=LINE('',#2967,#1354);
#1203=LINE('',#2969,#1355);
#1204=LINE('',#2972,#1356);
#1205=LINE('',#2974,#1357);
#1206=LINE('',#2976,#1358);
#1207=LINE('',#2977,#1359);
#1208=LINE('',#2979,#1360);
#1209=LINE('',#2985,#1361);
#1210=LINE('',#2988,#1362);
#1211=LINE('',#2990,#1363);
#1212=LINE('',#2992,#1364);
#1213=LINE('',#2993,#1365);
#1214=LINE('',#2999,#1366);
#1215=LINE('',#3001,#1367);
#1216=LINE('',#3006,#1368);
#1217=LINE('',#3010,#1369);
#1218=LINE('',#3013,#1370);
#1219=LINE('',#3015,#1371);
#1220=LINE('',#3017,#1372);
#1221=LINE('',#3019,#1373);
#1222=LINE('',#3020,#1374);
#1223=LINE('',#3022,#1375);
#1224=LINE('',#3028,#1376);
#1225=LINE('',#3030,#1377);
#1226=LINE('',#3032,#1378);
#1227=LINE('',#3034,#1379);
#1228=LINE('',#3040,#1380);
#1229=LINE('',#3042,#1381);
#1230=LINE('',#3044,#1382);
#1231=LINE('',#3045,#1383);
#1232=LINE('',#3047,#1384);
#1233=LINE('',#3049,#1385);
#1234=LINE('',#3051,#1386);
#1235=LINE('',#3053,#1387);
#1236=LINE('',#3054,#1388);
#1237=LINE('',#3057,#1389);
#1238=LINE('',#3058,#1390);
#1239=LINE('',#3072,#1391);
#1240=LINE('',#3075,#1392);
#1241=LINE('',#3078,#1393);
#1242=LINE('',#3081,#1394);
#1243=LINE('',#3087,#1395);
#1244=LINE('',#3089,#1396);
#1245=LINE('',#3093,#1397);
#1246=LINE('',#3097,#1398);
#1247=LINE('',#3099,#1399);
#1248=LINE('',#3103,#1400);
#1249=LINE('',#3112,#1401);
#1250=LINE('',#3115,#1402);
#1251=LINE('',#3117,#1403);
#1252=LINE('',#3119,#1404);
#1253=LINE('',#3123,#1405);
#1254=LINE('',#3127,#1406);
#1255=LINE('',#3129,#1407);
#1256=LINE('',#3131,#1408);
#1257=LINE('',#3149,#1409);
#1258=LINE('',#3154,#1410);
#1259=LINE('',#3158,#1411);
#1260=LINE('',#3160,#1412);
#1261=LINE('',#3162,#1413);
#1262=LINE('',#3164,#1414);
#1263=LINE('',#3166,#1415);
#1264=LINE('',#3168,#1416);
#1265=LINE('',#3170,#1417);
#1266=LINE('',#3174,#1418);
#1267=LINE('',#3178,#1419);
#1268=LINE('',#3179,#1420);
#1269=LINE('',#3181,#1421);
#1270=LINE('',#3183,#1422);
#1271=LINE('',#3185,#1423);
#1272=LINE('',#3187,#1424);
#1273=LINE('',#3212,#1425);
#1274=LINE('',#3217,#1426);
#1275=LINE('',#3221,#1427);
#1276=LINE('',#3223,#1428);
#1277=LINE('',#3225,#1429);
#1278=LINE('',#3227,#1430);
#1279=LINE('',#3229,#1431);
#1280=LINE('',#3231,#1432);
#1281=LINE('',#3233,#1433);
#1282=LINE('',#3237,#1434);
#1283=LINE('',#3241,#1435);
#1284=LINE('',#3244,#1436);
#1285=LINE('',#3245,#1437);
#1286=LINE('',#3247,#1438);
#1287=LINE('',#3248,#1439);
#1288=LINE('',#3250,#1440);
#1289=VECTOR('',#2168,1.);
#1290=VECTOR('',#2169,1.);
#1291=VECTOR('',#2170,1.);
#1292=VECTOR('',#2171,1.);
#1293=VECTOR('',#2176,1.);
#1294=VECTOR('',#2179,1.);
#1295=VECTOR('',#2184,1.);
#1296=VECTOR('',#2187,1.);
#1297=VECTOR('',#2188,1.);
#1298=VECTOR('',#2189,1.);
#1299=VECTOR('',#2196,1.);
#1300=VECTOR('',#2199,1.);
#1301=VECTOR('',#2200,1.);
#1302=VECTOR('',#2201,1.);
#1303=VECTOR('',#2204,1.);
#1304=VECTOR('',#2205,1.);
#1305=VECTOR('',#2206,1.);
#1306=VECTOR('',#2207,1.);
#1307=VECTOR('',#2208,1.);
#1308=VECTOR('',#2209,1.);
#1309=VECTOR('',#2210,1.);
#1310=VECTOR('',#2211,1.);
#1311=VECTOR('',#2212,1.);
#1312=VECTOR('',#2213,1.);
#1313=VECTOR('',#2214,1.);
#1314=VECTOR('',#2215,1.);
#1315=VECTOR('',#2222,1.);
#1316=VECTOR('',#2225,1.);
#1317=VECTOR('',#2226,1.);
#1318=VECTOR('',#2227,1.);
#1319=VECTOR('',#2234,1.);
#1320=VECTOR('',#2237,1.);
#1321=VECTOR('',#2238,1.);
#1322=VECTOR('',#2239,1.);
#1323=VECTOR('',#2244,1.);
#1324=VECTOR('',#2247,1.);
#1325=VECTOR('',#2268,1.);
#1326=VECTOR('',#2273,1.);
#1327=VECTOR('',#2286,1.);
#1328=VECTOR('',#2289,1.);
#1329=VECTOR('',#2292,1.);
#1330=VECTOR('',#2295,1.);
#1331=VECTOR('',#2298,1.);
#1332=VECTOR('',#2301,1.);
#1333=VECTOR('',#2306,1.);
#1334=VECTOR('',#2307,1.);
#1335=VECTOR('',#2310,1.);
#1336=VECTOR('',#2315,1.);
#1337=VECTOR('',#2318,1.);
#1338=VECTOR('',#2323,1.);
#1339=VECTOR('',#2324,1.);
#1340=VECTOR('',#2327,1.);
#1341=VECTOR('',#2332,1.);
#1342=VECTOR('',#2333,1.);
#1343=VECTOR('',#2346,1.);
#1344=VECTOR('',#2349,1.);
#1345=VECTOR('',#2362,1.);
#1346=VECTOR('',#2363,1.);
#1347=VECTOR('',#2364,1.);
#1348=VECTOR('',#2365,1.);
#1349=VECTOR('',#2370,1.);
#1350=VECTOR('',#2375,1.);
#1351=VECTOR('',#2376,1.);
#1352=VECTOR('',#2377,1.);
#1353=VECTOR('',#2406,1.);
#1354=VECTOR('',#2409,1.);
#1355=VECTOR('',#2412,1.);
#1356=VECTOR('',#2413,1.);
#1357=VECTOR('',#2414,1.);
#1358=VECTOR('',#2415,1.);
#1359=VECTOR('',#2416,1.);
#1360=VECTOR('',#2419,1.);
#1361=VECTOR('',#2426,1.);
#1362=VECTOR('',#2427,1.);
#1363=VECTOR('',#2428,1.);
#1364=VECTOR('',#2429,1.);
#1365=VECTOR('',#2430,1.);
#1366=VECTOR('',#2437,1.);
#1367=VECTOR('',#2440,1.);
#1368=VECTOR('',#2443,1.);
#1369=VECTOR('',#2448,1.);
#1370=VECTOR('',#2449,1.);
#1371=VECTOR('',#2450,1.);
#1372=VECTOR('',#2451,1.);
#1373=VECTOR('',#2452,1.);
#1374=VECTOR('',#2453,1.);
#1375=VECTOR('',#2454,1.);
#1376=VECTOR('',#2461,1.);
#1377=VECTOR('',#2464,1.);
#1378=VECTOR('',#2465,1.);
#1379=VECTOR('',#2466,1.);
#1380=VECTOR('',#2473,1.);
#1381=VECTOR('',#2476,1.);
#1382=VECTOR('',#2477,1.);
#1383=VECTOR('',#2478,1.);
#1384=VECTOR('',#2479,1.);
#1385=VECTOR('',#2480,1.);
#1386=VECTOR('',#2481,1.);
#1387=VECTOR('',#2484,1.);
#1388=VECTOR('',#2485,1.);
#1389=VECTOR('',#2490,1.);
#1390=VECTOR('',#2491,1.);
#1391=VECTOR('',#2506,1.);
#1392=VECTOR('',#2509,1.);
#1393=VECTOR('',#2512,1.);
#1394=VECTOR('',#2515,1.);
#1395=VECTOR('',#2522,1.);
#1396=VECTOR('',#2525,1.);
#1397=VECTOR('',#2530,1.);
#1398=VECTOR('',#2535,1.);
#1399=VECTOR('',#2536,1.);
#1400=VECTOR('',#2543,1.);
#1401=VECTOR('',#2560,1.);
#1402=VECTOR('',#2561,1.);
#1403=VECTOR('',#2562,1.);
#1404=VECTOR('',#2563,1.);
#1405=VECTOR('',#2568,1.);
#1406=VECTOR('',#2573,1.);
#1407=VECTOR('',#2574,1.);
#1408=VECTOR('',#2575,1.);
#1409=VECTOR('',#2602,1.);
#1410=VECTOR('',#2605,1.);
#1411=VECTOR('',#2610,1.);
#1412=VECTOR('',#2611,1.);
#1413=VECTOR('',#2612,1.);
#1414=VECTOR('',#2613,1.);
#1415=VECTOR('',#2614,1.);
#1416=VECTOR('',#2615,1.);
#1417=VECTOR('',#2616,1.);
#1418=VECTOR('',#2621,1.);
#1419=VECTOR('',#2626,1.);
#1420=VECTOR('',#2627,1.);
#1421=VECTOR('',#2628,1.);
#1422=VECTOR('',#2629,1.);
#1423=VECTOR('',#2630,1.);
#1424=VECTOR('',#2631,1.);
#1425=VECTOR('',#2670,1.);
#1426=VECTOR('',#2673,1.);
#1427=VECTOR('',#2678,1.);
#1428=VECTOR('',#2679,1.);
#1429=VECTOR('',#2680,1.);
#1430=VECTOR('',#2681,1.);
#1431=VECTOR('',#2682,1.);
#1432=VECTOR('',#2683,1.);
#1433=VECTOR('',#2684,1.);
#1434=VECTOR('',#2689,1.);
#1435=VECTOR('',#2694,1.);
#1436=VECTOR('',#2695,1.);
#1437=VECTOR('',#2696,1.);
#1438=VECTOR('',#2697,1.);
#1439=VECTOR('',#2698,1.);
#1440=VECTOR('',#2699,1.);
#1441=EDGE_LOOP('',(#197,#198,#199,#200));
#1442=EDGE_LOOP('',(#201,#202,#203,#204,#205,#206,#207,#208));
#1443=EDGE_LOOP('',(#209,#210,#211,#212));
#1444=EDGE_LOOP('',(#213,#214,#215,#216));
#1445=EDGE_LOOP('',(#217,#218,#219,#220));
#1446=EDGE_LOOP('',(#221,#222,#223,#224,#225,#226,#227,#228,#229,#230,#231,
#232));
#1447=EDGE_LOOP('',(#233,#234,#235,#236));
#1448=EDGE_LOOP('',(#237,#238,#239,#240));
#1449=EDGE_LOOP('',(#241,#242,#243,#244));
#1450=EDGE_LOOP('',(#245,#246,#247,#248));
#1451=EDGE_LOOP('',(#249,#250,#251,#252,#253,#254,#255,#256));
#1452=EDGE_LOOP('',(#257,#258,#259,#260));
#1453=EDGE_LOOP('',(#261));
#1454=EDGE_LOOP('',(#262));
#1455=EDGE_LOOP('',(#263,#264,#265,#266,#267,#268));
#1456=EDGE_LOOP('',(#269,#270,#271,#272,#273,#274));
#1457=EDGE_LOOP('',(#275));
#1458=EDGE_LOOP('',(#276,#277,#278,#279,#280,#281,#282,#283,#284,#285,#286,
#287,#288,#289,#290,#291));
#1459=EDGE_LOOP('',(#292));
#1460=EDGE_LOOP('',(#293));
#1461=EDGE_LOOP('',(#294));
#1462=EDGE_LOOP('',(#295));
#1463=EDGE_LOOP('',(#296));
#1464=EDGE_LOOP('',(#297));
#1465=EDGE_LOOP('',(#298,#299,#300,#301,#302,#303,#304,#305,#306,#307,#308,
#309,#310,#311,#312,#313));
#1466=EDGE_LOOP('',(#314,#315,#316,#317));
#1467=EDGE_LOOP('',(#318,#319,#320,#321));
#1468=EDGE_LOOP('',(#322,#323,#324,#325));
#1469=EDGE_LOOP('',(#326,#327,#328,#329));
#1470=EDGE_LOOP('',(#330,#331,#332,#333));
#1471=EDGE_LOOP('',(#334,#335,#336,#337));
#1472=EDGE_LOOP('',(#338,#339,#340,#341));
#1473=EDGE_LOOP('',(#342,#343,#344,#345));
#1474=EDGE_LOOP('',(#346));
#1475=EDGE_LOOP('',(#347));
#1476=EDGE_LOOP('',(#348,#349,#350,#351,#352,#353));
#1477=EDGE_LOOP('',(#354,#355,#356,#357,#358,#359));
#1478=EDGE_LOOP('',(#360));
#1479=EDGE_LOOP('',(#361,#362,#363,#364));
#1480=EDGE_LOOP('',(#365,#366,#367,#368));
#1481=EDGE_LOOP('',(#369,#370,#371,#372));
#1482=EDGE_LOOP('',(#373,#374,#375,#376));
#1483=EDGE_LOOP('',(#377));
#1484=EDGE_LOOP('',(#378));
#1485=EDGE_LOOP('',(#379));
#1486=EDGE_LOOP('',(#380));
#1487=EDGE_LOOP('',(#381,#382,#383,#384));
#1488=EDGE_LOOP('',(#385,#386,#387,#388));
#1489=EDGE_LOOP('',(#389,#390,#391,#392));
#1490=EDGE_LOOP('',(#393));
#1491=EDGE_LOOP('',(#394));
#1492=EDGE_LOOP('',(#395,#396,#397,#398));
#1493=EDGE_LOOP('',(#399));
#1494=EDGE_LOOP('',(#400));
#1495=EDGE_LOOP('',(#401,#402,#403,#404));
#1496=EDGE_LOOP('',(#405));
#1497=EDGE_LOOP('',(#406));
#1498=EDGE_LOOP('',(#407,#408,#409,#410));
#1499=EDGE_LOOP('',(#411));
#1500=EDGE_LOOP('',(#412));
#1501=EDGE_LOOP('',(#413,#414,#415,#416));
#1502=EDGE_LOOP('',(#417,#418,#419,#420,#421,#422));
#1503=EDGE_LOOP('',(#423,#424,#425,#426));
#1504=EDGE_LOOP('',(#427,#428,#429,#430,#431,#432));
#1505=EDGE_LOOP('',(#433,#434,#435,#436));
#1506=EDGE_LOOP('',(#437,#438,#439,#440));
#1507=EDGE_LOOP('',(#441,#442,#443,#444,#445,#446,#447,#448));
#1508=EDGE_LOOP('',(#449,#450,#451,#452));
#1509=EDGE_LOOP('',(#453,#454,#455,#456));
#1510=EDGE_LOOP('',(#457,#458,#459,#460));
#1511=EDGE_LOOP('',(#461,#462,#463,#464,#465,#466,#467,#468));
#1512=EDGE_LOOP('',(#469,#470,#471,#472));
#1513=EDGE_LOOP('',(#473,#474,#475,#476,#477,#478));
#1514=EDGE_LOOP('',(#479,#480,#481,#482,#483,#484));
#1515=EDGE_LOOP('',(#485,#486,#487,#488,#489,#490,#491,#492,#493,#494));
#1516=EDGE_LOOP('',(#495));
#1517=EDGE_LOOP('',(#496));
#1518=EDGE_LOOP('',(#497));
#1519=EDGE_LOOP('',(#498));
#1520=EDGE_LOOP('',(#499));
#1521=EDGE_LOOP('',(#500));
#1522=EDGE_LOOP('',(#501,#502,#503,#504,#505,#506,#507,#508,#509,#510));
#1523=EDGE_LOOP('',(#511,#512,#513,#514));
#1524=EDGE_LOOP('',(#515,#516,#517,#518));
#1525=EDGE_LOOP('',(#519,#520,#521,#522));
#1526=EDGE_LOOP('',(#523,#524,#525,#526));
#1527=EDGE_LOOP('',(#527,#528,#529,#530));
#1528=EDGE_LOOP('',(#531,#532,#533,#534));
#1529=EDGE_LOOP('',(#535,#536,#537,#538,#539,#540));
#1530=EDGE_LOOP('',(#541,#542,#543,#544,#545,#546));
#1531=EDGE_LOOP('',(#547,#548,#549,#550));
#1532=EDGE_LOOP('',(#551,#552,#553,#554));
#1533=EDGE_LOOP('',(#555));
#1534=EDGE_LOOP('',(#556));
#1535=EDGE_LOOP('',(#557));
#1536=EDGE_LOOP('',(#558));
#1537=EDGE_LOOP('',(#559));
#1538=EDGE_LOOP('',(#560));
#1539=EDGE_LOOP('',(#561,#562,#563,#564));
#1540=EDGE_LOOP('',(#565,#566,#567,#568));
#1541=EDGE_LOOP('',(#569,#570,#571,#572));
#1542=EDGE_LOOP('',(#573));
#1543=EDGE_LOOP('',(#574));
#1544=EDGE_LOOP('',(#575,#576,#577,#578));
#1545=EDGE_LOOP('',(#579));
#1546=EDGE_LOOP('',(#580));
#1547=EDGE_LOOP('',(#581,#582,#583,#584));
#1548=EDGE_LOOP('',(#585));
#1549=EDGE_LOOP('',(#586));
#1550=EDGE_LOOP('',(#587,#588,#589,#590));
#1551=EDGE_LOOP('',(#591));
#1552=EDGE_LOOP('',(#592));
#1553=EDGE_LOOP('',(#593,#594,#595,#596));
#1554=EDGE_LOOP('',(#597,#598,#599,#600,#601,#602,#603,#604));
#1555=EDGE_LOOP('',(#605,#606,#607,#608));
#1556=EDGE_LOOP('',(#609,#610,#611,#612,#613,#614,#615,#616));
#1557=EDGE_LOOP('',(#617,#618,#619,#620));
#1558=EDGE_LOOP('',(#621));
#1559=EDGE_LOOP('',(#622));
#1560=EDGE_LOOP('',(#623,#624,#625,#626));
#1561=EDGE_LOOP('',(#627));
#1562=EDGE_LOOP('',(#628,#629,#630,#631));
#1563=EDGE_LOOP('',(#632));
#1564=EDGE_LOOP('',(#633,#634,#635,#636));
#1565=EDGE_LOOP('',(#637));
#1566=EDGE_LOOP('',(#638));
#1567=EDGE_LOOP('',(#639,#640,#641,#642));
#1568=EDGE_LOOP('',(#643));
#1569=EDGE_LOOP('',(#644,#645,#646,#647));
#1570=EDGE_LOOP('',(#648));
#1571=EDGE_LOOP('',(#649));
#1572=EDGE_LOOP('',(#650,#651,#652,#653));
#1573=EDGE_LOOP('',(#654,#655,#656,#657,#658,#659,#660,#661));
#1574=EDGE_LOOP('',(#662,#663,#664,#665));
#1575=EDGE_LOOP('',(#666,#667,#668,#669,#670,#671,#672,#673));
#1576=EDGE_LOOP('',(#674,#675,#676,#677));
#1577=EDGE_LOOP('',(#678));
#1578=EDGE_LOOP('',(#679));
#1579=EDGE_LOOP('',(#680,#681,#682,#683));
#1580=EDGE_LOOP('',(#684));
#1581=EDGE_LOOP('',(#685,#686,#687,#688));
#1582=EDGE_LOOP('',(#689));
#1583=EDGE_LOOP('',(#690));
#1584=EDGE_LOOP('',(#691,#692,#693,#694));
#1585=EDGE_LOOP('',(#695));
#1586=EDGE_LOOP('',(#696,#697,#698,#699));
#1587=EDGE_LOOP('',(#700));
#1588=EDGE_LOOP('',(#701,#702,#703,#704));
#1589=FACE_BOUND('',#1441,.T.);
#1590=FACE_BOUND('',#1442,.T.);
#1591=FACE_BOUND('',#1443,.T.);
#1592=FACE_BOUND('',#1444,.T.);
#1593=FACE_BOUND('',#1445,.T.);
#1594=FACE_BOUND('',#1446,.T.);
#1595=FACE_BOUND('',#1447,.T.);
#1596=FACE_BOUND('',#1448,.T.);
#1597=FACE_BOUND('',#1449,.T.);
#1598=FACE_BOUND('',#1450,.T.);
#1599=FACE_BOUND('',#1451,.T.);
#1600=FACE_BOUND('',#1452,.T.);
#1601=FACE_BOUND('',#1453,.T.);
#1602=FACE_BOUND('',#1454,.T.);
#1603=FACE_BOUND('',#1455,.T.);
#1604=FACE_BOUND('',#1456,.T.);
#1605=FACE_BOUND('',#1457,.T.);
#1606=FACE_BOUND('',#1458,.T.);
#1607=FACE_BOUND('',#1459,.T.);
#1608=FACE_BOUND('',#1460,.T.);
#1609=FACE_BOUND('',#1461,.T.);
#1610=FACE_BOUND('',#1462,.T.);
#1611=FACE_BOUND('',#1463,.T.);
#1612=FACE_BOUND('',#1464,.T.);
#1613=FACE_BOUND('',#1465,.T.);
#1614=FACE_BOUND('',#1466,.T.);
#1615=FACE_BOUND('',#1467,.T.);
#1616=FACE_BOUND('',#1468,.T.);
#1617=FACE_BOUND('',#1469,.T.);
#1618=FACE_BOUND('',#1470,.T.);
#1619=FACE_BOUND('',#1471,.T.);
#1620=FACE_BOUND('',#1472,.T.);
#1621=FACE_BOUND('',#1473,.T.);
#1622=FACE_BOUND('',#1474,.T.);
#1623=FACE_BOUND('',#1475,.T.);
#1624=FACE_BOUND('',#1476,.T.);
#1625=FACE_BOUND('',#1477,.T.);
#1626=FACE_BOUND('',#1478,.T.);
#1627=FACE_BOUND('',#1479,.T.);
#1628=FACE_BOUND('',#1480,.T.);
#1629=FACE_BOUND('',#1481,.T.);
#1630=FACE_BOUND('',#1482,.T.);
#1631=FACE_BOUND('',#1483,.T.);
#1632=FACE_BOUND('',#1484,.T.);
#1633=FACE_BOUND('',#1485,.T.);
#1634=FACE_BOUND('',#1486,.T.);
#1635=FACE_BOUND('',#1487,.T.);
#1636=FACE_BOUND('',#1488,.T.);
#1637=FACE_BOUND('',#1489,.T.);
#1638=FACE_BOUND('',#1490,.T.);
#1639=FACE_BOUND('',#1491,.T.);
#1640=FACE_BOUND('',#1492,.T.);
#1641=FACE_BOUND('',#1493,.T.);
#1642=FACE_BOUND('',#1494,.T.);
#1643=FACE_BOUND('',#1495,.T.);
#1644=FACE_BOUND('',#1496,.T.);
#1645=FACE_BOUND('',#1497,.T.);
#1646=FACE_BOUND('',#1498,.T.);
#1647=FACE_BOUND('',#1499,.T.);
#1648=FACE_BOUND('',#1500,.T.);
#1649=FACE_BOUND('',#1501,.T.);
#1650=FACE_BOUND('',#1502,.T.);
#1651=FACE_BOUND('',#1503,.T.);
#1652=FACE_BOUND('',#1504,.T.);
#1653=FACE_BOUND('',#1505,.T.);
#1654=FACE_BOUND('',#1506,.T.);
#1655=FACE_BOUND('',#1507,.T.);
#1656=FACE_BOUND('',#1508,.T.);
#1657=FACE_BOUND('',#1509,.T.);
#1658=FACE_BOUND('',#1510,.T.);
#1659=FACE_BOUND('',#1511,.T.);
#1660=FACE_BOUND('',#1512,.T.);
#1661=FACE_BOUND('',#1513,.T.);
#1662=FACE_BOUND('',#1514,.T.);
#1663=FACE_BOUND('',#1515,.T.);
#1664=FACE_BOUND('',#1516,.T.);
#1665=FACE_BOUND('',#1517,.T.);
#1666=FACE_BOUND('',#1518,.T.);
#1667=FACE_BOUND('',#1519,.T.);
#1668=FACE_BOUND('',#1520,.T.);
#1669=FACE_BOUND('',#1521,.T.);
#1670=FACE_BOUND('',#1522,.T.);
#1671=FACE_BOUND('',#1523,.T.);
#1672=FACE_BOUND('',#1524,.T.);
#1673=FACE_BOUND('',#1525,.T.);
#1674=FACE_BOUND('',#1526,.T.);
#1675=FACE_BOUND('',#1527,.T.);
#1676=FACE_BOUND('',#1528,.T.);
#1677=FACE_BOUND('',#1529,.T.);
#1678=FACE_BOUND('',#1530,.T.);
#1679=FACE_BOUND('',#1531,.T.);
#1680=FACE_BOUND('',#1532,.T.);
#1681=FACE_BOUND('',#1533,.T.);
#1682=FACE_BOUND('',#1534,.T.);
#1683=FACE_BOUND('',#1535,.T.);
#1684=FACE_BOUND('',#1536,.T.);
#1685=FACE_BOUND('',#1537,.T.);
#1686=FACE_BOUND('',#1538,.T.);
#1687=FACE_BOUND('',#1539,.T.);
#1688=FACE_BOUND('',#1540,.T.);
#1689=FACE_BOUND('',#1541,.T.);
#1690=FACE_BOUND('',#1542,.T.);
#1691=FACE_BOUND('',#1543,.T.);
#1692=FACE_BOUND('',#1544,.T.);
#1693=FACE_BOUND('',#1545,.T.);
#1694=FACE_BOUND('',#1546,.T.);
#1695=FACE_BOUND('',#1547,.T.);
#1696=FACE_BOUND('',#1548,.T.);
#1697=FACE_BOUND('',#1549,.T.);
#1698=FACE_BOUND('',#1550,.T.);
#1699=FACE_BOUND('',#1551,.T.);
#1700=FACE_BOUND('',#1552,.T.);
#1701=FACE_BOUND('',#1553,.T.);
#1702=FACE_BOUND('',#1554,.T.);
#1703=FACE_BOUND('',#1555,.T.);
#1704=FACE_BOUND('',#1556,.T.);
#1705=FACE_BOUND('',#1557,.T.);
#1706=FACE_BOUND('',#1558,.T.);
#1707=FACE_BOUND('',#1559,.T.);
#1708=FACE_BOUND('',#1560,.T.);
#1709=FACE_BOUND('',#1561,.T.);
#1710=FACE_BOUND('',#1562,.T.);
#1711=FACE_BOUND('',#1563,.T.);
#1712=FACE_BOUND('',#1564,.T.);
#1713=FACE_BOUND('',#1565,.T.);
#1714=FACE_BOUND('',#1566,.T.);
#1715=FACE_BOUND('',#1567,.T.);
#1716=FACE_BOUND('',#1568,.T.);
#1717=FACE_BOUND('',#1569,.T.);
#1718=FACE_BOUND('',#1570,.T.);
#1719=FACE_BOUND('',#1571,.T.);
#1720=FACE_BOUND('',#1572,.T.);
#1721=FACE_BOUND('',#1573,.T.);
#1722=FACE_BOUND('',#1574,.T.);
#1723=FACE_BOUND('',#1575,.T.);
#1724=FACE_BOUND('',#1576,.T.);
#1725=FACE_BOUND('',#1577,.T.);
#1726=FACE_BOUND('',#1578,.T.);
#1727=FACE_BOUND('',#1579,.T.);
#1728=FACE_BOUND('',#1580,.T.);
#1729=FACE_BOUND('',#1581,.T.);
#1730=FACE_BOUND('',#1582,.T.);
#1731=FACE_BOUND('',#1583,.T.);
#1732=FACE_BOUND('',#1584,.T.);
#1733=FACE_BOUND('',#1585,.T.);
#1734=FACE_BOUND('',#1586,.T.);
#1735=FACE_BOUND('',#1587,.T.);
#1736=FACE_BOUND('',#1588,.T.);
#1737=PLANE('',#1957);
#1738=PLANE('',#1963);
#1739=PLANE('',#1967);
#1740=PLANE('',#1968);
#1741=PLANE('',#1972);
#1742=PLANE('',#1976);
#1743=PLANE('',#1988);
#1744=PLANE('',#1989);
#1745=PLANE('',#1994);
#1746=PLANE('',#2004);
#1747=PLANE('',#2007);
#1748=PLANE('',#2010);
#1749=PLANE('',#2013);
#1750=PLANE('',#2018);
#1751=PLANE('',#2019);
#1752=PLANE('',#2020);
#1753=PLANE('',#2026);
#1754=PLANE('',#2030);
#1755=PLANE('',#2040);
#1756=PLANE('',#2041);
#1757=PLANE('',#2046);
#1758=PLANE('',#2050);
#1759=PLANE('',#2057);
#1760=PLANE('',#2061);
#1761=PLANE('',#2065);
#1762=PLANE('',#2066);
#1763=PLANE('',#2067);
#1764=PLANE('',#2068);
#1765=PLANE('',#2072);
#1766=PLANE('',#2086);
#1767=PLANE('',#2089);
#1768=PLANE('',#2090);
#1769=PLANE('',#2091);
#1770=PLANE('',#2092);
#1771=PLANE('',#2097);
#1772=PLANE('',#2101);
#1773=PLANE('',#2111);
#1774=PLANE('',#2112);
#1775=PLANE('',#2117);
#1776=PLANE('',#2121);
#1777=PLANE('',#2128);
#1778=PLANE('',#2129);
#1779=PLANE('',#2136);
#1780=PLANE('',#2137);
#1781=PLANE('',#2139);
#1782=PLANE('',#2143);
#1783=PLANE('',#2147);
#1784=PLANE('',#2152);
#1785=PLANE('',#2159);
#1786=PLANE('',#2160);
#1787=ADVANCED_FACE('',(#1589),#1737,.F.);
#1788=ADVANCED_FACE('',(#1590),#148,.F.);
#1789=ADVANCED_FACE('',(#1591),#1738,.T.);
#1790=ADVANCED_FACE('',(#1592),#149,.F.);
#1791=ADVANCED_FACE('',(#1593),#1739,.T.);
#1792=ADVANCED_FACE('',(#1594),#1740,.T.);
#1793=ADVANCED_FACE('',(#1595),#150,.T.);
#1794=ADVANCED_FACE('',(#1596),#1741,.T.);
#1795=ADVANCED_FACE('',(#1597),#151,.T.);
#1796=ADVANCED_FACE('',(#1598),#1742,.T.);
#1797=ADVANCED_FACE('',(#1599),#152,.F.);
#1798=ADVANCED_FACE('',(#1600),#153,.T.);
#1799=ADVANCED_FACE('',(#1601,#1602),#154,.F.);
#1800=ADVANCED_FACE('',(#1603,#1604,#1605),#1743,.F.);
#1801=ADVANCED_FACE('',(#1606,#1607,#1608,#1609),#1744,.T.);
#1802=ADVANCED_FACE('',(#1610,#1611,#1612,#1613),#1745,.F.);
#1803=ADVANCED_FACE('',(#1614),#1746,.F.);
#1804=ADVANCED_FACE('',(#1615),#155,.F.);
#1805=ADVANCED_FACE('',(#1616),#1747,.F.);
#1806=ADVANCED_FACE('',(#1617),#156,.T.);
#1807=ADVANCED_FACE('',(#1618),#1748,.F.);
#1808=ADVANCED_FACE('',(#1619),#157,.T.);
#1809=ADVANCED_FACE('',(#1620),#1749,.F.);
#1810=ADVANCED_FACE('',(#1621),#158,.T.);
#1811=ADVANCED_FACE('',(#1622,#1623),#159,.F.);
#1812=ADVANCED_FACE('',(#1624,#1625,#1626),#1750,.T.);
#1813=ADVANCED_FACE('',(#1627),#1751,.F.);
#1814=ADVANCED_FACE('',(#1628),#1752,.T.);
#1815=ADVANCED_FACE('',(#1629),#160,.F.);
#1816=ADVANCED_FACE('',(#1630),#161,.F.);
#1817=ADVANCED_FACE('',(#1631,#1632),#162,.T.);
#1818=ADVANCED_FACE('',(#1633,#1634),#163,.T.);
#1819=ADVANCED_FACE('',(#1635),#1753,.T.);
#1820=ADVANCED_FACE('',(#1636),#164,.T.);
#1821=ADVANCED_FACE('',(#1637),#1754,.F.);
#1822=ADVANCED_FACE('',(#1638,#1639),#165,.F.);
#1823=ADVANCED_FACE('',(#1640),#166,.T.);
#1824=ADVANCED_FACE('',(#1641,#1642),#167,.F.);
#1825=ADVANCED_FACE('',(#1643,#1644,#1645),#1755,.T.);
#1826=ADVANCED_FACE('',(#1646,#1647,#1648),#1756,.F.);
#1827=ADVANCED_FACE('',(#1649),#168,.F.);
#1828=ADVANCED_FACE('',(#1650),#1757,.F.);
#1829=ADVANCED_FACE('',(#1651),#169,.F.);
#1830=ADVANCED_FACE('',(#1652),#1758,.F.);
#1831=ADVANCED_FACE('',(#1653),#170,.F.);
#1832=ADVANCED_FACE('',(#1654),#171,.T.);
#1833=ADVANCED_FACE('',(#1655),#1759,.T.);
#1834=ADVANCED_FACE('',(#1656),#172,.T.);
#1835=ADVANCED_FACE('',(#1657),#1760,.F.);
#1836=ADVANCED_FACE('',(#1658),#173,.T.);
#1837=ADVANCED_FACE('',(#1659),#1761,.T.);
#1838=ADVANCED_FACE('',(#1660),#1762,.T.);
#1839=ADVANCED_FACE('',(#1661,#1662),#1763,.F.);
#1840=ADVANCED_FACE('',(#1663,#1664,#1665,#1666),#1764,.T.);
#1841=ADVANCED_FACE('',(#1667,#1668,#1669,#1670),#1765,.F.);
#1842=ADVANCED_FACE('',(#1671),#174,.F.);
#1843=ADVANCED_FACE('',(#1672),#175,.F.);
#1844=ADVANCED_FACE('',(#1673),#176,.T.);
#1845=ADVANCED_FACE('',(#1674),#1766,.T.);
#1846=ADVANCED_FACE('',(#1675),#177,.T.);
#1847=ADVANCED_FACE('',(#1676),#1767,.F.);
#1848=ADVANCED_FACE('',(#1677,#1678),#1768,.T.);
#1849=ADVANCED_FACE('',(#1679),#1769,.T.);
#1850=ADVANCED_FACE('',(#1680),#1770,.F.);
#1851=ADVANCED_FACE('',(#1681,#1682),#178,.T.);
#1852=ADVANCED_FACE('',(#1683,#1684),#179,.T.);
#1853=ADVANCED_FACE('',(#1685,#1686),#180,.T.);
#1854=ADVANCED_FACE('',(#1687),#1771,.T.);
#1855=ADVANCED_FACE('',(#1688),#181,.T.);
#1856=ADVANCED_FACE('',(#1689),#1772,.F.);
#1857=ADVANCED_FACE('',(#1690,#1691),#182,.F.);
#1858=ADVANCED_FACE('',(#1692),#183,.T.);
#1859=ADVANCED_FACE('',(#1693,#1694),#184,.F.);
#1860=ADVANCED_FACE('',(#1695,#1696,#1697),#1773,.T.);
#1861=ADVANCED_FACE('',(#1698,#1699,#1700),#1774,.F.);
#1862=ADVANCED_FACE('',(#1701),#185,.F.);
#1863=ADVANCED_FACE('',(#1702),#1775,.T.);
#1864=ADVANCED_FACE('',(#1703),#186,.T.);
#1865=ADVANCED_FACE('',(#1704),#1776,.F.);
#1866=ADVANCED_FACE('',(#1705),#187,.F.);
#1867=ADVANCED_FACE('',(#1706,#1707),#188,.F.);
#1868=ADVANCED_FACE('',(#1708,#1709),#1777,.T.);
#1869=ADVANCED_FACE('',(#1710,#1711),#1778,.F.);
#1870=ADVANCED_FACE('',(#1712),#189,.T.);
#1871=ADVANCED_FACE('',(#1713,#1714),#190,.F.);
#1872=ADVANCED_FACE('',(#1715,#1716),#1779,.T.);
#1873=ADVANCED_FACE('',(#1717,#1718),#1780,.F.);
#1874=ADVANCED_FACE('',(#1719,#1720),#1781,.F.);
#1875=ADVANCED_FACE('',(#1721),#1782,.T.);
#1876=ADVANCED_FACE('',(#1722),#191,.F.);
#1877=ADVANCED_FACE('',(#1723),#1783,.F.);
#1878=ADVANCED_FACE('',(#1724),#192,.T.);
#1879=ADVANCED_FACE('',(#1725,#1726),#193,.F.);
#1880=ADVANCED_FACE('',(#1727,#1728),#1784,.T.);
#1881=ADVANCED_FACE('',(#1729),#194,.T.);
#1882=ADVANCED_FACE('',(#1730,#1731),#195,.F.);
#1883=ADVANCED_FACE('',(#1732,#1733),#1785,.T.);
#1884=ADVANCED_FACE('',(#1734,#1735),#1786,.F.);
#1885=ADVANCED_FACE('',(#1736),#196,.F.);
#1886=CLOSED_SHELL('',(#1787,#1788,#1789,#1790,#1791,#1792,#1793,#1794,
#1795,#1796,#1797,#1798,#1799,#1800,#1801,#1802,#1803,#1804,#1805,#1806,
#1807,#1808,#1809,#1810,#1811,#1812,#1813,#1814,#1815,#1816,#1817,#1818));
#1887=CLOSED_SHELL('',(#1819,#1820,#1821,#1822,#1823,#1824,#1825,#1826));
#1888=CLOSED_SHELL('',(#1827,#1828,#1829,#1830,#1831,#1832,#1833,#1834,
#1835,#1836,#1837,#1838,#1839,#1840,#1841,#1842,#1843,#1844,#1845,#1846,
#1847,#1848,#1849,#1850,#1851,#1852,#1853));
#1889=CLOSED_SHELL('',(#1854,#1855,#1856,#1857,#1858,#1859,#1860,#1861));
#1890=CLOSED_SHELL('',(#1862,#1863,#1864,#1865,#1866,#1867,#1868,#1869,
#1870,#1871,#1872,#1873));
#1891=CLOSED_SHELL('',(#1874,#1875,#1876,#1877,#1878,#1879,#1880,#1881,
#1882,#1883,#1884,#1885));
#1892=STYLED_ITEM('',(#1898),#1936);
#1893=STYLED_ITEM('',(#1899),#1937);
#1894=STYLED_ITEM('',(#1900),#1938);
#1895=STYLED_ITEM('',(#1901),#1939);
#1896=STYLED_ITEM('',(#1902),#1940);
#1897=STYLED_ITEM('',(#1903),#1941);
#1898=PRESENTATION_STYLE_ASSIGNMENT((#1904));
#1899=PRESENTATION_STYLE_ASSIGNMENT((#1905));
#1900=PRESENTATION_STYLE_ASSIGNMENT((#1906));
#1901=PRESENTATION_STYLE_ASSIGNMENT((#1907));
#1902=PRESENTATION_STYLE_ASSIGNMENT((#1908));
#1903=PRESENTATION_STYLE_ASSIGNMENT((#1909));
#1904=SURFACE_STYLE_USAGE(.BOTH.,#1910);
#1905=SURFACE_STYLE_USAGE(.BOTH.,#1911);
#1906=SURFACE_STYLE_USAGE(.BOTH.,#1912);
#1907=SURFACE_STYLE_USAGE(.BOTH.,#1913);
#1908=SURFACE_STYLE_USAGE(.BOTH.,#1914);
#1909=SURFACE_STYLE_USAGE(.BOTH.,#1915);
#1910=SURFACE_SIDE_STYLE('',(#1916));
#1911=SURFACE_SIDE_STYLE('',(#1917));
#1912=SURFACE_SIDE_STYLE('',(#1918));
#1913=SURFACE_SIDE_STYLE('',(#1919));
#1914=SURFACE_SIDE_STYLE('',(#1920));
#1915=SURFACE_SIDE_STYLE('',(#1921));
#1916=SURFACE_STYLE_FILL_AREA(#1922);
#1917=SURFACE_STYLE_FILL_AREA(#1923);
#1918=SURFACE_STYLE_FILL_AREA(#1924);
#1919=SURFACE_STYLE_FILL_AREA(#1925);
#1920=SURFACE_STYLE_FILL_AREA(#1926);
#1921=SURFACE_STYLE_FILL_AREA(#1927);
#1922=FILL_AREA_STYLE('',(#1928));
#1923=FILL_AREA_STYLE('',(#1929));
#1924=FILL_AREA_STYLE('',(#1930));
#1925=FILL_AREA_STYLE('',(#1931));
#1926=FILL_AREA_STYLE('',(#1932));
#1927=FILL_AREA_STYLE('',(#1933));
#1928=FILL_AREA_STYLE_COLOUR('',#1934);
#1929=FILL_AREA_STYLE_COLOUR('',#1935);
#1930=FILL_AREA_STYLE_COLOUR('',#1934);
#1931=FILL_AREA_STYLE_COLOUR('',#1935);
#1932=FILL_AREA_STYLE_COLOUR('',#1935);
#1933=FILL_AREA_STYLE_COLOUR('',#1935);
#1934=COLOUR_RGB('',1.,0.274509803921568,0.274509803921568);
#1935=COLOUR_RGB('',0.917647058823529,0.917647058823529,0.917647058823529);
#1936=MANIFOLD_SOLID_BREP('Part 1',#1886);
#1937=MANIFOLD_SOLID_BREP('Part 1',#1887);
#1938=MANIFOLD_SOLID_BREP('Part 1',#1888);
#1939=MANIFOLD_SOLID_BREP('Part 1',#1889);
#1940=MANIFOLD_SOLID_BREP('Part 1',#1890);
#1941=MANIFOLD_SOLID_BREP('Part 1',#1891);
#1942=SHAPE_DEFINITION_REPRESENTATION(#3288,#1949);
#1943=SHAPE_DEFINITION_REPRESENTATION(#3289,#1950);
#1944=SHAPE_DEFINITION_REPRESENTATION(#3291,#1951);
#1945=SHAPE_DEFINITION_REPRESENTATION(#3293,#1952);
#1946=SHAPE_DEFINITION_REPRESENTATION(#3295,#1953);
#1947=SHAPE_DEFINITION_REPRESENTATION(#3297,#1954);
#1948=SHAPE_DEFINITION_REPRESENTATION(#3299,#1955);
#1949=SHAPE_REPRESENTATION('Right Leg',(#1956,#2025,#2042,#2096,#2113,#2138,
#2163),#3271);
#1950=SHAPE_REPRESENTATION('Part 1',(#1956),#3272);
#1951=SHAPE_REPRESENTATION('Part 1',(#1956),#3273);
#1952=SHAPE_REPRESENTATION('Part 1',(#1956),#3274);
#1953=SHAPE_REPRESENTATION('Part 1',(#1956),#3275);
#1954=SHAPE_REPRESENTATION('Part 1',(#1956),#3276);
#1955=SHAPE_REPRESENTATION('Part 1',(#1956),#3277);
#1956=AXIS2_PLACEMENT_3D('',#2732,#2164,#2165);
#1957=AXIS2_PLACEMENT_3D('',#2733,#2166,#2167);
#1958=AXIS2_PLACEMENT_3D('',#2742,#2172,#2173);
#1959=AXIS2_PLACEMENT_3D('',#2743,#2174,#2175);
#1960=AXIS2_PLACEMENT_3D('',#2748,#2177,#2178);
#1961=AXIS2_PLACEMENT_3D('',#2752,#2180,#2181);
#1962=AXIS2_PLACEMENT_3D('',#2753,#2182,#2183);
#1963=AXIS2_PLACEMENT_3D('',#2756,#2185,#2186);
#1964=AXIS2_PLACEMENT_3D('',#2762,#2190,#2191);
#1965=AXIS2_PLACEMENT_3D('',#2763,#2192,#2193);
#1966=AXIS2_PLACEMENT_3D('',#2765,#2194,#2195);
#1967=AXIS2_PLACEMENT_3D('',#2768,#2197,#2198);
#1968=AXIS2_PLACEMENT_3D('',#2774,#2202,#2203);
#1969=AXIS2_PLACEMENT_3D('',#2799,#2216,#2217);
#1970=AXIS2_PLACEMENT_3D('',#2800,#2218,#2219);
#1971=AXIS2_PLACEMENT_3D('',#2802,#2220,#2221);
#1972=AXIS2_PLACEMENT_3D('',#2805,#2223,#2224);
#1973=AXIS2_PLACEMENT_3D('',#2811,#2228,#2229);
#1974=AXIS2_PLACEMENT_3D('',#2812,#2230,#2231);
#1975=AXIS2_PLACEMENT_3D('',#2814,#2232,#2233);
#1976=AXIS2_PLACEMENT_3D('',#2817,#2235,#2236);
#1977=AXIS2_PLACEMENT_3D('',#2823,#2240,#2241);
#1978=AXIS2_PLACEMENT_3D('',#2824,#2242,#2243);
#1979=AXIS2_PLACEMENT_3D('',#2828,#2245,#2246);
#1980=AXIS2_PLACEMENT_3D('',#2832,#2248,#2249);
#1981=AXIS2_PLACEMENT_3D('',#2833,#2250,#2251);
#1982=AXIS2_PLACEMENT_3D('',#2834,#2252,#2253);
#1983=AXIS2_PLACEMENT_3D('',#2835,#2254,#2255);
#1984=AXIS2_PLACEMENT_3D('',#2836,#2256,#2257);
#1985=AXIS2_PLACEMENT_3D('',#2837,#2258,#2259);
#1986=AXIS2_PLACEMENT_3D('',#2838,#2260,#2261);
#1987=AXIS2_PLACEMENT_3D('',#2840,#2262,#2263);
#1988=AXIS2_PLACEMENT_3D('',#2842,#2264,#2265);
#1989=AXIS2_PLACEMENT_3D('',#2843,#2266,#2267);
#1990=AXIS2_PLACEMENT_3D('',#2846,#2269,#2270);
#1991=AXIS2_PLACEMENT_3D('',#2847,#2271,#2272);
#1992=AXIS2_PLACEMENT_3D('',#2850,#2274,#2275);
#1993=AXIS2_PLACEMENT_3D('',#2852,#2276,#2277);
#1994=AXIS2_PLACEMENT_3D('',#2854,#2278,#2279);
#1995=AXIS2_PLACEMENT_3D('',#2855,#2280,#2281);
#1996=AXIS2_PLACEMENT_3D('',#2857,#2282,#2283);
#1997=AXIS2_PLACEMENT_3D('',#2859,#2284,#2285);
#1998=AXIS2_PLACEMENT_3D('',#2863,#2287,#2288);
#1999=AXIS2_PLACEMENT_3D('',#2866,#2290,#2291);
#2000=AXIS2_PLACEMENT_3D('',#2869,#2293,#2294);
#2001=AXIS2_PLACEMENT_3D('',#2872,#2296,#2297);
#2002=AXIS2_PLACEMENT_3D('',#2876,#2299,#2300);
#2003=AXIS2_PLACEMENT_3D('',#2880,#2302,#2303);
#2004=AXIS2_PLACEMENT_3D('',#2881,#2304,#2305);
#2005=AXIS2_PLACEMENT_3D('',#2885,#2308,#2309);
#2006=AXIS2_PLACEMENT_3D('',#2888,#2311,#2312);
#2007=AXIS2_PLACEMENT_3D('',#2889,#2313,#2314);
#2008=AXIS2_PLACEMENT_3D('',#2891,#2316,#2317);
#2009=AXIS2_PLACEMENT_3D('',#2894,#2319,#2320);
#2010=AXIS2_PLACEMENT_3D('',#2895,#2321,#2322);
#2011=AXIS2_PLACEMENT_3D('',#2899,#2325,#2326);
#2012=AXIS2_PLACEMENT_3D('',#2902,#2328,#2329);
#2013=AXIS2_PLACEMENT_3D('',#2903,#2330,#2331);
#2014=AXIS2_PLACEMENT_3D('',#2907,#2334,#2335);
#2015=AXIS2_PLACEMENT_3D('',#2908,#2336,#2337);
#2016=AXIS2_PLACEMENT_3D('',#2909,#2338,#2339);
#2017=AXIS2_PLACEMENT_3D('',#2910,#2340,#2341);
#2018=AXIS2_PLACEMENT_3D('',#2912,#2342,#2343);
#2019=AXIS2_PLACEMENT_3D('',#2913,#2344,#2345);
#2020=AXIS2_PLACEMENT_3D('',#2915,#2347,#2348);
#2021=AXIS2_PLACEMENT_3D('',#2917,#2350,#2351);
#2022=AXIS2_PLACEMENT_3D('',#2918,#2352,#2353);
#2023=AXIS2_PLACEMENT_3D('',#2919,#2354,#2355);
#2024=AXIS2_PLACEMENT_3D('',#2920,#2356,#2357);
#2025=AXIS2_PLACEMENT_3D('',#2921,#2358,#2359);
#2026=AXIS2_PLACEMENT_3D('',#2922,#2360,#2361);
#2027=AXIS2_PLACEMENT_3D('',#2931,#2366,#2367);
#2028=AXIS2_PLACEMENT_3D('',#2932,#2368,#2369);
#2029=AXIS2_PLACEMENT_3D('',#2936,#2371,#2372);
#2030=AXIS2_PLACEMENT_3D('',#2937,#2373,#2374);
#2031=AXIS2_PLACEMENT_3D('',#2943,#2378,#2379);
#2032=AXIS2_PLACEMENT_3D('',#2944,#2380,#2381);
#2033=AXIS2_PLACEMENT_3D('',#2946,#2382,#2383);
#2034=AXIS2_PLACEMENT_3D('',#2948,#2384,#2385);
#2035=AXIS2_PLACEMENT_3D('',#2949,#2386,#2387);
#2036=AXIS2_PLACEMENT_3D('',#2950,#2388,#2389);
#2037=AXIS2_PLACEMENT_3D('',#2951,#2390,#2391);
#2038=AXIS2_PLACEMENT_3D('',#2952,#2392,#2393);
#2039=AXIS2_PLACEMENT_3D('',#2954,#2394,#2395);
#2040=AXIS2_PLACEMENT_3D('',#2956,#2396,#2397);
#2041=AXIS2_PLACEMENT_3D('',#2957,#2398,#2399);
#2042=AXIS2_PLACEMENT_3D('',#2958,#2400,#2401);
#2043=AXIS2_PLACEMENT_3D('',#2959,#2402,#2403);
#2044=AXIS2_PLACEMENT_3D('',#2960,#2404,#2405);
#2045=AXIS2_PLACEMENT_3D('',#2965,#2407,#2408);
#2046=AXIS2_PLACEMENT_3D('',#2968,#2410,#2411);
#2047=AXIS2_PLACEMENT_3D('',#2978,#2417,#2418);
#2048=AXIS2_PLACEMENT_3D('',#2982,#2420,#2421);
#2049=AXIS2_PLACEMENT_3D('',#2983,#2422,#2423);
#2050=AXIS2_PLACEMENT_3D('',#2984,#2424,#2425);
#2051=AXIS2_PLACEMENT_3D('',#2994,#2431,#2432);
#2052=AXIS2_PLACEMENT_3D('',#2995,#2433,#2434);
#2053=AXIS2_PLACEMENT_3D('',#2997,#2435,#2436);
#2054=AXIS2_PLACEMENT_3D('',#3000,#2438,#2439);
#2055=AXIS2_PLACEMENT_3D('',#3004,#2441,#2442);
#2056=AXIS2_PLACEMENT_3D('',#3008,#2444,#2445);
#2057=AXIS2_PLACEMENT_3D('',#3009,#2446,#2447);
#2058=AXIS2_PLACEMENT_3D('',#3023,#2455,#2456);
#2059=AXIS2_PLACEMENT_3D('',#3024,#2457,#2458);
#2060=AXIS2_PLACEMENT_3D('',#3026,#2459,#2460);
#2061=AXIS2_PLACEMENT_3D('',#3029,#2462,#2463);
#2062=AXIS2_PLACEMENT_3D('',#3035,#2467,#2468);
#2063=AXIS2_PLACEMENT_3D('',#3036,#2469,#2470);
#2064=AXIS2_PLACEMENT_3D('',#3038,#2471,#2472);
#2065=AXIS2_PLACEMENT_3D('',#3041,#2474,#2475);
#2066=AXIS2_PLACEMENT_3D('',#3052,#2482,#2483);
#2067=AXIS2_PLACEMENT_3D('',#3055,#2486,#2487);
#2068=AXIS2_PLACEMENT_3D('',#3056,#2488,#2489);
#2069=AXIS2_PLACEMENT_3D('',#3059,#2492,#2493);
#2070=AXIS2_PLACEMENT_3D('',#3061,#2494,#2495);
#2071=AXIS2_PLACEMENT_3D('',#3063,#2496,#2497);
#2072=AXIS2_PLACEMENT_3D('',#3065,#2498,#2499);
#2073=AXIS2_PLACEMENT_3D('',#3066,#2500,#2501);
#2074=AXIS2_PLACEMENT_3D('',#3068,#2502,#2503);
#2075=AXIS2_PLACEMENT_3D('',#3070,#2504,#2505);
#2076=AXIS2_PLACEMENT_3D('',#3073,#2507,#2508);
#2077=AXIS2_PLACEMENT_3D('',#3077,#2510,#2511);
#2078=AXIS2_PLACEMENT_3D('',#3079,#2513,#2514);
#2079=AXIS2_PLACEMENT_3D('',#3083,#2516,#2517);
#2080=AXIS2_PLACEMENT_3D('',#3084,#2518,#2519);
#2081=AXIS2_PLACEMENT_3D('',#3085,#2520,#2521);
#2082=AXIS2_PLACEMENT_3D('',#3088,#2523,#2524);
#2083=AXIS2_PLACEMENT_3D('',#3091,#2526,#2527);
#2084=AXIS2_PLACEMENT_3D('',#3092,#2528,#2529);
#2085=AXIS2_PLACEMENT_3D('',#3095,#2531,#2532);
#2086=AXIS2_PLACEMENT_3D('',#3096,#2533,#2534);
#2087=AXIS2_PLACEMENT_3D('',#3100,#2537,#2538);
#2088=AXIS2_PLACEMENT_3D('',#3101,#2539,#2540);
#2089=AXIS2_PLACEMENT_3D('',#3102,#2541,#2542);
#2090=AXIS2_PLACEMENT_3D('',#3104,#2544,#2545);
#2091=AXIS2_PLACEMENT_3D('',#3105,#2546,#2547);
#2092=AXIS2_PLACEMENT_3D('',#3106,#2548,#2549);
#2093=AXIS2_PLACEMENT_3D('',#3107,#2550,#2551);
#2094=AXIS2_PLACEMENT_3D('',#3108,#2552,#2553);
#2095=AXIS2_PLACEMENT_3D('',#3109,#2554,#2555);
#2096=AXIS2_PLACEMENT_3D('',#3110,#2556,#2557);
#2097=AXIS2_PLACEMENT_3D('',#3111,#2558,#2559);
#2098=AXIS2_PLACEMENT_3D('',#3120,#2564,#2565);
#2099=AXIS2_PLACEMENT_3D('',#3121,#2566,#2567);
#2100=AXIS2_PLACEMENT_3D('',#3125,#2569,#2570);
#2101=AXIS2_PLACEMENT_3D('',#3126,#2571,#2572);
#2102=AXIS2_PLACEMENT_3D('',#3132,#2576,#2577);
#2103=AXIS2_PLACEMENT_3D('',#3133,#2578,#2579);
#2104=AXIS2_PLACEMENT_3D('',#3135,#2580,#2581);
#2105=AXIS2_PLACEMENT_3D('',#3137,#2582,#2583);
#2106=AXIS2_PLACEMENT_3D('',#3138,#2584,#2585);
#2107=AXIS2_PLACEMENT_3D('',#3139,#2586,#2587);
#2108=AXIS2_PLACEMENT_3D('',#3140,#2588,#2589);
#2109=AXIS2_PLACEMENT_3D('',#3141,#2590,#2591);
#2110=AXIS2_PLACEMENT_3D('',#3143,#2592,#2593);
#2111=AXIS2_PLACEMENT_3D('',#3145,#2594,#2595);
#2112=AXIS2_PLACEMENT_3D('',#3146,#2596,#2597);
#2113=AXIS2_PLACEMENT_3D('',#3147,#2598,#2599);
#2114=AXIS2_PLACEMENT_3D('',#3148,#2600,#2601);
#2115=AXIS2_PLACEMENT_3D('',#3152,#2603,#2604);
#2116=AXIS2_PLACEMENT_3D('',#3156,#2606,#2607);
#2117=AXIS2_PLACEMENT_3D('',#3157,#2608,#2609);
#2118=AXIS2_PLACEMENT_3D('',#3171,#2617,#2618);
#2119=AXIS2_PLACEMENT_3D('',#3172,#2619,#2620);
#2120=AXIS2_PLACEMENT_3D('',#3176,#2622,#2623);
#2121=AXIS2_PLACEMENT_3D('',#3177,#2624,#2625);
#2122=AXIS2_PLACEMENT_3D('',#3188,#2632,#2633);
#2123=AXIS2_PLACEMENT_3D('',#3189,#2634,#2635);
#2124=AXIS2_PLACEMENT_3D('',#3190,#2636,#2637);
#2125=AXIS2_PLACEMENT_3D('',#3191,#2638,#2639);
#2126=AXIS2_PLACEMENT_3D('',#3192,#2640,#2641);
#2127=AXIS2_PLACEMENT_3D('',#3194,#2642,#2643);
#2128=AXIS2_PLACEMENT_3D('',#3196,#2644,#2645);
#2129=AXIS2_PLACEMENT_3D('',#3197,#2646,#2647);
#2130=AXIS2_PLACEMENT_3D('',#3198,#2648,#2649);
#2131=AXIS2_PLACEMENT_3D('',#3199,#2650,#2651);
#2132=AXIS2_PLACEMENT_3D('',#3200,#2652,#2653);
#2133=AXIS2_PLACEMENT_3D('',#3201,#2654,#2655);
#2134=AXIS2_PLACEMENT_3D('',#3202,#2656,#2657);
#2135=AXIS2_PLACEMENT_3D('',#3204,#2658,#2659);
#2136=AXIS2_PLACEMENT_3D('',#3206,#2660,#2661);
#2137=AXIS2_PLACEMENT_3D('',#3207,#2662,#2663);
#2138=AXIS2_PLACEMENT_3D('',#3208,#2664,#2665);
#2139=AXIS2_PLACEMENT_3D('',#3209,#2666,#2667);
#2140=AXIS2_PLACEMENT_3D('',#3210,#2668,#2669);
#2141=AXIS2_PLACEMENT_3D('',#3215,#2671,#2672);
#2142=AXIS2_PLACEMENT_3D('',#3219,#2674,#2675);
#2143=AXIS2_PLACEMENT_3D('',#3220,#2676,#2677);
#2144=AXIS2_PLACEMENT_3D('',#3234,#2685,#2686);
#2145=AXIS2_PLACEMENT_3D('',#3235,#2687,#2688);
#2146=AXIS2_PLACEMENT_3D('',#3239,#2690,#2691);
#2147=AXIS2_PLACEMENT_3D('',#3240,#2692,#2693);
#2148=AXIS2_PLACEMENT_3D('',#3251,#2700,#2701);
#2149=AXIS2_PLACEMENT_3D('',#3252,#2702,#2703);
#2150=AXIS2_PLACEMENT_3D('',#3253,#2704,#2705);
#2151=AXIS2_PLACEMENT_3D('',#3254,#2706,#2707);
#2152=AXIS2_PLACEMENT_3D('',#3256,#2708,#2709);
#2153=AXIS2_PLACEMENT_3D('',#3257,#2710,#2711);
#2154=AXIS2_PLACEMENT_3D('',#3258,#2712,#2713);
#2155=AXIS2_PLACEMENT_3D('',#3259,#2714,#2715);
#2156=AXIS2_PLACEMENT_3D('',#3260,#2716,#2717);
#2157=AXIS2_PLACEMENT_3D('',#3261,#2718,#2719);
#2158=AXIS2_PLACEMENT_3D('',#3263,#2720,#2721);
#2159=AXIS2_PLACEMENT_3D('',#3265,#2722,#2723);
#2160=AXIS2_PLACEMENT_3D('',#3266,#2724,#2725);
#2161=AXIS2_PLACEMENT_3D('',#3267,#2726,#2727);
#2162=AXIS2_PLACEMENT_3D('',#3268,#2728,#2729);
#2163=AXIS2_PLACEMENT_3D('',#3269,#2730,#2731);
#2164=DIRECTION('',(0.,0.,1.));
#2165=DIRECTION('',(1.,0.,0.));
#2166=DIRECTION('',(-0.649501096547258,0.760360654942054,0.));
#2167=DIRECTION('',(-0.760360654942054,-0.649501096547258,0.));
#2168=DIRECTION('',(0.,0.,1.));
#2169=DIRECTION('',(-0.760360654942054,-0.649501096547258,0.));
#2170=DIRECTION('',(0.,0.,1.));
#2171=DIRECTION('',(-0.760360654942054,-0.649501096547258,0.));
#2172=DIRECTION('',(0.,0.,1.));
#2173=DIRECTION('',(1.,0.,0.));
#2174=DIRECTION('',(0.,0.,1.));
#2175=DIRECTION('',(1.,0.,0.));
#2176=DIRECTION('',(0.,0.,-1.));
#2177=DIRECTION('',(0.,0.,1.));
#2178=DIRECTION('',(1.,0.,0.));
#2179=DIRECTION('',(0.,0.,-1.));
#2180=DIRECTION('',(0.,0.,1.));
#2181=DIRECTION('',(1.,0.,0.));
#2182=DIRECTION('',(0.,0.,1.));
#2183=DIRECTION('',(1.,0.,0.));
#2184=DIRECTION('',(0.,0.,1.));
#2185=DIRECTION('',(-0.849570404734733,0.527475238659467,0.));
#2186=DIRECTION('',(-0.527475238659467,-0.849570404734733,0.));
#2187=DIRECTION('',(-0.527475238659467,-0.849570404734733,0.));
#2188=DIRECTION('',(-0.527475238659467,-0.849570404734733,0.));
#2189=DIRECTION('',(0.,0.,1.));
#2190=DIRECTION('',(0.,0.,1.));
#2191=DIRECTION('',(1.,0.,0.));
#2192=DIRECTION('',(0.,0.,1.));
#2193=DIRECTION('',(1.,0.,0.));
#2194=DIRECTION('',(0.,0.,1.));
#2195=DIRECTION('',(1.,0.,0.));
#2196=DIRECTION('',(0.,0.,1.));
#2197=DIRECTION('',(-0.035281952370522,0.9993773981019,0.));
#2198=DIRECTION('',(-0.999377398101901,-0.035281952370522,0.));
#2199=DIRECTION('',(-0.9993773981019,-0.035281952370522,0.));
#2200=DIRECTION('',(-0.9993773981019,-0.035281952370522,0.));
#2201=DIRECTION('',(0.,0.,1.));
#2202=DIRECTION('',(-0.649501096547257,0.760360654942055,0.));
#2203=DIRECTION('',(-0.760360654942055,-0.649501096547257,0.));
#2204=DIRECTION('',(-0.760360654942055,-0.649501096547257,0.));
#2205=DIRECTION('',(0.,0.,1.));
#2206=DIRECTION('',(-0.760360654942055,-0.649501096547257,0.));
#2207=DIRECTION('',(0.,0.,1.));
#2208=DIRECTION('',(-0.760360654942055,-0.649501096547257,0.));
#2209=DIRECTION('',(0.,0.,-1.));
#2210=DIRECTION('',(-0.760360654942055,-0.649501096547257,0.));
#2211=DIRECTION('',(0.,0.,-1.));
#2212=DIRECTION('',(-0.760360654942055,-0.649501096547257,0.));
#2213=DIRECTION('',(0.,0.,-1.));
#2214=DIRECTION('',(-0.760360654942055,-0.649501096547257,0.));
#2215=DIRECTION('',(0.,0.,-1.));
#2216=DIRECTION('',(0.,0.,1.));
#2217=DIRECTION('',(1.,0.,0.));
#2218=DIRECTION('',(0.,0.,1.));
#2219=DIRECTION('',(1.,0.,0.));
#2220=DIRECTION('',(0.,0.,1.));
#2221=DIRECTION('',(1.,0.,0.));
#2222=DIRECTION('',(0.,0.,1.));
#2223=DIRECTION('',(-0.00121518061800359,-0.99999926166776,0.));
#2224=DIRECTION('',(0.99999926166776,-0.00121518061800359,0.));
#2225=DIRECTION('',(0.99999926166776,-0.00121518061800359,0.));
#2226=DIRECTION('',(0.99999926166776,-0.00121518061800359,0.));
#2227=DIRECTION('',(0.,0.,1.));
#2228=DIRECTION('',(0.,0.,1.));
#2229=DIRECTION('',(1.,0.,0.));
#2230=DIRECTION('',(0.,0.,1.));
#2231=DIRECTION('',(1.,0.,0.));
#2232=DIRECTION('',(0.,0.,1.));
#2233=DIRECTION('',(1.,0.,0.));
#2234=DIRECTION('',(0.,0.,1.));
#2235=DIRECTION('',(0.858821582399007,-0.51227481843798,0.));
#2236=DIRECTION('',(0.51227481843798,0.858821582399007,0.));
#2237=DIRECTION('',(0.51227481843798,0.858821582399007,0.));
#2238=DIRECTION('',(0.51227481843798,0.858821582399007,0.));
#2239=DIRECTION('',(0.,0.,1.));
#2240=DIRECTION('',(0.,0.,1.));
#2241=DIRECTION('',(1.,0.,0.));
#2242=DIRECTION('',(0.,0.,1.));
#2243=DIRECTION('',(1.,0.,0.));
#2244=DIRECTION('',(0.,0.,-1.));
#2245=DIRECTION('',(0.,0.,1.));
#2246=DIRECTION('',(1.,0.,0.));
#2247=DIRECTION('',(0.,0.,-1.));
#2248=DIRECTION('',(0.,0.,1.));
#2249=DIRECTION('',(1.,0.,0.));
#2250=DIRECTION('',(0.,0.,1.));
#2251=DIRECTION('',(1.,0.,0.));
#2252=DIRECTION('',(0.,0.,1.));
#2253=DIRECTION('',(1.,0.,0.));
#2254=DIRECTION('',(0.,0.,1.));
#2255=DIRECTION('',(1.,0.,0.));
#2256=DIRECTION('',(0.,0.,1.));
#2257=DIRECTION('',(1.,0.,0.));
#2258=DIRECTION('',(0.,0.,1.));
#2259=DIRECTION('',(1.,0.,0.));
#2260=DIRECTION('',(0.,0.,1.));
#2261=DIRECTION('',(1.,0.,0.));
#2262=DIRECTION('',(0.,0.,1.));
#2263=DIRECTION('',(1.,0.,0.));
#2264=DIRECTION('',(0.,0.,1.));
#2265=DIRECTION('',(1.,0.,0.));
#2266=DIRECTION('',(0.,0.,1.));
#2267=DIRECTION('',(1.,0.,0.));
#2268=DIRECTION('',(0.48219235390547,0.876065370754433,0.));
#2269=DIRECTION('',(0.,0.,1.));
#2270=DIRECTION('',(1.,0.,0.));
#2271=DIRECTION('',(0.,0.,1.));
#2272=DIRECTION('',(1.,0.,0.));
#2273=DIRECTION('',(-0.990057122334161,0.140665896774594,0.));
#2274=DIRECTION('',(0.,0.,1.));
#2275=DIRECTION('',(1.,0.,0.));
#2276=DIRECTION('',(0.,0.,1.));
#2277=DIRECTION('',(1.,0.,0.));
#2278=DIRECTION('',(0.,0.,1.));
#2279=DIRECTION('',(1.,0.,0.));
#2280=DIRECTION('',(0.,0.,1.));
#2281=DIRECTION('',(1.,0.,0.));
#2282=DIRECTION('',(0.,0.,1.));
#2283=DIRECTION('',(1.,0.,0.));
#2284=DIRECTION('',(0.,0.,1.));
#2285=DIRECTION('',(1.,0.,0.));
#2286=DIRECTION('',(-0.990057122334161,0.140665896774594,0.));
#2287=DIRECTION('',(0.,0.,1.));
#2288=DIRECTION('',(1.,0.,0.));
#2289=DIRECTION('',(-0.9993773981019,-0.035281952370522,0.));
#2290=DIRECTION('',(0.,0.,1.));
#2291=DIRECTION('',(1.,0.,0.));
#2292=DIRECTION('',(-0.527475238659467,-0.849570404734733,0.));
#2293=DIRECTION('',(0.,0.,1.));
#2294=DIRECTION('',(1.,0.,0.));
#2295=DIRECTION('',(0.48219235390547,0.876065370754433,0.));
#2296=DIRECTION('',(0.,0.,1.));
#2297=DIRECTION('',(1.,0.,0.));
#2298=DIRECTION('',(0.51227481843798,0.858821582399007,0.));
#2299=DIRECTION('',(0.,0.,1.));
#2300=DIRECTION('',(1.,0.,0.));
#2301=DIRECTION('',(0.99999926166776,-0.00121518061800359,0.));
#2302=DIRECTION('',(0.,0.,1.));
#2303=DIRECTION('',(1.,0.,0.));
#2304=DIRECTION('',(0.849570404734733,-0.527475238659467,0.));
#2305=DIRECTION('',(0.527475238659467,0.849570404734733,0.));
#2306=DIRECTION('',(0.,0.,-1.));
#2307=DIRECTION('',(-0.527475238659467,-0.849570404734733,0.));
#2308=DIRECTION('',(0.,0.,-1.));
#2309=DIRECTION('',(-1.,0.,0.));
#2310=DIRECTION('',(0.,0.,-1.));
#2311=DIRECTION('',(0.,0.,1.));
#2312=DIRECTION('',(1.,0.,0.));
#2313=DIRECTION('',(0.035281952370522,-0.9993773981019,0.));
#2314=DIRECTION('',(0.999377398101901,0.035281952370522,0.));
#2315=DIRECTION('',(-0.9993773981019,-0.035281952370522,0.));
#2316=DIRECTION('',(0.,0.,-1.));
#2317=DIRECTION('',(-1.,0.,0.));
#2318=DIRECTION('',(0.,0.,-1.));
#2319=DIRECTION('',(0.,0.,1.));
#2320=DIRECTION('',(1.,0.,0.));
#2321=DIRECTION('',(0.00121518061800359,0.99999926166776,0.));
#2322=DIRECTION('',(-0.99999926166776,0.00121518061800359,0.));
#2323=DIRECTION('',(0.,0.,-1.));
#2324=DIRECTION('',(0.99999926166776,-0.00121518061800359,0.));
#2325=DIRECTION('',(0.,0.,-1.));
#2326=DIRECTION('',(-1.,0.,0.));
#2327=DIRECTION('',(0.,0.,-1.));
#2328=DIRECTION('',(0.,0.,1.));
#2329=DIRECTION('',(1.,0.,0.));
#2330=DIRECTION('',(-0.858821582399007,0.51227481843798,0.));
#2331=DIRECTION('',(-0.51227481843798,-0.858821582399007,0.));
#2332=DIRECTION('',(0.,0.,-1.));
#2333=DIRECTION('',(0.51227481843798,0.858821582399007,0.));
#2334=DIRECTION('',(0.,0.,-1.));
#2335=DIRECTION('',(-1.,0.,0.));
#2336=DIRECTION('',(0.,0.,1.));
#2337=DIRECTION('',(1.,0.,0.));
#2338=DIRECTION('',(0.,0.,-1.));
#2339=DIRECTION('',(-1.,0.,0.));
#2340=DIRECTION('',(0.,0.,1.));
#2341=DIRECTION('',(1.,0.,0.));
#2342=DIRECTION('',(0.,0.,1.));
#2343=DIRECTION('',(1.,0.,0.));
#2344=DIRECTION('',(-0.876065370754433,0.48219235390547,0.));
#2345=DIRECTION('',(-0.48219235390547,-0.876065370754433,0.));
#2346=DIRECTION('',(0.,0.,-1.));
#2347=DIRECTION('',(-0.140665896774594,-0.990057122334161,0.));
#2348=DIRECTION('',(0.990057122334161,-0.140665896774594,0.));
#2349=DIRECTION('',(0.,0.,-1.));
#2350=DIRECTION('',(0.,0.,-1.));
#2351=DIRECTION('',(-1.,0.,0.));
#2352=DIRECTION('',(0.,0.,-1.));
#2353=DIRECTION('',(-1.,0.,0.));
#2354=DIRECTION('',(0.,0.,-1.));
#2355=DIRECTION('',(-1.,0.,0.));
#2356=DIRECTION('',(0.,0.,-1.));
#2357=DIRECTION('',(-1.,0.,0.));
#2358=DIRECTION('',(-5.15319073633698E-17,-1.57951189083651E-16,-1.));
#2359=DIRECTION('',(0.999998286846487,-0.00185102784704622,-5.12394470318338E-17));
#2360=DIRECTION('',(0.922198502923166,0.386716848878183,0.));
#2361=DIRECTION('',(-0.386716848878183,0.922198502923166,0.));
#2362=DIRECTION('',(0.386716848878183,-0.922198502923166,0.));
#2363=DIRECTION('',(0.,0.,-1.));
#2364=DIRECTION('',(0.386716848878183,-0.922198502923166,0.));
#2365=DIRECTION('',(0.,0.,-1.));
#2366=DIRECTION('',(0.,0.,-1.));
#2367=DIRECTION('',(-1.,0.,0.));
#2368=DIRECTION('',(0.,0.,1.));
#2369=DIRECTION('',(1.,0.,0.));
#2370=DIRECTION('',(0.,0.,-1.));
#2371=DIRECTION('',(0.,0.,1.));
#2372=DIRECTION('',(1.,0.,0.));
#2373=DIRECTION('',(0.922198502923166,0.386716848878183,0.));
#2374=DIRECTION('',(-0.386716848878183,0.922198502923166,0.));
#2375=DIRECTION('',(0.386716848878183,-0.922198502923166,0.));
#2376=DIRECTION('',(0.,0.,-1.));
#2377=DIRECTION('',(0.386716848878183,-0.922198502923166,0.));
#2378=DIRECTION('',(0.,0.,-1.));
#2379=DIRECTION('',(-1.,0.,0.));
#2380=DIRECTION('',(0.,0.,1.));
#2381=DIRECTION('',(1.,0.,0.));
#2382=DIRECTION('',(0.,0.,1.));
#2383=DIRECTION('',(1.,0.,0.));
#2384=DIRECTION('',(0.,0.,-1.));
#2385=DIRECTION('',(-1.,0.,0.));
#2386=DIRECTION('',(0.,0.,1.));
#2387=DIRECTION('',(1.,0.,0.));
#2388=DIRECTION('',(0.,0.,1.));
#2389=DIRECTION('',(1.,0.,0.));
#2390=DIRECTION('',(0.,0.,-1.));
#2391=DIRECTION('',(-1.,0.,0.));
#2392=DIRECTION('',(0.,0.,1.));
#2393=DIRECTION('',(1.,0.,0.));
#2394=DIRECTION('',(0.,0.,1.));
#2395=DIRECTION('',(1.,0.,0.));
#2396=DIRECTION('',(0.,0.,1.));
#2397=DIRECTION('',(1.,0.,0.));
#2398=DIRECTION('',(0.,0.,1.));
#2399=DIRECTION('',(1.,0.,0.));
#2400=DIRECTION('',(-2.28749521520596E-16,-1.25273858220233E-16,-1.));
#2401=DIRECTION('',(0.955983047121226,-0.293421903778186,-1.81922570638162E-16));
#2402=DIRECTION('',(0.,0.,1.));
#2403=DIRECTION('',(1.,0.,0.));
#2404=DIRECTION('',(0.,0.,1.));
#2405=DIRECTION('',(1.,0.,0.));
#2406=DIRECTION('',(0.,0.,1.));
#2407=DIRECTION('',(0.,0.,1.));
#2408=DIRECTION('',(1.,0.,0.));
#2409=DIRECTION('',(0.,0.,1.));
#2410=DIRECTION('',(0.987381651146551,-0.158358690885947,0.));
#2411=DIRECTION('',(0.158358690885947,0.987381651146551,0.));
#2412=DIRECTION('',(0.,0.,1.));
#2413=DIRECTION('',(0.158358690885947,0.987381651146551,0.));
#2414=DIRECTION('',(0.,0.,-1.));
#2415=DIRECTION('',(0.,0.,-1.));
#2416=DIRECTION('',(0.158358690885947,0.987381651146551,0.));
#2417=DIRECTION('',(0.,0.,1.));
#2418=DIRECTION('',(1.,0.,0.));
#2419=DIRECTION('',(0.,0.,1.));
#2420=DIRECTION('',(0.,0.,1.));
#2421=DIRECTION('',(1.,0.,0.));
#2422=DIRECTION('',(0.,0.,1.));
#2423=DIRECTION('',(1.,0.,0.));
#2424=DIRECTION('',(-0.70461822124631,-0.709586613661565,0.));
#2425=DIRECTION('',(0.709586613661565,-0.70461822124631,0.));
#2426=DIRECTION('',(0.,0.,1.));
#2427=DIRECTION('',(0.,0.,-1.));
#2428=DIRECTION('',(0.,0.,-1.));
#2429=DIRECTION('',(0.709586613661565,-0.70461822124631,0.));
#2430=DIRECTION('',(0.709586613661565,-0.70461822124631,0.));
#2431=DIRECTION('',(0.,0.,1.));
#2432=DIRECTION('',(1.,0.,0.));
#2433=DIRECTION('',(0.,0.,1.));
#2434=DIRECTION('',(1.,0.,0.));
#2435=DIRECTION('',(0.,0.,1.));
#2436=DIRECTION('',(1.,0.,0.));
#2437=DIRECTION('',(0.,0.,1.));
#2438=DIRECTION('',(0.,0.,1.));
#2439=DIRECTION('',(1.,0.,0.));
#2440=DIRECTION('',(0.,0.,1.));
#2441=DIRECTION('',(0.,0.,1.));
#2442=DIRECTION('',(1.,0.,0.));
#2443=DIRECTION('',(0.,0.,1.));
#2444=DIRECTION('',(0.,0.,1.));
#2445=DIRECTION('',(1.,0.,0.));
#2446=DIRECTION('',(0.989418725093632,-0.145088202256738,0.));
#2447=DIRECTION('',(0.145088202256738,0.989418725093632,0.));
#2448=DIRECTION('',(0.145088202256738,0.989418725093632,0.));
#2449=DIRECTION('',(0.,0.,-1.));
#2450=DIRECTION('',(0.145088202256738,0.989418725093632,0.));
#2451=DIRECTION('',(0.,0.,-1.));
#2452=DIRECTION('',(0.145088202256738,0.989418725093632,0.));
#2453=DIRECTION('',(0.145088202256738,0.989418725093632,0.));
#2454=DIRECTION('',(0.,0.,1.));
#2455=DIRECTION('',(0.,0.,1.));
#2456=DIRECTION('',(1.,0.,0.));
#2457=DIRECTION('',(0.,0.,1.));
#2458=DIRECTION('',(1.,0.,0.));
#2459=DIRECTION('',(0.,0.,1.));
#2460=DIRECTION('',(1.,0.,0.));
#2461=DIRECTION('',(0.,0.,1.));
#2462=DIRECTION('',(0.0352819523705213,-0.9993773981019,0.));
#2463=DIRECTION('',(0.999377398101901,0.0352819523705213,0.));
#2464=DIRECTION('',(0.9993773981019,0.0352819523705213,0.));
#2465=DIRECTION('',(0.9993773981019,0.0352819523705213,0.));
#2466=DIRECTION('',(0.,0.,1.));
#2467=DIRECTION('',(0.,0.,1.));
#2468=DIRECTION('',(1.,0.,0.));
#2469=DIRECTION('',(0.,0.,1.));
#2470=DIRECTION('',(1.,0.,0.));
#2471=DIRECTION('',(0.,0.,1.));
#2472=DIRECTION('',(1.,0.,0.));
#2473=DIRECTION('',(0.,0.,1.));
#2474=DIRECTION('',(-0.711660798032486,-0.702523244130587,0.));
#2475=DIRECTION('',(0.702523244130587,-0.711660798032487,0.));
#2476=DIRECTION('',(0.702523244130587,-0.711660798032487,0.));
#2477=DIRECTION('',(0.702523244130587,-0.711660798032487,0.));
#2478=DIRECTION('',(0.702523244130587,-0.711660798032487,0.));
#2479=DIRECTION('',(0.,0.,-1.));
#2480=DIRECTION('',(0.702523244130587,-0.711660798032487,0.));
#2481=DIRECTION('',(0.,0.,-1.));
#2482=DIRECTION('',(0.0352819523705215,-0.9993773981019,0.));
#2483=DIRECTION('',(0.999377398101901,0.0352819523705215,0.));
#2484=DIRECTION('',(0.9993773981019,0.0352819523705215,0.));
#2485=DIRECTION('',(0.9993773981019,0.0352819523705215,0.));
#2486=DIRECTION('',(0.,0.,1.));
#2487=DIRECTION('',(1.,0.,0.));
#2488=DIRECTION('',(0.,0.,1.));
#2489=DIRECTION('',(1.,0.,0.));
#2490=DIRECTION('',(-0.084781808667533,-0.996399540806328,0.));
#2491=DIRECTION('',(0.654509915752018,-0.756053417545537,0.));
#2492=DIRECTION('',(0.,0.,1.));
#2493=DIRECTION('',(1.,0.,0.));
#2494=DIRECTION('',(0.,0.,1.));
#2495=DIRECTION('',(1.,0.,0.));
#2496=DIRECTION('',(0.,0.,1.));
#2497=DIRECTION('',(1.,0.,0.));
#2498=DIRECTION('',(0.,0.,1.));
#2499=DIRECTION('',(1.,0.,0.));
#2500=DIRECTION('',(0.,0.,1.));
#2501=DIRECTION('',(1.,0.,0.));
#2502=DIRECTION('',(0.,0.,1.));
#2503=DIRECTION('',(1.,0.,0.));
#2504=DIRECTION('',(0.,0.,1.));
#2505=DIRECTION('',(1.,0.,0.));
#2506=DIRECTION('',(0.654509915752018,-0.756053417545537,0.));
#2507=DIRECTION('',(0.,0.,1.));
#2508=DIRECTION('',(1.,0.,0.));
#2509=DIRECTION('',(0.9993773981019,0.0352819523705215,0.));
#2510=DIRECTION('',(0.,0.,1.));
#2511=DIRECTION('',(1.,0.,0.));
#2512=DIRECTION('',(-0.084781808667533,-0.996399540806328,0.));
#2513=DIRECTION('',(0.,0.,1.));
#2514=DIRECTION('',(1.,0.,0.));
#2515=DIRECTION('',(0.9993773981019,0.0352819523705213,0.));
#2516=DIRECTION('',(0.,0.,1.));
#2517=DIRECTION('',(1.,0.,0.));
#2518=DIRECTION('',(0.,0.,-1.));
#2519=DIRECTION('',(-1.,0.,0.));
#2520=DIRECTION('',(0.,0.,1.));
#2521=DIRECTION('',(1.,0.,0.));
#2522=DIRECTION('',(0.,0.,-1.));
#2523=DIRECTION('',(0.,0.,-1.));
#2524=DIRECTION('',(-1.,0.,0.));
#2525=DIRECTION('',(0.,0.,-1.));
#2526=DIRECTION('',(0.,0.,1.));
#2527=DIRECTION('',(1.,0.,0.));
#2528=DIRECTION('',(0.,0.,-1.));
#2529=DIRECTION('',(-1.,0.,0.));
#2530=DIRECTION('',(0.,0.,-1.));
#2531=DIRECTION('',(0.,0.,1.));
#2532=DIRECTION('',(1.,0.,0.));
#2533=DIRECTION('',(-0.0352819523705213,0.9993773981019,0.));
#2534=DIRECTION('',(-0.999377398101901,-0.0352819523705213,0.));
#2535=DIRECTION('',(0.,0.,-1.));
#2536=DIRECTION('',(0.9993773981019,0.0352819523705213,0.));
#2537=DIRECTION('',(0.,0.,-1.));
#2538=DIRECTION('',(-1.,0.,0.));
#2539=DIRECTION('',(0.,0.,1.));
#2540=DIRECTION('',(1.,0.,0.));
#2541=DIRECTION('',(-0.0352819523705215,0.9993773981019,0.));
#2542=DIRECTION('',(-0.999377398101901,-0.0352819523705215,0.));
#2543=DIRECTION('',(0.9993773981019,0.0352819523705215,0.));
#2544=DIRECTION('',(0.,0.,1.));
#2545=DIRECTION('',(1.,0.,0.));
#2546=DIRECTION('',(0.756053417545537,0.654509915752018,0.));
#2547=DIRECTION('',(-0.654509915752018,0.756053417545538,0.));
#2548=DIRECTION('',(0.996399540806328,-0.084781808667533,0.));
#2549=DIRECTION('',(0.084781808667533,0.996399540806328,0.));
#2550=DIRECTION('',(0.,0.,-1.));
#2551=DIRECTION('',(-1.,0.,0.));
#2552=DIRECTION('',(0.,0.,-1.));
#2553=DIRECTION('',(-1.,0.,0.));
#2554=DIRECTION('',(0.,0.,-1.));
#2555=DIRECTION('',(-1.,0.,0.));
#2556=DIRECTION('',(1.71621650848811E-16,-1.05819072858102E-16,-1.));
#2557=DIRECTION('',(1.,-1.11022302462516E-16,1.71621650848811E-16));
#2558=DIRECTION('',(0.922198502923166,0.386716848878183,0.));
#2559=DIRECTION('',(-0.386716848878183,0.922198502923166,0.));
#2560=DIRECTION('',(0.386716848878183,-0.922198502923166,0.));
#2561=DIRECTION('',(0.,0.,-1.));
#2562=DIRECTION('',(0.386716848878183,-0.922198502923166,0.));
#2563=DIRECTION('',(0.,0.,-1.));
#2564=DIRECTION('',(0.,0.,-1.));
#2565=DIRECTION('',(-1.,0.,0.));
#2566=DIRECTION('',(0.,0.,1.));
#2567=DIRECTION('',(1.,0.,0.));
#2568=DIRECTION('',(0.,0.,-1.));
#2569=DIRECTION('',(0.,0.,1.));
#2570=DIRECTION('',(1.,0.,0.));
#2571=DIRECTION('',(0.922198502923166,0.386716848878183,0.));
#2572=DIRECTION('',(-0.386716848878183,0.922198502923166,0.));
#2573=DIRECTION('',(0.386716848878183,-0.922198502923166,0.));
#2574=DIRECTION('',(0.,0.,-1.));
#2575=DIRECTION('',(0.386716848878183,-0.922198502923166,0.));
#2576=DIRECTION('',(0.,0.,-1.));
#2577=DIRECTION('',(-1.,0.,0.));
#2578=DIRECTION('',(0.,0.,1.));
#2579=DIRECTION('',(1.,0.,0.));
#2580=DIRECTION('',(0.,0.,1.));
#2581=DIRECTION('',(1.,0.,0.));
#2582=DIRECTION('',(0.,0.,-1.));
#2583=DIRECTION('',(-1.,0.,0.));
#2584=DIRECTION('',(0.,0.,1.));
#2585=DIRECTION('',(1.,0.,0.));
#2586=DIRECTION('',(0.,0.,1.));
#2587=DIRECTION('',(1.,0.,0.));
#2588=DIRECTION('',(0.,0.,-1.));
#2589=DIRECTION('',(-1.,0.,0.));
#2590=DIRECTION('',(0.,0.,1.));
#2591=DIRECTION('',(1.,0.,0.));
#2592=DIRECTION('',(0.,0.,1.));
#2593=DIRECTION('',(1.,0.,0.));
#2594=DIRECTION('',(0.,0.,1.));
#2595=DIRECTION('',(1.,0.,0.));
#2596=DIRECTION('',(0.,0.,1.));
#2597=DIRECTION('',(1.,0.,0.));
#2598=DIRECTION('',(-2.5894567871384E-16,-1.58484513616741E-16,-1.));
#2599=DIRECTION('',(0.999851364916673,-0.0172408838017488,-2.56174777217665E-16));
#2600=DIRECTION('',(0.,0.,-1.));
#2601=DIRECTION('',(-1.,0.,0.));
#2602=DIRECTION('',(0.,0.,-1.));
#2603=DIRECTION('',(0.,0.,1.));
#2604=DIRECTION('',(1.,0.,0.));
#2605=DIRECTION('',(0.,0.,-1.));
#2606=DIRECTION('',(0.,0.,1.));
#2607=DIRECTION('',(1.,0.,0.));
#2608=DIRECTION('',(-0.874098360040121,0.485748964975914,0.));
#2609=DIRECTION('',(-0.485748964975914,-0.874098360040121,0.));
#2610=DIRECTION('',(0.485748964975914,0.874098360040121,0.));
#2611=DIRECTION('',(0.,0.,-1.));
#2612=DIRECTION('',(0.485748964975914,0.874098360040121,0.));
#2613=DIRECTION('',(0.,0.,-1.));
#2614=DIRECTION('',(0.485748964975914,0.874098360040121,0.));
#2615=DIRECTION('',(0.,0.,-1.));
#2616=DIRECTION('',(0.485748964975914,0.874098360040121,0.));
#2617=DIRECTION('',(0.,0.,-1.));
#2618=DIRECTION('',(-1.,0.,0.));
#2619=DIRECTION('',(0.,0.,1.));
#2620=DIRECTION('',(1.,0.,0.));
#2621=DIRECTION('',(0.,0.,-1.));
#2622=DIRECTION('',(0.,0.,1.));
#2623=DIRECTION('',(1.,0.,0.));
#2624=DIRECTION('',(-0.874098360040121,0.485748964975914,0.));
#2625=DIRECTION('',(-0.485748964975914,-0.874098360040121,0.));
#2626=DIRECTION('',(0.485748964975914,0.874098360040121,0.));
#2627=DIRECTION('',(0.485748964975914,0.874098360040121,0.));
#2628=DIRECTION('',(0.,0.,-1.));
#2629=DIRECTION('',(0.485748964975914,0.874098360040121,0.));
#2630=DIRECTION('',(0.,0.,-1.));
#2631=DIRECTION('',(0.485748964975914,0.874098360040121,0.));
#2632=DIRECTION('',(0.,0.,-1.));
#2633=DIRECTION('',(-1.,0.,0.));
#2634=DIRECTION('',(0.,0.,1.));
#2635=DIRECTION('',(1.,0.,0.));
#2636=DIRECTION('',(0.,0.,1.));
#2637=DIRECTION('',(1.,0.,0.));
#2638=DIRECTION('',(0.,0.,-1.));
#2639=DIRECTION('',(-1.,0.,0.));
#2640=DIRECTION('',(0.,0.,1.));
#2641=DIRECTION('',(1.,0.,0.));
#2642=DIRECTION('',(0.,0.,1.));
#2643=DIRECTION('',(1.,0.,0.));
#2644=DIRECTION('',(0.,0.,1.));
#2645=DIRECTION('',(1.,0.,0.));
#2646=DIRECTION('',(0.,0.,1.));
#2647=DIRECTION('',(1.,0.,0.));
#2648=DIRECTION('',(0.,0.,-1.));
#2649=DIRECTION('',(-1.,0.,0.));
#2650=DIRECTION('',(0.,0.,1.));
#2651=DIRECTION('',(1.,0.,0.));
#2652=DIRECTION('',(0.,0.,1.));
#2653=DIRECTION('',(1.,0.,0.));
#2654=DIRECTION('',(0.,0.,-1.));
#2655=DIRECTION('',(-1.,0.,0.));
#2656=DIRECTION('',(0.,0.,1.));
#2657=DIRECTION('',(1.,0.,0.));
#2658=DIRECTION('',(0.,0.,1.));
#2659=DIRECTION('',(1.,0.,0.));
#2660=DIRECTION('',(0.,0.,1.));
#2661=DIRECTION('',(1.,0.,0.));
#2662=DIRECTION('',(0.,0.,1.));
#2663=DIRECTION('',(1.,0.,0.));
#2664=DIRECTION('',(8.64989832532243E-16,-7.05837729456926E-16,-1.));
#2665=DIRECTION('',(0.993079444801745,-0.117444524403049,9.41900399092071E-16));
#2666=DIRECTION('',(0.,0.,1.));
#2667=DIRECTION('',(1.,0.,0.));
#2668=DIRECTION('',(0.,0.,1.));
#2669=DIRECTION('',(1.,0.,0.));
#2670=DIRECTION('',(-0.665378291220442,0.74650634931832,0.));
#2671=DIRECTION('',(0.,0.,1.));
#2672=DIRECTION('',(1.,0.,0.));
#2673=DIRECTION('',(-0.665378291220442,0.74650634931832,0.));
#2674=DIRECTION('',(0.,0.,1.));
#2675=DIRECTION('',(1.,0.,0.));
#2676=DIRECTION('',(-0.74650634931832,-0.665378291220442,0.));
#2677=DIRECTION('',(0.665378291220442,-0.74650634931832,0.));
#2678=DIRECTION('',(0.,0.,-1.));
#2679=DIRECTION('',(-0.665378291220442,0.74650634931832,0.));
#2680=DIRECTION('',(0.,0.,-1.));
#2681=DIRECTION('',(-0.665378291220442,0.74650634931832,0.));
#2682=DIRECTION('',(0.,0.,-1.));
#2683=DIRECTION('',(-0.665378291220442,0.74650634931832,0.));
#2684=DIRECTION('',(0.,0.,-1.));
#2685=DIRECTION('',(0.,0.,-1.));
#2686=DIRECTION('',(-1.,0.,0.));
#2687=DIRECTION('',(0.,0.,1.));
#2688=DIRECTION('',(1.,0.,0.));
#2689=DIRECTION('',(0.,0.,-1.));
#2690=DIRECTION('',(0.,0.,1.));
#2691=DIRECTION('',(1.,0.,0.));
#2692=DIRECTION('',(-0.74650634931832,-0.665378291220442,0.));
#2693=DIRECTION('',(0.665378291220442,-0.74650634931832,0.));
#2694=DIRECTION('',(-0.665378291220442,0.74650634931832,0.));
#2695=DIRECTION('',(0.,0.,-1.));
#2696=DIRECTION('',(0.,0.,-1.));
#2697=DIRECTION('',(-0.665378291220442,0.74650634931832,0.));
#2698=DIRECTION('',(-0.665378291220442,0.74650634931832,0.));
#2699=DIRECTION('',(0.,0.,-1.));
#2700=DIRECTION('',(0.,0.,-1.));
#2701=DIRECTION('',(-1.,0.,0.));
#2702=DIRECTION('',(0.,0.,1.));
#2703=DIRECTION('',(1.,0.,0.));
#2704=DIRECTION('',(0.,0.,-1.));
#2705=DIRECTION('',(-1.,0.,0.));
#2706=DIRECTION('',(0.,0.,1.));
#2707=DIRECTION('',(1.,0.,0.));
#2708=DIRECTION('',(0.,0.,1.));
#2709=DIRECTION('',(1.,0.,0.));
#2710=DIRECTION('',(0.,0.,-1.));
#2711=DIRECTION('',(-1.,0.,0.));
#2712=DIRECTION('',(0.,0.,1.));
#2713=DIRECTION('',(1.,0.,0.));
#2714=DIRECTION('',(0.,0.,1.));
#2715=DIRECTION('',(1.,0.,0.));
#2716=DIRECTION('',(0.,0.,-1.));
#2717=DIRECTION('',(-1.,0.,0.));
#2718=DIRECTION('',(0.,0.,1.));
#2719=DIRECTION('',(1.,0.,0.));
#2720=DIRECTION('',(0.,0.,1.));
#2721=DIRECTION('',(1.,0.,0.));
#2722=DIRECTION('',(0.,0.,1.));
#2723=DIRECTION('',(1.,0.,0.));
#2724=DIRECTION('',(0.,0.,1.));
#2725=DIRECTION('',(1.,0.,0.));
#2726=DIRECTION('',(0.,0.,1.));
#2727=DIRECTION('',(1.,0.,0.));
#2728=DIRECTION('',(0.,0.,-1.));
#2729=DIRECTION('',(-1.,0.,0.));
#2730=DIRECTION('',(-7.54681524093585E-16,6.48897591978705E-16,1.));
#2731=DIRECTION('',(0.117444524402994,0.993079444801751,-5.55773647702508E-16));
#2732=CARTESIAN_POINT('',(0.,0.,0.));
#2733=CARTESIAN_POINT('',(-0.0440640071228311,0.0366698401790613,-0.003));
#2734=CARTESIAN_POINT('',(-0.0408832441738102,0.0393868521783255,-0.003));
#2735=CARTESIAN_POINT('',(-0.0408832441738102,0.0393868521783255,-0.003));
#2736=CARTESIAN_POINT('',(-0.0408832441738102,0.0393868521783255,0.01));
#2737=CARTESIAN_POINT('',(-0.0440640071228311,0.0366698401790613,0.01));
#2738=CARTESIAN_POINT('',(-0.047244770071852,0.0339528281797971,0.01));
#2739=CARTESIAN_POINT('',(-0.047244770071852,0.0339528281797971,-0.003));
#2740=CARTESIAN_POINT('',(-0.047244770071852,0.0339528281797971,-0.003));
#2741=CARTESIAN_POINT('',(-0.0440640071228311,0.0366698401790613,-0.003));
#2742=CARTESIAN_POINT('',(-0.0407182708952872,0.0391937205719703,-0.003));
#2743=CARTESIAN_POINT('',(-0.0407182708952872,0.0391937205719703,0.));
#2744=CARTESIAN_POINT('',(-0.0405024800124846,0.0390597418613507,0.));
#2745=CARTESIAN_POINT('',(-0.0404985248044236,0.0393211083875186,0.));
#2746=CARTESIAN_POINT('',(-0.0404985248044236,0.0393211083875186,0.007));
#2747=CARTESIAN_POINT('',(-0.0404985248044236,0.0393211083875186,0.007));
#2748=CARTESIAN_POINT('',(-0.0407182708952872,0.0391937205719703,0.007));
#2749=CARTESIAN_POINT('',(-0.0405024800124846,0.0390597418613507,0.007));
#2750=CARTESIAN_POINT('',(-0.0405024800124846,0.0390597418613507,0.01));
#2751=CARTESIAN_POINT('',(-0.0405024800124846,0.0390597418613507,0.01));
#2752=CARTESIAN_POINT('',(-0.0407182708952872,0.0391937205719703,0.01));
#2753=CARTESIAN_POINT('',(-0.0407182708952872,0.0391937205719703,-0.003));
#2754=CARTESIAN_POINT('',(-0.0405024800124846,0.0390597418613507,-0.003));
#2755=CARTESIAN_POINT('',(-0.0405024800124846,0.0390597418613507,-0.003));
#2756=CARTESIAN_POINT('',(-0.042372099841131,0.0360484655812359,-0.003));
#2757=CARTESIAN_POINT('',(-0.042372099841131,0.0360484655812359,0.));
#2758=CARTESIAN_POINT('',(-0.0442417196697773,0.033037189301121,0.));
#2759=CARTESIAN_POINT('',(-0.042372099841131,0.0360484655812359,-0.003));
#2760=CARTESIAN_POINT('',(-0.0442417196697773,0.033037189301121,-0.003));
#2761=CARTESIAN_POINT('',(-0.0442417196697773,0.033037189301121,-0.003));
#2762=CARTESIAN_POINT('',(-0.0448890923181852,0.0334391254329796,-0.003));
#2763=CARTESIAN_POINT('',(-0.0448890923181852,0.0334391254329796,0.));
#2764=CARTESIAN_POINT('',(-0.0448622074704789,0.0326775998556259,0.));
#2765=CARTESIAN_POINT('',(-0.0448890923181852,0.0334391254329796,-0.003));
#2766=CARTESIAN_POINT('',(-0.0448622074704789,0.0326775998556259,-0.003));
#2767=CARTESIAN_POINT('',(-0.0448622074704789,0.0326775998556259,-0.003));
#2768=CARTESIAN_POINT('',(-0.0457925864295277,0.0326447538195018,-0.003));
#2769=CARTESIAN_POINT('',(-0.0457925864295277,0.0326447538195018,0.));
#2770=CARTESIAN_POINT('',(-0.0467229653885766,0.0326119077833776,0.));
#2771=CARTESIAN_POINT('',(-0.0457925864295277,0.0326447538195018,-0.003));
#2772=CARTESIAN_POINT('',(-0.0467229653885766,0.0326119077833776,-0.003));
#2773=CARTESIAN_POINT('',(-0.0467229653885766,0.0326119077833776,-0.003));
#2774=CARTESIAN_POINT('',(-0.0282071507943978,0.0602363483310057,-0.003));
#2775=CARTESIAN_POINT('',(-0.0282071507943978,0.0602363483310057,0.));
#2776=CARTESIAN_POINT('',(-0.0259415903358047,0.0621715931290977,0.));
#2777=CARTESIAN_POINT('',(-0.0304727112529911,0.0583011035329138,0.));
#2778=CARTESIAN_POINT('',(-0.0259415903358047,0.0621715931290977,-0.003));
#2779=CARTESIAN_POINT('',(-0.0259415903358047,0.0621715931290977,-0.003));
#2780=CARTESIAN_POINT('',(-0.0282071507943978,0.0602363483310057,-0.003));
#2781=CARTESIAN_POINT('',(-0.06215376652742,0.0312391034060346,-0.003));
#2782=CARTESIAN_POINT('',(-0.06215376652742,0.0312391034060346,-0.003));
#2783=CARTESIAN_POINT('',(-0.06215376652742,0.0312391034060346,0.));
#2784=CARTESIAN_POINT('',(-0.0282071507943978,0.0602363483310057,0.));
#2785=CARTESIAN_POINT('',(-0.057303750434767,0.035381993691027,0.));
#2786=CARTESIAN_POINT('',(-0.057303750434767,0.035381993691027,0.007));
#2787=CARTESIAN_POINT('',(-0.057303750434767,0.035381993691027,0.007));
#2788=CARTESIAN_POINT('',(-0.0282071507943978,0.0602363483310057,0.007));
#2789=CARTESIAN_POINT('',(-0.06215376652742,0.0312391034060346,0.007));
#2790=CARTESIAN_POINT('',(-0.06215376652742,0.0312391034060346,0.01));
#2791=CARTESIAN_POINT('',(-0.06215376652742,0.0312391034060346,0.01));
#2792=CARTESIAN_POINT('',(-0.0282071507943978,0.0602363483310057,0.01));
#2793=CARTESIAN_POINT('',(-0.0259415903358047,0.0621715931290977,0.01));
#2794=CARTESIAN_POINT('',(-0.0259415903358047,0.0621715931290977,0.01));
#2795=CARTESIAN_POINT('',(-0.0259415903358047,0.0621715931290977,0.007));
#2796=CARTESIAN_POINT('',(-0.0282071507943978,0.0602363483310057,0.007));
#2797=CARTESIAN_POINT('',(-0.030472711252991,0.0583011035329138,0.007));
#2798=CARTESIAN_POINT('',(-0.0304727112529911,0.0583011035329138,0.007));
#2799=CARTESIAN_POINT('',(-0.059679167349575,0.0283421293107053,-0.003));
#2800=CARTESIAN_POINT('',(-0.059679167349575,0.0283421293107053,0.));
#2801=CARTESIAN_POINT('',(-0.0596837971877296,0.0245321321237511,0.));
#2802=CARTESIAN_POINT('',(-0.059679167349575,0.0283421293107053,-0.003));
#2803=CARTESIAN_POINT('',(-0.0596837971877296,0.0245321321237511,-0.003));
#2804=CARTESIAN_POINT('',(-0.0596837971877296,0.0245321321237511,-0.003));
#2805=CARTESIAN_POINT('',(-0.0509900993327883,0.024521567702819,-0.003));
#2806=CARTESIAN_POINT('',(-0.0509900993327883,0.024521567702819,0.));
#2807=CARTESIAN_POINT('',(-0.0422964014778471,0.0245110032818868,0.));
#2808=CARTESIAN_POINT('',(-0.0509900993327883,0.024521567702819,-0.003));
#2809=CARTESIAN_POINT('',(-0.0422964014778471,0.0245110032818868,-0.003));
#2810=CARTESIAN_POINT('',(-0.0422964014778471,0.0245110032818868,-0.003));
#2811=CARTESIAN_POINT('',(-0.042291,0.028956,-0.003));
#2812=CARTESIAN_POINT('',(-0.042291,0.028956,0.));
#2813=CARTESIAN_POINT('',(-0.0384735380662364,0.0266789384320432,0.));
#2814=CARTESIAN_POINT('',(-0.042291,0.028956,-0.003));
#2815=CARTESIAN_POINT('',(-0.0384735380662364,0.0266789384320432,-0.003));
#2816=CARTESIAN_POINT('',(-0.0384735380662364,0.0266789384320432,-0.003));
#2817=CARTESIAN_POINT('',(-0.0293342094976279,0.0420008952037814,-0.003));
#2818=CARTESIAN_POINT('',(-0.0293342094976279,0.0420008952037814,0.));
#2819=CARTESIAN_POINT('',(-0.0201948809290194,0.0573228519755197,0.));
#2820=CARTESIAN_POINT('',(-0.0293342094976279,0.0420008952037814,-0.003));
#2821=CARTESIAN_POINT('',(-0.0201948809290194,0.0573228519755197,-0.003));
#2822=CARTESIAN_POINT('',(-0.0201948809290194,0.0573228519755197,-0.003));
#2823=CARTESIAN_POINT('',(-0.046749850236283,0.0333734333607313,-0.003));
#2824=CARTESIAN_POINT('',(-0.046749850236283,0.0333734333607313,0.01));
#2825=CARTESIAN_POINT('',(-0.0467229653885766,0.0326119077833776,0.01));
#2826=CARTESIAN_POINT('',(-0.0467229653885766,0.0326119077833776,0.01));
#2827=CARTESIAN_POINT('',(-0.0467229653885766,0.0326119077833776,0.007));
#2828=CARTESIAN_POINT('',(-0.046749850236283,0.0333734333607313,0.007));
#2829=CARTESIAN_POINT('',(-0.0475115305837752,0.0333513641911929,0.007));
#2830=CARTESIAN_POINT('',(-0.0475115305837752,0.0333513641911929,0.007));
#2831=CARTESIAN_POINT('',(-0.0475115305837752,0.0333513641911929,0.));
#2832=CARTESIAN_POINT('',(-0.046749850236283,0.0333734333607313,0.));
#2833=CARTESIAN_POINT('',(-0.046749850236283,0.0333734333607313,-0.003));
#2834=CARTESIAN_POINT('',(-0.0234669911579596,0.0592746190337685,-0.003));
#2835=CARTESIAN_POINT('',(-0.0234669911579596,0.0592746190337685,0.));
#2836=CARTESIAN_POINT('',(-0.0234669911579596,0.0592746190337685,-0.003));
#2837=CARTESIAN_POINT('',(-0.042291,0.028956,-0.003));
#2838=CARTESIAN_POINT('',(-0.042291,0.028956,-0.003));
#2839=CARTESIAN_POINT('',(-0.039116,0.028956,-0.003));
#2840=CARTESIAN_POINT('',(-0.042291,0.028956,0.));
#2841=CARTESIAN_POINT('',(-0.039116,0.028956,0.));
#2842=CARTESIAN_POINT('',(-0.0415730792537673,0.0437978095168843,-0.003));
#2843=CARTESIAN_POINT('',(-0.0415730792537673,0.0437978095168843,0.));
#2844=CARTESIAN_POINT('',(-0.0354897797986695,0.0491859029703768,0.));
#2845=CARTESIAN_POINT('',(-0.040506848344348,0.0400707024078398,0.));
#2846=CARTESIAN_POINT('',(-0.039839286531833,0.0397032718341639,0.));
#2847=CARTESIAN_POINT('',(-0.0482732109312674,0.0333292950216545,0.));
#2848=CARTESIAN_POINT('',(-0.0481660235179252,0.0340837185488731,0.));
#2849=CARTESIAN_POINT('',(-0.0527348869763461,0.03473285611995,0.));
#2850=CARTESIAN_POINT('',(-0.059679167349575,0.0283421293107053,0.));
#2851=CARTESIAN_POINT('',(-0.057139167349575,0.0283421293107053,0.));
#2852=CARTESIAN_POINT('',(-0.0234669911579597,0.0592746190337685,0.));
#2853=CARTESIAN_POINT('',(-0.0209269911579597,0.0592746190337685,0.));
#2854=CARTESIAN_POINT('',(-0.0415730792537673,0.0437978095168843,0.007));
#2855=CARTESIAN_POINT('',(-0.0234669911579597,0.0592746190337685,0.007));
#2856=CARTESIAN_POINT('',(-0.0209269911579597,0.0592746190337685,0.007));
#2857=CARTESIAN_POINT('',(-0.059679167349575,0.0283421293107053,0.007));
#2858=CARTESIAN_POINT('',(-0.057139167349575,0.0283421293107053,0.007));
#2859=CARTESIAN_POINT('',(-0.042291,0.028956,0.007));
#2860=CARTESIAN_POINT('',(-0.039116,0.028956,0.007));
#2861=CARTESIAN_POINT('',(-0.0527348869763461,0.03473285611995,0.007));
#2862=CARTESIAN_POINT('',(-0.0481660235179252,0.0340837185488731,0.007));
#2863=CARTESIAN_POINT('',(-0.0482732109312674,0.0333292950216545,0.007));
#2864=CARTESIAN_POINT('',(-0.0457925864295277,0.0326447538195018,0.007));
#2865=CARTESIAN_POINT('',(-0.0448622074704789,0.0326775998556259,0.007));
#2866=CARTESIAN_POINT('',(-0.0448890923181852,0.0334391254329796,0.007));
#2867=CARTESIAN_POINT('',(-0.0442417196697773,0.033037189301121,0.007));
#2868=CARTESIAN_POINT('',(-0.042372099841131,0.0360484655812359,0.007));
#2869=CARTESIAN_POINT('',(-0.039839286531833,0.0397032718341639,0.007));
#2870=CARTESIAN_POINT('',(-0.040506848344348,0.0400707024078398,0.007));
#2871=CARTESIAN_POINT('',(-0.0354897797986695,0.0491859029703768,0.007));
#2872=CARTESIAN_POINT('',(-0.0234669911579596,0.0592746190337685,0.007));
#2873=CARTESIAN_POINT('',(-0.0201948809290194,0.0573228519755197,0.007));
#2874=CARTESIAN_POINT('',(-0.0293342094976279,0.0420008952037814,0.007));
#2875=CARTESIAN_POINT('',(-0.0384735380662364,0.0266789384320432,0.007));
#2876=CARTESIAN_POINT('',(-0.042291,0.028956,0.007));
#2877=CARTESIAN_POINT('',(-0.0422964014778471,0.0245110032818868,0.007));
#2878=CARTESIAN_POINT('',(-0.0509900993327883,0.024521567702819,0.007));
#2879=CARTESIAN_POINT('',(-0.0596837971877296,0.0245321321237511,0.007));
#2880=CARTESIAN_POINT('',(-0.059679167349575,0.0283421293107053,0.007));
#2881=CARTESIAN_POINT('',(-0.042372099841131,0.0360484655812359,0.01));
#2882=CARTESIAN_POINT('',(-0.0442417196697773,0.033037189301121,0.01));
#2883=CARTESIAN_POINT('',(-0.0442417196697773,0.033037189301121,0.01));
#2884=CARTESIAN_POINT('',(-0.042372099841131,0.0360484655812359,0.01));
#2885=CARTESIAN_POINT('',(-0.0448890923181852,0.0334391254329796,0.01));
#2886=CARTESIAN_POINT('',(-0.0448622074704789,0.0326775998556259,0.01));
#2887=CARTESIAN_POINT('',(-0.0448622074704789,0.0326775998556259,0.01));
#2888=CARTESIAN_POINT('',(-0.0448890923181852,0.0334391254329796,0.01));
#2889=CARTESIAN_POINT('',(-0.0457925864295277,0.0326447538195018,0.01));
#2890=CARTESIAN_POINT('',(-0.0457925864295277,0.0326447538195018,0.01));
#2891=CARTESIAN_POINT('',(-0.059679167349575,0.0283421293107053,0.01));
#2892=CARTESIAN_POINT('',(-0.0596837971877296,0.0245321321237511,0.01));
#2893=CARTESIAN_POINT('',(-0.0596837971877296,0.0245321321237511,0.01));
#2894=CARTESIAN_POINT('',(-0.059679167349575,0.0283421293107053,0.01));
#2895=CARTESIAN_POINT('',(-0.0509900993327883,0.024521567702819,0.01));
#2896=CARTESIAN_POINT('',(-0.0422964014778471,0.0245110032818868,0.01));
#2897=CARTESIAN_POINT('',(-0.0422964014778471,0.0245110032818868,0.01));
#2898=CARTESIAN_POINT('',(-0.0509900993327883,0.024521567702819,0.01));
#2899=CARTESIAN_POINT('',(-0.042291,0.028956,0.01));
#2900=CARTESIAN_POINT('',(-0.0384735380662364,0.0266789384320432,0.01));
#2901=CARTESIAN_POINT('',(-0.0384735380662364,0.0266789384320432,0.01));
#2902=CARTESIAN_POINT('',(-0.042291,0.028956,0.01));
#2903=CARTESIAN_POINT('',(-0.0293342094976279,0.0420008952037814,0.01));
#2904=CARTESIAN_POINT('',(-0.0201948809290194,0.0573228519755197,0.01));
#2905=CARTESIAN_POINT('',(-0.0201948809290194,0.0573228519755197,0.01));
#2906=CARTESIAN_POINT('',(-0.0293342094976279,0.0420008952037814,0.01));
#2907=CARTESIAN_POINT('',(-0.0234669911579596,0.0592746190337685,0.01));
#2908=CARTESIAN_POINT('',(-0.0234669911579596,0.0592746190337685,0.01));
#2909=CARTESIAN_POINT('',(-0.042291,0.028956,0.01));
#2910=CARTESIAN_POINT('',(-0.042291,0.028956,0.01));
#2911=CARTESIAN_POINT('',(-0.039116,0.028956,0.01));
#2912=CARTESIAN_POINT('',(-0.0415730792537673,0.0437978095168843,0.01));
#2913=CARTESIAN_POINT('',(-0.0354897797986695,0.0491859029703768,0.007));
#2914=CARTESIAN_POINT('',(-0.040506848344348,0.0400707024078398,0.007));
#2915=CARTESIAN_POINT('',(-0.0527348869763461,0.03473285611995,0.007));
#2916=CARTESIAN_POINT('',(-0.0481660235179252,0.0340837185488731,0.007));
#2917=CARTESIAN_POINT('',(-0.0482732109312674,0.0333292950216545,0.007));
#2918=CARTESIAN_POINT('',(-0.039839286531833,0.0397032718341639,0.007));
#2919=CARTESIAN_POINT('',(-0.059679167349575,0.0283421293107053,0.007));
#2920=CARTESIAN_POINT('',(-0.0234669911579597,0.0592746190337685,0.007));
#2921=CARTESIAN_POINT('',(-0.00205477926424876,-0.0397268062438701,0.01));
#2922=CARTESIAN_POINT('',(-0.0465148787312582,0.006801595765232,0.005));
#2923=CARTESIAN_POINT('',(-0.0465148787312582,0.006801595765232,0.));
#2924=CARTESIAN_POINT('',(-0.0561655910534377,0.0298155205049311,0.));
#2925=CARTESIAN_POINT('',(-0.0368641664090788,-0.0162123289744671,0.));
#2926=CARTESIAN_POINT('',(-0.0561655910534377,0.0298155205049311,0.005));
#2927=CARTESIAN_POINT('',(-0.0561655910534377,0.0298155205049311,0.005));
#2928=CARTESIAN_POINT('',(-0.0465148787312582,0.006801595765232,0.005));
#2929=CARTESIAN_POINT('',(-0.0368641664090788,-0.0162123289744671,0.005));
#2930=CARTESIAN_POINT('',(-0.0368641664090788,-0.0162123289744671,0.005));
#2931=CARTESIAN_POINT('',(-0.059679167349575,0.0283421293107053,0.005));
#2932=CARTESIAN_POINT('',(-0.059679167349575,0.0283421293107053,0.));
#2933=CARTESIAN_POINT('',(-0.0631927436457122,0.0268687381164794,0.));
#2934=CARTESIAN_POINT('',(-0.0631927436457122,0.0268687381164794,0.005));
#2935=CARTESIAN_POINT('',(-0.0631927436457122,0.0268687381164794,0.005));
#2936=CARTESIAN_POINT('',(-0.059679167349575,0.0283421293107053,0.005));
#2937=CARTESIAN_POINT('',(-0.0535420313235327,0.00385481337678026,0.005));
#2938=CARTESIAN_POINT('',(-0.0535420313235327,0.00385481337678026,0.));
#2939=CARTESIAN_POINT('',(-0.0438913190013532,-0.0191591113629188,0.));
#2940=CARTESIAN_POINT('',(-0.0438913190013532,-0.0191591113629188,0.005));
#2941=CARTESIAN_POINT('',(-0.0438913190013532,-0.0191591113629188,0.005));
#2942=CARTESIAN_POINT('',(-0.0535420313235327,0.00385481337678026,0.005));
#2943=CARTESIAN_POINT('',(-0.040377742705216,-0.0176857201686929,0.005));
#2944=CARTESIAN_POINT('',(-0.040377742705216,-0.0176857201686929,0.005));
#2945=CARTESIAN_POINT('',(-0.037202742705216,-0.0176857201686929,0.005));
#2946=CARTESIAN_POINT('',(-0.040377742705216,-0.0176857201686929,0.));
#2947=CARTESIAN_POINT('',(-0.037202742705216,-0.0176857201686929,0.));
#2948=CARTESIAN_POINT('',(-0.040377742705216,-0.0176857201686929,0.005));
#2949=CARTESIAN_POINT('',(-0.040377742705216,-0.0176857201686929,0.));
#2950=CARTESIAN_POINT('',(-0.040377742705216,-0.0176857201686929,0.005));
#2951=CARTESIAN_POINT('',(-0.059679167349575,0.0283421293107053,0.005));
#2952=CARTESIAN_POINT('',(-0.059679167349575,0.0283421293107053,0.005));
#2953=CARTESIAN_POINT('',(-0.056504167349575,0.0283421293107053,0.005));
#2954=CARTESIAN_POINT('',(-0.059679167349575,0.0283421293107053,0.));
#2955=CARTESIAN_POINT('',(-0.056504167349575,0.0283421293107053,0.));
#2956=CARTESIAN_POINT('',(-0.0500284550273955,0.0053282045710062,0.005));
#2957=CARTESIAN_POINT('',(-0.0500284550273955,0.0053282045710062,0.));
#2958=CARTESIAN_POINT('',(0.00358216734713245,-0.0583749989587621,0.009));
#2959=CARTESIAN_POINT('',(-0.0109961072541843,-0.0212232811983532,-0.003));
#2960=CARTESIAN_POINT('',(-0.0109961072541843,-0.0212232811983532,0.));
#2961=CARTESIAN_POINT('',(-0.0102437224360107,-0.0213439505208083,0.));
#2962=CARTESIAN_POINT('',(-0.0110229921018907,-0.0204617556209996,0.));
#2963=CARTESIAN_POINT('',(-0.0110229921018907,-0.0204617556209996,-0.003));
#2964=CARTESIAN_POINT('',(-0.0110229921018907,-0.0204617556209996,-0.003));
#2965=CARTESIAN_POINT('',(-0.0109961072541843,-0.0212232811983532,-0.003));
#2966=CARTESIAN_POINT('',(-0.0102437224360107,-0.0213439505208083,-0.003));
#2967=CARTESIAN_POINT('',(-0.0102437224360107,-0.0213439505208083,-0.003));
#2968=CARTESIAN_POINT('',(-0.0115715386605583,-0.0296230122437751,-0.003));
#2969=CARTESIAN_POINT('',(-0.0128993548851058,-0.037902073966742,-0.003));
#2970=CARTESIAN_POINT('',(-0.0128993548851058,-0.037902073966742,-0.003));
#2971=CARTESIAN_POINT('',(-0.0128993548851058,-0.037902073966742,0.01));
#2972=CARTESIAN_POINT('',(-0.0115715386605583,-0.0296230122437751,0.01));
#2973=CARTESIAN_POINT('',(-0.0102437224360107,-0.0213439505208083,0.01));
#2974=CARTESIAN_POINT('',(-0.0102437224360107,-0.0213439505208083,0.01));
#2975=CARTESIAN_POINT('',(-0.0102437224360107,-0.0213439505208083,0.007));
#2976=CARTESIAN_POINT('',(-0.0102437224360107,-0.0213439505208083,0.007));
#2977=CARTESIAN_POINT('',(-0.0115715386605583,-0.0296230122437751,-0.003));
#2978=CARTESIAN_POINT('',(-0.0136517397032795,-0.0377814046442869,-0.003));
#2979=CARTESIAN_POINT('',(-0.0141886587878692,-0.0383221096438969,-0.003));
#2980=CARTESIAN_POINT('',(-0.0141886587878692,-0.0383221096438969,-0.003));
#2981=CARTESIAN_POINT('',(-0.0141886587878692,-0.0383221096438969,0.01));
#2982=CARTESIAN_POINT('',(-0.0136517397032795,-0.0377814046442869,0.01));
#2983=CARTESIAN_POINT('',(-0.0136517397032795,-0.0377814046442869,-0.003));
#2984=CARTESIAN_POINT('',(-0.0221942676715547,-0.0303725545324945,-0.003));
#2985=CARTESIAN_POINT('',(-0.03019987655524,-0.022422999421092,-0.003));
#2986=CARTESIAN_POINT('',(-0.03019987655524,-0.022422999421092,-0.003));
#2987=CARTESIAN_POINT('',(-0.03019987655524,-0.022422999421092,0.));
#2988=CARTESIAN_POINT('',(-0.03019987655524,-0.022422999421092,0.007));
#2989=CARTESIAN_POINT('',(-0.03019987655524,-0.022422999421092,0.007));
#2990=CARTESIAN_POINT('',(-0.03019987655524,-0.022422999421092,0.01));
#2991=CARTESIAN_POINT('',(-0.03019987655524,-0.022422999421092,0.01));
#2992=CARTESIAN_POINT('',(-0.0221942676715547,-0.0303725545324945,0.01));
#2993=CARTESIAN_POINT('',(-0.0221942676715547,-0.0303725545324945,-0.003));
#2994=CARTESIAN_POINT('',(-0.0296629574706503,-0.0218822944214818,-0.003));
#2995=CARTESIAN_POINT('',(-0.0296629574706503,-0.0218822944214818,0.));
#2996=CARTESIAN_POINT('',(-0.0296898423183568,-0.0211207688441282,0.));
#2997=CARTESIAN_POINT('',(-0.0296629574706503,-0.0218822944214818,-0.003));
#2998=CARTESIAN_POINT('',(-0.0296898423183568,-0.0211207688441282,-0.003));
#2999=CARTESIAN_POINT('',(-0.0296898423183568,-0.0211207688441282,-0.003));
#3000=CARTESIAN_POINT('',(-0.0105488502267248,-0.047305756335224,-0.003));
#3001=CARTESIAN_POINT('',(-0.00636449949643136,-0.0479193488513882,-0.003));
#3002=CARTESIAN_POINT('',(-0.00636449949643136,-0.0479193488513882,-0.003));
#3003=CARTESIAN_POINT('',(-0.00636449949643136,-0.0479193488513882,0.01));
#3004=CARTESIAN_POINT('',(-0.0105488502267248,-0.047305756335224,0.01));
#3005=CARTESIAN_POINT('',(-0.013558534907684,-0.0502767973869766,0.01));
#3006=CARTESIAN_POINT('',(-0.013558534907684,-0.0502767973869766,-0.003));
#3007=CARTESIAN_POINT('',(-0.013558534907684,-0.0502767973869766,-0.003));
#3008=CARTESIAN_POINT('',(-0.0105488502267248,-0.047305756335224,-0.003));
#3009=CARTESIAN_POINT('',(-0.00271669280358393,-0.023043389322725,-0.003));
#3010=CARTESIAN_POINT('',(-0.00271669280358393,-0.023043389322725,0.));
#3011=CARTESIAN_POINT('',(-0.00359390169197015,-0.029025453243071,0.));
#3012=CARTESIAN_POINT('',(-0.00183948391519771,-0.0170613254023789,0.));
#3013=CARTESIAN_POINT('',(-0.00359390169197015,-0.029025453243071,0.007));
#3014=CARTESIAN_POINT('',(-0.00359390169197015,-0.029025453243071,0.007));
#3015=CARTESIAN_POINT('',(-0.00271669280358393,-0.023043389322725,0.007));
#3016=CARTESIAN_POINT('',(-0.00183948391519771,-0.0170613254023789,0.007));
#3017=CARTESIAN_POINT('',(-0.00183948391519771,-0.0170613254023789,0.01));
#3018=CARTESIAN_POINT('',(-0.00183948391519771,-0.0170613254023789,0.01));
#3019=CARTESIAN_POINT('',(-0.00271669280358393,-0.023043389322725,0.01));
#3020=CARTESIAN_POINT('',(-0.00271669280358393,-0.023043389322725,-0.003));
#3021=CARTESIAN_POINT('',(-0.00183948391519771,-0.0170613254023789,-0.003));
#3022=CARTESIAN_POINT('',(-0.00183948391519771,-0.0170613254023789,-0.003));
#3023=CARTESIAN_POINT('',(-0.00560140800606607,-0.0164579787901034,-0.003));
#3024=CARTESIAN_POINT('',(-0.00560140800606607,-0.0164579787901034,0.));
#3025=CARTESIAN_POINT('',(-0.00573583224459787,-0.0126503509033352,0.));
#3026=CARTESIAN_POINT('',(-0.00560140800606607,-0.0164579787901034,-0.003));
#3027=CARTESIAN_POINT('',(-0.00573583224459787,-0.0126503509033352,-0.003));
#3028=CARTESIAN_POINT('',(-0.00573583224459787,-0.0126503509033352,-0.003));
#3029=CARTESIAN_POINT('',(-0.0144299159193855,-0.0129572862479826,-0.003));
#3030=CARTESIAN_POINT('',(-0.0144299159193855,-0.0129572862479826,0.));
#3031=CARTESIAN_POINT('',(-0.0405121669437477,-0.0138780922819246,0.));
#3032=CARTESIAN_POINT('',(-0.0144299159193855,-0.0129572862479826,-0.003));
#3033=CARTESIAN_POINT('',(-0.0405121669437477,-0.0138780922819246,-0.003));
#3034=CARTESIAN_POINT('',(-0.0405121669437477,-0.0138780922819246,-0.003));
#3035=CARTESIAN_POINT('',(-0.040377742705216,-0.0176857201686929,-0.003));
#3036=CARTESIAN_POINT('',(-0.040377742705216,-0.0176857201686929,0.));
#3037=CARTESIAN_POINT('',(-0.0430623381281644,-0.0203892451667434,0.));
#3038=CARTESIAN_POINT('',(-0.040377742705216,-0.0176857201686929,-0.003));
#3039=CARTESIAN_POINT('',(-0.0430623381281644,-0.0203892451667434,-0.003));
#3040=CARTESIAN_POINT('',(-0.0430623381281644,-0.0203892451667434,-0.003));
#3041=CARTESIAN_POINT('',(-0.0370617989297333,-0.0264678319612138,-0.003));
#3042=CARTESIAN_POINT('',(-0.0370617989297333,-0.0264678319612138,0.));
#3043=CARTESIAN_POINT('',(-0.0310612597313022,-0.0325464187556843,0.));
#3044=CARTESIAN_POINT('',(-0.0370617989297333,-0.0264678319612138,-0.003));
#3045=CARTESIAN_POINT('',(-0.0370617989297333,-0.0264678319612138,0.01));
#3046=CARTESIAN_POINT('',(-0.0430623381281644,-0.0203892451667434,0.01));
#3047=CARTESIAN_POINT('',(-0.0430623381281644,-0.0203892451667434,0.01));
#3048=CARTESIAN_POINT('',(-0.0430623381281644,-0.0203892451667434,0.007));
#3049=CARTESIAN_POINT('',(-0.0370617989297333,-0.0264678319612138,0.007));
#3050=CARTESIAN_POINT('',(-0.0310612597313022,-0.0325464187556843,0.007));
#3051=CARTESIAN_POINT('',(-0.0310612597313022,-0.0325464187556843,0.007));
#3052=CARTESIAN_POINT('',(-0.0262724967177332,-0.0210001231051473,-0.003));
#3053=CARTESIAN_POINT('',(-0.0262724967177332,-0.0210001231051473,0.));
#3054=CARTESIAN_POINT('',(-0.0262724967177332,-0.0210001231051473,-0.003));
#3055=CARTESIAN_POINT('',(-0.022989575355641,-0.0320914175626637,-0.003));
#3056=CARTESIAN_POINT('',(-0.022989575355641,-0.0320914175626637,0.));
#3057=CARTESIAN_POINT('',(-0.0306305681432711,-0.0274847090883882,0.));
#3058=CARTESIAN_POINT('',(-0.00691881206399041,-0.0251847018819397,0.));
#3059=CARTESIAN_POINT('',(-0.040377742705216,-0.0176857201686929,0.));
#3060=CARTESIAN_POINT('',(-0.037837742705216,-0.0176857201686929,0.));
#3061=CARTESIAN_POINT('',(-0.022989575355641,-0.0170718494793981,0.));
#3062=CARTESIAN_POINT('',(-0.020449575355641,-0.0170718494793981,0.));
#3063=CARTESIAN_POINT('',(-0.00560140800606616,-0.0164579787901034,0.));
#3064=CARTESIAN_POINT('',(-0.00306140800606616,-0.0164579787901034,0.));
#3065=CARTESIAN_POINT('',(-0.022989575355641,-0.0320914175626637,0.007));
#3066=CARTESIAN_POINT('',(-0.00560140800606616,-0.0164579787901034,0.007));
#3067=CARTESIAN_POINT('',(-0.00306140800606616,-0.0164579787901034,0.007));
#3068=CARTESIAN_POINT('',(-0.022989575355641,-0.0170718494793981,0.007));
#3069=CARTESIAN_POINT('',(-0.020449575355641,-0.0170718494793981,0.007));
#3070=CARTESIAN_POINT('',(-0.040377742705216,-0.0176857201686929,0.007));
#3071=CARTESIAN_POINT('',(-0.037837742705216,-0.0176857201686929,0.007));
#3072=CARTESIAN_POINT('',(-0.00691881206399041,-0.0251847018819397,0.007));
#3073=CARTESIAN_POINT('',(-0.0109961072541843,-0.0212232811983532,0.007));
#3074=CARTESIAN_POINT('',(-0.0110229921018907,-0.0204617556209996,0.007));
#3075=CARTESIAN_POINT('',(-0.0262724967177332,-0.0210001231051473,0.007));
#3076=CARTESIAN_POINT('',(-0.0296898423183568,-0.0211207688441282,0.007));
#3077=CARTESIAN_POINT('',(-0.0296629574706503,-0.0218822944214818,0.007));
#3078=CARTESIAN_POINT('',(-0.0306305681432711,-0.0274847090883882,0.007));
#3079=CARTESIAN_POINT('',(-0.040377742705216,-0.0176857201686929,0.007));
#3080=CARTESIAN_POINT('',(-0.0405121669437477,-0.0138780922819246,0.007));
#3081=CARTESIAN_POINT('',(-0.0144299159193855,-0.0129572862479826,0.007));
#3082=CARTESIAN_POINT('',(-0.00573583224459787,-0.0126503509033352,0.007));
#3083=CARTESIAN_POINT('',(-0.00560140800606607,-0.0164579787901034,0.007));
#3084=CARTESIAN_POINT('',(-0.0109961072541843,-0.0212232811983532,0.01));
#3085=CARTESIAN_POINT('',(-0.0109961072541843,-0.0212232811983532,0.01));
#3086=CARTESIAN_POINT('',(-0.0110229921018907,-0.0204617556209996,0.01));
#3087=CARTESIAN_POINT('',(-0.0110229921018907,-0.0204617556209996,0.01));
#3088=CARTESIAN_POINT('',(-0.0296629574706503,-0.0218822944214818,0.01));
#3089=CARTESIAN_POINT('',(-0.0296898423183568,-0.0211207688441282,0.01));
#3090=CARTESIAN_POINT('',(-0.0296898423183568,-0.0211207688441282,0.01));
#3091=CARTESIAN_POINT('',(-0.0296629574706503,-0.0218822944214818,0.01));
#3092=CARTESIAN_POINT('',(-0.00560140800606607,-0.0164579787901034,0.01));
#3093=CARTESIAN_POINT('',(-0.00573583224459787,-0.0126503509033352,0.01));
#3094=CARTESIAN_POINT('',(-0.00573583224459787,-0.0126503509033352,0.01));
#3095=CARTESIAN_POINT('',(-0.00560140800606607,-0.0164579787901034,0.01));
#3096=CARTESIAN_POINT('',(-0.0144299159193855,-0.0129572862479826,0.01));
#3097=CARTESIAN_POINT('',(-0.0405121669437477,-0.0138780922819246,0.01));
#3098=CARTESIAN_POINT('',(-0.0405121669437477,-0.0138780922819246,0.01));
#3099=CARTESIAN_POINT('',(-0.0144299159193855,-0.0129572862479826,0.01));
#3100=CARTESIAN_POINT('',(-0.040377742705216,-0.0176857201686929,0.01));
#3101=CARTESIAN_POINT('',(-0.040377742705216,-0.0176857201686929,0.01));
#3102=CARTESIAN_POINT('',(-0.0262724967177332,-0.0210001231051473,0.01));
#3103=CARTESIAN_POINT('',(-0.0262724967177332,-0.0210001231051473,0.01));
#3104=CARTESIAN_POINT('',(-0.022989575355641,-0.0320914175626637,0.01));
#3105=CARTESIAN_POINT('',(-0.00691881206399041,-0.0251847018819397,0.007));
#3106=CARTESIAN_POINT('',(-0.0306305681432711,-0.0274847090883882,0.007));
#3107=CARTESIAN_POINT('',(-0.040377742705216,-0.0176857201686929,0.007));
#3108=CARTESIAN_POINT('',(-0.022989575355641,-0.0170718494793981,0.007));
#3109=CARTESIAN_POINT('',(-0.00560140800606616,-0.0164579787901034,0.007));
#3110=CARTESIAN_POINT('',(0.0105488502267248,-0.047305756335224,0.01));
#3111=CARTESIAN_POINT('',(-0.0291267113816832,0.00741546645452667,0.005));
#3112=CARTESIAN_POINT('',(-0.0291267113816832,0.00741546645452667,0.));
#3113=CARTESIAN_POINT('',(-0.0387774237038627,0.0304293911942258,0.));
#3114=CARTESIAN_POINT('',(-0.0194759990595038,-0.0155984582851723,0.));
#3115=CARTESIAN_POINT('',(-0.0387774237038627,0.0304293911942258,0.005));
#3116=CARTESIAN_POINT('',(-0.0387774237038627,0.0304293911942258,0.005));
#3117=CARTESIAN_POINT('',(-0.0291267113816832,0.00741546645452667,0.005));
#3118=CARTESIAN_POINT('',(-0.0194759990595038,-0.0155984582851723,0.005));
#3119=CARTESIAN_POINT('',(-0.0194759990595038,-0.0155984582851723,0.005));
#3120=CARTESIAN_POINT('',(-0.042291,0.028956,0.005));
#3121=CARTESIAN_POINT('',(-0.042291,0.028956,0.));
#3122=CARTESIAN_POINT('',(-0.0458045762961372,0.0274826088057741,0.));
#3123=CARTESIAN_POINT('',(-0.0458045762961372,0.0274826088057741,0.005));
#3124=CARTESIAN_POINT('',(-0.0458045762961372,0.0274826088057741,0.005));
#3125=CARTESIAN_POINT('',(-0.042291,0.028956,0.005));
#3126=CARTESIAN_POINT('',(-0.0361538639739577,0.00446868406607494,0.005));
#3127=CARTESIAN_POINT('',(-0.0361538639739577,0.00446868406607494,0.));
#3128=CARTESIAN_POINT('',(-0.0265031516517783,-0.018545240673624,0.));
#3129=CARTESIAN_POINT('',(-0.0265031516517783,-0.018545240673624,0.005));
#3130=CARTESIAN_POINT('',(-0.0265031516517783,-0.018545240673624,0.005));
#3131=CARTESIAN_POINT('',(-0.0361538639739577,0.00446868406607494,0.005));
#3132=CARTESIAN_POINT('',(-0.022989575355641,-0.0170718494793981,0.005));
#3133=CARTESIAN_POINT('',(-0.022989575355641,-0.0170718494793981,0.005));
#3134=CARTESIAN_POINT('',(-0.019814575355641,-0.0170718494793981,0.005));
#3135=CARTESIAN_POINT('',(-0.022989575355641,-0.0170718494793981,0.));
#3136=CARTESIAN_POINT('',(-0.019814575355641,-0.0170718494793981,0.));
#3137=CARTESIAN_POINT('',(-0.022989575355641,-0.0170718494793981,0.005));
#3138=CARTESIAN_POINT('',(-0.022989575355641,-0.0170718494793981,0.));
#3139=CARTESIAN_POINT('',(-0.022989575355641,-0.0170718494793981,0.005));
#3140=CARTESIAN_POINT('',(-0.042291,0.028956,0.005));
#3141=CARTESIAN_POINT('',(-0.042291,0.028956,0.005));
#3142=CARTESIAN_POINT('',(-0.039116,0.028956,0.005));
#3143=CARTESIAN_POINT('',(-0.042291,0.028956,0.));
#3144=CARTESIAN_POINT('',(-0.039116,0.028956,0.));
#3145=CARTESIAN_POINT('',(-0.0326402876778205,0.00594207526030093,0.005));
#3146=CARTESIAN_POINT('',(-0.0326402876778205,0.00594207526030093,0.));
#3147=CARTESIAN_POINT('',(0.010251099396121,-0.0476995794568123,0.009));
#3148=CARTESIAN_POINT('',(0.0134608386264837,0.017844263152951,0.005));
#3149=CARTESIAN_POINT('',(0.00424566163205528,0.00910524072699521,0.005));
#3150=CARTESIAN_POINT('',(0.00424566163205528,0.00910524072699521,0.00125));
#3151=CARTESIAN_POINT('',(0.00424566163205528,0.00910524072699521,0.));
#3152=CARTESIAN_POINT('',(0.0134608386264837,0.017844263152951,0.00125));
#3153=CARTESIAN_POINT('',(0.010906291135561,0.00540383361387874,0.00125));
#3154=CARTESIAN_POINT('',(0.010906291135561,0.00540383361387874,0.005));
#3155=CARTESIAN_POINT('',(0.010906291135561,0.00540383361387874,0.));
#3156=CARTESIAN_POINT('',(0.0134608386264837,0.017844263152951,0.));
#3157=CARTESIAN_POINT('',(-0.00234303056288195,-0.00275101725327521,0.005));
#3158=CARTESIAN_POINT('',(-0.00234303056288195,-0.00275101725327521,0.));
#3159=CARTESIAN_POINT('',(-0.00893172275781917,-0.0146072752335456,0.));
#3160=CARTESIAN_POINT('',(-0.00893172275781917,-0.0146072752335456,0.005));
#3161=CARTESIAN_POINT('',(-0.00893172275781917,-0.0146072752335456,0.005));
#3162=CARTESIAN_POINT('',(-0.00234303056288195,-0.00275101725327521,0.005));
#3163=CARTESIAN_POINT('',(0.00424566163205528,0.00910524072699521,0.005));
#3164=CARTESIAN_POINT('',(0.00424566163205528,0.00910524072699521,0.005));
#3165=CARTESIAN_POINT('',(0.00424566163205528,0.00910524072699521,0.0025));
#3166=CARTESIAN_POINT('',(0.00718809275339298,0.0144001037182521,0.0025));
#3167=CARTESIAN_POINT('',(0.0101305238747308,0.0196949667095092,0.0025));
#3168=CARTESIAN_POINT('',(0.0101305238747308,0.0196949667095092,0.0025));
#3169=CARTESIAN_POINT('',(0.0101305238747308,0.0196949667095092,0.00125));
#3170=CARTESIAN_POINT('',(0.00718809275339298,0.0144001037182521,0.00125));
#3171=CARTESIAN_POINT('',(-0.00560140800606616,-0.0164579787901034,0.005));
#3172=CARTESIAN_POINT('',(-0.00560140800606616,-0.0164579787901034,0.));
#3173=CARTESIAN_POINT('',(-0.00227109325431345,-0.0183086823466621,0.));
#3174=CARTESIAN_POINT('',(-0.00227109325431345,-0.0183086823466621,0.005));
#3175=CARTESIAN_POINT('',(-0.00227109325431345,-0.0183086823466621,0.005));
#3176=CARTESIAN_POINT('',(-0.00560140800606616,-0.0164579787901034,0.005));
#3177=CARTESIAN_POINT('',(0.00431759894062377,-0.00645242436639168,0.005));
#3178=CARTESIAN_POINT('',(0.00431759894062377,-0.00645242436639168,0.));
#3179=CARTESIAN_POINT('',(0.0138487222568987,0.0106986966051356,0.00125));
#3180=CARTESIAN_POINT('',(0.0167911533782365,0.0159935595963928,0.00125));
#3181=CARTESIAN_POINT('',(0.0167911533782365,0.0159935595963928,0.0025));
#3182=CARTESIAN_POINT('',(0.0167911533782365,0.0159935595963928,0.0025));
#3183=CARTESIAN_POINT('',(0.0138487222568987,0.0106986966051356,0.0025));
#3184=CARTESIAN_POINT('',(0.010906291135561,0.00540383361387874,0.0025));
#3185=CARTESIAN_POINT('',(0.010906291135561,0.00540383361387874,0.005));
#3186=CARTESIAN_POINT('',(0.010906291135561,0.00540383361387874,0.005));
#3187=CARTESIAN_POINT('',(0.00431759894062377,-0.00645242436639168,0.005));
#3188=CARTESIAN_POINT('',(0.0134608386264837,0.017844263152951,0.005));
#3189=CARTESIAN_POINT('',(0.0134608386264837,0.017844263152951,0.0025));
#3190=CARTESIAN_POINT('',(0.0134608386264837,0.017844263152951,0.005));
#3191=CARTESIAN_POINT('',(-0.00560140800606616,-0.0164579787901034,0.005));
#3192=CARTESIAN_POINT('',(-0.00560140800606616,-0.0164579787901034,0.005));
#3193=CARTESIAN_POINT('',(-0.00242640800606616,-0.0164579787901034,0.005));
#3194=CARTESIAN_POINT('',(-0.00560140800606616,-0.0164579787901034,0.));
#3195=CARTESIAN_POINT('',(-0.00242640800606616,-0.0164579787901034,0.));
#3196=CARTESIAN_POINT('',(0.00392971531020877,0.000693142181423766,0.005));
#3197=CARTESIAN_POINT('',(0.00392971531020877,0.000693142181423766,0.));
#3198=CARTESIAN_POINT('',(0.0134608386264837,0.017844263152951,0.0025));
#3199=CARTESIAN_POINT('',(0.0134608386264837,0.017844263152951,0.00125));
#3200=CARTESIAN_POINT('',(0.0134608386264837,0.017844263152951,0.0025));
#3201=CARTESIAN_POINT('',(0.0134608386264837,0.017844263152951,0.0025));
#3202=CARTESIAN_POINT('',(0.0134608386264837,0.017844263152951,0.0025));
#3203=CARTESIAN_POINT('',(0.0166358386264837,0.017844263152951,0.0025));
#3204=CARTESIAN_POINT('',(0.0134608386264837,0.017844263152951,0.00125));
#3205=CARTESIAN_POINT('',(0.0166358386264837,0.017844263152951,0.00125));
#3206=CARTESIAN_POINT('',(0.00392971531020877,0.000693142181423766,0.0025));
#3207=CARTESIAN_POINT('',(0.00392971531020877,0.000693142181423766,0.00125));
#3208=CARTESIAN_POINT('',(0.0085771858817918,-0.0478497126838155,0.009));
#3209=CARTESIAN_POINT('',(-0.00500307626573796,0.0385594410933597,0.));
#3210=CARTESIAN_POINT('',(-0.0234669911579597,0.0592746190337685,0.));
#3211=CARTESIAN_POINT('',(-0.0202919911579597,0.0592746190337685,0.));
#3212=CARTESIAN_POINT('',(-0.0147708069999379,0.0552441949514232,0.));
#3213=CARTESIAN_POINT('',(-0.00891881203281905,0.0486786795795281,0.));
#3214=CARTESIAN_POINT('',(-0.0206228019670569,0.0618097103233183,0.));
#3215=CARTESIAN_POINT('',(0.0134608386264831,0.0178442631529516,0.));
#3216=CARTESIAN_POINT('',(-0.0146071904146246,0.0436084970004284,0.));
#3217=CARTESIAN_POINT('',(-0.0204591853817436,0.0501740123723235,0.));
#3218=CARTESIAN_POINT('',(-0.0263111803488624,0.0567395277442186,0.));
#3219=CARTESIAN_POINT('',(-0.0234669911579597,0.0592746190337685,0.));
#3220=CARTESIAN_POINT('',(-0.0204591853817436,0.0501740123723235,0.005));
#3221=CARTESIAN_POINT('',(-0.0146071904146246,0.0436084970004284,0.00125));
#3222=CARTESIAN_POINT('',(-0.0146071904146246,0.0436084970004284,0.00125));
#3223=CARTESIAN_POINT('',(0.00658611116846048,0.0198311444724819,0.00125));
#3224=CARTESIAN_POINT('',(0.010616649435581,0.0153091718634011,0.00125));
#3225=CARTESIAN_POINT('',(0.010616649435581,0.0153091718634011,0.0025));
#3226=CARTESIAN_POINT('',(0.010616649435581,0.0153091718634011,0.0025));
#3227=CARTESIAN_POINT('',(0.00658611116846048,0.0198311444724819,0.0025));
#3228=CARTESIAN_POINT('',(0.00255557290134001,0.0243531170815629,0.0025));
#3229=CARTESIAN_POINT('',(0.00255557290134001,0.0243531170815629,0.005));
#3230=CARTESIAN_POINT('',(0.00255557290134001,0.0243531170815629,0.005));
#3231=CARTESIAN_POINT('',(-0.0204591853817436,0.0501740123723235,0.005));
#3232=CARTESIAN_POINT('',(-0.0263111803488624,0.0567395277442186,0.005));
#3233=CARTESIAN_POINT('',(-0.0263111803488624,0.0567395277442186,0.005));
#3234=CARTESIAN_POINT('',(0.0134608386264837,0.017844263152951,0.005));
#3235=CARTESIAN_POINT('',(0.0134608386264837,0.017844263152951,0.0025));
#3236=CARTESIAN_POINT('',(0.0082439512831456,0.0294232996606626,0.0025));
#3237=CARTESIAN_POINT('',(0.0082439512831456,0.0294232996606626,0.005));
#3238=CARTESIAN_POINT('',(0.0082439512831456,0.0294232996606626,0.005));
#3239=CARTESIAN_POINT('',(0.0134608386264837,0.017844263152951,0.005));
#3240=CARTESIAN_POINT('',(-0.0147708069999379,0.0552441949514232,0.005));
#3241=CARTESIAN_POINT('',(0.0122744895502661,0.0249013270515817,0.00125));
#3242=CARTESIAN_POINT('',(0.0163050278173866,0.0203793544425008,0.00125));
#3243=CARTESIAN_POINT('',(-0.00891881203281905,0.0486786795795281,0.00125));
#3244=CARTESIAN_POINT('',(-0.00891881203281905,0.0486786795795281,0.00125));
#3245=CARTESIAN_POINT('',(-0.0206228019670569,0.0618097103233183,0.005));
#3246=CARTESIAN_POINT('',(-0.0206228019670569,0.0618097103233183,0.005));
#3247=CARTESIAN_POINT('',(-0.0147708069999379,0.0552441949514232,0.005));
#3248=CARTESIAN_POINT('',(0.0122744895502661,0.0249013270515817,0.0025));
#3249=CARTESIAN_POINT('',(0.0163050278173866,0.0203793544425008,0.0025));
#3250=CARTESIAN_POINT('',(0.0163050278173866,0.0203793544425008,0.0025));
#3251=CARTESIAN_POINT('',(-0.0234669911579597,0.0592746190337685,0.005));
#3252=CARTESIAN_POINT('',(-0.0234669911579597,0.0592746190337685,0.005));
#3253=CARTESIAN_POINT('',(-0.0234669911579597,0.0592746190337685,0.005));
#3254=CARTESIAN_POINT('',(-0.0234669911579597,0.0592746190337685,0.005));
#3255=CARTESIAN_POINT('',(-0.0202919911579597,0.0592746190337685,0.005));
#3256=CARTESIAN_POINT('',(-0.00500307626573796,0.0385594410933597,0.005));
#3257=CARTESIAN_POINT('',(0.0134608386264837,0.017844263152951,0.0025));
#3258=CARTESIAN_POINT('',(0.0134608386264837,0.017844263152951,0.00125));
#3259=CARTESIAN_POINT('',(0.0134608386264837,0.017844263152951,0.0025));
#3260=CARTESIAN_POINT('',(0.0134608386264837,0.017844263152951,0.0025));
#3261=CARTESIAN_POINT('',(0.0134608386264837,0.017844263152951,0.0025));
#3262=CARTESIAN_POINT('',(0.0166358386264837,0.017844263152951,0.0025));
#3263=CARTESIAN_POINT('',(0.0134608386264837,0.017844263152951,0.00125));
#3264=CARTESIAN_POINT('',(0.0166358386264837,0.017844263152951,0.00125));
#3265=CARTESIAN_POINT('',(-0.00500307626573796,0.0385594410933597,0.0025));
#3266=CARTESIAN_POINT('',(-0.00500307626573796,0.0385594410933597,0.00125));
#3267=CARTESIAN_POINT('',(0.0134608386264831,0.0178442631529516,0.00125));
#3268=CARTESIAN_POINT('',(0.0134608386264831,0.0178442631529516,0.00125));
#3269=CARTESIAN_POINT('',(0.0359890261865012,-0.0826147785682727,0.00400000000000005));
#3270=MECHANICAL_DESIGN_GEOMETRIC_PRESENTATION_REPRESENTATION('',(#1892,
#1893,#1894,#1895,#1896,#1897),#3271);
#3271=(
GEOMETRIC_REPRESENTATION_CONTEXT(3)
GLOBAL_UNCERTAINTY_ASSIGNED_CONTEXT((#3278))
GLOBAL_UNIT_ASSIGNED_CONTEXT((#3287,#3286,#3285))
REPRESENTATION_CONTEXT('Right Leg','TOP_LEVEL_ASSEMBLY_PART')
);
#3272=(
GEOMETRIC_REPRESENTATION_CONTEXT(3)
GLOBAL_UNCERTAINTY_ASSIGNED_CONTEXT((#3279))
GLOBAL_UNIT_ASSIGNED_CONTEXT((#3287,#3286,#3285))
REPRESENTATION_CONTEXT('Part 1','COMPONENT_PART')
);
#3273=(
GEOMETRIC_REPRESENTATION_CONTEXT(3)
GLOBAL_UNCERTAINTY_ASSIGNED_CONTEXT((#3280))
GLOBAL_UNIT_ASSIGNED_CONTEXT((#3287,#3286,#3285))
REPRESENTATION_CONTEXT('Part 1','COMPONENT_PART')
);
#3274=(
GEOMETRIC_REPRESENTATION_CONTEXT(3)
GLOBAL_UNCERTAINTY_ASSIGNED_CONTEXT((#3281))
GLOBAL_UNIT_ASSIGNED_CONTEXT((#3287,#3286,#3285))
REPRESENTATION_CONTEXT('Part 1','COMPONENT_PART')
);
#3275=(
GEOMETRIC_REPRESENTATION_CONTEXT(3)
GLOBAL_UNCERTAINTY_ASSIGNED_CONTEXT((#3282))
GLOBAL_UNIT_ASSIGNED_CONTEXT((#3287,#3286,#3285))
REPRESENTATION_CONTEXT('Part 1','COMPONENT_PART')
);
#3276=(
GEOMETRIC_REPRESENTATION_CONTEXT(3)
GLOBAL_UNCERTAINTY_ASSIGNED_CONTEXT((#3283))
GLOBAL_UNIT_ASSIGNED_CONTEXT((#3287,#3286,#3285))
REPRESENTATION_CONTEXT('Part 1','COMPONENT_PART')
);
#3277=(
GEOMETRIC_REPRESENTATION_CONTEXT(3)
GLOBAL_UNCERTAINTY_ASSIGNED_CONTEXT((#3284))
GLOBAL_UNIT_ASSIGNED_CONTEXT((#3287,#3286,#3285))
REPRESENTATION_CONTEXT('Part 1','COMPONENT_PART')
);
#3278=UNCERTAINTY_MEASURE_WITH_UNIT(LENGTH_MEASURE(1.E-8),#3287,
'DISTANCE_ACCURACY_VALUE','Maximum Tolerance applied to model');
#3279=UNCERTAINTY_MEASURE_WITH_UNIT(LENGTH_MEASURE(1.E-8),#3287,
'DISTANCE_ACCURACY_VALUE','Maximum Tolerance applied to model');
#3280=UNCERTAINTY_MEASURE_WITH_UNIT(LENGTH_MEASURE(1.E-8),#3287,
'DISTANCE_ACCURACY_VALUE','Maximum Tolerance applied to model');
#3281=UNCERTAINTY_MEASURE_WITH_UNIT(LENGTH_MEASURE(1.E-8),#3287,
'DISTANCE_ACCURACY_VALUE','Maximum Tolerance applied to model');
#3282=UNCERTAINTY_MEASURE_WITH_UNIT(LENGTH_MEASURE(1.E-8),#3287,
'DISTANCE_ACCURACY_VALUE','Maximum Tolerance applied to model');
#3283=UNCERTAINTY_MEASURE_WITH_UNIT(LENGTH_MEASURE(1.E-8),#3287,
'DISTANCE_ACCURACY_VALUE','Maximum Tolerance applied to model');
#3284=UNCERTAINTY_MEASURE_WITH_UNIT(LENGTH_MEASURE(1.E-8),#3287,
'DISTANCE_ACCURACY_VALUE','Maximum Tolerance applied to model');
#3285=(
NAMED_UNIT(*)
SI_UNIT($,.STERADIAN.)
SOLID_ANGLE_UNIT()
);
#3286=(
NAMED_UNIT(*)
PLANE_ANGLE_UNIT()
SI_UNIT($,.RADIAN.)
);
#3287=(
LENGTH_UNIT()
NAMED_UNIT(*)
SI_UNIT($,.METRE.)
);
#3288=PRODUCT_DEFINITION_SHAPE('','',#3301);
#3289=PRODUCT_DEFINITION_SHAPE('','',#3302);
#3290=PRODUCT_DEFINITION_SHAPE(' ','NAUO PRDDFN',#16);
#3291=PRODUCT_DEFINITION_SHAPE('','',#3303);
#3292=PRODUCT_DEFINITION_SHAPE(' ','NAUO PRDDFN',#17);
#3293=PRODUCT_DEFINITION_SHAPE('','',#3304);
#3294=PRODUCT_DEFINITION_SHAPE(' ','NAUO PRDDFN',#18);
#3295=PRODUCT_DEFINITION_SHAPE('','',#3305);
#3296=PRODUCT_DEFINITION_SHAPE(' ','NAUO PRDDFN',#19);
#3297=PRODUCT_DEFINITION_SHAPE('','',#3306);
#3298=PRODUCT_DEFINITION_SHAPE(' ','NAUO PRDDFN',#20);
#3299=PRODUCT_DEFINITION_SHAPE('','',#3307);
#3300=PRODUCT_DEFINITION_SHAPE(' ','NAUO PRDDFN',#21);
#3301=PRODUCT_DEFINITION('','',#3315,#3308);
#3302=PRODUCT_DEFINITION('','',#3316,#3309);
#3303=PRODUCT_DEFINITION('','',#3317,#3310);
#3304=PRODUCT_DEFINITION('','',#3318,#3311);
#3305=PRODUCT_DEFINITION('','',#3319,#3312);
#3306=PRODUCT_DEFINITION('','',#3320,#3313);
#3307=PRODUCT_DEFINITION('','',#3321,#3314);
#3308=PRODUCT_DEFINITION_CONTEXT('',#3351,'design');
#3309=PRODUCT_DEFINITION_CONTEXT('',#3351,'design');
#3310=PRODUCT_DEFINITION_CONTEXT('',#3351,'design');
#3311=PRODUCT_DEFINITION_CONTEXT('',#3351,'design');
#3312=PRODUCT_DEFINITION_CONTEXT('',#3351,'design');
#3313=PRODUCT_DEFINITION_CONTEXT('',#3351,'design');
#3314=PRODUCT_DEFINITION_CONTEXT('',#3351,'design');
#3315=PRODUCT_DEFINITION_FORMATION_WITH_SPECIFIED_SOURCE('','',#3329,
 .NOT_KNOWN.);
#3316=PRODUCT_DEFINITION_FORMATION_WITH_SPECIFIED_SOURCE('','',#3330,
 .NOT_KNOWN.);
#3317=PRODUCT_DEFINITION_FORMATION_WITH_SPECIFIED_SOURCE('','',#3331,
 .NOT_KNOWN.);
#3318=PRODUCT_DEFINITION_FORMATION_WITH_SPECIFIED_SOURCE('','',#3332,
 .NOT_KNOWN.);
#3319=PRODUCT_DEFINITION_FORMATION_WITH_SPECIFIED_SOURCE('','',#3333,
 .NOT_KNOWN.);
#3320=PRODUCT_DEFINITION_FORMATION_WITH_SPECIFIED_SOURCE('','',#3334,
 .NOT_KNOWN.);
#3321=PRODUCT_DEFINITION_FORMATION_WITH_SPECIFIED_SOURCE('','',#3335,
 .NOT_KNOWN.);
#3322=PRODUCT_RELATED_PRODUCT_CATEGORY('','',(#3329));
#3323=PRODUCT_RELATED_PRODUCT_CATEGORY('','',(#3330));
#3324=PRODUCT_RELATED_PRODUCT_CATEGORY('','',(#3331));
#3325=PRODUCT_RELATED_PRODUCT_CATEGORY('','',(#3332));
#3326=PRODUCT_RELATED_PRODUCT_CATEGORY('','',(#3333));
#3327=PRODUCT_RELATED_PRODUCT_CATEGORY('','',(#3334));
#3328=PRODUCT_RELATED_PRODUCT_CATEGORY('','',(#3335));
#3329=PRODUCT('Right Leg','Right Leg','Right Leg',(#3343));
#3330=PRODUCT('Part 1','Part 1','Part 1',(#3344));
#3331=PRODUCT('Part 1','Part 1','Part 1',(#3345));
#3332=PRODUCT('Part 1','Part 1','Part 1',(#3346));
#3333=PRODUCT('Part 1','Part 1','Part 1',(#3347));
#3334=PRODUCT('Part 1','Part 1','Part 1',(#3348));
#3335=PRODUCT('Part 1','Part 1','Part 1',(#3349));
#3336=PRODUCT_CATEGORY('','');
#3337=PRODUCT_CATEGORY('','');
#3338=PRODUCT_CATEGORY('','');
#3339=PRODUCT_CATEGORY('','');
#3340=PRODUCT_CATEGORY('','');
#3341=PRODUCT_CATEGORY('','');
#3342=PRODUCT_CATEGORY('','');
#3343=PRODUCT_CONTEXT('',#3351,'mechanical');
#3344=PRODUCT_CONTEXT('',#3351,'mechanical');
#3345=PRODUCT_CONTEXT('',#3351,'mechanical');
#3346=PRODUCT_CONTEXT('',#3351,'mechanical');
#3347=PRODUCT_CONTEXT('',#3351,'mechanical');
#3348=PRODUCT_CONTEXT('',#3351,'mechanical');
#3349=PRODUCT_CONTEXT('',#3351,'mechanical');
#3350=APPLICATION_PROTOCOL_DEFINITION('international standard',
'ap242_managed_model_based_3d_engineering',2020,#3351);
#3351=APPLICATION_CONTEXT('managed model based 3d engineering');
ENDSEC;
END-ISO-10303-21;
