ISO-10303-21;
HEADER;
/* Generated by software containing ST-Developer
 * from STEP Tools, Inc. (www.steptools.com) 
 */
/* OPTION: using custom renumber hook */

FILE_DESCRIPTION(
/* description */ ('STEP AP242 Edition 2',
'CAx-IF Rec.Pracs.---Representation and Presentation of Product Manufa
cturing Information (PMI)---4.0---2014-10-13',
'CAx-IF Rec.Pracs.---3D Tessellated Geometry---0.4---2014-09-14','2;1',
'CAx-IF Rec.Pracs.---User Defined Attributes---1.5---2016-08-15'),
/* implementation_level */ '2;1');

FILE_NAME(
/* name */ 'Body - Part 1',
/* time_stamp */ '2026-08-03T01:29:05Z',
/* author */ (''),
/* organization */ (''),
/* preprocessor_version */ 'ST-DEVELOPER v20',
/* originating_system */ 'ONSHAPE BY PTC INC, 1.218',
/* authorisation */ '  ');

FILE_SCHEMA (('AP242_MANAGED_MODEL_BASED_3D_ENGINEERING_MIM_LF { 1 0 10303 442 3 1 4 }'));
ENDSEC;

DATA;
#10=SHAPE_REPRESENTATION_RELATIONSHIP('','',#3154,#11);
#11=ADVANCED_BREP_SHAPE_REPRESENTATION('',(#3152),#5652);
#12=B_SPLINE_SURFACE_WITH_KNOTS('',3,1,((#4359,#4360),(#4361,#4362),(#4363,
#4364),(#4365,#4366)),.SURF_OF_LINEAR_EXTRUSION.,.F.,.F.,.F.,(4,4),(2,2),
(0.,1.),(0.,1.),.PIECEWISE_BEZIER_KNOTS.);
#13=B_SPLINE_SURFACE_WITH_KNOTS('',3,1,((#4379,#4380),(#4381,#4382),(#4383,
#4384),(#4385,#4386)),.SURF_OF_LINEAR_EXTRUSION.,.F.,.F.,.F.,(4,4),(2,2),
(0.,1.),(0.,1.),.PIECEWISE_BEZIER_KNOTS.);
#14=B_SPLINE_SURFACE_WITH_KNOTS('',3,1,((#4396,#4397),(#4398,#4399),(#4400,
#4401),(#4402,#4403)),.SURF_OF_LINEAR_EXTRUSION.,.F.,.F.,.F.,(4,4),(2,2),
(0.,1.),(0.,1.),.PIECEWISE_BEZIER_KNOTS.);
#15=B_SPLINE_SURFACE_WITH_KNOTS('',3,1,((#4419,#4420),(#4421,#4422),(#4423,
#4424),(#4425,#4426)),.SURF_OF_LINEAR_EXTRUSION.,.F.,.F.,.F.,(4,4),(2,2),
(0.,1.),(0.,1.),.PIECEWISE_BEZIER_KNOTS.);
#16=B_SPLINE_SURFACE_WITH_KNOTS('',3,1,((#4436,#4437),(#4438,#4439),(#4440,
#4441),(#4442,#4443)),.SURF_OF_LINEAR_EXTRUSION.,.F.,.F.,.F.,(4,4),(2,2),
(0.,1.),(0.,1.),.PIECEWISE_BEZIER_KNOTS.);
#17=B_SPLINE_SURFACE_WITH_KNOTS('',3,1,((#4453,#4454),(#4455,#4456),(#4457,
#4458),(#4459,#4460)),.SURF_OF_LINEAR_EXTRUSION.,.F.,.F.,.F.,(4,4),(2,2),
(0.,1.),(0.,1.),.PIECEWISE_BEZIER_KNOTS.);
#18=B_SPLINE_SURFACE_WITH_KNOTS('',3,1,((#4470,#4471),(#4472,#4473),(#4474,
#4475),(#4476,#4477)),.SURF_OF_LINEAR_EXTRUSION.,.F.,.F.,.F.,(4,4),(2,2),
(0.,1.),(0.,1.),.PIECEWISE_BEZIER_KNOTS.);
#19=B_SPLINE_SURFACE_WITH_KNOTS('',3,1,((#4487,#4488),(#4489,#4490),(#4491,
#4492),(#4493,#4494)),.SURF_OF_LINEAR_EXTRUSION.,.F.,.F.,.F.,(4,4),(2,2),
(0.,1.),(0.,1.),.PIECEWISE_BEZIER_KNOTS.);
#20=B_SPLINE_SURFACE_WITH_KNOTS('',3,1,((#4504,#4505),(#4506,#4507),(#4508,
#4509),(#4510,#4511)),.SURF_OF_LINEAR_EXTRUSION.,.F.,.F.,.F.,(4,4),(2,2),
(0.,1.),(0.,1.),.PIECEWISE_BEZIER_KNOTS.);
#21=B_SPLINE_SURFACE_WITH_KNOTS('',3,1,((#4527,#4528),(#4529,#4530),(#4531,
#4532),(#4533,#4534)),.SURF_OF_LINEAR_EXTRUSION.,.F.,.F.,.F.,(4,4),(2,2),
(0.,1.),(0.,1.),.PIECEWISE_BEZIER_KNOTS.);
#22=B_SPLINE_SURFACE_WITH_KNOTS('',3,1,((#4542,#4543),(#4544,#4545),(#4546,
#4547),(#4548,#4549)),.SURF_OF_LINEAR_EXTRUSION.,.F.,.F.,.F.,(4,4),(2,2),
(0.,1.),(0.,1.),.PIECEWISE_BEZIER_KNOTS.);
#23=B_SPLINE_SURFACE_WITH_KNOTS('',3,1,((#4555,#4556),(#4557,#4558),(#4559,
#4560),(#4561,#4562)),.SURF_OF_LINEAR_EXTRUSION.,.F.,.F.,.F.,(4,4),(2,2),
(0.,1.),(0.,1.),.PIECEWISE_BEZIER_KNOTS.);
#24=B_SPLINE_SURFACE_WITH_KNOTS('',3,1,((#4568,#4569),(#4570,#4571),(#4572,
#4573),(#4574,#4575)),.SURF_OF_LINEAR_EXTRUSION.,.F.,.F.,.F.,(4,4),(2,2),
(0.,1.),(0.,1.),.PIECEWISE_BEZIER_KNOTS.);
#25=B_SPLINE_SURFACE_WITH_KNOTS('',3,1,((#4581,#4582),(#4583,#4584),(#4585,
#4586),(#4587,#4588)),.SURF_OF_LINEAR_EXTRUSION.,.F.,.F.,.F.,(4,4),(2,2),
(0.,1.),(0.,1.),.PIECEWISE_BEZIER_KNOTS.);
#26=B_SPLINE_SURFACE_WITH_KNOTS('',3,1,((#4594,#4595),(#4596,#4597),(#4598,
#4599),(#4600,#4601)),.SURF_OF_LINEAR_EXTRUSION.,.F.,.F.,.F.,(4,4),(2,2),
(0.,1.),(0.,1.),.PIECEWISE_BEZIER_KNOTS.);
#27=B_SPLINE_SURFACE_WITH_KNOTS('',3,1,((#4627,#4628),(#4629,#4630),(#4631,
#4632),(#4633,#4634)),.SURF_OF_LINEAR_EXTRUSION.,.F.,.F.,.F.,(4,4),(2,2),
(0.,1.),(0.,1.),.PIECEWISE_BEZIER_KNOTS.);
#28=B_SPLINE_SURFACE_WITH_KNOTS('',3,1,((#4640,#4641),(#4642,#4643),(#4644,
#4645),(#4646,#4647)),.SURF_OF_LINEAR_EXTRUSION.,.F.,.F.,.F.,(4,4),(2,2),
(0.,1.),(0.,1.),.PIECEWISE_BEZIER_KNOTS.);
#29=B_SPLINE_SURFACE_WITH_KNOTS('',3,1,((#4653,#4654),(#4655,#4656),(#4657,
#4658),(#4659,#4660)),.SURF_OF_LINEAR_EXTRUSION.,.F.,.F.,.F.,(4,4),(2,2),
(0.,1.),(0.,1.),.PIECEWISE_BEZIER_KNOTS.);
#30=B_SPLINE_SURFACE_WITH_KNOTS('',3,1,((#4666,#4667),(#4668,#4669),(#4670,
#4671),(#4672,#4673)),.SURF_OF_LINEAR_EXTRUSION.,.F.,.F.,.F.,(4,4),(2,2),
(0.,1.),(0.,1.),.PIECEWISE_BEZIER_KNOTS.);
#31=B_SPLINE_SURFACE_WITH_KNOTS('',3,1,((#4677,#4678),(#4679,#4680),(#4681,
#4682),(#4683,#4684)),.SURF_OF_LINEAR_EXTRUSION.,.F.,.F.,.F.,(4,4),(2,2),
(0.,1.),(0.,1.),.PIECEWISE_BEZIER_KNOTS.);
#32=B_SPLINE_SURFACE_WITH_KNOTS('',3,1,((#4692,#4693),(#4694,#4695),(#4696,
#4697),(#4698,#4699)),.SURF_OF_LINEAR_EXTRUSION.,.F.,.F.,.F.,(4,4),(2,2),
(0.,1.),(0.,1.),.PIECEWISE_BEZIER_KNOTS.);
#33=B_SPLINE_SURFACE_WITH_KNOTS('',3,1,((#4712,#4713),(#4714,#4715),(#4716,
#4717),(#4718,#4719)),.SURF_OF_LINEAR_EXTRUSION.,.F.,.F.,.F.,(4,4),(2,2),
(0.,1.),(0.,1.),.PIECEWISE_BEZIER_KNOTS.);
#34=B_SPLINE_SURFACE_WITH_KNOTS('',3,1,((#4729,#4730),(#4731,#4732),(#4733,
#4734),(#4735,#4736)),.SURF_OF_LINEAR_EXTRUSION.,.F.,.F.,.F.,(4,4),(2,2),
(0.,1.),(0.,1.),.PIECEWISE_BEZIER_KNOTS.);
#35=B_SPLINE_SURFACE_WITH_KNOTS('',3,1,((#4752,#4753),(#4754,#4755),(#4756,
#4757),(#4758,#4759)),.SURF_OF_LINEAR_EXTRUSION.,.F.,.F.,.F.,(4,4),(2,2),
(0.,1.),(0.,1.),.PIECEWISE_BEZIER_KNOTS.);
#36=B_SPLINE_SURFACE_WITH_KNOTS('',3,1,((#4769,#4770),(#4771,#4772),(#4773,
#4774),(#4775,#4776)),.SURF_OF_LINEAR_EXTRUSION.,.F.,.F.,.F.,(4,4),(2,2),
(0.,1.),(0.,1.),.PIECEWISE_BEZIER_KNOTS.);
#37=B_SPLINE_SURFACE_WITH_KNOTS('',3,1,((#4786,#4787),(#4788,#4789),(#4790,
#4791),(#4792,#4793)),.SURF_OF_LINEAR_EXTRUSION.,.F.,.F.,.F.,(4,4),(2,2),
(0.,1.),(0.,1.),.PIECEWISE_BEZIER_KNOTS.);
#38=B_SPLINE_SURFACE_WITH_KNOTS('',3,1,((#4803,#4804),(#4805,#4806),(#4807,
#4808),(#4809,#4810)),.SURF_OF_LINEAR_EXTRUSION.,.F.,.F.,.F.,(4,4),(2,2),
(0.,1.),(0.,1.),.PIECEWISE_BEZIER_KNOTS.);
#39=B_SPLINE_SURFACE_WITH_KNOTS('',3,1,((#4820,#4821),(#4822,#4823),(#4824,
#4825),(#4826,#4827)),.SURF_OF_LINEAR_EXTRUSION.,.F.,.F.,.F.,(4,4),(2,2),
(0.,1.),(0.,1.),.PIECEWISE_BEZIER_KNOTS.);
#40=B_SPLINE_SURFACE_WITH_KNOTS('',3,1,((#4837,#4838),(#4839,#4840),(#4841,
#4842),(#4843,#4844)),.SURF_OF_LINEAR_EXTRUSION.,.F.,.F.,.F.,(4,4),(2,2),
(0.,1.),(0.,1.),.PIECEWISE_BEZIER_KNOTS.);
#41=B_SPLINE_SURFACE_WITH_KNOTS('',3,1,((#4860,#4861),(#4862,#4863),(#4864,
#4865),(#4866,#4867)),.SURF_OF_LINEAR_EXTRUSION.,.F.,.F.,.F.,(4,4),(2,2),
(0.,1.),(0.,1.),.PIECEWISE_BEZIER_KNOTS.);
#42=B_SPLINE_SURFACE_WITH_KNOTS('',3,1,((#4875,#4876),(#4877,#4878),(#4879,
#4880),(#4881,#4882)),.SURF_OF_LINEAR_EXTRUSION.,.F.,.F.,.F.,(4,4),(2,2),
(0.,1.),(0.,1.),.PIECEWISE_BEZIER_KNOTS.);
#43=B_SPLINE_SURFACE_WITH_KNOTS('',3,1,((#4888,#4889),(#4890,#4891),(#4892,
#4893),(#4894,#4895)),.SURF_OF_LINEAR_EXTRUSION.,.F.,.F.,.F.,(4,4),(2,2),
(0.,1.),(0.,1.),.PIECEWISE_BEZIER_KNOTS.);
#44=B_SPLINE_SURFACE_WITH_KNOTS('',3,1,((#4901,#4902),(#4903,#4904),(#4905,
#4906),(#4907,#4908)),.SURF_OF_LINEAR_EXTRUSION.,.F.,.F.,.F.,(4,4),(2,2),
(0.,1.),(0.,1.),.PIECEWISE_BEZIER_KNOTS.);
#45=B_SPLINE_SURFACE_WITH_KNOTS('',3,1,((#4914,#4915),(#4916,#4917),(#4918,
#4919),(#4920,#4921)),.SURF_OF_LINEAR_EXTRUSION.,.F.,.F.,.F.,(4,4),(2,2),
(0.,1.),(0.,1.),.PIECEWISE_BEZIER_KNOTS.);
#46=B_SPLINE_SURFACE_WITH_KNOTS('',3,1,((#4927,#4928),(#4929,#4930),(#4931,
#4932),(#4933,#4934)),.SURF_OF_LINEAR_EXTRUSION.,.F.,.F.,.F.,(4,4),(2,2),
(0.,1.),(0.,1.),.PIECEWISE_BEZIER_KNOTS.);
#47=B_SPLINE_SURFACE_WITH_KNOTS('',3,1,((#4960,#4961),(#4962,#4963),(#4964,
#4965),(#4966,#4967)),.SURF_OF_LINEAR_EXTRUSION.,.F.,.F.,.F.,(4,4),(2,2),
(0.,1.),(0.,1.),.PIECEWISE_BEZIER_KNOTS.);
#48=B_SPLINE_SURFACE_WITH_KNOTS('',3,1,((#4973,#4974),(#4975,#4976),(#4977,
#4978),(#4979,#4980)),.SURF_OF_LINEAR_EXTRUSION.,.F.,.F.,.F.,(4,4),(2,2),
(0.,1.),(0.,1.),.PIECEWISE_BEZIER_KNOTS.);
#49=B_SPLINE_SURFACE_WITH_KNOTS('',3,1,((#4986,#4987),(#4988,#4989),(#4990,
#4991),(#4992,#4993)),.SURF_OF_LINEAR_EXTRUSION.,.F.,.F.,.F.,(4,4),(2,2),
(0.,1.),(0.,1.),.PIECEWISE_BEZIER_KNOTS.);
#50=B_SPLINE_SURFACE_WITH_KNOTS('',3,1,((#4999,#5000),(#5001,#5002),(#5003,
#5004),(#5005,#5006)),.SURF_OF_LINEAR_EXTRUSION.,.F.,.F.,.F.,(4,4),(2,2),
(0.,1.),(0.,1.),.PIECEWISE_BEZIER_KNOTS.);
#51=B_SPLINE_SURFACE_WITH_KNOTS('',3,1,((#5010,#5011),(#5012,#5013),(#5014,
#5015),(#5016,#5017)),.SURF_OF_LINEAR_EXTRUSION.,.F.,.F.,.F.,(4,4),(2,2),
(0.,1.),(0.,1.),.PIECEWISE_BEZIER_KNOTS.);
#52=B_SPLINE_SURFACE_WITH_KNOTS('',3,1,((#5025,#5026),(#5027,#5028),(#5029,
#5030),(#5031,#5032)),.SURF_OF_LINEAR_EXTRUSION.,.F.,.F.,.F.,(4,4),(2,2),
(0.,1.),(0.,1.),.PIECEWISE_BEZIER_KNOTS.);
#53=B_SPLINE_SURFACE_WITH_KNOTS('',3,1,((#5040,#5041),(#5042,#5043),(#5044,
#5045),(#5046,#5047)),.SURF_OF_LINEAR_EXTRUSION.,.F.,.F.,.F.,(4,4),(2,2),
(0.,1.),(0.,1.),.PIECEWISE_BEZIER_KNOTS.);
#54=B_SPLINE_SURFACE_WITH_KNOTS('',3,1,((#5053,#5054),(#5055,#5056),(#5057,
#5058),(#5059,#5060)),.SURF_OF_LINEAR_EXTRUSION.,.F.,.F.,.F.,(4,4),(2,2),
(0.,1.),(0.,1.),.PIECEWISE_BEZIER_KNOTS.);
#55=B_SPLINE_SURFACE_WITH_KNOTS('',3,1,((#5066,#5067),(#5068,#5069),(#5070,
#5071),(#5072,#5073)),.SURF_OF_LINEAR_EXTRUSION.,.F.,.F.,.F.,(4,4),(2,2),
(0.,1.),(0.,1.),.PIECEWISE_BEZIER_KNOTS.);
#56=B_SPLINE_SURFACE_WITH_KNOTS('',3,1,((#5079,#5080),(#5081,#5082),(#5083,
#5084),(#5085,#5086)),.SURF_OF_LINEAR_EXTRUSION.,.F.,.F.,.F.,(4,4),(2,2),
(0.,1.),(0.,1.),.PIECEWISE_BEZIER_KNOTS.);
#57=B_SPLINE_SURFACE_WITH_KNOTS('',3,1,((#5092,#5093),(#5094,#5095),(#5096,
#5097),(#5098,#5099)),.SURF_OF_LINEAR_EXTRUSION.,.F.,.F.,.F.,(4,4),(2,2),
(0.,1.),(0.,1.),.PIECEWISE_BEZIER_KNOTS.);
#58=B_SPLINE_SURFACE_WITH_KNOTS('',3,1,((#5109,#5110),(#5111,#5112),(#5113,
#5114),(#5115,#5116)),.SURF_OF_LINEAR_EXTRUSION.,.F.,.F.,.F.,(4,4),(2,2),
(0.,1.),(0.,1.),.PIECEWISE_BEZIER_KNOTS.);
#59=B_SPLINE_SURFACE_WITH_KNOTS('',3,1,((#5122,#5123),(#5124,#5125),(#5126,
#5127),(#5128,#5129)),.SURF_OF_LINEAR_EXTRUSION.,.F.,.F.,.F.,(4,4),(2,2),
(0.,1.),(0.,1.),.PIECEWISE_BEZIER_KNOTS.);
#60=B_SPLINE_SURFACE_WITH_KNOTS('',3,1,((#5135,#5136),(#5137,#5138),(#5139,
#5140),(#5141,#5142)),.SURF_OF_LINEAR_EXTRUSION.,.F.,.F.,.F.,(4,4),(2,2),
(0.,1.),(0.,1.),.PIECEWISE_BEZIER_KNOTS.);
#61=B_SPLINE_SURFACE_WITH_KNOTS('',3,1,((#5148,#5149),(#5150,#5151),(#5152,
#5153),(#5154,#5155)),.SURF_OF_LINEAR_EXTRUSION.,.F.,.F.,.F.,(4,4),(2,2),
(0.,1.),(0.,1.),.PIECEWISE_BEZIER_KNOTS.);
#62=B_SPLINE_SURFACE_WITH_KNOTS('',3,1,((#5161,#5162),(#5163,#5164),(#5165,
#5166),(#5167,#5168)),.SURF_OF_LINEAR_EXTRUSION.,.F.,.F.,.F.,(4,4),(2,2),
(0.,1.),(0.,1.),.PIECEWISE_BEZIER_KNOTS.);
#63=B_SPLINE_SURFACE_WITH_KNOTS('',3,1,((#5174,#5175),(#5176,#5177),(#5178,
#5179),(#5180,#5181)),.SURF_OF_LINEAR_EXTRUSION.,.F.,.F.,.F.,(4,4),(2,2),
(0.,1.),(0.,1.),.PIECEWISE_BEZIER_KNOTS.);
#64=B_SPLINE_SURFACE_WITH_KNOTS('',3,1,((#5187,#5188),(#5189,#5190),(#5191,
#5192),(#5193,#5194)),.SURF_OF_LINEAR_EXTRUSION.,.F.,.F.,.F.,(4,4),(2,2),
(0.,1.),(0.,1.),.PIECEWISE_BEZIER_KNOTS.);
#65=B_SPLINE_SURFACE_WITH_KNOTS('',3,1,((#5200,#5201),(#5202,#5203),(#5204,
#5205),(#5206,#5207)),.SURF_OF_LINEAR_EXTRUSION.,.F.,.F.,.F.,(4,4),(2,2),
(0.,1.),(0.,1.),.PIECEWISE_BEZIER_KNOTS.);
#66=B_SPLINE_SURFACE_WITH_KNOTS('',3,1,((#5217,#5218),(#5219,#5220),(#5221,
#5222),(#5223,#5224)),.SURF_OF_LINEAR_EXTRUSION.,.F.,.F.,.F.,(4,4),(2,2),
(0.,1.),(0.,1.),.PIECEWISE_BEZIER_KNOTS.);
#67=B_SPLINE_SURFACE_WITH_KNOTS('',3,1,((#5230,#5231),(#5232,#5233),(#5234,
#5235),(#5236,#5237)),.SURF_OF_LINEAR_EXTRUSION.,.F.,.F.,.F.,(4,4),(2,2),
(0.,1.),(0.,1.),.PIECEWISE_BEZIER_KNOTS.);
#68=B_SPLINE_SURFACE_WITH_KNOTS('',3,1,((#5243,#5244),(#5245,#5246),(#5247,
#5248),(#5249,#5250)),.SURF_OF_LINEAR_EXTRUSION.,.F.,.F.,.F.,(4,4),(2,2),
(0.,1.),(0.,1.),.PIECEWISE_BEZIER_KNOTS.);
#69=B_SPLINE_SURFACE_WITH_KNOTS('',3,1,((#5256,#5257),(#5258,#5259),(#5260,
#5261),(#5262,#5263)),.SURF_OF_LINEAR_EXTRUSION.,.F.,.F.,.F.,(4,4),(2,2),
(0.,1.),(0.,1.),.PIECEWISE_BEZIER_KNOTS.);
#70=B_SPLINE_SURFACE_WITH_KNOTS('',3,1,((#5268,#5269),(#5270,#5271),(#5272,
#5273),(#5274,#5275)),.SURF_OF_LINEAR_EXTRUSION.,.F.,.F.,.F.,(4,4),(2,2),
(0.,1.),(0.,1.),.PIECEWISE_BEZIER_KNOTS.);
#71=B_SPLINE_SURFACE_WITH_KNOTS('',3,1,((#5283,#5284),(#5285,#5286),(#5287,
#5288),(#5289,#5290)),.SURF_OF_LINEAR_EXTRUSION.,.F.,.F.,.F.,(4,4),(2,2),
(0.,1.),(0.,1.),.PIECEWISE_BEZIER_KNOTS.);
#72=B_SPLINE_SURFACE_WITH_KNOTS('',3,1,((#5296,#5297),(#5298,#5299),(#5300,
#5301),(#5302,#5303)),.SURF_OF_LINEAR_EXTRUSION.,.F.,.F.,.F.,(4,4),(2,2),
(0.,1.),(0.,1.),.PIECEWISE_BEZIER_KNOTS.);
#73=B_SPLINE_SURFACE_WITH_KNOTS('',3,1,((#5313,#5314),(#5315,#5316),(#5317,
#5318),(#5319,#5320)),.SURF_OF_LINEAR_EXTRUSION.,.F.,.F.,.F.,(4,4),(2,2),
(0.,1.),(0.,1.),.PIECEWISE_BEZIER_KNOTS.);
#74=B_SPLINE_SURFACE_WITH_KNOTS('',3,1,((#5330,#5331),(#5332,#5333),(#5334,
#5335),(#5336,#5337)),.SURF_OF_LINEAR_EXTRUSION.,.F.,.F.,.F.,(4,4),(2,2),
(0.,1.),(0.,1.),.PIECEWISE_BEZIER_KNOTS.);
#75=B_SPLINE_SURFACE_WITH_KNOTS('',3,1,((#5343,#5344),(#5345,#5346),(#5347,
#5348),(#5349,#5350)),.SURF_OF_LINEAR_EXTRUSION.,.F.,.F.,.F.,(4,4),(2,2),
(0.,1.),(0.,1.),.PIECEWISE_BEZIER_KNOTS.);
#76=B_SPLINE_SURFACE_WITH_KNOTS('',3,1,((#5356,#5357),(#5358,#5359),(#5360,
#5361),(#5362,#5363)),.SURF_OF_LINEAR_EXTRUSION.,.F.,.F.,.F.,(4,4),(2,2),
(0.,1.),(0.,1.),.PIECEWISE_BEZIER_KNOTS.);
#77=B_SPLINE_SURFACE_WITH_KNOTS('',3,1,((#5369,#5370),(#5371,#5372),(#5373,
#5374),(#5375,#5376)),.SURF_OF_LINEAR_EXTRUSION.,.F.,.F.,.F.,(4,4),(2,2),
(0.,1.),(0.,1.),.PIECEWISE_BEZIER_KNOTS.);
#78=B_SPLINE_SURFACE_WITH_KNOTS('',3,1,((#5382,#5383),(#5384,#5385),(#5386,
#5387),(#5388,#5389)),.SURF_OF_LINEAR_EXTRUSION.,.F.,.F.,.F.,(4,4),(2,2),
(0.,1.),(0.,1.),.PIECEWISE_BEZIER_KNOTS.);
#79=B_SPLINE_SURFACE_WITH_KNOTS('',3,1,((#5395,#5396),(#5397,#5398),(#5399,
#5400),(#5401,#5402)),.SURF_OF_LINEAR_EXTRUSION.,.F.,.F.,.F.,(4,4),(2,2),
(0.,1.),(0.,1.),.PIECEWISE_BEZIER_KNOTS.);
#80=B_SPLINE_SURFACE_WITH_KNOTS('',3,1,((#5408,#5409),(#5410,#5411),(#5412,
#5413),(#5414,#5415)),.SURF_OF_LINEAR_EXTRUSION.,.F.,.F.,.F.,(4,4),(2,2),
(0.,1.),(0.,1.),.PIECEWISE_BEZIER_KNOTS.);
#81=B_SPLINE_SURFACE_WITH_KNOTS('',3,1,((#5421,#5422),(#5423,#5424),(#5425,
#5426),(#5427,#5428)),.SURF_OF_LINEAR_EXTRUSION.,.F.,.F.,.F.,(4,4),(2,2),
(0.,1.),(0.,1.),.PIECEWISE_BEZIER_KNOTS.);
#82=B_SPLINE_SURFACE_WITH_KNOTS('',3,1,((#5438,#5439),(#5440,#5441),(#5442,
#5443),(#5444,#5445)),.SURF_OF_LINEAR_EXTRUSION.,.F.,.F.,.F.,(4,4),(2,2),
(0.,1.),(0.,1.),.PIECEWISE_BEZIER_KNOTS.);
#83=B_SPLINE_SURFACE_WITH_KNOTS('',3,1,((#5451,#5452),(#5453,#5454),(#5455,
#5456),(#5457,#5458)),.SURF_OF_LINEAR_EXTRUSION.,.F.,.F.,.F.,(4,4),(2,2),
(0.,1.),(0.,1.),.PIECEWISE_BEZIER_KNOTS.);
#84=B_SPLINE_SURFACE_WITH_KNOTS('',3,1,((#5464,#5465),(#5466,#5467),(#5468,
#5469),(#5470,#5471)),.SURF_OF_LINEAR_EXTRUSION.,.F.,.F.,.F.,(4,4),(2,2),
(0.,1.),(0.,1.),.PIECEWISE_BEZIER_KNOTS.);
#85=B_SPLINE_SURFACE_WITH_KNOTS('',3,1,((#5477,#5478),(#5479,#5480),(#5481,
#5482),(#5483,#5484)),.SURF_OF_LINEAR_EXTRUSION.,.F.,.F.,.F.,(4,4),(2,2),
(0.,1.),(0.,1.),.PIECEWISE_BEZIER_KNOTS.);
#86=B_SPLINE_SURFACE_WITH_KNOTS('',3,1,((#5494,#5495),(#5496,#5497),(#5498,
#5499),(#5500,#5501)),.SURF_OF_LINEAR_EXTRUSION.,.F.,.F.,.F.,(4,4),(2,2),
(0.,1.),(0.,1.),.PIECEWISE_BEZIER_KNOTS.);
#87=B_SPLINE_SURFACE_WITH_KNOTS('',3,1,((#5511,#5512),(#5513,#5514),(#5515,
#5516),(#5517,#5518)),.SURF_OF_LINEAR_EXTRUSION.,.F.,.F.,.F.,(4,4),(2,2),
(0.,1.),(0.,1.),.PIECEWISE_BEZIER_KNOTS.);
#88=B_SPLINE_SURFACE_WITH_KNOTS('',3,1,((#5524,#5525),(#5526,#5527),(#5528,
#5529),(#5530,#5531)),.SURF_OF_LINEAR_EXTRUSION.,.F.,.F.,.F.,(4,4),(2,2),
(0.,1.),(0.,1.),.PIECEWISE_BEZIER_KNOTS.);
#89=B_SPLINE_SURFACE_WITH_KNOTS('',3,1,((#5537,#5538),(#5539,#5540),(#5541,
#5542),(#5543,#5544)),.SURF_OF_LINEAR_EXTRUSION.,.F.,.F.,.F.,(4,4),(2,2),
(0.,1.),(0.,1.),.PIECEWISE_BEZIER_KNOTS.);
#90=B_SPLINE_SURFACE_WITH_KNOTS('',3,1,((#5550,#5551),(#5552,#5553),(#5554,
#5555),(#5556,#5557)),.SURF_OF_LINEAR_EXTRUSION.,.F.,.F.,.F.,(4,4),(2,2),
(0.,1.),(0.,1.),.PIECEWISE_BEZIER_KNOTS.);
#91=B_SPLINE_SURFACE_WITH_KNOTS('',3,1,((#5563,#5564),(#5565,#5566),(#5567,
#5568),(#5569,#5570)),.SURF_OF_LINEAR_EXTRUSION.,.F.,.F.,.F.,(4,4),(2,2),
(0.,1.),(0.,1.),.PIECEWISE_BEZIER_KNOTS.);
#92=B_SPLINE_SURFACE_WITH_KNOTS('',3,1,((#5576,#5577),(#5578,#5579),(#5580,
#5581),(#5582,#5583)),.SURF_OF_LINEAR_EXTRUSION.,.F.,.F.,.F.,(4,4),(2,2),
(0.,1.),(0.,1.),.PIECEWISE_BEZIER_KNOTS.);
#93=B_SPLINE_SURFACE_WITH_KNOTS('',3,1,((#5589,#5590),(#5591,#5592),(#5593,
#5594),(#5595,#5596)),.SURF_OF_LINEAR_EXTRUSION.,.F.,.F.,.F.,(4,4),(2,2),
(0.,1.),(0.,1.),.PIECEWISE_BEZIER_KNOTS.);
#94=B_SPLINE_SURFACE_WITH_KNOTS('',3,1,((#5606,#5607),(#5608,#5609),(#5610,
#5611),(#5612,#5613)),.SURF_OF_LINEAR_EXTRUSION.,.F.,.F.,.F.,(4,4),(2,2),
(0.,1.),(0.,1.),.PIECEWISE_BEZIER_KNOTS.);
#95=B_SPLINE_SURFACE_WITH_KNOTS('',3,1,((#5619,#5620),(#5621,#5622),(#5623,
#5624),(#5625,#5626)),.SURF_OF_LINEAR_EXTRUSION.,.F.,.F.,.F.,(4,4),(2,2),
(0.,1.),(0.,1.),.PIECEWISE_BEZIER_KNOTS.);
#96=CYLINDRICAL_SURFACE('',#3171,0.126999999999997);
#97=CYLINDRICAL_SURFACE('',#3176,0.126999999999996);
#98=CYLINDRICAL_SURFACE('',#3178,0.004445);
#99=CYLINDRICAL_SURFACE('',#3195,0.12192);
#100=CYLINDRICAL_SURFACE('',#3197,0.12446);
#101=CYLINDRICAL_SURFACE('',#3200,0.00127);
#102=CYLINDRICAL_SURFACE('',#3206,0.000758209489937157);
#103=CYLINDRICAL_SURFACE('',#3209,0.000758209489937157);
#104=CYLINDRICAL_SURFACE('',#3217,0.12446);
#105=CYLINDRICAL_SURFACE('',#3219,0.12192);
#106=CYLINDRICAL_SURFACE('',#3221,0.00127);
#107=CYLINDRICAL_SURFACE('',#3234,0.00276633144932856);
#108=CYLINDRICAL_SURFACE('',#3237,0.00277322322314026);
#109=CYLINDRICAL_SURFACE('',#3246,0.0027663314493286);
#110=CYLINDRICAL_SURFACE('',#3249,0.00277322322314031);
#111=CYLINDRICAL_SURFACE('',#3261,0.00208625705480745);
#112=CYLINDRICAL_SURFACE('',#3263,0.00253399761117502);
#113=CYLINDRICAL_SURFACE('',#3266,0.00194524898019456);
#114=CYLINDRICAL_SURFACE('',#3268,0.00265334516203829);
#115=CYLINDRICAL_SURFACE('',#3279,0.001905);
#116=LINE('',#3814,#371);
#117=LINE('',#3816,#372);
#118=LINE('',#3818,#373);
#119=LINE('',#3820,#374);
#120=LINE('',#3822,#375);
#121=LINE('',#3842,#376);
#122=LINE('',#3845,#377);
#123=LINE('',#3848,#378);
#124=LINE('',#3850,#379);
#125=LINE('',#3852,#380);
#126=LINE('',#3853,#381);
#127=LINE('',#3856,#382);
#128=LINE('',#3858,#383);
#129=LINE('',#3860,#384);
#130=LINE('',#3888,#385);
#131=LINE('',#3890,#386);
#132=LINE('',#3892,#387);
#133=LINE('',#3894,#388);
#134=LINE('',#3896,#389);
#135=LINE('',#3938,#390);
#136=LINE('',#3972,#391);
#137=LINE('',#4006,#392);
#138=LINE('',#4060,#393);
#139=LINE('',#4105,#394);
#140=LINE('',#4108,#395);
#141=LINE('',#4110,#396);
#142=LINE('',#4112,#397);
#143=LINE('',#4114,#398);
#144=LINE('',#4117,#399);
#145=LINE('',#4118,#400);
#146=LINE('',#4120,#401);
#147=LINE('',#4122,#402);
#148=LINE('',#4124,#403);
#149=LINE('',#4126,#404);
#150=LINE('',#4128,#405);
#151=LINE('',#4131,#406);
#152=LINE('',#4132,#407);
#153=LINE('',#4134,#408);
#154=LINE('',#4136,#409);
#155=LINE('',#4138,#410);
#156=LINE('',#4140,#411);
#157=LINE('',#4145,#412);
#158=LINE('',#4146,#413);
#159=LINE('',#4148,#414);
#160=LINE('',#4151,#415);
#161=LINE('',#4153,#416);
#162=LINE('',#4155,#417);
#163=LINE('',#4157,#418);
#164=LINE('',#4159,#419);
#165=LINE('',#4161,#420);
#166=LINE('',#4163,#421);
#167=LINE('',#4164,#422);
#168=LINE('',#4166,#423);
#169=LINE('',#4168,#424);
#170=LINE('',#4170,#425);
#171=LINE('',#4179,#426);
#172=LINE('',#4182,#427);
#173=LINE('',#4184,#428);
#174=LINE('',#4186,#429);
#175=LINE('',#4188,#430);
#176=LINE('',#4190,#431);
#177=LINE('',#4192,#432);
#178=LINE('',#4194,#433);
#179=LINE('',#4195,#434);
#180=LINE('',#4201,#435);
#181=LINE('',#4209,#436);
#182=LINE('',#4212,#437);
#183=LINE('',#4214,#438);
#184=LINE('',#4216,#439);
#185=LINE('',#4220,#440);
#186=LINE('',#4222,#441);
#187=LINE('',#4224,#442);
#188=LINE('',#4228,#443);
#189=LINE('',#4229,#444);
#190=LINE('',#4232,#445);
#191=LINE('',#4234,#446);
#192=LINE('',#4236,#447);
#193=LINE('',#4238,#448);
#194=LINE('',#4240,#449);
#195=LINE('',#4242,#450);
#196=LINE('',#4244,#451);
#197=LINE('',#4246,#452);
#198=LINE('',#4248,#453);
#199=LINE('',#4250,#454);
#200=LINE('',#4252,#455);
#201=LINE('',#4255,#456);
#202=LINE('',#4261,#457);
#203=LINE('',#4263,#458);
#204=LINE('',#4265,#459);
#205=LINE('',#4270,#460);
#206=LINE('',#4272,#461);
#207=LINE('',#4274,#462);
#208=LINE('',#4276,#463);
#209=LINE('',#4278,#464);
#210=LINE('',#4280,#465);
#211=LINE('',#4282,#466);
#212=LINE('',#4286,#467);
#213=LINE('',#4288,#468);
#214=LINE('',#4290,#469);
#215=LINE('',#4295,#470);
#216=LINE('',#4297,#471);
#217=LINE('',#4299,#472);
#218=LINE('',#4301,#473);
#219=LINE('',#4303,#474);
#220=LINE('',#4305,#475);
#221=LINE('',#4307,#476);
#222=LINE('',#4309,#477);
#223=LINE('',#4312,#478);
#224=LINE('',#4318,#479);
#225=LINE('',#4322,#480);
#226=LINE('',#4324,#481);
#227=LINE('',#4327,#482);
#228=LINE('',#4329,#483);
#229=LINE('',#4331,#484);
#230=LINE('',#4333,#485);
#231=LINE('',#4335,#486);
#232=LINE('',#4337,#487);
#233=LINE('',#4339,#488);
#234=LINE('',#4341,#489);
#235=LINE('',#4343,#490);
#236=LINE('',#4345,#491);
#237=LINE('',#4347,#492);
#238=LINE('',#4349,#493);
#239=LINE('',#4351,#494);
#240=LINE('',#4353,#495);
#241=LINE('',#4355,#496);
#242=LINE('',#4357,#497);
#243=LINE('',#4372,#498);
#244=LINE('',#4378,#499);
#245=LINE('',#4391,#500);
#246=LINE('',#4408,#501);
#247=LINE('',#4416,#502);
#248=LINE('',#4431,#503);
#249=LINE('',#4448,#504);
#250=LINE('',#4465,#505);
#251=LINE('',#4482,#506);
#252=LINE('',#4499,#507);
#253=LINE('',#4516,#508);
#254=LINE('',#4524,#509);
#255=LINE('',#4535,#510);
#256=LINE('',#4541,#511);
#257=LINE('',#4550,#512);
#258=LINE('',#4563,#513);
#259=LINE('',#4576,#514);
#260=LINE('',#4589,#515);
#261=LINE('',#4602,#516);
#262=LINE('',#4608,#517);
#263=LINE('',#4610,#518);
#264=LINE('',#4612,#519);
#265=LINE('',#4614,#520);
#266=LINE('',#4616,#521);
#267=LINE('',#4618,#522);
#268=LINE('',#4620,#523);
#269=LINE('',#4622,#524);
#270=LINE('',#4624,#525);
#271=LINE('',#4626,#526);
#272=LINE('',#4635,#527);
#273=LINE('',#4648,#528);
#274=LINE('',#4661,#529);
#275=LINE('',#4705,#530);
#276=LINE('',#4711,#531);
#277=LINE('',#4724,#532);
#278=LINE('',#4741,#533);
#279=LINE('',#4749,#534);
#280=LINE('',#4764,#535);
#281=LINE('',#4781,#536);
#282=LINE('',#4798,#537);
#283=LINE('',#4815,#538);
#284=LINE('',#4832,#539);
#285=LINE('',#4849,#540);
#286=LINE('',#4857,#541);
#287=LINE('',#4868,#542);
#288=LINE('',#4874,#543);
#289=LINE('',#4883,#544);
#290=LINE('',#4896,#545);
#291=LINE('',#4909,#546);
#292=LINE('',#4922,#547);
#293=LINE('',#4935,#548);
#294=LINE('',#4941,#549);
#295=LINE('',#4943,#550);
#296=LINE('',#4945,#551);
#297=LINE('',#4947,#552);
#298=LINE('',#4949,#553);
#299=LINE('',#4951,#554);
#300=LINE('',#4953,#555);
#301=LINE('',#4955,#556);
#302=LINE('',#4957,#557);
#303=LINE('',#4959,#558);
#304=LINE('',#4968,#559);
#305=LINE('',#4981,#560);
#306=LINE('',#4994,#561);
#307=LINE('',#5033,#562);
#308=LINE('',#5039,#563);
#309=LINE('',#5048,#564);
#310=LINE('',#5061,#565);
#311=LINE('',#5074,#566);
#312=LINE('',#5087,#567);
#313=LINE('',#5100,#568);
#314=LINE('',#5106,#569);
#315=LINE('',#5108,#570);
#316=LINE('',#5117,#571);
#317=LINE('',#5130,#572);
#318=LINE('',#5143,#573);
#319=LINE('',#5156,#574);
#320=LINE('',#5169,#575);
#321=LINE('',#5182,#576);
#322=LINE('',#5195,#577);
#323=LINE('',#5208,#578);
#324=LINE('',#5214,#579);
#325=LINE('',#5216,#580);
#326=LINE('',#5225,#581);
#327=LINE('',#5238,#582);
#328=LINE('',#5251,#583);
#329=LINE('',#5276,#584);
#330=LINE('',#5282,#585);
#331=LINE('',#5291,#586);
#332=LINE('',#5304,#587);
#333=LINE('',#5310,#588);
#334=LINE('',#5321,#589);
#335=LINE('',#5327,#590);
#336=LINE('',#5338,#591);
#337=LINE('',#5351,#592);
#338=LINE('',#5364,#593);
#339=LINE('',#5377,#594);
#340=LINE('',#5390,#595);
#341=LINE('',#5403,#596);
#342=LINE('',#5416,#597);
#343=LINE('',#5429,#598);
#344=LINE('',#5435,#599);
#345=LINE('',#5437,#600);
#346=LINE('',#5446,#601);
#347=LINE('',#5459,#602);
#348=LINE('',#5472,#603);
#349=LINE('',#5485,#604);
#350=LINE('',#5491,#605);
#351=LINE('',#5502,#606);
#352=LINE('',#5508,#607);
#353=LINE('',#5519,#608);
#354=LINE('',#5532,#609);
#355=LINE('',#5545,#610);
#356=LINE('',#5558,#611);
#357=LINE('',#5571,#612);
#358=LINE('',#5584,#613);
#359=LINE('',#5597,#614);
#360=LINE('',#5603,#615);
#361=LINE('',#5605,#616);
#362=LINE('',#5614,#617);
#363=LINE('',#5632,#618);
#364=LINE('',#5634,#619);
#365=LINE('',#5636,#620);
#366=LINE('',#5638,#621);
#367=LINE('',#5640,#622);
#368=LINE('',#5642,#623);
#369=LINE('',#5644,#624);
#370=LINE('',#5646,#625);
#371=VECTOR('',#3286,1.);
#372=VECTOR('',#3287,1.);
#373=VECTOR('',#3288,1.);
#374=VECTOR('',#3289,1.);
#375=VECTOR('',#3290,1.);
#376=VECTOR('',#3293,1.);
#377=VECTOR('',#3296,1.);
#378=VECTOR('',#3297,1.);
#379=VECTOR('',#3298,1.);
#380=VECTOR('',#3299,1.);
#381=VECTOR('',#3300,1.);
#382=VECTOR('',#3301,1.);
#383=VECTOR('',#3302,1.);
#384=VECTOR('',#3303,1.);
#385=VECTOR('',#3306,1.);
#386=VECTOR('',#3307,1.);
#387=VECTOR('',#3308,1.);
#388=VECTOR('',#3309,1.);
#389=VECTOR('',#3310,1.);
#390=VECTOR('',#3311,1.);
#391=VECTOR('',#3312,1.);
#392=VECTOR('',#3313,1.);
#393=VECTOR('',#3318,1.);
#394=VECTOR('',#3323,1.);
#395=VECTOR('',#3324,1.);
#396=VECTOR('',#3325,1.);
#397=VECTOR('',#3326,1.);
#398=VECTOR('',#3329,1.);
#399=VECTOR('',#3330,1.);
#400=VECTOR('',#3331,1.);
#401=VECTOR('',#3334,1.);
#402=VECTOR('',#3335,1.);
#403=VECTOR('',#3338,1.);
#404=VECTOR('',#3339,1.);
#405=VECTOR('',#3342,1.);
#406=VECTOR('',#3343,1.);
#407=VECTOR('',#3344,1.);
#408=VECTOR('',#3347,1.);
#409=VECTOR('',#3348,1.);
#410=VECTOR('',#3351,1.);
#411=VECTOR('',#3352,1.);
#412=VECTOR('',#3357,1.);
#413=VECTOR('',#3358,1.);
#414=VECTOR('',#3361,1.);
#415=VECTOR('',#3362,1.);
#416=VECTOR('',#3363,1.);
#417=VECTOR('',#3364,1.);
#418=VECTOR('',#3365,1.);
#419=VECTOR('',#3366,1.);
#420=VECTOR('',#3367,1.);
#421=VECTOR('',#3368,1.);
#422=VECTOR('',#3369,1.);
#423=VECTOR('',#3370,1.);
#424=VECTOR('',#3373,1.);
#425=VECTOR('',#3376,1.);
#426=VECTOR('',#3389,1.);
#427=VECTOR('',#3390,1.);
#428=VECTOR('',#3391,1.);
#429=VECTOR('',#3392,1.);
#430=VECTOR('',#3393,1.);
#431=VECTOR('',#3394,1.);
#432=VECTOR('',#3395,1.);
#433=VECTOR('',#3396,1.);
#434=VECTOR('',#3397,1.);
#435=VECTOR('',#3402,1.);
#436=VECTOR('',#3411,1.);
#437=VECTOR('',#3412,1.);
#438=VECTOR('',#3413,1.);
#439=VECTOR('',#3414,1.);
#440=VECTOR('',#3417,1.);
#441=VECTOR('',#3418,1.);
#442=VECTOR('',#3419,1.);
#443=VECTOR('',#3422,1.);
#444=VECTOR('',#3423,1.);
#445=VECTOR('',#3424,1.);
#446=VECTOR('',#3425,1.);
#447=VECTOR('',#3426,1.);
#448=VECTOR('',#3429,1.);
#449=VECTOR('',#3430,1.);
#450=VECTOR('',#3431,1.);
#451=VECTOR('',#3434,1.);
#452=VECTOR('',#3435,1.);
#453=VECTOR('',#3438,1.);
#454=VECTOR('',#3439,1.);
#455=VECTOR('',#3442,1.);
#456=VECTOR('',#3447,1.);
#457=VECTOR('',#3454,1.);
#458=VECTOR('',#3457,1.);
#459=VECTOR('',#3458,1.);
#460=VECTOR('',#3467,1.);
#461=VECTOR('',#3468,1.);
#462=VECTOR('',#3469,1.);
#463=VECTOR('',#3472,1.);
#464=VECTOR('',#3473,1.);
#465=VECTOR('',#3476,1.);
#466=VECTOR('',#3477,1.);
#467=VECTOR('',#3482,1.);
#468=VECTOR('',#3485,1.);
#469=VECTOR('',#3486,1.);
#470=VECTOR('',#3495,1.);
#471=VECTOR('',#3496,1.);
#472=VECTOR('',#3497,1.);
#473=VECTOR('',#3500,1.);
#474=VECTOR('',#3501,1.);
#475=VECTOR('',#3504,1.);
#476=VECTOR('',#3505,1.);
#477=VECTOR('',#3508,1.);
#478=VECTOR('',#3513,1.);
#479=VECTOR('',#3520,1.);
#480=VECTOR('',#3525,1.);
#481=VECTOR('',#3528,1.);
#482=VECTOR('',#3533,1.);
#483=VECTOR('',#3534,1.);
#484=VECTOR('',#3535,1.);
#485=VECTOR('',#3538,1.);
#486=VECTOR('',#3539,1.);
#487=VECTOR('',#3542,1.);
#488=VECTOR('',#3543,1.);
#489=VECTOR('',#3546,1.);
#490=VECTOR('',#3547,1.);
#491=VECTOR('',#3550,1.);
#492=VECTOR('',#3551,1.);
#493=VECTOR('',#3554,1.);
#494=VECTOR('',#3555,1.);
#495=VECTOR('',#3558,1.);
#496=VECTOR('',#3559,1.);
#497=VECTOR('',#3562,1.);
#498=VECTOR('',#3565,1.);
#499=VECTOR('',#3566,1.);
#500=VECTOR('',#3567,1.);
#501=VECTOR('',#3568,1.);
#502=VECTOR('',#3573,1.);
#503=VECTOR('',#3576,1.);
#504=VECTOR('',#3577,1.);
#505=VECTOR('',#3578,1.);
#506=VECTOR('',#3579,1.);
#507=VECTOR('',#3580,1.);
#508=VECTOR('',#3581,1.);
#509=VECTOR('',#3586,1.);
#510=VECTOR('',#3589,1.);
#511=VECTOR('',#3590,1.);
#512=VECTOR('',#3591,1.);
#513=VECTOR('',#3592,1.);
#514=VECTOR('',#3593,1.);
#515=VECTOR('',#3594,1.);
#516=VECTOR('',#3595,1.);
#517=VECTOR('',#3598,1.);
#518=VECTOR('',#3599,1.);
#519=VECTOR('',#3602,1.);
#520=VECTOR('',#3603,1.);
#521=VECTOR('',#3606,1.);
#522=VECTOR('',#3607,1.);
#523=VECTOR('',#3610,1.);
#524=VECTOR('',#3611,1.);
#525=VECTOR('',#3614,1.);
#526=VECTOR('',#3615,1.);
#527=VECTOR('',#3616,1.);
#528=VECTOR('',#3617,1.);
#529=VECTOR('',#3618,1.);
#530=VECTOR('',#3621,1.);
#531=VECTOR('',#3622,1.);
#532=VECTOR('',#3623,1.);
#533=VECTOR('',#3624,1.);
#534=VECTOR('',#3629,1.);
#535=VECTOR('',#3632,1.);
#536=VECTOR('',#3633,1.);
#537=VECTOR('',#3634,1.);
#538=VECTOR('',#3635,1.);
#539=VECTOR('',#3636,1.);
#540=VECTOR('',#3637,1.);
#541=VECTOR('',#3642,1.);
#542=VECTOR('',#3645,1.);
#543=VECTOR('',#3646,1.);
#544=VECTOR('',#3647,1.);
#545=VECTOR('',#3648,1.);
#546=VECTOR('',#3649,1.);
#547=VECTOR('',#3650,1.);
#548=VECTOR('',#3651,1.);
#549=VECTOR('',#3654,1.);
#550=VECTOR('',#3655,1.);
#551=VECTOR('',#3658,1.);
#552=VECTOR('',#3659,1.);
#553=VECTOR('',#3662,1.);
#554=VECTOR('',#3663,1.);
#555=VECTOR('',#3666,1.);
#556=VECTOR('',#3667,1.);
#557=VECTOR('',#3670,1.);
#558=VECTOR('',#3671,1.);
#559=VECTOR('',#3672,1.);
#560=VECTOR('',#3673,1.);
#561=VECTOR('',#3674,1.);
#562=VECTOR('',#3677,1.);
#563=VECTOR('',#3678,1.);
#564=VECTOR('',#3679,1.);
#565=VECTOR('',#3680,1.);
#566=VECTOR('',#3681,1.);
#567=VECTOR('',#3682,1.);
#568=VECTOR('',#3683,1.);
#569=VECTOR('',#3686,1.);
#570=VECTOR('',#3687,1.);
#571=VECTOR('',#3688,1.);
#572=VECTOR('',#3689,1.);
#573=VECTOR('',#3690,1.);
#574=VECTOR('',#3691,1.);
#575=VECTOR('',#3692,1.);
#576=VECTOR('',#3693,1.);
#577=VECTOR('',#3694,1.);
#578=VECTOR('',#3695,1.);
#579=VECTOR('',#3698,1.);
#580=VECTOR('',#3699,1.);
#581=VECTOR('',#3700,1.);
#582=VECTOR('',#3701,1.);
#583=VECTOR('',#3702,1.);
#584=VECTOR('',#3705,1.);
#585=VECTOR('',#3706,1.);
#586=VECTOR('',#3707,1.);
#587=VECTOR('',#3708,1.);
#588=VECTOR('',#3711,1.);
#589=VECTOR('',#3714,1.);
#590=VECTOR('',#3717,1.);
#591=VECTOR('',#3720,1.);
#592=VECTOR('',#3721,1.);
#593=VECTOR('',#3722,1.);
#594=VECTOR('',#3723,1.);
#595=VECTOR('',#3724,1.);
#596=VECTOR('',#3725,1.);
#597=VECTOR('',#3726,1.);
#598=VECTOR('',#3727,1.);
#599=VECTOR('',#3730,1.);
#600=VECTOR('',#3731,1.);
#601=VECTOR('',#3732,1.);
#602=VECTOR('',#3733,1.);
#603=VECTOR('',#3734,1.);
#604=VECTOR('',#3735,1.);
#605=VECTOR('',#3738,1.);
#606=VECTOR('',#3741,1.);
#607=VECTOR('',#3744,1.);
#608=VECTOR('',#3747,1.);
#609=VECTOR('',#3748,1.);
#610=VECTOR('',#3749,1.);
#611=VECTOR('',#3750,1.);
#612=VECTOR('',#3751,1.);
#613=VECTOR('',#3752,1.);
#614=VECTOR('',#3753,1.);
#615=VECTOR('',#3756,1.);
#616=VECTOR('',#3757,1.);
#617=VECTOR('',#3758,1.);
#618=VECTOR('',#3763,1.);
#619=VECTOR('',#3764,1.);
#620=VECTOR('',#3765,1.);
#621=VECTOR('',#3768,1.);
#622=VECTOR('',#3769,1.);
#623=VECTOR('',#3772,1.);
#624=VECTOR('',#3773,1.);
#625=VECTOR('',#3776,1.);
#626=B_SPLINE_CURVE_WITH_KNOTS('',2,(#3789,#3790,#3791),.UNSPECIFIED.,.F.,
 .F.,(3,3),(0.,1.),.PIECEWISE_BEZIER_KNOTS.);
#627=B_SPLINE_CURVE_WITH_KNOTS('',2,(#3794,#3795,#3796),.UNSPECIFIED.,.F.,
 .F.,(3,3),(0.,1.),.PIECEWISE_BEZIER_KNOTS.);
#628=B_SPLINE_CURVE_WITH_KNOTS('',2,(#3798,#3799,#3800),.UNSPECIFIED.,.F.,
 .F.,(3,3),(0.,1.),.PIECEWISE_BEZIER_KNOTS.);
#629=B_SPLINE_CURVE_WITH_KNOTS('',2,(#3802,#3803,#3804),.UNSPECIFIED.,.F.,
 .F.,(3,3),(0.,1.),.PIECEWISE_BEZIER_KNOTS.);
#630=B_SPLINE_CURVE_WITH_KNOTS('',2,(#3806,#3807,#3808),.UNSPECIFIED.,.F.,
 .F.,(3,3),(0.,1.),.PIECEWISE_BEZIER_KNOTS.);
#631=B_SPLINE_CURVE_WITH_KNOTS('',2,(#3810,#3811,#3812),.UNSPECIFIED.,.F.,
 .F.,(3,3),(0.,1.),.PIECEWISE_BEZIER_KNOTS.);
#632=B_SPLINE_CURVE_WITH_KNOTS('',2,(#3824,#3825,#3826),.UNSPECIFIED.,.F.,
 .F.,(3,3),(0.,1.),.PIECEWISE_BEZIER_KNOTS.);
#633=B_SPLINE_CURVE_WITH_KNOTS('',2,(#3828,#3829,#3830),.UNSPECIFIED.,.F.,
 .F.,(3,3),(0.,1.),.PIECEWISE_BEZIER_KNOTS.);
#634=B_SPLINE_CURVE_WITH_KNOTS('',2,(#3832,#3833,#3834),.UNSPECIFIED.,.F.,
 .F.,(3,3),(0.,1.),.PIECEWISE_BEZIER_KNOTS.);
#635=B_SPLINE_CURVE_WITH_KNOTS('',2,(#3836,#3837,#3838),.UNSPECIFIED.,.F.,
 .F.,(3,3),(0.,1.),.PIECEWISE_BEZIER_KNOTS.);
#636=B_SPLINE_CURVE_WITH_KNOTS('',2,(#3863,#3864,#3865),.UNSPECIFIED.,.F.,
 .F.,(3,3),(0.,1.),.PIECEWISE_BEZIER_KNOTS.);
#637=B_SPLINE_CURVE_WITH_KNOTS('',2,(#3868,#3869,#3870),.UNSPECIFIED.,.F.,
 .F.,(3,3),(0.,1.),.PIECEWISE_BEZIER_KNOTS.);
#638=B_SPLINE_CURVE_WITH_KNOTS('',2,(#3872,#3873,#3874),.UNSPECIFIED.,.F.,
 .F.,(3,3),(0.,1.),.PIECEWISE_BEZIER_KNOTS.);
#639=B_SPLINE_CURVE_WITH_KNOTS('',2,(#3876,#3877,#3878),.UNSPECIFIED.,.F.,
 .F.,(3,3),(0.,1.),.PIECEWISE_BEZIER_KNOTS.);
#640=B_SPLINE_CURVE_WITH_KNOTS('',2,(#3880,#3881,#3882),.UNSPECIFIED.,.F.,
 .F.,(3,3),(0.,1.),.PIECEWISE_BEZIER_KNOTS.);
#641=B_SPLINE_CURVE_WITH_KNOTS('',2,(#3884,#3885,#3886),.UNSPECIFIED.,.F.,
 .F.,(3,3),(0.,1.),.PIECEWISE_BEZIER_KNOTS.);
#642=B_SPLINE_CURVE_WITH_KNOTS('',2,(#3898,#3899,#3900),.UNSPECIFIED.,.F.,
 .F.,(3,3),(0.,1.),.PIECEWISE_BEZIER_KNOTS.);
#643=B_SPLINE_CURVE_WITH_KNOTS('',2,(#3902,#3903,#3904),.UNSPECIFIED.,.F.,
 .F.,(3,3),(0.,1.),.PIECEWISE_BEZIER_KNOTS.);
#644=B_SPLINE_CURVE_WITH_KNOTS('',2,(#3906,#3907,#3908),.UNSPECIFIED.,.F.,
 .F.,(3,3),(0.,1.),.PIECEWISE_BEZIER_KNOTS.);
#645=B_SPLINE_CURVE_WITH_KNOTS('',2,(#3910,#3911,#3912),.UNSPECIFIED.,.F.,
 .F.,(3,3),(0.,1.),.PIECEWISE_BEZIER_KNOTS.);
#646=B_SPLINE_CURVE_WITH_KNOTS('',2,(#3913,#3914,#3915),.UNSPECIFIED.,.F.,
 .F.,(3,3),(0.,1.),.PIECEWISE_BEZIER_KNOTS.);
#647=B_SPLINE_CURVE_WITH_KNOTS('',2,(#3918,#3919,#3920),.UNSPECIFIED.,.F.,
 .F.,(3,3),(0.,1.),.PIECEWISE_BEZIER_KNOTS.);
#648=B_SPLINE_CURVE_WITH_KNOTS('',2,(#3922,#3923,#3924),.UNSPECIFIED.,.F.,
 .F.,(3,3),(0.,1.),.PIECEWISE_BEZIER_KNOTS.);
#649=B_SPLINE_CURVE_WITH_KNOTS('',2,(#3926,#3927,#3928),.UNSPECIFIED.,.F.,
 .F.,(3,3),(0.,1.),.PIECEWISE_BEZIER_KNOTS.);
#650=B_SPLINE_CURVE_WITH_KNOTS('',2,(#3930,#3931,#3932),.UNSPECIFIED.,.F.,
 .F.,(3,3),(0.,1.),.PIECEWISE_BEZIER_KNOTS.);
#651=B_SPLINE_CURVE_WITH_KNOTS('',2,(#3934,#3935,#3936),.UNSPECIFIED.,.F.,
 .F.,(3,3),(0.,1.),.PIECEWISE_BEZIER_KNOTS.);
#652=B_SPLINE_CURVE_WITH_KNOTS('',2,(#3940,#3941,#3942),.UNSPECIFIED.,.F.,
 .F.,(3,3),(0.,1.),.PIECEWISE_BEZIER_KNOTS.);
#653=B_SPLINE_CURVE_WITH_KNOTS('',2,(#3944,#3945,#3946),.UNSPECIFIED.,.F.,
 .F.,(3,3),(0.,1.),.PIECEWISE_BEZIER_KNOTS.);
#654=B_SPLINE_CURVE_WITH_KNOTS('',2,(#3948,#3949,#3950),.UNSPECIFIED.,.F.,
 .F.,(3,3),(0.,1.),.PIECEWISE_BEZIER_KNOTS.);
#655=B_SPLINE_CURVE_WITH_KNOTS('',2,(#3952,#3953,#3954),.UNSPECIFIED.,.F.,
 .F.,(3,3),(0.,1.),.PIECEWISE_BEZIER_KNOTS.);
#656=B_SPLINE_CURVE_WITH_KNOTS('',2,(#3956,#3957,#3958),.UNSPECIFIED.,.F.,
 .F.,(3,3),(0.,1.),.PIECEWISE_BEZIER_KNOTS.);
#657=B_SPLINE_CURVE_WITH_KNOTS('',2,(#3960,#3961,#3962),.UNSPECIFIED.,.F.,
 .F.,(3,3),(0.,1.),.PIECEWISE_BEZIER_KNOTS.);
#658=B_SPLINE_CURVE_WITH_KNOTS('',2,(#3964,#3965,#3966),.UNSPECIFIED.,.F.,
 .F.,(3,3),(0.,1.),.PIECEWISE_BEZIER_KNOTS.);
#659=B_SPLINE_CURVE_WITH_KNOTS('',2,(#3968,#3969,#3970),.UNSPECIFIED.,.F.,
 .F.,(3,3),(0.,1.),.PIECEWISE_BEZIER_KNOTS.);
#660=B_SPLINE_CURVE_WITH_KNOTS('',2,(#3974,#3975,#3976),.UNSPECIFIED.,.F.,
 .F.,(3,3),(0.,1.),.PIECEWISE_BEZIER_KNOTS.);
#661=B_SPLINE_CURVE_WITH_KNOTS('',2,(#3978,#3979,#3980),.UNSPECIFIED.,.F.,
 .F.,(3,3),(0.,1.),.PIECEWISE_BEZIER_KNOTS.);
#662=B_SPLINE_CURVE_WITH_KNOTS('',2,(#3982,#3983,#3984),.UNSPECIFIED.,.F.,
 .F.,(3,3),(0.,1.),.PIECEWISE_BEZIER_KNOTS.);
#663=B_SPLINE_CURVE_WITH_KNOTS('',2,(#3986,#3987,#3988),.UNSPECIFIED.,.F.,
 .F.,(3,3),(0.,1.),.PIECEWISE_BEZIER_KNOTS.);
#664=B_SPLINE_CURVE_WITH_KNOTS('',2,(#3989,#3990,#3991),.UNSPECIFIED.,.F.,
 .F.,(3,3),(0.,1.),.PIECEWISE_BEZIER_KNOTS.);
#665=B_SPLINE_CURVE_WITH_KNOTS('',2,(#3994,#3995,#3996),.UNSPECIFIED.,.F.,
 .F.,(3,3),(0.,1.),.PIECEWISE_BEZIER_KNOTS.);
#666=B_SPLINE_CURVE_WITH_KNOTS('',2,(#3998,#3999,#4000),.UNSPECIFIED.,.F.,
 .F.,(3,3),(0.,1.),.PIECEWISE_BEZIER_KNOTS.);
#667=B_SPLINE_CURVE_WITH_KNOTS('',2,(#4002,#4003,#4004),.UNSPECIFIED.,.F.,
 .F.,(3,3),(0.,1.),.PIECEWISE_BEZIER_KNOTS.);
#668=B_SPLINE_CURVE_WITH_KNOTS('',2,(#4008,#4009,#4010),.UNSPECIFIED.,.F.,
 .F.,(3,3),(0.,1.),.PIECEWISE_BEZIER_KNOTS.);
#669=B_SPLINE_CURVE_WITH_KNOTS('',2,(#4012,#4013,#4014),.UNSPECIFIED.,.F.,
 .F.,(3,3),(0.,1.),.PIECEWISE_BEZIER_KNOTS.);
#670=B_SPLINE_CURVE_WITH_KNOTS('',2,(#4016,#4017,#4018),.UNSPECIFIED.,.F.,
 .F.,(3,3),(0.,1.),.PIECEWISE_BEZIER_KNOTS.);
#671=B_SPLINE_CURVE_WITH_KNOTS('',2,(#4020,#4021,#4022),.UNSPECIFIED.,.F.,
 .F.,(3,3),(0.,1.),.PIECEWISE_BEZIER_KNOTS.);
#672=B_SPLINE_CURVE_WITH_KNOTS('',2,(#4024,#4025,#4026),.UNSPECIFIED.,.F.,
 .F.,(3,3),(0.,1.),.PIECEWISE_BEZIER_KNOTS.);
#673=B_SPLINE_CURVE_WITH_KNOTS('',2,(#4028,#4029,#4030),.UNSPECIFIED.,.F.,
 .F.,(3,3),(0.,1.),.PIECEWISE_BEZIER_KNOTS.);
#674=B_SPLINE_CURVE_WITH_KNOTS('',2,(#4032,#4033,#4034),.UNSPECIFIED.,.F.,
 .F.,(3,3),(0.,1.),.PIECEWISE_BEZIER_KNOTS.);
#675=B_SPLINE_CURVE_WITH_KNOTS('',2,(#4038,#4039,#4040),.UNSPECIFIED.,.F.,
 .F.,(3,3),(0.,1.),.PIECEWISE_BEZIER_KNOTS.);
#676=B_SPLINE_CURVE_WITH_KNOTS('',2,(#4044,#4045,#4046),.UNSPECIFIED.,.F.,
 .F.,(3,3),(0.,1.),.PIECEWISE_BEZIER_KNOTS.);
#677=B_SPLINE_CURVE_WITH_KNOTS('',2,(#4048,#4049,#4050),.UNSPECIFIED.,.F.,
 .F.,(3,3),(0.,1.),.PIECEWISE_BEZIER_KNOTS.);
#678=B_SPLINE_CURVE_WITH_KNOTS('',2,(#4052,#4053,#4054),.UNSPECIFIED.,.F.,
 .F.,(3,3),(0.,1.),.PIECEWISE_BEZIER_KNOTS.);
#679=B_SPLINE_CURVE_WITH_KNOTS('',2,(#4056,#4057,#4058),.UNSPECIFIED.,.F.,
 .F.,(3,3),(0.,1.),.PIECEWISE_BEZIER_KNOTS.);
#680=B_SPLINE_CURVE_WITH_KNOTS('',2,(#4062,#4063,#4064),.UNSPECIFIED.,.F.,
 .F.,(3,3),(0.,1.),.PIECEWISE_BEZIER_KNOTS.);
#681=B_SPLINE_CURVE_WITH_KNOTS('',2,(#4066,#4067,#4068),.UNSPECIFIED.,.F.,
 .F.,(3,3),(0.,1.),.PIECEWISE_BEZIER_KNOTS.);
#682=B_SPLINE_CURVE_WITH_KNOTS('',2,(#4070,#4071,#4072),.UNSPECIFIED.,.F.,
 .F.,(3,3),(0.,1.),.PIECEWISE_BEZIER_KNOTS.);
#683=B_SPLINE_CURVE_WITH_KNOTS('',2,(#4074,#4075,#4076),.UNSPECIFIED.,.F.,
 .F.,(3,3),(0.,1.),.PIECEWISE_BEZIER_KNOTS.);
#684=B_SPLINE_CURVE_WITH_KNOTS('',2,(#4078,#4079,#4080),.UNSPECIFIED.,.F.,
 .F.,(3,3),(0.,1.),.PIECEWISE_BEZIER_KNOTS.);
#685=B_SPLINE_CURVE_WITH_KNOTS('',2,(#4082,#4083,#4084),.UNSPECIFIED.,.F.,
 .F.,(3,3),(0.,1.),.PIECEWISE_BEZIER_KNOTS.);
#686=B_SPLINE_CURVE_WITH_KNOTS('',2,(#4086,#4087,#4088),.UNSPECIFIED.,.F.,
 .F.,(3,3),(0.,1.),.PIECEWISE_BEZIER_KNOTS.);
#687=B_SPLINE_CURVE_WITH_KNOTS('',2,(#4090,#4091,#4092),.UNSPECIFIED.,.F.,
 .F.,(3,3),(0.,1.),.PIECEWISE_BEZIER_KNOTS.);
#688=B_SPLINE_CURVE_WITH_KNOTS('',2,(#4096,#4097,#4098),.UNSPECIFIED.,.F.,
 .F.,(3,3),(0.,1.),.PIECEWISE_BEZIER_KNOTS.);
#689=B_SPLINE_CURVE_WITH_KNOTS('',2,(#4102,#4103,#4104),.UNSPECIFIED.,.F.,
 .F.,(3,3),(0.,1.),.PIECEWISE_BEZIER_KNOTS.);
#690=B_SPLINE_CURVE_WITH_KNOTS('',2,(#4367,#4368,#4369),.UNSPECIFIED.,.F.,
 .F.,(3,3),(0.,1.),.PIECEWISE_BEZIER_KNOTS.);
#691=B_SPLINE_CURVE_WITH_KNOTS('',2,(#4374,#4375,#4376),.UNSPECIFIED.,.F.,
 .F.,(3,3),(0.,1.),.PIECEWISE_BEZIER_KNOTS.);
#692=B_SPLINE_CURVE_WITH_KNOTS('',2,(#4387,#4388,#4389),.UNSPECIFIED.,.F.,
 .F.,(3,3),(0.,1.),.PIECEWISE_BEZIER_KNOTS.);
#693=B_SPLINE_CURVE_WITH_KNOTS('',2,(#4393,#4394,#4395),.UNSPECIFIED.,.F.,
 .F.,(3,3),(0.,1.),.PIECEWISE_BEZIER_KNOTS.);
#694=B_SPLINE_CURVE_WITH_KNOTS('',2,(#4404,#4405,#4406),.UNSPECIFIED.,.F.,
 .F.,(3,3),(0.,1.),.PIECEWISE_BEZIER_KNOTS.);
#695=B_SPLINE_CURVE_WITH_KNOTS('',2,(#4410,#4411,#4412),.UNSPECIFIED.,.F.,
 .F.,(3,3),(0.,1.),.PIECEWISE_BEZIER_KNOTS.);
#696=B_SPLINE_CURVE_WITH_KNOTS('',2,(#4427,#4428,#4429),.UNSPECIFIED.,.F.,
 .F.,(3,3),(0.,1.),.PIECEWISE_BEZIER_KNOTS.);
#697=B_SPLINE_CURVE_WITH_KNOTS('',2,(#4433,#4434,#4435),.UNSPECIFIED.,.F.,
 .F.,(3,3),(0.,1.),.PIECEWISE_BEZIER_KNOTS.);
#698=B_SPLINE_CURVE_WITH_KNOTS('',2,(#4444,#4445,#4446),.UNSPECIFIED.,.F.,
 .F.,(3,3),(0.,1.),.PIECEWISE_BEZIER_KNOTS.);
#699=B_SPLINE_CURVE_WITH_KNOTS('',2,(#4450,#4451,#4452),.UNSPECIFIED.,.F.,
 .F.,(3,3),(0.,1.),.PIECEWISE_BEZIER_KNOTS.);
#700=B_SPLINE_CURVE_WITH_KNOTS('',2,(#4461,#4462,#4463),.UNSPECIFIED.,.F.,
 .F.,(3,3),(0.,1.),.PIECEWISE_BEZIER_KNOTS.);
#701=B_SPLINE_CURVE_WITH_KNOTS('',2,(#4467,#4468,#4469),.UNSPECIFIED.,.F.,
 .F.,(3,3),(0.,1.),.PIECEWISE_BEZIER_KNOTS.);
#702=B_SPLINE_CURVE_WITH_KNOTS('',2,(#4478,#4479,#4480),.UNSPECIFIED.,.F.,
 .F.,(3,3),(0.,1.),.PIECEWISE_BEZIER_KNOTS.);
#703=B_SPLINE_CURVE_WITH_KNOTS('',2,(#4484,#4485,#4486),.UNSPECIFIED.,.F.,
 .F.,(3,3),(0.,1.),.PIECEWISE_BEZIER_KNOTS.);
#704=B_SPLINE_CURVE_WITH_KNOTS('',2,(#4495,#4496,#4497),.UNSPECIFIED.,.F.,
 .F.,(3,3),(0.,1.),.PIECEWISE_BEZIER_KNOTS.);
#705=B_SPLINE_CURVE_WITH_KNOTS('',2,(#4501,#4502,#4503),.UNSPECIFIED.,.F.,
 .F.,(3,3),(0.,1.),.PIECEWISE_BEZIER_KNOTS.);
#706=B_SPLINE_CURVE_WITH_KNOTS('',2,(#4512,#4513,#4514),.UNSPECIFIED.,.F.,
 .F.,(3,3),(0.,1.),.PIECEWISE_BEZIER_KNOTS.);
#707=B_SPLINE_CURVE_WITH_KNOTS('',2,(#4518,#4519,#4520),.UNSPECIFIED.,.F.,
 .F.,(3,3),(0.,1.),.PIECEWISE_BEZIER_KNOTS.);
#708=B_SPLINE_CURVE_WITH_KNOTS('',2,(#4537,#4538,#4539),.UNSPECIFIED.,.F.,
 .F.,(3,3),(0.,1.),.PIECEWISE_BEZIER_KNOTS.);
#709=B_SPLINE_CURVE_WITH_KNOTS('',2,(#4552,#4553,#4554),.UNSPECIFIED.,.F.,
 .F.,(3,3),(0.,1.),.PIECEWISE_BEZIER_KNOTS.);
#710=B_SPLINE_CURVE_WITH_KNOTS('',2,(#4565,#4566,#4567),.UNSPECIFIED.,.F.,
 .F.,(3,3),(0.,1.),.PIECEWISE_BEZIER_KNOTS.);
#711=B_SPLINE_CURVE_WITH_KNOTS('',2,(#4578,#4579,#4580),.UNSPECIFIED.,.F.,
 .F.,(3,3),(0.,1.),.PIECEWISE_BEZIER_KNOTS.);
#712=B_SPLINE_CURVE_WITH_KNOTS('',2,(#4591,#4592,#4593),.UNSPECIFIED.,.F.,
 .F.,(3,3),(0.,1.),.PIECEWISE_BEZIER_KNOTS.);
#713=B_SPLINE_CURVE_WITH_KNOTS('',2,(#4604,#4605,#4606),.UNSPECIFIED.,.F.,
 .F.,(3,3),(0.,1.),.PIECEWISE_BEZIER_KNOTS.);
#714=B_SPLINE_CURVE_WITH_KNOTS('',2,(#4637,#4638,#4639),.UNSPECIFIED.,.F.,
 .F.,(3,3),(0.,1.),.PIECEWISE_BEZIER_KNOTS.);
#715=B_SPLINE_CURVE_WITH_KNOTS('',2,(#4650,#4651,#4652),.UNSPECIFIED.,.F.,
 .F.,(3,3),(0.,1.),.PIECEWISE_BEZIER_KNOTS.);
#716=B_SPLINE_CURVE_WITH_KNOTS('',2,(#4663,#4664,#4665),.UNSPECIFIED.,.F.,
 .F.,(3,3),(0.,1.),.PIECEWISE_BEZIER_KNOTS.);
#717=B_SPLINE_CURVE_WITH_KNOTS('',2,(#4674,#4675,#4676),.UNSPECIFIED.,.F.,
 .F.,(3,3),(0.,1.),.PIECEWISE_BEZIER_KNOTS.);
#718=B_SPLINE_CURVE_WITH_KNOTS('',2,(#4685,#4686,#4687),.UNSPECIFIED.,.F.,
 .F.,(3,3),(0.,1.),.PIECEWISE_BEZIER_KNOTS.);
#719=B_SPLINE_CURVE_WITH_KNOTS('',2,(#4688,#4689,#4690),.UNSPECIFIED.,.F.,
 .F.,(3,3),(0.,1.),.PIECEWISE_BEZIER_KNOTS.);
#720=B_SPLINE_CURVE_WITH_KNOTS('',2,(#4700,#4701,#4702),.UNSPECIFIED.,.F.,
 .F.,(3,3),(0.,1.),.PIECEWISE_BEZIER_KNOTS.);
#721=B_SPLINE_CURVE_WITH_KNOTS('',2,(#4707,#4708,#4709),.UNSPECIFIED.,.F.,
 .F.,(3,3),(0.,1.),.PIECEWISE_BEZIER_KNOTS.);
#722=B_SPLINE_CURVE_WITH_KNOTS('',2,(#4720,#4721,#4722),.UNSPECIFIED.,.F.,
 .F.,(3,3),(0.,1.),.PIECEWISE_BEZIER_KNOTS.);
#723=B_SPLINE_CURVE_WITH_KNOTS('',2,(#4726,#4727,#4728),.UNSPECIFIED.,.F.,
 .F.,(3,3),(0.,1.),.PIECEWISE_BEZIER_KNOTS.);
#724=B_SPLINE_CURVE_WITH_KNOTS('',2,(#4737,#4738,#4739),.UNSPECIFIED.,.F.,
 .F.,(3,3),(0.,1.),.PIECEWISE_BEZIER_KNOTS.);
#725=B_SPLINE_CURVE_WITH_KNOTS('',2,(#4743,#4744,#4745),.UNSPECIFIED.,.F.,
 .F.,(3,3),(0.,1.),.PIECEWISE_BEZIER_KNOTS.);
#726=B_SPLINE_CURVE_WITH_KNOTS('',2,(#4760,#4761,#4762),.UNSPECIFIED.,.F.,
 .F.,(3,3),(0.,1.),.PIECEWISE_BEZIER_KNOTS.);
#727=B_SPLINE_CURVE_WITH_KNOTS('',2,(#4766,#4767,#4768),.UNSPECIFIED.,.F.,
 .F.,(3,3),(0.,1.),.PIECEWISE_BEZIER_KNOTS.);
#728=B_SPLINE_CURVE_WITH_KNOTS('',2,(#4777,#4778,#4779),.UNSPECIFIED.,.F.,
 .F.,(3,3),(0.,1.),.PIECEWISE_BEZIER_KNOTS.);
#729=B_SPLINE_CURVE_WITH_KNOTS('',2,(#4783,#4784,#4785),.UNSPECIFIED.,.F.,
 .F.,(3,3),(0.,1.),.PIECEWISE_BEZIER_KNOTS.);
#730=B_SPLINE_CURVE_WITH_KNOTS('',2,(#4794,#4795,#4796),.UNSPECIFIED.,.F.,
 .F.,(3,3),(0.,1.),.PIECEWISE_BEZIER_KNOTS.);
#731=B_SPLINE_CURVE_WITH_KNOTS('',2,(#4800,#4801,#4802),.UNSPECIFIED.,.F.,
 .F.,(3,3),(0.,1.),.PIECEWISE_BEZIER_KNOTS.);
#732=B_SPLINE_CURVE_WITH_KNOTS('',2,(#4811,#4812,#4813),.UNSPECIFIED.,.F.,
 .F.,(3,3),(0.,1.),.PIECEWISE_BEZIER_KNOTS.);
#733=B_SPLINE_CURVE_WITH_KNOTS('',2,(#4817,#4818,#4819),.UNSPECIFIED.,.F.,
 .F.,(3,3),(0.,1.),.PIECEWISE_BEZIER_KNOTS.);
#734=B_SPLINE_CURVE_WITH_KNOTS('',2,(#4828,#4829,#4830),.UNSPECIFIED.,.F.,
 .F.,(3,3),(0.,1.),.PIECEWISE_BEZIER_KNOTS.);
#735=B_SPLINE_CURVE_WITH_KNOTS('',2,(#4834,#4835,#4836),.UNSPECIFIED.,.F.,
 .F.,(3,3),(0.,1.),.PIECEWISE_BEZIER_KNOTS.);
#736=B_SPLINE_CURVE_WITH_KNOTS('',2,(#4845,#4846,#4847),.UNSPECIFIED.,.F.,
 .F.,(3,3),(0.,1.),.PIECEWISE_BEZIER_KNOTS.);
#737=B_SPLINE_CURVE_WITH_KNOTS('',2,(#4851,#4852,#4853),.UNSPECIFIED.,.F.,
 .F.,(3,3),(0.,1.),.PIECEWISE_BEZIER_KNOTS.);
#738=B_SPLINE_CURVE_WITH_KNOTS('',2,(#4870,#4871,#4872),.UNSPECIFIED.,.F.,
 .F.,(3,3),(0.,1.),.PIECEWISE_BEZIER_KNOTS.);
#739=B_SPLINE_CURVE_WITH_KNOTS('',2,(#4885,#4886,#4887),.UNSPECIFIED.,.F.,
 .F.,(3,3),(0.,1.),.PIECEWISE_BEZIER_KNOTS.);
#740=B_SPLINE_CURVE_WITH_KNOTS('',2,(#4898,#4899,#4900),.UNSPECIFIED.,.F.,
 .F.,(3,3),(0.,1.),.PIECEWISE_BEZIER_KNOTS.);
#741=B_SPLINE_CURVE_WITH_KNOTS('',2,(#4911,#4912,#4913),.UNSPECIFIED.,.F.,
 .F.,(3,3),(0.,1.),.PIECEWISE_BEZIER_KNOTS.);
#742=B_SPLINE_CURVE_WITH_KNOTS('',2,(#4924,#4925,#4926),.UNSPECIFIED.,.F.,
 .F.,(3,3),(0.,1.),.PIECEWISE_BEZIER_KNOTS.);
#743=B_SPLINE_CURVE_WITH_KNOTS('',2,(#4937,#4938,#4939),.UNSPECIFIED.,.F.,
 .F.,(3,3),(0.,1.),.PIECEWISE_BEZIER_KNOTS.);
#744=B_SPLINE_CURVE_WITH_KNOTS('',2,(#4970,#4971,#4972),.UNSPECIFIED.,.F.,
 .F.,(3,3),(0.,1.),.PIECEWISE_BEZIER_KNOTS.);
#745=B_SPLINE_CURVE_WITH_KNOTS('',2,(#4983,#4984,#4985),.UNSPECIFIED.,.F.,
 .F.,(3,3),(0.,1.),.PIECEWISE_BEZIER_KNOTS.);
#746=B_SPLINE_CURVE_WITH_KNOTS('',2,(#4996,#4997,#4998),.UNSPECIFIED.,.F.,
 .F.,(3,3),(0.,1.),.PIECEWISE_BEZIER_KNOTS.);
#747=B_SPLINE_CURVE_WITH_KNOTS('',2,(#5007,#5008,#5009),.UNSPECIFIED.,.F.,
 .F.,(3,3),(0.,1.),.PIECEWISE_BEZIER_KNOTS.);
#748=B_SPLINE_CURVE_WITH_KNOTS('',2,(#5018,#5019,#5020),.UNSPECIFIED.,.F.,
 .F.,(3,3),(0.,1.),.PIECEWISE_BEZIER_KNOTS.);
#749=B_SPLINE_CURVE_WITH_KNOTS('',2,(#5021,#5022,#5023),.UNSPECIFIED.,.F.,
 .F.,(3,3),(0.,1.),.PIECEWISE_BEZIER_KNOTS.);
#750=B_SPLINE_CURVE_WITH_KNOTS('',2,(#5035,#5036,#5037),.UNSPECIFIED.,.F.,
 .F.,(3,3),(0.,1.),.PIECEWISE_BEZIER_KNOTS.);
#751=B_SPLINE_CURVE_WITH_KNOTS('',2,(#5050,#5051,#5052),.UNSPECIFIED.,.F.,
 .F.,(3,3),(0.,1.),.PIECEWISE_BEZIER_KNOTS.);
#752=B_SPLINE_CURVE_WITH_KNOTS('',2,(#5063,#5064,#5065),.UNSPECIFIED.,.F.,
 .F.,(3,3),(0.,1.),.PIECEWISE_BEZIER_KNOTS.);
#753=B_SPLINE_CURVE_WITH_KNOTS('',2,(#5076,#5077,#5078),.UNSPECIFIED.,.F.,
 .F.,(3,3),(0.,1.),.PIECEWISE_BEZIER_KNOTS.);
#754=B_SPLINE_CURVE_WITH_KNOTS('',2,(#5089,#5090,#5091),.UNSPECIFIED.,.F.,
 .F.,(3,3),(0.,1.),.PIECEWISE_BEZIER_KNOTS.);
#755=B_SPLINE_CURVE_WITH_KNOTS('',2,(#5102,#5103,#5104),.UNSPECIFIED.,.F.,
 .F.,(3,3),(0.,1.),.PIECEWISE_BEZIER_KNOTS.);
#756=B_SPLINE_CURVE_WITH_KNOTS('',2,(#5119,#5120,#5121),.UNSPECIFIED.,.F.,
 .F.,(3,3),(0.,1.),.PIECEWISE_BEZIER_KNOTS.);
#757=B_SPLINE_CURVE_WITH_KNOTS('',2,(#5132,#5133,#5134),.UNSPECIFIED.,.F.,
 .F.,(3,3),(0.,1.),.PIECEWISE_BEZIER_KNOTS.);
#758=B_SPLINE_CURVE_WITH_KNOTS('',2,(#5145,#5146,#5147),.UNSPECIFIED.,.F.,
 .F.,(3,3),(0.,1.),.PIECEWISE_BEZIER_KNOTS.);
#759=B_SPLINE_CURVE_WITH_KNOTS('',2,(#5158,#5159,#5160),.UNSPECIFIED.,.F.,
 .F.,(3,3),(0.,1.),.PIECEWISE_BEZIER_KNOTS.);
#760=B_SPLINE_CURVE_WITH_KNOTS('',2,(#5171,#5172,#5173),.UNSPECIFIED.,.F.,
 .F.,(3,3),(0.,1.),.PIECEWISE_BEZIER_KNOTS.);
#761=B_SPLINE_CURVE_WITH_KNOTS('',2,(#5184,#5185,#5186),.UNSPECIFIED.,.F.,
 .F.,(3,3),(0.,1.),.PIECEWISE_BEZIER_KNOTS.);
#762=B_SPLINE_CURVE_WITH_KNOTS('',2,(#5197,#5198,#5199),.UNSPECIFIED.,.F.,
 .F.,(3,3),(0.,1.),.PIECEWISE_BEZIER_KNOTS.);
#763=B_SPLINE_CURVE_WITH_KNOTS('',2,(#5210,#5211,#5212),.UNSPECIFIED.,.F.,
 .F.,(3,3),(0.,1.),.PIECEWISE_BEZIER_KNOTS.);
#764=B_SPLINE_CURVE_WITH_KNOTS('',2,(#5227,#5228,#5229),.UNSPECIFIED.,.F.,
 .F.,(3,3),(0.,1.),.PIECEWISE_BEZIER_KNOTS.);
#765=B_SPLINE_CURVE_WITH_KNOTS('',2,(#5240,#5241,#5242),.UNSPECIFIED.,.F.,
 .F.,(3,3),(0.,1.),.PIECEWISE_BEZIER_KNOTS.);
#766=B_SPLINE_CURVE_WITH_KNOTS('',2,(#5253,#5254,#5255),.UNSPECIFIED.,.F.,
 .F.,(3,3),(0.,1.),.PIECEWISE_BEZIER_KNOTS.);
#767=B_SPLINE_CURVE_WITH_KNOTS('',2,(#5264,#5265,#5266),.UNSPECIFIED.,.F.,
 .F.,(3,3),(0.,1.),.PIECEWISE_BEZIER_KNOTS.);
#768=B_SPLINE_CURVE_WITH_KNOTS('',2,(#5278,#5279,#5280),.UNSPECIFIED.,.F.,
 .F.,(3,3),(0.,1.),.PIECEWISE_BEZIER_KNOTS.);
#769=B_SPLINE_CURVE_WITH_KNOTS('',2,(#5293,#5294,#5295),.UNSPECIFIED.,.F.,
 .F.,(3,3),(0.,1.),.PIECEWISE_BEZIER_KNOTS.);
#770=B_SPLINE_CURVE_WITH_KNOTS('',2,(#5306,#5307,#5308),.UNSPECIFIED.,.F.,
 .F.,(3,3),(0.,1.),.PIECEWISE_BEZIER_KNOTS.);
#771=B_SPLINE_CURVE_WITH_KNOTS('',2,(#5323,#5324,#5325),.UNSPECIFIED.,.F.,
 .F.,(3,3),(0.,1.),.PIECEWISE_BEZIER_KNOTS.);
#772=B_SPLINE_CURVE_WITH_KNOTS('',2,(#5340,#5341,#5342),.UNSPECIFIED.,.F.,
 .F.,(3,3),(0.,1.),.PIECEWISE_BEZIER_KNOTS.);
#773=B_SPLINE_CURVE_WITH_KNOTS('',2,(#5353,#5354,#5355),.UNSPECIFIED.,.F.,
 .F.,(3,3),(0.,1.),.PIECEWISE_BEZIER_KNOTS.);
#774=B_SPLINE_CURVE_WITH_KNOTS('',2,(#5366,#5367,#5368),.UNSPECIFIED.,.F.,
 .F.,(3,3),(0.,1.),.PIECEWISE_BEZIER_KNOTS.);
#775=B_SPLINE_CURVE_WITH_KNOTS('',2,(#5379,#5380,#5381),.UNSPECIFIED.,.F.,
 .F.,(3,3),(0.,1.),.PIECEWISE_BEZIER_KNOTS.);
#776=B_SPLINE_CURVE_WITH_KNOTS('',2,(#5392,#5393,#5394),.UNSPECIFIED.,.F.,
 .F.,(3,3),(0.,1.),.PIECEWISE_BEZIER_KNOTS.);
#777=B_SPLINE_CURVE_WITH_KNOTS('',2,(#5405,#5406,#5407),.UNSPECIFIED.,.F.,
 .F.,(3,3),(0.,1.),.PIECEWISE_BEZIER_KNOTS.);
#778=B_SPLINE_CURVE_WITH_KNOTS('',2,(#5418,#5419,#5420),.UNSPECIFIED.,.F.,
 .F.,(3,3),(0.,1.),.PIECEWISE_BEZIER_KNOTS.);
#779=B_SPLINE_CURVE_WITH_KNOTS('',2,(#5431,#5432,#5433),.UNSPECIFIED.,.F.,
 .F.,(3,3),(0.,1.),.PIECEWISE_BEZIER_KNOTS.);
#780=B_SPLINE_CURVE_WITH_KNOTS('',2,(#5448,#5449,#5450),.UNSPECIFIED.,.F.,
 .F.,(3,3),(0.,1.),.PIECEWISE_BEZIER_KNOTS.);
#781=B_SPLINE_CURVE_WITH_KNOTS('',2,(#5461,#5462,#5463),.UNSPECIFIED.,.F.,
 .F.,(3,3),(0.,1.),.PIECEWISE_BEZIER_KNOTS.);
#782=B_SPLINE_CURVE_WITH_KNOTS('',2,(#5474,#5475,#5476),.UNSPECIFIED.,.F.,
 .F.,(3,3),(0.,1.),.PIECEWISE_BEZIER_KNOTS.);
#783=B_SPLINE_CURVE_WITH_KNOTS('',2,(#5487,#5488,#5489),.UNSPECIFIED.,.F.,
 .F.,(3,3),(0.,1.),.PIECEWISE_BEZIER_KNOTS.);
#784=B_SPLINE_CURVE_WITH_KNOTS('',2,(#5504,#5505,#5506),.UNSPECIFIED.,.F.,
 .F.,(3,3),(0.,1.),.PIECEWISE_BEZIER_KNOTS.);
#785=B_SPLINE_CURVE_WITH_KNOTS('',2,(#5521,#5522,#5523),.UNSPECIFIED.,.F.,
 .F.,(3,3),(0.,1.),.PIECEWISE_BEZIER_KNOTS.);
#786=B_SPLINE_CURVE_WITH_KNOTS('',2,(#5534,#5535,#5536),.UNSPECIFIED.,.F.,
 .F.,(3,3),(0.,1.),.PIECEWISE_BEZIER_KNOTS.);
#787=B_SPLINE_CURVE_WITH_KNOTS('',2,(#5547,#5548,#5549),.UNSPECIFIED.,.F.,
 .F.,(3,3),(0.,1.),.PIECEWISE_BEZIER_KNOTS.);
#788=B_SPLINE_CURVE_WITH_KNOTS('',2,(#5560,#5561,#5562),.UNSPECIFIED.,.F.,
 .F.,(3,3),(0.,1.),.PIECEWISE_BEZIER_KNOTS.);
#789=B_SPLINE_CURVE_WITH_KNOTS('',2,(#5573,#5574,#5575),.UNSPECIFIED.,.F.,
 .F.,(3,3),(0.,1.),.PIECEWISE_BEZIER_KNOTS.);
#790=B_SPLINE_CURVE_WITH_KNOTS('',2,(#5586,#5587,#5588),.UNSPECIFIED.,.F.,
 .F.,(3,3),(0.,1.),.PIECEWISE_BEZIER_KNOTS.);
#791=B_SPLINE_CURVE_WITH_KNOTS('',2,(#5599,#5600,#5601),.UNSPECIFIED.,.F.,
 .F.,(3,3),(0.,1.),.PIECEWISE_BEZIER_KNOTS.);
#792=B_SPLINE_CURVE_WITH_KNOTS('',2,(#5616,#5617,#5618),.UNSPECIFIED.,.F.,
 .F.,(3,3),(0.,1.),.PIECEWISE_BEZIER_KNOTS.);
#793=B_SPLINE_CURVE_WITH_KNOTS('',2,(#5627,#5628,#5629),.UNSPECIFIED.,.F.,
 .F.,(3,3),(0.,1.),.PIECEWISE_BEZIER_KNOTS.);
#794=ORIENTED_EDGE('',*,*,#1720,.T.);
#795=ORIENTED_EDGE('',*,*,#1721,.T.);
#796=ORIENTED_EDGE('',*,*,#1722,.T.);
#797=ORIENTED_EDGE('',*,*,#1723,.T.);
#798=ORIENTED_EDGE('',*,*,#1724,.T.);
#799=ORIENTED_EDGE('',*,*,#1725,.T.);
#800=ORIENTED_EDGE('',*,*,#1726,.T.);
#801=ORIENTED_EDGE('',*,*,#1727,.T.);
#802=ORIENTED_EDGE('',*,*,#1728,.T.);
#803=ORIENTED_EDGE('',*,*,#1729,.T.);
#804=ORIENTED_EDGE('',*,*,#1730,.T.);
#805=ORIENTED_EDGE('',*,*,#1731,.T.);
#806=ORIENTED_EDGE('',*,*,#1732,.T.);
#807=ORIENTED_EDGE('',*,*,#1733,.T.);
#808=ORIENTED_EDGE('',*,*,#1734,.T.);
#809=ORIENTED_EDGE('',*,*,#1735,.T.);
#810=ORIENTED_EDGE('',*,*,#1736,.T.);
#811=ORIENTED_EDGE('',*,*,#1737,.T.);
#812=ORIENTED_EDGE('',*,*,#1738,.F.);
#813=ORIENTED_EDGE('',*,*,#1739,.F.);
#814=ORIENTED_EDGE('',*,*,#1740,.T.);
#815=ORIENTED_EDGE('',*,*,#1741,.T.);
#816=ORIENTED_EDGE('',*,*,#1742,.F.);
#817=ORIENTED_EDGE('',*,*,#1743,.F.);
#818=ORIENTED_EDGE('',*,*,#1744,.F.);
#819=ORIENTED_EDGE('',*,*,#1745,.T.);
#820=ORIENTED_EDGE('',*,*,#1746,.T.);
#821=ORIENTED_EDGE('',*,*,#1747,.F.);
#822=ORIENTED_EDGE('',*,*,#1748,.T.);
#823=ORIENTED_EDGE('',*,*,#1749,.T.);
#824=ORIENTED_EDGE('',*,*,#1750,.T.);
#825=ORIENTED_EDGE('',*,*,#1751,.T.);
#826=ORIENTED_EDGE('',*,*,#1752,.T.);
#827=ORIENTED_EDGE('',*,*,#1753,.T.);
#828=ORIENTED_EDGE('',*,*,#1754,.T.);
#829=ORIENTED_EDGE('',*,*,#1755,.T.);
#830=ORIENTED_EDGE('',*,*,#1756,.T.);
#831=ORIENTED_EDGE('',*,*,#1757,.T.);
#832=ORIENTED_EDGE('',*,*,#1758,.T.);
#833=ORIENTED_EDGE('',*,*,#1759,.T.);
#834=ORIENTED_EDGE('',*,*,#1760,.T.);
#835=ORIENTED_EDGE('',*,*,#1761,.T.);
#836=ORIENTED_EDGE('',*,*,#1762,.T.);
#837=ORIENTED_EDGE('',*,*,#1763,.T.);
#838=ORIENTED_EDGE('',*,*,#1764,.T.);
#839=ORIENTED_EDGE('',*,*,#1765,.T.);
#840=ORIENTED_EDGE('',*,*,#1766,.T.);
#841=ORIENTED_EDGE('',*,*,#1767,.T.);
#842=ORIENTED_EDGE('',*,*,#1768,.T.);
#843=ORIENTED_EDGE('',*,*,#1769,.T.);
#844=ORIENTED_EDGE('',*,*,#1770,.T.);
#845=ORIENTED_EDGE('',*,*,#1771,.T.);
#846=ORIENTED_EDGE('',*,*,#1772,.T.);
#847=ORIENTED_EDGE('',*,*,#1773,.T.);
#848=ORIENTED_EDGE('',*,*,#1774,.T.);
#849=ORIENTED_EDGE('',*,*,#1775,.T.);
#850=ORIENTED_EDGE('',*,*,#1776,.T.);
#851=ORIENTED_EDGE('',*,*,#1777,.T.);
#852=ORIENTED_EDGE('',*,*,#1778,.T.);
#853=ORIENTED_EDGE('',*,*,#1779,.T.);
#854=ORIENTED_EDGE('',*,*,#1780,.T.);
#855=ORIENTED_EDGE('',*,*,#1781,.T.);
#856=ORIENTED_EDGE('',*,*,#1782,.T.);
#857=ORIENTED_EDGE('',*,*,#1783,.T.);
#858=ORIENTED_EDGE('',*,*,#1784,.T.);
#859=ORIENTED_EDGE('',*,*,#1785,.T.);
#860=ORIENTED_EDGE('',*,*,#1786,.T.);
#861=ORIENTED_EDGE('',*,*,#1787,.T.);
#862=ORIENTED_EDGE('',*,*,#1788,.T.);
#863=ORIENTED_EDGE('',*,*,#1789,.T.);
#864=ORIENTED_EDGE('',*,*,#1790,.T.);
#865=ORIENTED_EDGE('',*,*,#1791,.T.);
#866=ORIENTED_EDGE('',*,*,#1792,.T.);
#867=ORIENTED_EDGE('',*,*,#1793,.T.);
#868=ORIENTED_EDGE('',*,*,#1794,.T.);
#869=ORIENTED_EDGE('',*,*,#1795,.T.);
#870=ORIENTED_EDGE('',*,*,#1796,.T.);
#871=ORIENTED_EDGE('',*,*,#1797,.T.);
#872=ORIENTED_EDGE('',*,*,#1798,.T.);
#873=ORIENTED_EDGE('',*,*,#1799,.T.);
#874=ORIENTED_EDGE('',*,*,#1800,.T.);
#875=ORIENTED_EDGE('',*,*,#1801,.T.);
#876=ORIENTED_EDGE('',*,*,#1802,.T.);
#877=ORIENTED_EDGE('',*,*,#1803,.T.);
#878=ORIENTED_EDGE('',*,*,#1804,.T.);
#879=ORIENTED_EDGE('',*,*,#1805,.T.);
#880=ORIENTED_EDGE('',*,*,#1806,.T.);
#881=ORIENTED_EDGE('',*,*,#1807,.T.);
#882=ORIENTED_EDGE('',*,*,#1808,.T.);
#883=ORIENTED_EDGE('',*,*,#1809,.T.);
#884=ORIENTED_EDGE('',*,*,#1810,.T.);
#885=ORIENTED_EDGE('',*,*,#1811,.T.);
#886=ORIENTED_EDGE('',*,*,#1812,.T.);
#887=ORIENTED_EDGE('',*,*,#1813,.T.);
#888=ORIENTED_EDGE('',*,*,#1814,.T.);
#889=ORIENTED_EDGE('',*,*,#1815,.T.);
#890=ORIENTED_EDGE('',*,*,#1816,.T.);
#891=ORIENTED_EDGE('',*,*,#1817,.T.);
#892=ORIENTED_EDGE('',*,*,#1818,.T.);
#893=ORIENTED_EDGE('',*,*,#1819,.F.);
#894=ORIENTED_EDGE('',*,*,#1820,.F.);
#895=ORIENTED_EDGE('',*,*,#1743,.T.);
#896=ORIENTED_EDGE('',*,*,#1821,.T.);
#897=ORIENTED_EDGE('',*,*,#1822,.F.);
#898=ORIENTED_EDGE('',*,*,#1823,.F.);
#899=ORIENTED_EDGE('',*,*,#1744,.T.);
#900=ORIENTED_EDGE('',*,*,#1820,.T.);
#901=ORIENTED_EDGE('',*,*,#1824,.T.);
#902=ORIENTED_EDGE('',*,*,#1825,.F.);
#903=ORIENTED_EDGE('',*,*,#1745,.F.);
#904=ORIENTED_EDGE('',*,*,#1823,.T.);
#905=ORIENTED_EDGE('',*,*,#1826,.F.);
#906=ORIENTED_EDGE('',*,*,#1827,.F.);
#907=ORIENTED_EDGE('',*,*,#1739,.T.);
#908=ORIENTED_EDGE('',*,*,#1828,.T.);
#909=ORIENTED_EDGE('',*,*,#1829,.T.);
#910=ORIENTED_EDGE('',*,*,#1830,.F.);
#911=ORIENTED_EDGE('',*,*,#1740,.F.);
#912=ORIENTED_EDGE('',*,*,#1827,.T.);
#913=ORIENTED_EDGE('',*,*,#1831,.T.);
#914=ORIENTED_EDGE('',*,*,#1832,.F.);
#915=ORIENTED_EDGE('',*,*,#1741,.F.);
#916=ORIENTED_EDGE('',*,*,#1830,.T.);
#917=ORIENTED_EDGE('',*,*,#1833,.T.);
#918=ORIENTED_EDGE('',*,*,#1834,.F.);
#919=ORIENTED_EDGE('',*,*,#1736,.F.);
#920=ORIENTED_EDGE('',*,*,#1835,.T.);
#921=ORIENTED_EDGE('',*,*,#1836,.T.);
#922=ORIENTED_EDGE('',*,*,#1837,.T.);
#923=ORIENTED_EDGE('',*,*,#1838,.T.);
#924=ORIENTED_EDGE('',*,*,#1839,.F.);
#925=ORIENTED_EDGE('',*,*,#1840,.T.);
#926=ORIENTED_EDGE('',*,*,#1841,.T.);
#927=ORIENTED_EDGE('',*,*,#1842,.T.);
#928=ORIENTED_EDGE('',*,*,#1843,.F.);
#929=ORIENTED_EDGE('',*,*,#1737,.F.);
#930=ORIENTED_EDGE('',*,*,#1834,.T.);
#931=ORIENTED_EDGE('',*,*,#1844,.T.);
#932=ORIENTED_EDGE('',*,*,#1845,.F.);
#933=ORIENTED_EDGE('',*,*,#1846,.T.);
#934=ORIENTED_EDGE('',*,*,#1821,.F.);
#935=ORIENTED_EDGE('',*,*,#1746,.F.);
#936=ORIENTED_EDGE('',*,*,#1825,.T.);
#937=ORIENTED_EDGE('',*,*,#1847,.F.);
#938=ORIENTED_EDGE('',*,*,#1828,.F.);
#939=ORIENTED_EDGE('',*,*,#1742,.T.);
#940=ORIENTED_EDGE('',*,*,#1832,.T.);
#941=ORIENTED_EDGE('',*,*,#1848,.F.);
#942=ORIENTED_EDGE('',*,*,#1835,.F.);
#943=ORIENTED_EDGE('',*,*,#1738,.T.);
#944=ORIENTED_EDGE('',*,*,#1843,.T.);
#945=ORIENTED_EDGE('',*,*,#1747,.T.);
#946=ORIENTED_EDGE('',*,*,#1849,.F.);
#947=ORIENTED_EDGE('',*,*,#1850,.T.);
#948=ORIENTED_EDGE('',*,*,#1851,.F.);
#949=ORIENTED_EDGE('',*,*,#1852,.F.);
#950=ORIENTED_EDGE('',*,*,#1853,.T.);
#951=ORIENTED_EDGE('',*,*,#1854,.T.);
#952=ORIENTED_EDGE('',*,*,#1855,.F.);
#953=ORIENTED_EDGE('',*,*,#1856,.T.);
#954=ORIENTED_EDGE('',*,*,#1857,.T.);
#955=ORIENTED_EDGE('',*,*,#1858,.F.);
#956=ORIENTED_EDGE('',*,*,#1859,.T.);
#957=ORIENTED_EDGE('',*,*,#1860,.T.);
#958=ORIENTED_EDGE('',*,*,#1844,.F.);
#959=ORIENTED_EDGE('',*,*,#1833,.F.);
#960=ORIENTED_EDGE('',*,*,#1848,.T.);
#961=ORIENTED_EDGE('',*,*,#1842,.F.);
#962=ORIENTED_EDGE('',*,*,#1861,.F.);
#963=ORIENTED_EDGE('',*,*,#1862,.T.);
#964=ORIENTED_EDGE('',*,*,#1863,.T.);
#965=ORIENTED_EDGE('',*,*,#1864,.T.);
#966=ORIENTED_EDGE('',*,*,#1838,.F.);
#967=ORIENTED_EDGE('',*,*,#1865,.F.);
#968=ORIENTED_EDGE('',*,*,#1866,.T.);
#969=ORIENTED_EDGE('',*,*,#1867,.T.);
#970=ORIENTED_EDGE('',*,*,#1868,.F.);
#971=ORIENTED_EDGE('',*,*,#1869,.T.);
#972=ORIENTED_EDGE('',*,*,#1870,.T.);
#973=ORIENTED_EDGE('',*,*,#1871,.T.);
#974=ORIENTED_EDGE('',*,*,#1872,.F.);
#975=ORIENTED_EDGE('',*,*,#1873,.T.);
#976=ORIENTED_EDGE('',*,*,#1874,.T.);
#977=ORIENTED_EDGE('',*,*,#1875,.T.);
#978=ORIENTED_EDGE('',*,*,#1876,.F.);
#979=ORIENTED_EDGE('',*,*,#1877,.F.);
#980=ORIENTED_EDGE('',*,*,#1878,.F.);
#981=ORIENTED_EDGE('',*,*,#1879,.T.);
#982=ORIENTED_EDGE('',*,*,#1880,.T.);
#983=ORIENTED_EDGE('',*,*,#1826,.T.);
#984=ORIENTED_EDGE('',*,*,#1847,.T.);
#985=ORIENTED_EDGE('',*,*,#1831,.F.);
#986=ORIENTED_EDGE('',*,*,#1829,.F.);
#987=ORIENTED_EDGE('',*,*,#1819,.T.);
#988=ORIENTED_EDGE('',*,*,#1846,.F.);
#989=ORIENTED_EDGE('',*,*,#1824,.F.);
#990=ORIENTED_EDGE('',*,*,#1822,.T.);
#991=ORIENTED_EDGE('',*,*,#1849,.T.);
#992=ORIENTED_EDGE('',*,*,#1878,.T.);
#993=ORIENTED_EDGE('',*,*,#1881,.F.);
#994=ORIENTED_EDGE('',*,*,#1882,.F.);
#995=ORIENTED_EDGE('',*,*,#1883,.T.);
#996=ORIENTED_EDGE('',*,*,#1879,.F.);
#997=ORIENTED_EDGE('',*,*,#1883,.F.);
#998=ORIENTED_EDGE('',*,*,#1884,.T.);
#999=ORIENTED_EDGE('',*,*,#1885,.T.);
#1000=ORIENTED_EDGE('',*,*,#1880,.F.);
#1001=ORIENTED_EDGE('',*,*,#1885,.F.);
#1002=ORIENTED_EDGE('',*,*,#1886,.T.);
#1003=ORIENTED_EDGE('',*,*,#1887,.T.);
#1004=ORIENTED_EDGE('',*,*,#1877,.T.);
#1005=ORIENTED_EDGE('',*,*,#1887,.F.);
#1006=ORIENTED_EDGE('',*,*,#1888,.F.);
#1007=ORIENTED_EDGE('',*,*,#1881,.T.);
#1008=ORIENTED_EDGE('',*,*,#1882,.T.);
#1009=ORIENTED_EDGE('',*,*,#1888,.T.);
#1010=ORIENTED_EDGE('',*,*,#1886,.F.);
#1011=ORIENTED_EDGE('',*,*,#1884,.F.);
#1012=ORIENTED_EDGE('',*,*,#1864,.F.);
#1013=ORIENTED_EDGE('',*,*,#1889,.F.);
#1014=ORIENTED_EDGE('',*,*,#1890,.T.);
#1015=ORIENTED_EDGE('',*,*,#1839,.T.);
#1016=ORIENTED_EDGE('',*,*,#1861,.T.);
#1017=ORIENTED_EDGE('',*,*,#1841,.F.);
#1018=ORIENTED_EDGE('',*,*,#1891,.F.);
#1019=ORIENTED_EDGE('',*,*,#1892,.T.);
#1020=ORIENTED_EDGE('',*,*,#1862,.F.);
#1021=ORIENTED_EDGE('',*,*,#1892,.F.);
#1022=ORIENTED_EDGE('',*,*,#1893,.T.);
#1023=ORIENTED_EDGE('',*,*,#1894,.T.);
#1024=ORIENTED_EDGE('',*,*,#1863,.F.);
#1025=ORIENTED_EDGE('',*,*,#1894,.F.);
#1026=ORIENTED_EDGE('',*,*,#1895,.T.);
#1027=ORIENTED_EDGE('',*,*,#1889,.T.);
#1028=ORIENTED_EDGE('',*,*,#1890,.F.);
#1029=ORIENTED_EDGE('',*,*,#1895,.F.);
#1030=ORIENTED_EDGE('',*,*,#1893,.F.);
#1031=ORIENTED_EDGE('',*,*,#1891,.T.);
#1032=ORIENTED_EDGE('',*,*,#1840,.F.);
#1033=ORIENTED_EDGE('',*,*,#1872,.T.);
#1034=ORIENTED_EDGE('',*,*,#1896,.F.);
#1035=ORIENTED_EDGE('',*,*,#1897,.F.);
#1036=ORIENTED_EDGE('',*,*,#1898,.T.);
#1037=ORIENTED_EDGE('',*,*,#1873,.F.);
#1038=ORIENTED_EDGE('',*,*,#1898,.F.);
#1039=ORIENTED_EDGE('',*,*,#1899,.T.);
#1040=ORIENTED_EDGE('',*,*,#1900,.T.);
#1041=ORIENTED_EDGE('',*,*,#1874,.F.);
#1042=ORIENTED_EDGE('',*,*,#1900,.F.);
#1043=ORIENTED_EDGE('',*,*,#1901,.T.);
#1044=ORIENTED_EDGE('',*,*,#1902,.T.);
#1045=ORIENTED_EDGE('',*,*,#1875,.F.);
#1046=ORIENTED_EDGE('',*,*,#1902,.F.);
#1047=ORIENTED_EDGE('',*,*,#1903,.T.);
#1048=ORIENTED_EDGE('',*,*,#1904,.T.);
#1049=ORIENTED_EDGE('',*,*,#1876,.T.);
#1050=ORIENTED_EDGE('',*,*,#1904,.F.);
#1051=ORIENTED_EDGE('',*,*,#1905,.F.);
#1052=ORIENTED_EDGE('',*,*,#1906,.T.);
#1053=ORIENTED_EDGE('',*,*,#1871,.F.);
#1054=ORIENTED_EDGE('',*,*,#1906,.F.);
#1055=ORIENTED_EDGE('',*,*,#1907,.T.);
#1056=ORIENTED_EDGE('',*,*,#1896,.T.);
#1057=ORIENTED_EDGE('',*,*,#1897,.T.);
#1058=ORIENTED_EDGE('',*,*,#1907,.F.);
#1059=ORIENTED_EDGE('',*,*,#1905,.T.);
#1060=ORIENTED_EDGE('',*,*,#1903,.F.);
#1061=ORIENTED_EDGE('',*,*,#1901,.F.);
#1062=ORIENTED_EDGE('',*,*,#1899,.F.);
#1063=ORIENTED_EDGE('',*,*,#1868,.T.);
#1064=ORIENTED_EDGE('',*,*,#1908,.F.);
#1065=ORIENTED_EDGE('',*,*,#1909,.F.);
#1066=ORIENTED_EDGE('',*,*,#1910,.T.);
#1067=ORIENTED_EDGE('',*,*,#1869,.F.);
#1068=ORIENTED_EDGE('',*,*,#1910,.F.);
#1069=ORIENTED_EDGE('',*,*,#1911,.T.);
#1070=ORIENTED_EDGE('',*,*,#1912,.T.);
#1071=ORIENTED_EDGE('',*,*,#1870,.F.);
#1072=ORIENTED_EDGE('',*,*,#1912,.F.);
#1073=ORIENTED_EDGE('',*,*,#1913,.T.);
#1074=ORIENTED_EDGE('',*,*,#1914,.T.);
#1075=ORIENTED_EDGE('',*,*,#1867,.F.);
#1076=ORIENTED_EDGE('',*,*,#1914,.F.);
#1077=ORIENTED_EDGE('',*,*,#1915,.T.);
#1078=ORIENTED_EDGE('',*,*,#1908,.T.);
#1079=ORIENTED_EDGE('',*,*,#1909,.T.);
#1080=ORIENTED_EDGE('',*,*,#1915,.F.);
#1081=ORIENTED_EDGE('',*,*,#1913,.F.);
#1082=ORIENTED_EDGE('',*,*,#1911,.F.);
#1083=ORIENTED_EDGE('',*,*,#1860,.F.);
#1084=ORIENTED_EDGE('',*,*,#1916,.F.);
#1085=ORIENTED_EDGE('',*,*,#1917,.T.);
#1086=ORIENTED_EDGE('',*,*,#1845,.T.);
#1087=ORIENTED_EDGE('',*,*,#1865,.T.);
#1088=ORIENTED_EDGE('',*,*,#1837,.F.);
#1089=ORIENTED_EDGE('',*,*,#1918,.F.);
#1090=ORIENTED_EDGE('',*,*,#1919,.T.);
#1091=ORIENTED_EDGE('',*,*,#1866,.F.);
#1092=ORIENTED_EDGE('',*,*,#1919,.F.);
#1093=ORIENTED_EDGE('',*,*,#1920,.T.);
#1094=ORIENTED_EDGE('',*,*,#1921,.T.);
#1095=ORIENTED_EDGE('',*,*,#1859,.F.);
#1096=ORIENTED_EDGE('',*,*,#1921,.F.);
#1097=ORIENTED_EDGE('',*,*,#1922,.T.);
#1098=ORIENTED_EDGE('',*,*,#1916,.T.);
#1099=ORIENTED_EDGE('',*,*,#1917,.F.);
#1100=ORIENTED_EDGE('',*,*,#1922,.F.);
#1101=ORIENTED_EDGE('',*,*,#1920,.F.);
#1102=ORIENTED_EDGE('',*,*,#1918,.T.);
#1103=ORIENTED_EDGE('',*,*,#1836,.F.);
#1104=ORIENTED_EDGE('',*,*,#1852,.T.);
#1105=ORIENTED_EDGE('',*,*,#1923,.F.);
#1106=ORIENTED_EDGE('',*,*,#1924,.F.);
#1107=ORIENTED_EDGE('',*,*,#1925,.T.);
#1108=ORIENTED_EDGE('',*,*,#1853,.F.);
#1109=ORIENTED_EDGE('',*,*,#1925,.F.);
#1110=ORIENTED_EDGE('',*,*,#1926,.T.);
#1111=ORIENTED_EDGE('',*,*,#1927,.T.);
#1112=ORIENTED_EDGE('',*,*,#1854,.F.);
#1113=ORIENTED_EDGE('',*,*,#1927,.F.);
#1114=ORIENTED_EDGE('',*,*,#1928,.T.);
#1115=ORIENTED_EDGE('',*,*,#1929,.T.);
#1116=ORIENTED_EDGE('',*,*,#1855,.T.);
#1117=ORIENTED_EDGE('',*,*,#1929,.F.);
#1118=ORIENTED_EDGE('',*,*,#1930,.F.);
#1119=ORIENTED_EDGE('',*,*,#1931,.T.);
#1120=ORIENTED_EDGE('',*,*,#1856,.F.);
#1121=ORIENTED_EDGE('',*,*,#1931,.F.);
#1122=ORIENTED_EDGE('',*,*,#1932,.T.);
#1123=ORIENTED_EDGE('',*,*,#1933,.T.);
#1124=ORIENTED_EDGE('',*,*,#1857,.F.);
#1125=ORIENTED_EDGE('',*,*,#1933,.F.);
#1126=ORIENTED_EDGE('',*,*,#1934,.T.);
#1127=ORIENTED_EDGE('',*,*,#1935,.T.);
#1128=ORIENTED_EDGE('',*,*,#1858,.T.);
#1129=ORIENTED_EDGE('',*,*,#1935,.F.);
#1130=ORIENTED_EDGE('',*,*,#1936,.F.);
#1131=ORIENTED_EDGE('',*,*,#1937,.T.);
#1132=ORIENTED_EDGE('',*,*,#1851,.T.);
#1133=ORIENTED_EDGE('',*,*,#1937,.F.);
#1134=ORIENTED_EDGE('',*,*,#1938,.F.);
#1135=ORIENTED_EDGE('',*,*,#1923,.T.);
#1136=ORIENTED_EDGE('',*,*,#1924,.T.);
#1137=ORIENTED_EDGE('',*,*,#1938,.T.);
#1138=ORIENTED_EDGE('',*,*,#1936,.T.);
#1139=ORIENTED_EDGE('',*,*,#1934,.F.);
#1140=ORIENTED_EDGE('',*,*,#1932,.F.);
#1141=ORIENTED_EDGE('',*,*,#1930,.T.);
#1142=ORIENTED_EDGE('',*,*,#1928,.F.);
#1143=ORIENTED_EDGE('',*,*,#1926,.F.);
#1144=ORIENTED_EDGE('',*,*,#1939,.F.);
#1145=ORIENTED_EDGE('',*,*,#1940,.F.);
#1146=ORIENTED_EDGE('',*,*,#1941,.T.);
#1147=ORIENTED_EDGE('',*,*,#1942,.T.);
#1148=ORIENTED_EDGE('',*,*,#1943,.F.);
#1149=ORIENTED_EDGE('',*,*,#1944,.F.);
#1150=ORIENTED_EDGE('',*,*,#1945,.T.);
#1151=ORIENTED_EDGE('',*,*,#1940,.T.);
#1152=ORIENTED_EDGE('',*,*,#1946,.F.);
#1153=ORIENTED_EDGE('',*,*,#1947,.F.);
#1154=ORIENTED_EDGE('',*,*,#1948,.T.);
#1155=ORIENTED_EDGE('',*,*,#1944,.T.);
#1156=ORIENTED_EDGE('',*,*,#1949,.F.);
#1157=ORIENTED_EDGE('',*,*,#1950,.F.);
#1158=ORIENTED_EDGE('',*,*,#1951,.T.);
#1159=ORIENTED_EDGE('',*,*,#1947,.T.);
#1160=ORIENTED_EDGE('',*,*,#1952,.F.);
#1161=ORIENTED_EDGE('',*,*,#1953,.F.);
#1162=ORIENTED_EDGE('',*,*,#1954,.T.);
#1163=ORIENTED_EDGE('',*,*,#1950,.T.);
#1164=ORIENTED_EDGE('',*,*,#1955,.F.);
#1165=ORIENTED_EDGE('',*,*,#1956,.F.);
#1166=ORIENTED_EDGE('',*,*,#1957,.T.);
#1167=ORIENTED_EDGE('',*,*,#1953,.T.);
#1168=ORIENTED_EDGE('',*,*,#1958,.F.);
#1169=ORIENTED_EDGE('',*,*,#1959,.F.);
#1170=ORIENTED_EDGE('',*,*,#1960,.T.);
#1171=ORIENTED_EDGE('',*,*,#1956,.T.);
#1172=ORIENTED_EDGE('',*,*,#1961,.F.);
#1173=ORIENTED_EDGE('',*,*,#1962,.F.);
#1174=ORIENTED_EDGE('',*,*,#1963,.T.);
#1175=ORIENTED_EDGE('',*,*,#1959,.T.);
#1176=ORIENTED_EDGE('',*,*,#1964,.F.);
#1177=ORIENTED_EDGE('',*,*,#1965,.F.);
#1178=ORIENTED_EDGE('',*,*,#1966,.T.);
#1179=ORIENTED_EDGE('',*,*,#1962,.T.);
#1180=ORIENTED_EDGE('',*,*,#1967,.F.);
#1181=ORIENTED_EDGE('',*,*,#1968,.F.);
#1182=ORIENTED_EDGE('',*,*,#1969,.T.);
#1183=ORIENTED_EDGE('',*,*,#1965,.T.);
#1184=ORIENTED_EDGE('',*,*,#1970,.F.);
#1185=ORIENTED_EDGE('',*,*,#1971,.F.);
#1186=ORIENTED_EDGE('',*,*,#1972,.T.);
#1187=ORIENTED_EDGE('',*,*,#1968,.T.);
#1188=ORIENTED_EDGE('',*,*,#1722,.F.);
#1189=ORIENTED_EDGE('',*,*,#1973,.F.);
#1190=ORIENTED_EDGE('',*,*,#1974,.T.);
#1191=ORIENTED_EDGE('',*,*,#1975,.T.);
#1192=ORIENTED_EDGE('',*,*,#1721,.F.);
#1193=ORIENTED_EDGE('',*,*,#1976,.F.);
#1194=ORIENTED_EDGE('',*,*,#1977,.T.);
#1195=ORIENTED_EDGE('',*,*,#1973,.T.);
#1196=ORIENTED_EDGE('',*,*,#1735,.F.);
#1197=ORIENTED_EDGE('',*,*,#1978,.F.);
#1198=ORIENTED_EDGE('',*,*,#1979,.T.);
#1199=ORIENTED_EDGE('',*,*,#1976,.T.);
#1200=ORIENTED_EDGE('',*,*,#1734,.F.);
#1201=ORIENTED_EDGE('',*,*,#1980,.F.);
#1202=ORIENTED_EDGE('',*,*,#1981,.T.);
#1203=ORIENTED_EDGE('',*,*,#1978,.T.);
#1204=ORIENTED_EDGE('',*,*,#1733,.F.);
#1205=ORIENTED_EDGE('',*,*,#1982,.F.);
#1206=ORIENTED_EDGE('',*,*,#1983,.T.);
#1207=ORIENTED_EDGE('',*,*,#1980,.T.);
#1208=ORIENTED_EDGE('',*,*,#1732,.F.);
#1209=ORIENTED_EDGE('',*,*,#1984,.F.);
#1210=ORIENTED_EDGE('',*,*,#1985,.T.);
#1211=ORIENTED_EDGE('',*,*,#1982,.T.);
#1212=ORIENTED_EDGE('',*,*,#1731,.F.);
#1213=ORIENTED_EDGE('',*,*,#1986,.F.);
#1214=ORIENTED_EDGE('',*,*,#1987,.T.);
#1215=ORIENTED_EDGE('',*,*,#1984,.T.);
#1216=ORIENTED_EDGE('',*,*,#1730,.F.);
#1217=ORIENTED_EDGE('',*,*,#1988,.F.);
#1218=ORIENTED_EDGE('',*,*,#1989,.T.);
#1219=ORIENTED_EDGE('',*,*,#1986,.T.);
#1220=ORIENTED_EDGE('',*,*,#1729,.F.);
#1221=ORIENTED_EDGE('',*,*,#1990,.F.);
#1222=ORIENTED_EDGE('',*,*,#1991,.T.);
#1223=ORIENTED_EDGE('',*,*,#1988,.T.);
#1224=ORIENTED_EDGE('',*,*,#1728,.F.);
#1225=ORIENTED_EDGE('',*,*,#1992,.F.);
#1226=ORIENTED_EDGE('',*,*,#1993,.T.);
#1227=ORIENTED_EDGE('',*,*,#1990,.T.);
#1228=ORIENTED_EDGE('',*,*,#1727,.F.);
#1229=ORIENTED_EDGE('',*,*,#1994,.F.);
#1230=ORIENTED_EDGE('',*,*,#1995,.T.);
#1231=ORIENTED_EDGE('',*,*,#1992,.T.);
#1232=ORIENTED_EDGE('',*,*,#1726,.F.);
#1233=ORIENTED_EDGE('',*,*,#1996,.F.);
#1234=ORIENTED_EDGE('',*,*,#1997,.T.);
#1235=ORIENTED_EDGE('',*,*,#1994,.T.);
#1236=ORIENTED_EDGE('',*,*,#1725,.F.);
#1237=ORIENTED_EDGE('',*,*,#1998,.F.);
#1238=ORIENTED_EDGE('',*,*,#1999,.T.);
#1239=ORIENTED_EDGE('',*,*,#1996,.T.);
#1240=ORIENTED_EDGE('',*,*,#1724,.F.);
#1241=ORIENTED_EDGE('',*,*,#2000,.F.);
#1242=ORIENTED_EDGE('',*,*,#2001,.T.);
#1243=ORIENTED_EDGE('',*,*,#1998,.T.);
#1244=ORIENTED_EDGE('',*,*,#1723,.F.);
#1245=ORIENTED_EDGE('',*,*,#1975,.F.);
#1246=ORIENTED_EDGE('',*,*,#2002,.T.);
#1247=ORIENTED_EDGE('',*,*,#2000,.T.);
#1248=ORIENTED_EDGE('',*,*,#2003,.F.);
#1249=ORIENTED_EDGE('',*,*,#1942,.F.);
#1250=ORIENTED_EDGE('',*,*,#2004,.T.);
#1251=ORIENTED_EDGE('',*,*,#1971,.T.);
#1252=ORIENTED_EDGE('',*,*,#1974,.F.);
#1253=ORIENTED_EDGE('',*,*,#1977,.F.);
#1254=ORIENTED_EDGE('',*,*,#1979,.F.);
#1255=ORIENTED_EDGE('',*,*,#1981,.F.);
#1256=ORIENTED_EDGE('',*,*,#1983,.F.);
#1257=ORIENTED_EDGE('',*,*,#1985,.F.);
#1258=ORIENTED_EDGE('',*,*,#1987,.F.);
#1259=ORIENTED_EDGE('',*,*,#1989,.F.);
#1260=ORIENTED_EDGE('',*,*,#1991,.F.);
#1261=ORIENTED_EDGE('',*,*,#1993,.F.);
#1262=ORIENTED_EDGE('',*,*,#1995,.F.);
#1263=ORIENTED_EDGE('',*,*,#1997,.F.);
#1264=ORIENTED_EDGE('',*,*,#1999,.F.);
#1265=ORIENTED_EDGE('',*,*,#2001,.F.);
#1266=ORIENTED_EDGE('',*,*,#2002,.F.);
#1267=ORIENTED_EDGE('',*,*,#1941,.F.);
#1268=ORIENTED_EDGE('',*,*,#1945,.F.);
#1269=ORIENTED_EDGE('',*,*,#1948,.F.);
#1270=ORIENTED_EDGE('',*,*,#1951,.F.);
#1271=ORIENTED_EDGE('',*,*,#1954,.F.);
#1272=ORIENTED_EDGE('',*,*,#1957,.F.);
#1273=ORIENTED_EDGE('',*,*,#1960,.F.);
#1274=ORIENTED_EDGE('',*,*,#1963,.F.);
#1275=ORIENTED_EDGE('',*,*,#1966,.F.);
#1276=ORIENTED_EDGE('',*,*,#1969,.F.);
#1277=ORIENTED_EDGE('',*,*,#1972,.F.);
#1278=ORIENTED_EDGE('',*,*,#2004,.F.);
#1279=ORIENTED_EDGE('',*,*,#2005,.F.);
#1280=ORIENTED_EDGE('',*,*,#2006,.F.);
#1281=ORIENTED_EDGE('',*,*,#2007,.T.);
#1282=ORIENTED_EDGE('',*,*,#2008,.T.);
#1283=ORIENTED_EDGE('',*,*,#2009,.F.);
#1284=ORIENTED_EDGE('',*,*,#2010,.F.);
#1285=ORIENTED_EDGE('',*,*,#2011,.T.);
#1286=ORIENTED_EDGE('',*,*,#2006,.T.);
#1287=ORIENTED_EDGE('',*,*,#2012,.F.);
#1288=ORIENTED_EDGE('',*,*,#2013,.F.);
#1289=ORIENTED_EDGE('',*,*,#2014,.T.);
#1290=ORIENTED_EDGE('',*,*,#2010,.T.);
#1291=ORIENTED_EDGE('',*,*,#2015,.F.);
#1292=ORIENTED_EDGE('',*,*,#2016,.F.);
#1293=ORIENTED_EDGE('',*,*,#2017,.T.);
#1294=ORIENTED_EDGE('',*,*,#2013,.T.);
#1295=ORIENTED_EDGE('',*,*,#2018,.F.);
#1296=ORIENTED_EDGE('',*,*,#2019,.F.);
#1297=ORIENTED_EDGE('',*,*,#2020,.T.);
#1298=ORIENTED_EDGE('',*,*,#2016,.T.);
#1299=ORIENTED_EDGE('',*,*,#2021,.F.);
#1300=ORIENTED_EDGE('',*,*,#2022,.F.);
#1301=ORIENTED_EDGE('',*,*,#2023,.T.);
#1302=ORIENTED_EDGE('',*,*,#2019,.T.);
#1303=ORIENTED_EDGE('',*,*,#2024,.F.);
#1304=ORIENTED_EDGE('',*,*,#2025,.F.);
#1305=ORIENTED_EDGE('',*,*,#2026,.T.);
#1306=ORIENTED_EDGE('',*,*,#2022,.T.);
#1307=ORIENTED_EDGE('',*,*,#2027,.F.);
#1308=ORIENTED_EDGE('',*,*,#2028,.F.);
#1309=ORIENTED_EDGE('',*,*,#2029,.T.);
#1310=ORIENTED_EDGE('',*,*,#2025,.T.);
#1311=ORIENTED_EDGE('',*,*,#2030,.F.);
#1312=ORIENTED_EDGE('',*,*,#2031,.F.);
#1313=ORIENTED_EDGE('',*,*,#2032,.T.);
#1314=ORIENTED_EDGE('',*,*,#2028,.T.);
#1315=ORIENTED_EDGE('',*,*,#2033,.F.);
#1316=ORIENTED_EDGE('',*,*,#2034,.F.);
#1317=ORIENTED_EDGE('',*,*,#2035,.T.);
#1318=ORIENTED_EDGE('',*,*,#2031,.T.);
#1319=ORIENTED_EDGE('',*,*,#2036,.F.);
#1320=ORIENTED_EDGE('',*,*,#2037,.F.);
#1321=ORIENTED_EDGE('',*,*,#2038,.T.);
#1322=ORIENTED_EDGE('',*,*,#2034,.T.);
#1323=ORIENTED_EDGE('',*,*,#1749,.F.);
#1324=ORIENTED_EDGE('',*,*,#2039,.F.);
#1325=ORIENTED_EDGE('',*,*,#2040,.T.);
#1326=ORIENTED_EDGE('',*,*,#2041,.T.);
#1327=ORIENTED_EDGE('',*,*,#1748,.F.);
#1328=ORIENTED_EDGE('',*,*,#2042,.F.);
#1329=ORIENTED_EDGE('',*,*,#2043,.T.);
#1330=ORIENTED_EDGE('',*,*,#2039,.T.);
#1331=ORIENTED_EDGE('',*,*,#1762,.F.);
#1332=ORIENTED_EDGE('',*,*,#2044,.F.);
#1333=ORIENTED_EDGE('',*,*,#2045,.T.);
#1334=ORIENTED_EDGE('',*,*,#2042,.T.);
#1335=ORIENTED_EDGE('',*,*,#1761,.F.);
#1336=ORIENTED_EDGE('',*,*,#2046,.F.);
#1337=ORIENTED_EDGE('',*,*,#2047,.T.);
#1338=ORIENTED_EDGE('',*,*,#2044,.T.);
#1339=ORIENTED_EDGE('',*,*,#1760,.F.);
#1340=ORIENTED_EDGE('',*,*,#2048,.F.);
#1341=ORIENTED_EDGE('',*,*,#2049,.T.);
#1342=ORIENTED_EDGE('',*,*,#2046,.T.);
#1343=ORIENTED_EDGE('',*,*,#1759,.F.);
#1344=ORIENTED_EDGE('',*,*,#2050,.F.);
#1345=ORIENTED_EDGE('',*,*,#2051,.T.);
#1346=ORIENTED_EDGE('',*,*,#2048,.T.);
#1347=ORIENTED_EDGE('',*,*,#1758,.F.);
#1348=ORIENTED_EDGE('',*,*,#2052,.F.);
#1349=ORIENTED_EDGE('',*,*,#2053,.T.);
#1350=ORIENTED_EDGE('',*,*,#2050,.T.);
#1351=ORIENTED_EDGE('',*,*,#1757,.F.);
#1352=ORIENTED_EDGE('',*,*,#2054,.F.);
#1353=ORIENTED_EDGE('',*,*,#2055,.T.);
#1354=ORIENTED_EDGE('',*,*,#2052,.T.);
#1355=ORIENTED_EDGE('',*,*,#1756,.F.);
#1356=ORIENTED_EDGE('',*,*,#2056,.F.);
#1357=ORIENTED_EDGE('',*,*,#2057,.T.);
#1358=ORIENTED_EDGE('',*,*,#2054,.T.);
#1359=ORIENTED_EDGE('',*,*,#1755,.F.);
#1360=ORIENTED_EDGE('',*,*,#2058,.F.);
#1361=ORIENTED_EDGE('',*,*,#2059,.T.);
#1362=ORIENTED_EDGE('',*,*,#2056,.T.);
#1363=ORIENTED_EDGE('',*,*,#1754,.F.);
#1364=ORIENTED_EDGE('',*,*,#2060,.F.);
#1365=ORIENTED_EDGE('',*,*,#2061,.T.);
#1366=ORIENTED_EDGE('',*,*,#2058,.T.);
#1367=ORIENTED_EDGE('',*,*,#1753,.F.);
#1368=ORIENTED_EDGE('',*,*,#2062,.F.);
#1369=ORIENTED_EDGE('',*,*,#2063,.T.);
#1370=ORIENTED_EDGE('',*,*,#2060,.T.);
#1371=ORIENTED_EDGE('',*,*,#1752,.F.);
#1372=ORIENTED_EDGE('',*,*,#2064,.F.);
#1373=ORIENTED_EDGE('',*,*,#2065,.T.);
#1374=ORIENTED_EDGE('',*,*,#2062,.T.);
#1375=ORIENTED_EDGE('',*,*,#1751,.F.);
#1376=ORIENTED_EDGE('',*,*,#2066,.F.);
#1377=ORIENTED_EDGE('',*,*,#2067,.T.);
#1378=ORIENTED_EDGE('',*,*,#2064,.T.);
#1379=ORIENTED_EDGE('',*,*,#1750,.F.);
#1380=ORIENTED_EDGE('',*,*,#2041,.F.);
#1381=ORIENTED_EDGE('',*,*,#2068,.T.);
#1382=ORIENTED_EDGE('',*,*,#2066,.T.);
#1383=ORIENTED_EDGE('',*,*,#2069,.F.);
#1384=ORIENTED_EDGE('',*,*,#2008,.F.);
#1385=ORIENTED_EDGE('',*,*,#2070,.T.);
#1386=ORIENTED_EDGE('',*,*,#2037,.T.);
#1387=ORIENTED_EDGE('',*,*,#2040,.F.);
#1388=ORIENTED_EDGE('',*,*,#2043,.F.);
#1389=ORIENTED_EDGE('',*,*,#2045,.F.);
#1390=ORIENTED_EDGE('',*,*,#2047,.F.);
#1391=ORIENTED_EDGE('',*,*,#2049,.F.);
#1392=ORIENTED_EDGE('',*,*,#2051,.F.);
#1393=ORIENTED_EDGE('',*,*,#2053,.F.);
#1394=ORIENTED_EDGE('',*,*,#2055,.F.);
#1395=ORIENTED_EDGE('',*,*,#2057,.F.);
#1396=ORIENTED_EDGE('',*,*,#2059,.F.);
#1397=ORIENTED_EDGE('',*,*,#2061,.F.);
#1398=ORIENTED_EDGE('',*,*,#2063,.F.);
#1399=ORIENTED_EDGE('',*,*,#2065,.F.);
#1400=ORIENTED_EDGE('',*,*,#2067,.F.);
#1401=ORIENTED_EDGE('',*,*,#2068,.F.);
#1402=ORIENTED_EDGE('',*,*,#2007,.F.);
#1403=ORIENTED_EDGE('',*,*,#2011,.F.);
#1404=ORIENTED_EDGE('',*,*,#2014,.F.);
#1405=ORIENTED_EDGE('',*,*,#2017,.F.);
#1406=ORIENTED_EDGE('',*,*,#2020,.F.);
#1407=ORIENTED_EDGE('',*,*,#2023,.F.);
#1408=ORIENTED_EDGE('',*,*,#2026,.F.);
#1409=ORIENTED_EDGE('',*,*,#2029,.F.);
#1410=ORIENTED_EDGE('',*,*,#2032,.F.);
#1411=ORIENTED_EDGE('',*,*,#2035,.F.);
#1412=ORIENTED_EDGE('',*,*,#2038,.F.);
#1413=ORIENTED_EDGE('',*,*,#2070,.F.);
#1414=ORIENTED_EDGE('',*,*,#1764,.F.);
#1415=ORIENTED_EDGE('',*,*,#2071,.F.);
#1416=ORIENTED_EDGE('',*,*,#2072,.T.);
#1417=ORIENTED_EDGE('',*,*,#2073,.T.);
#1418=ORIENTED_EDGE('',*,*,#1763,.F.);
#1419=ORIENTED_EDGE('',*,*,#2074,.F.);
#1420=ORIENTED_EDGE('',*,*,#2075,.T.);
#1421=ORIENTED_EDGE('',*,*,#2071,.T.);
#1422=ORIENTED_EDGE('',*,*,#1782,.F.);
#1423=ORIENTED_EDGE('',*,*,#2076,.F.);
#1424=ORIENTED_EDGE('',*,*,#2077,.T.);
#1425=ORIENTED_EDGE('',*,*,#2074,.T.);
#1426=ORIENTED_EDGE('',*,*,#1781,.F.);
#1427=ORIENTED_EDGE('',*,*,#2078,.F.);
#1428=ORIENTED_EDGE('',*,*,#2079,.T.);
#1429=ORIENTED_EDGE('',*,*,#2076,.T.);
#1430=ORIENTED_EDGE('',*,*,#1780,.F.);
#1431=ORIENTED_EDGE('',*,*,#2080,.F.);
#1432=ORIENTED_EDGE('',*,*,#2081,.T.);
#1433=ORIENTED_EDGE('',*,*,#2078,.T.);
#1434=ORIENTED_EDGE('',*,*,#1779,.F.);
#1435=ORIENTED_EDGE('',*,*,#2082,.F.);
#1436=ORIENTED_EDGE('',*,*,#2083,.T.);
#1437=ORIENTED_EDGE('',*,*,#2080,.T.);
#1438=ORIENTED_EDGE('',*,*,#1778,.F.);
#1439=ORIENTED_EDGE('',*,*,#2084,.F.);
#1440=ORIENTED_EDGE('',*,*,#2085,.T.);
#1441=ORIENTED_EDGE('',*,*,#2082,.T.);
#1442=ORIENTED_EDGE('',*,*,#1777,.F.);
#1443=ORIENTED_EDGE('',*,*,#2086,.F.);
#1444=ORIENTED_EDGE('',*,*,#2087,.T.);
#1445=ORIENTED_EDGE('',*,*,#2084,.T.);
#1446=ORIENTED_EDGE('',*,*,#1776,.F.);
#1447=ORIENTED_EDGE('',*,*,#2088,.F.);
#1448=ORIENTED_EDGE('',*,*,#2089,.T.);
#1449=ORIENTED_EDGE('',*,*,#2086,.T.);
#1450=ORIENTED_EDGE('',*,*,#1775,.F.);
#1451=ORIENTED_EDGE('',*,*,#2090,.F.);
#1452=ORIENTED_EDGE('',*,*,#2091,.T.);
#1453=ORIENTED_EDGE('',*,*,#2088,.T.);
#1454=ORIENTED_EDGE('',*,*,#1774,.F.);
#1455=ORIENTED_EDGE('',*,*,#2092,.F.);
#1456=ORIENTED_EDGE('',*,*,#2093,.T.);
#1457=ORIENTED_EDGE('',*,*,#2090,.T.);
#1458=ORIENTED_EDGE('',*,*,#1773,.F.);
#1459=ORIENTED_EDGE('',*,*,#2094,.F.);
#1460=ORIENTED_EDGE('',*,*,#2095,.T.);
#1461=ORIENTED_EDGE('',*,*,#2092,.T.);
#1462=ORIENTED_EDGE('',*,*,#1772,.F.);
#1463=ORIENTED_EDGE('',*,*,#2096,.F.);
#1464=ORIENTED_EDGE('',*,*,#2097,.T.);
#1465=ORIENTED_EDGE('',*,*,#2094,.T.);
#1466=ORIENTED_EDGE('',*,*,#1771,.F.);
#1467=ORIENTED_EDGE('',*,*,#2098,.F.);
#1468=ORIENTED_EDGE('',*,*,#2099,.T.);
#1469=ORIENTED_EDGE('',*,*,#2096,.T.);
#1470=ORIENTED_EDGE('',*,*,#1770,.F.);
#1471=ORIENTED_EDGE('',*,*,#2100,.F.);
#1472=ORIENTED_EDGE('',*,*,#2101,.T.);
#1473=ORIENTED_EDGE('',*,*,#2098,.T.);
#1474=ORIENTED_EDGE('',*,*,#1769,.F.);
#1475=ORIENTED_EDGE('',*,*,#2102,.F.);
#1476=ORIENTED_EDGE('',*,*,#2103,.T.);
#1477=ORIENTED_EDGE('',*,*,#2100,.T.);
#1478=ORIENTED_EDGE('',*,*,#1768,.F.);
#1479=ORIENTED_EDGE('',*,*,#2104,.F.);
#1480=ORIENTED_EDGE('',*,*,#2105,.T.);
#1481=ORIENTED_EDGE('',*,*,#2102,.T.);
#1482=ORIENTED_EDGE('',*,*,#1767,.F.);
#1483=ORIENTED_EDGE('',*,*,#2106,.F.);
#1484=ORIENTED_EDGE('',*,*,#2107,.T.);
#1485=ORIENTED_EDGE('',*,*,#2104,.T.);
#1486=ORIENTED_EDGE('',*,*,#1766,.F.);
#1487=ORIENTED_EDGE('',*,*,#2108,.F.);
#1488=ORIENTED_EDGE('',*,*,#2109,.T.);
#1489=ORIENTED_EDGE('',*,*,#2106,.T.);
#1490=ORIENTED_EDGE('',*,*,#1765,.F.);
#1491=ORIENTED_EDGE('',*,*,#2073,.F.);
#1492=ORIENTED_EDGE('',*,*,#2110,.T.);
#1493=ORIENTED_EDGE('',*,*,#2108,.T.);
#1494=ORIENTED_EDGE('',*,*,#2072,.F.);
#1495=ORIENTED_EDGE('',*,*,#2075,.F.);
#1496=ORIENTED_EDGE('',*,*,#2077,.F.);
#1497=ORIENTED_EDGE('',*,*,#2079,.F.);
#1498=ORIENTED_EDGE('',*,*,#2081,.F.);
#1499=ORIENTED_EDGE('',*,*,#2083,.F.);
#1500=ORIENTED_EDGE('',*,*,#2085,.F.);
#1501=ORIENTED_EDGE('',*,*,#2087,.F.);
#1502=ORIENTED_EDGE('',*,*,#2089,.F.);
#1503=ORIENTED_EDGE('',*,*,#2091,.F.);
#1504=ORIENTED_EDGE('',*,*,#2093,.F.);
#1505=ORIENTED_EDGE('',*,*,#2095,.F.);
#1506=ORIENTED_EDGE('',*,*,#2097,.F.);
#1507=ORIENTED_EDGE('',*,*,#2099,.F.);
#1508=ORIENTED_EDGE('',*,*,#2101,.F.);
#1509=ORIENTED_EDGE('',*,*,#2103,.F.);
#1510=ORIENTED_EDGE('',*,*,#2105,.F.);
#1511=ORIENTED_EDGE('',*,*,#2107,.F.);
#1512=ORIENTED_EDGE('',*,*,#2109,.F.);
#1513=ORIENTED_EDGE('',*,*,#2110,.F.);
#1514=ORIENTED_EDGE('',*,*,#1784,.F.);
#1515=ORIENTED_EDGE('',*,*,#2111,.F.);
#1516=ORIENTED_EDGE('',*,*,#2112,.T.);
#1517=ORIENTED_EDGE('',*,*,#2113,.T.);
#1518=ORIENTED_EDGE('',*,*,#1783,.F.);
#1519=ORIENTED_EDGE('',*,*,#2114,.F.);
#1520=ORIENTED_EDGE('',*,*,#2115,.T.);
#1521=ORIENTED_EDGE('',*,*,#2111,.T.);
#1522=ORIENTED_EDGE('',*,*,#1814,.F.);
#1523=ORIENTED_EDGE('',*,*,#2116,.F.);
#1524=ORIENTED_EDGE('',*,*,#2117,.T.);
#1525=ORIENTED_EDGE('',*,*,#2114,.T.);
#1526=ORIENTED_EDGE('',*,*,#1813,.F.);
#1527=ORIENTED_EDGE('',*,*,#2118,.F.);
#1528=ORIENTED_EDGE('',*,*,#2119,.T.);
#1529=ORIENTED_EDGE('',*,*,#2116,.T.);
#1530=ORIENTED_EDGE('',*,*,#1812,.F.);
#1531=ORIENTED_EDGE('',*,*,#2120,.F.);
#1532=ORIENTED_EDGE('',*,*,#2121,.T.);
#1533=ORIENTED_EDGE('',*,*,#2118,.T.);
#1534=ORIENTED_EDGE('',*,*,#1811,.F.);
#1535=ORIENTED_EDGE('',*,*,#2122,.F.);
#1536=ORIENTED_EDGE('',*,*,#2123,.T.);
#1537=ORIENTED_EDGE('',*,*,#2120,.T.);
#1538=ORIENTED_EDGE('',*,*,#1810,.F.);
#1539=ORIENTED_EDGE('',*,*,#2124,.F.);
#1540=ORIENTED_EDGE('',*,*,#2125,.T.);
#1541=ORIENTED_EDGE('',*,*,#2122,.T.);
#1542=ORIENTED_EDGE('',*,*,#1809,.F.);
#1543=ORIENTED_EDGE('',*,*,#2126,.F.);
#1544=ORIENTED_EDGE('',*,*,#2127,.T.);
#1545=ORIENTED_EDGE('',*,*,#2124,.T.);
#1546=ORIENTED_EDGE('',*,*,#1808,.F.);
#1547=ORIENTED_EDGE('',*,*,#2128,.F.);
#1548=ORIENTED_EDGE('',*,*,#2129,.T.);
#1549=ORIENTED_EDGE('',*,*,#2126,.T.);
#1550=ORIENTED_EDGE('',*,*,#1807,.F.);
#1551=ORIENTED_EDGE('',*,*,#2130,.F.);
#1552=ORIENTED_EDGE('',*,*,#2131,.T.);
#1553=ORIENTED_EDGE('',*,*,#2128,.T.);
#1554=ORIENTED_EDGE('',*,*,#1806,.F.);
#1555=ORIENTED_EDGE('',*,*,#2132,.F.);
#1556=ORIENTED_EDGE('',*,*,#2133,.T.);
#1557=ORIENTED_EDGE('',*,*,#2130,.T.);
#1558=ORIENTED_EDGE('',*,*,#1805,.F.);
#1559=ORIENTED_EDGE('',*,*,#2134,.F.);
#1560=ORIENTED_EDGE('',*,*,#2135,.T.);
#1561=ORIENTED_EDGE('',*,*,#2132,.T.);
#1562=ORIENTED_EDGE('',*,*,#1804,.F.);
#1563=ORIENTED_EDGE('',*,*,#2136,.F.);
#1564=ORIENTED_EDGE('',*,*,#2137,.T.);
#1565=ORIENTED_EDGE('',*,*,#2134,.T.);
#1566=ORIENTED_EDGE('',*,*,#1803,.F.);
#1567=ORIENTED_EDGE('',*,*,#2138,.F.);
#1568=ORIENTED_EDGE('',*,*,#2139,.T.);
#1569=ORIENTED_EDGE('',*,*,#2136,.T.);
#1570=ORIENTED_EDGE('',*,*,#1802,.F.);
#1571=ORIENTED_EDGE('',*,*,#2140,.F.);
#1572=ORIENTED_EDGE('',*,*,#2141,.T.);
#1573=ORIENTED_EDGE('',*,*,#2138,.T.);
#1574=ORIENTED_EDGE('',*,*,#1801,.F.);
#1575=ORIENTED_EDGE('',*,*,#2142,.F.);
#1576=ORIENTED_EDGE('',*,*,#2143,.T.);
#1577=ORIENTED_EDGE('',*,*,#2140,.T.);
#1578=ORIENTED_EDGE('',*,*,#1800,.F.);
#1579=ORIENTED_EDGE('',*,*,#2144,.F.);
#1580=ORIENTED_EDGE('',*,*,#2145,.T.);
#1581=ORIENTED_EDGE('',*,*,#2142,.T.);
#1582=ORIENTED_EDGE('',*,*,#1799,.F.);
#1583=ORIENTED_EDGE('',*,*,#2146,.F.);
#1584=ORIENTED_EDGE('',*,*,#2147,.T.);
#1585=ORIENTED_EDGE('',*,*,#2144,.T.);
#1586=ORIENTED_EDGE('',*,*,#1798,.F.);
#1587=ORIENTED_EDGE('',*,*,#2148,.F.);
#1588=ORIENTED_EDGE('',*,*,#2149,.T.);
#1589=ORIENTED_EDGE('',*,*,#2146,.T.);
#1590=ORIENTED_EDGE('',*,*,#1797,.F.);
#1591=ORIENTED_EDGE('',*,*,#2150,.F.);
#1592=ORIENTED_EDGE('',*,*,#2151,.T.);
#1593=ORIENTED_EDGE('',*,*,#2148,.T.);
#1594=ORIENTED_EDGE('',*,*,#1796,.F.);
#1595=ORIENTED_EDGE('',*,*,#2152,.F.);
#1596=ORIENTED_EDGE('',*,*,#2153,.T.);
#1597=ORIENTED_EDGE('',*,*,#2150,.T.);
#1598=ORIENTED_EDGE('',*,*,#1795,.F.);
#1599=ORIENTED_EDGE('',*,*,#2154,.F.);
#1600=ORIENTED_EDGE('',*,*,#2155,.T.);
#1601=ORIENTED_EDGE('',*,*,#2152,.T.);
#1602=ORIENTED_EDGE('',*,*,#1794,.F.);
#1603=ORIENTED_EDGE('',*,*,#2156,.F.);
#1604=ORIENTED_EDGE('',*,*,#2157,.T.);
#1605=ORIENTED_EDGE('',*,*,#2154,.T.);
#1606=ORIENTED_EDGE('',*,*,#1793,.F.);
#1607=ORIENTED_EDGE('',*,*,#2158,.F.);
#1608=ORIENTED_EDGE('',*,*,#2159,.T.);
#1609=ORIENTED_EDGE('',*,*,#2156,.T.);
#1610=ORIENTED_EDGE('',*,*,#1792,.F.);
#1611=ORIENTED_EDGE('',*,*,#2160,.F.);
#1612=ORIENTED_EDGE('',*,*,#2161,.T.);
#1613=ORIENTED_EDGE('',*,*,#2158,.T.);
#1614=ORIENTED_EDGE('',*,*,#1791,.F.);
#1615=ORIENTED_EDGE('',*,*,#2162,.F.);
#1616=ORIENTED_EDGE('',*,*,#2163,.T.);
#1617=ORIENTED_EDGE('',*,*,#2160,.T.);
#1618=ORIENTED_EDGE('',*,*,#1790,.F.);
#1619=ORIENTED_EDGE('',*,*,#2164,.F.);
#1620=ORIENTED_EDGE('',*,*,#2165,.T.);
#1621=ORIENTED_EDGE('',*,*,#2162,.T.);
#1622=ORIENTED_EDGE('',*,*,#1789,.F.);
#1623=ORIENTED_EDGE('',*,*,#2166,.F.);
#1624=ORIENTED_EDGE('',*,*,#2167,.T.);
#1625=ORIENTED_EDGE('',*,*,#2164,.T.);
#1626=ORIENTED_EDGE('',*,*,#1788,.F.);
#1627=ORIENTED_EDGE('',*,*,#2168,.F.);
#1628=ORIENTED_EDGE('',*,*,#2169,.T.);
#1629=ORIENTED_EDGE('',*,*,#2166,.T.);
#1630=ORIENTED_EDGE('',*,*,#1787,.F.);
#1631=ORIENTED_EDGE('',*,*,#2170,.F.);
#1632=ORIENTED_EDGE('',*,*,#2171,.T.);
#1633=ORIENTED_EDGE('',*,*,#2168,.T.);
#1634=ORIENTED_EDGE('',*,*,#1786,.F.);
#1635=ORIENTED_EDGE('',*,*,#2172,.F.);
#1636=ORIENTED_EDGE('',*,*,#2173,.T.);
#1637=ORIENTED_EDGE('',*,*,#2170,.T.);
#1638=ORIENTED_EDGE('',*,*,#1785,.F.);
#1639=ORIENTED_EDGE('',*,*,#2113,.F.);
#1640=ORIENTED_EDGE('',*,*,#2174,.T.);
#1641=ORIENTED_EDGE('',*,*,#2172,.T.);
#1642=ORIENTED_EDGE('',*,*,#2112,.F.);
#1643=ORIENTED_EDGE('',*,*,#2115,.F.);
#1644=ORIENTED_EDGE('',*,*,#2117,.F.);
#1645=ORIENTED_EDGE('',*,*,#2119,.F.);
#1646=ORIENTED_EDGE('',*,*,#2121,.F.);
#1647=ORIENTED_EDGE('',*,*,#2123,.F.);
#1648=ORIENTED_EDGE('',*,*,#2125,.F.);
#1649=ORIENTED_EDGE('',*,*,#2127,.F.);
#1650=ORIENTED_EDGE('',*,*,#2129,.F.);
#1651=ORIENTED_EDGE('',*,*,#2131,.F.);
#1652=ORIENTED_EDGE('',*,*,#2133,.F.);
#1653=ORIENTED_EDGE('',*,*,#2135,.F.);
#1654=ORIENTED_EDGE('',*,*,#2137,.F.);
#1655=ORIENTED_EDGE('',*,*,#2139,.F.);
#1656=ORIENTED_EDGE('',*,*,#2141,.F.);
#1657=ORIENTED_EDGE('',*,*,#2143,.F.);
#1658=ORIENTED_EDGE('',*,*,#2145,.F.);
#1659=ORIENTED_EDGE('',*,*,#2147,.F.);
#1660=ORIENTED_EDGE('',*,*,#2149,.F.);
#1661=ORIENTED_EDGE('',*,*,#2151,.F.);
#1662=ORIENTED_EDGE('',*,*,#2153,.F.);
#1663=ORIENTED_EDGE('',*,*,#2155,.F.);
#1664=ORIENTED_EDGE('',*,*,#2157,.F.);
#1665=ORIENTED_EDGE('',*,*,#2159,.F.);
#1666=ORIENTED_EDGE('',*,*,#2161,.F.);
#1667=ORIENTED_EDGE('',*,*,#2163,.F.);
#1668=ORIENTED_EDGE('',*,*,#2165,.F.);
#1669=ORIENTED_EDGE('',*,*,#2167,.F.);
#1670=ORIENTED_EDGE('',*,*,#2169,.F.);
#1671=ORIENTED_EDGE('',*,*,#2171,.F.);
#1672=ORIENTED_EDGE('',*,*,#2173,.F.);
#1673=ORIENTED_EDGE('',*,*,#2174,.F.);
#1674=ORIENTED_EDGE('',*,*,#1816,.F.);
#1675=ORIENTED_EDGE('',*,*,#2175,.F.);
#1676=ORIENTED_EDGE('',*,*,#2176,.T.);
#1677=ORIENTED_EDGE('',*,*,#2177,.T.);
#1678=ORIENTED_EDGE('',*,*,#1815,.F.);
#1679=ORIENTED_EDGE('',*,*,#2178,.F.);
#1680=ORIENTED_EDGE('',*,*,#2179,.T.);
#1681=ORIENTED_EDGE('',*,*,#2175,.T.);
#1682=ORIENTED_EDGE('',*,*,#1818,.F.);
#1683=ORIENTED_EDGE('',*,*,#2180,.F.);
#1684=ORIENTED_EDGE('',*,*,#2181,.T.);
#1685=ORIENTED_EDGE('',*,*,#2178,.T.);
#1686=ORIENTED_EDGE('',*,*,#1817,.F.);
#1687=ORIENTED_EDGE('',*,*,#2177,.F.);
#1688=ORIENTED_EDGE('',*,*,#2182,.T.);
#1689=ORIENTED_EDGE('',*,*,#2180,.T.);
#1690=ORIENTED_EDGE('',*,*,#2176,.F.);
#1691=ORIENTED_EDGE('',*,*,#2179,.F.);
#1692=ORIENTED_EDGE('',*,*,#2181,.F.);
#1693=ORIENTED_EDGE('',*,*,#2182,.F.);
#1694=ORIENTED_EDGE('',*,*,#1943,.T.);
#1695=ORIENTED_EDGE('',*,*,#1939,.T.);
#1696=ORIENTED_EDGE('',*,*,#2003,.T.);
#1697=ORIENTED_EDGE('',*,*,#1970,.T.);
#1698=ORIENTED_EDGE('',*,*,#1967,.T.);
#1699=ORIENTED_EDGE('',*,*,#1964,.T.);
#1700=ORIENTED_EDGE('',*,*,#1961,.T.);
#1701=ORIENTED_EDGE('',*,*,#1958,.T.);
#1702=ORIENTED_EDGE('',*,*,#1955,.T.);
#1703=ORIENTED_EDGE('',*,*,#1952,.T.);
#1704=ORIENTED_EDGE('',*,*,#1949,.T.);
#1705=ORIENTED_EDGE('',*,*,#1946,.T.);
#1706=ORIENTED_EDGE('',*,*,#2009,.T.);
#1707=ORIENTED_EDGE('',*,*,#2005,.T.);
#1708=ORIENTED_EDGE('',*,*,#2069,.T.);
#1709=ORIENTED_EDGE('',*,*,#2036,.T.);
#1710=ORIENTED_EDGE('',*,*,#2033,.T.);
#1711=ORIENTED_EDGE('',*,*,#2030,.T.);
#1712=ORIENTED_EDGE('',*,*,#2027,.T.);
#1713=ORIENTED_EDGE('',*,*,#2024,.T.);
#1714=ORIENTED_EDGE('',*,*,#2021,.T.);
#1715=ORIENTED_EDGE('',*,*,#2018,.T.);
#1716=ORIENTED_EDGE('',*,*,#2015,.T.);
#1717=ORIENTED_EDGE('',*,*,#2012,.T.);
#1718=ORIENTED_EDGE('',*,*,#1720,.F.);
#1719=ORIENTED_EDGE('',*,*,#1850,.F.);
#1720=EDGE_CURVE('',#2183,#2183,#2493,.F.);
#1721=EDGE_CURVE('',#2184,#2185,#626,.T.);
#1722=EDGE_CURVE('',#2185,#2186,#627,.T.);
#1723=EDGE_CURVE('',#2186,#2187,#628,.T.);
#1724=EDGE_CURVE('',#2187,#2188,#629,.T.);
#1725=EDGE_CURVE('',#2188,#2189,#630,.T.);
#1726=EDGE_CURVE('',#2189,#2190,#631,.T.);
#1727=EDGE_CURVE('',#2190,#2191,#116,.T.);
#1728=EDGE_CURVE('',#2191,#2192,#117,.T.);
#1729=EDGE_CURVE('',#2192,#2193,#118,.T.);
#1730=EDGE_CURVE('',#2193,#2194,#119,.T.);
#1731=EDGE_CURVE('',#2194,#2195,#120,.T.);
#1732=EDGE_CURVE('',#2195,#2196,#632,.T.);
#1733=EDGE_CURVE('',#2196,#2197,#633,.T.);
#1734=EDGE_CURVE('',#2197,#2198,#634,.T.);
#1735=EDGE_CURVE('',#2198,#2184,#635,.T.);
#1736=EDGE_CURVE('',#2199,#2200,#2494,.T.);
#1737=EDGE_CURVE('',#2200,#2201,#121,.T.);
#1738=EDGE_CURVE('',#2199,#2201,#2495,.T.);
#1739=EDGE_CURVE('',#2202,#2203,#122,.T.);
#1740=EDGE_CURVE('',#2202,#2204,#123,.T.);
#1741=EDGE_CURVE('',#2204,#2205,#124,.T.);
#1742=EDGE_CURVE('',#2203,#2205,#125,.T.);
#1743=EDGE_CURVE('',#2206,#2207,#126,.T.);
#1744=EDGE_CURVE('',#2208,#2206,#127,.T.);
#1745=EDGE_CURVE('',#2208,#2209,#128,.T.);
#1746=EDGE_CURVE('',#2209,#2207,#129,.T.);
#1747=EDGE_CURVE('',#2210,#2210,#2496,.T.);
#1748=EDGE_CURVE('',#2211,#2212,#636,.T.);
#1749=EDGE_CURVE('',#2212,#2213,#637,.T.);
#1750=EDGE_CURVE('',#2213,#2214,#638,.T.);
#1751=EDGE_CURVE('',#2214,#2215,#639,.T.);
#1752=EDGE_CURVE('',#2215,#2216,#640,.T.);
#1753=EDGE_CURVE('',#2216,#2217,#641,.T.);
#1754=EDGE_CURVE('',#2217,#2218,#130,.T.);
#1755=EDGE_CURVE('',#2218,#2219,#131,.T.);
#1756=EDGE_CURVE('',#2219,#2220,#132,.T.);
#1757=EDGE_CURVE('',#2220,#2221,#133,.T.);
#1758=EDGE_CURVE('',#2221,#2222,#134,.T.);
#1759=EDGE_CURVE('',#2222,#2223,#642,.T.);
#1760=EDGE_CURVE('',#2223,#2224,#643,.T.);
#1761=EDGE_CURVE('',#2224,#2225,#644,.T.);
#1762=EDGE_CURVE('',#2225,#2211,#645,.T.);
#1763=EDGE_CURVE('',#2226,#2227,#646,.T.);
#1764=EDGE_CURVE('',#2227,#2228,#647,.T.);
#1765=EDGE_CURVE('',#2228,#2229,#648,.T.);
#1766=EDGE_CURVE('',#2229,#2230,#649,.T.);
#1767=EDGE_CURVE('',#2230,#2231,#650,.T.);
#1768=EDGE_CURVE('',#2231,#2232,#651,.T.);
#1769=EDGE_CURVE('',#2232,#2233,#135,.T.);
#1770=EDGE_CURVE('',#2233,#2234,#652,.T.);
#1771=EDGE_CURVE('',#2234,#2235,#653,.T.);
#1772=EDGE_CURVE('',#2235,#2236,#654,.T.);
#1773=EDGE_CURVE('',#2236,#2237,#655,.T.);
#1774=EDGE_CURVE('',#2237,#2238,#656,.T.);
#1775=EDGE_CURVE('',#2238,#2239,#657,.T.);
#1776=EDGE_CURVE('',#2239,#2240,#658,.T.);
#1777=EDGE_CURVE('',#2240,#2241,#659,.T.);
#1778=EDGE_CURVE('',#2241,#2242,#136,.T.);
#1779=EDGE_CURVE('',#2242,#2243,#660,.T.);
#1780=EDGE_CURVE('',#2243,#2244,#661,.T.);
#1781=EDGE_CURVE('',#2244,#2245,#662,.T.);
#1782=EDGE_CURVE('',#2245,#2226,#663,.T.);
#1783=EDGE_CURVE('',#2246,#2247,#664,.T.);
#1784=EDGE_CURVE('',#2247,#2248,#665,.T.);
#1785=EDGE_CURVE('',#2248,#2249,#666,.T.);
#1786=EDGE_CURVE('',#2249,#2250,#667,.T.);
#1787=EDGE_CURVE('',#2250,#2251,#137,.T.);
#1788=EDGE_CURVE('',#2251,#2252,#668,.T.);
#1789=EDGE_CURVE('',#2252,#2253,#669,.T.);
#1790=EDGE_CURVE('',#2253,#2254,#670,.T.);
#1791=EDGE_CURVE('',#2254,#2255,#671,.T.);
#1792=EDGE_CURVE('',#2255,#2256,#672,.T.);
#1793=EDGE_CURVE('',#2256,#2257,#673,.T.);
#1794=EDGE_CURVE('',#2257,#2258,#674,.T.);
#1795=EDGE_CURVE('',#2258,#2259,#2497,.F.);
#1796=EDGE_CURVE('',#2259,#2260,#675,.T.);
#1797=EDGE_CURVE('',#2260,#2261,#2498,.F.);
#1798=EDGE_CURVE('',#2261,#2262,#676,.T.);
#1799=EDGE_CURVE('',#2262,#2263,#677,.T.);
#1800=EDGE_CURVE('',#2263,#2264,#678,.T.);
#1801=EDGE_CURVE('',#2264,#2265,#679,.T.);
#1802=EDGE_CURVE('',#2265,#2266,#138,.T.);
#1803=EDGE_CURVE('',#2266,#2267,#680,.T.);
#1804=EDGE_CURVE('',#2267,#2268,#681,.T.);
#1805=EDGE_CURVE('',#2268,#2269,#682,.T.);
#1806=EDGE_CURVE('',#2269,#2270,#683,.T.);
#1807=EDGE_CURVE('',#2270,#2271,#684,.T.);
#1808=EDGE_CURVE('',#2271,#2272,#685,.T.);
#1809=EDGE_CURVE('',#2272,#2273,#686,.T.);
#1810=EDGE_CURVE('',#2273,#2274,#687,.T.);
#1811=EDGE_CURVE('',#2274,#2275,#2499,.F.);
#1812=EDGE_CURVE('',#2275,#2276,#688,.T.);
#1813=EDGE_CURVE('',#2276,#2277,#2500,.F.);
#1814=EDGE_CURVE('',#2277,#2246,#689,.T.);
#1815=EDGE_CURVE('',#2278,#2279,#139,.T.);
#1816=EDGE_CURVE('',#2279,#2280,#140,.T.);
#1817=EDGE_CURVE('',#2280,#2281,#141,.T.);
#1818=EDGE_CURVE('',#2281,#2278,#142,.T.);
#1819=EDGE_CURVE('',#2282,#2283,#143,.T.);
#1820=EDGE_CURVE('',#2206,#2282,#144,.T.);
#1821=EDGE_CURVE('',#2207,#2283,#145,.T.);
#1822=EDGE_CURVE('',#2284,#2282,#146,.T.);
#1823=EDGE_CURVE('',#2208,#2284,#147,.T.);
#1824=EDGE_CURVE('',#2284,#2285,#148,.T.);
#1825=EDGE_CURVE('',#2209,#2285,#149,.T.);
#1826=EDGE_CURVE('',#2286,#2287,#150,.T.);
#1827=EDGE_CURVE('',#2202,#2286,#151,.T.);
#1828=EDGE_CURVE('',#2203,#2287,#152,.T.);
#1829=EDGE_CURVE('',#2286,#2288,#153,.T.);
#1830=EDGE_CURVE('',#2204,#2288,#154,.T.);
#1831=EDGE_CURVE('',#2288,#2289,#155,.T.);
#1832=EDGE_CURVE('',#2205,#2289,#156,.T.);
#1833=EDGE_CURVE('',#2290,#2291,#2501,.T.);
#1834=EDGE_CURVE('',#2200,#2291,#157,.T.);
#1835=EDGE_CURVE('',#2199,#2290,#158,.T.);
#1836=EDGE_CURVE('',#2292,#2293,#159,.T.);
#1837=EDGE_CURVE('',#2293,#2294,#160,.T.);
#1838=EDGE_CURVE('',#2294,#2295,#161,.T.);
#1839=EDGE_CURVE('',#2296,#2295,#162,.T.);
#1840=EDGE_CURVE('',#2296,#2297,#163,.T.);
#1841=EDGE_CURVE('',#2297,#2298,#164,.T.);
#1842=EDGE_CURVE('',#2298,#2299,#165,.T.);
#1843=EDGE_CURVE('',#2201,#2299,#166,.T.);
#1844=EDGE_CURVE('',#2291,#2300,#167,.T.);
#1845=EDGE_CURVE('',#2292,#2300,#168,.T.);
#1846=EDGE_CURVE('',#2285,#2283,#169,.T.);
#1847=EDGE_CURVE('',#2287,#2289,#170,.T.);
#1848=EDGE_CURVE('',#2290,#2299,#2502,.T.);
#1849=EDGE_CURVE('',#2301,#2301,#2503,.T.);
#1850=EDGE_CURVE('',#2302,#2302,#2504,.T.);
#1851=EDGE_CURVE('',#2303,#2304,#171,.T.);
#1852=EDGE_CURVE('',#2305,#2303,#172,.T.);
#1853=EDGE_CURVE('',#2305,#2306,#173,.T.);
#1854=EDGE_CURVE('',#2306,#2307,#174,.T.);
#1855=EDGE_CURVE('',#2308,#2307,#175,.T.);
#1856=EDGE_CURVE('',#2308,#2309,#176,.T.);
#1857=EDGE_CURVE('',#2309,#2310,#177,.T.);
#1858=EDGE_CURVE('',#2304,#2310,#178,.T.);
#1859=EDGE_CURVE('',#2311,#2312,#179,.T.);
#1860=EDGE_CURVE('',#2312,#2300,#2505,.T.);
#1861=EDGE_CURVE('',#2313,#2298,#2506,.T.);
#1862=EDGE_CURVE('',#2313,#2314,#180,.T.);
#1863=EDGE_CURVE('',#2314,#2315,#2507,.T.);
#1864=EDGE_CURVE('',#2315,#2295,#2508,.T.);
#1865=EDGE_CURVE('',#2316,#2294,#2509,.T.);
#1866=EDGE_CURVE('',#2316,#2311,#2510,.T.);
#1867=EDGE_CURVE('',#2317,#2318,#181,.T.);
#1868=EDGE_CURVE('',#2319,#2318,#182,.T.);
#1869=EDGE_CURVE('',#2319,#2320,#183,.T.);
#1870=EDGE_CURVE('',#2320,#2317,#184,.T.);
#1871=EDGE_CURVE('',#2321,#2322,#2511,.T.);
#1872=EDGE_CURVE('',#2323,#2322,#185,.T.);
#1873=EDGE_CURVE('',#2323,#2324,#186,.T.);
#1874=EDGE_CURVE('',#2324,#2325,#187,.T.);
#1875=EDGE_CURVE('',#2325,#2326,#2512,.T.);
#1876=EDGE_CURVE('',#2321,#2326,#188,.T.);
#1877=EDGE_CURVE('',#2327,#2328,#189,.T.);
#1878=EDGE_CURVE('',#2329,#2327,#190,.T.);
#1879=EDGE_CURVE('',#2329,#2330,#191,.T.);
#1880=EDGE_CURVE('',#2330,#2328,#192,.T.);
#1881=EDGE_CURVE('',#2331,#2327,#193,.T.);
#1882=EDGE_CURVE('',#2332,#2331,#194,.T.);
#1883=EDGE_CURVE('',#2332,#2329,#195,.T.);
#1884=EDGE_CURVE('',#2332,#2333,#196,.T.);
#1885=EDGE_CURVE('',#2333,#2330,#197,.T.);
#1886=EDGE_CURVE('',#2333,#2334,#198,.T.);
#1887=EDGE_CURVE('',#2334,#2328,#199,.T.);
#1888=EDGE_CURVE('',#2331,#2334,#200,.T.);
#1889=EDGE_CURVE('',#2335,#2315,#201,.T.);
#1890=EDGE_CURVE('',#2335,#2296,#2513,.T.);
#1891=EDGE_CURVE('',#2336,#2297,#2514,.T.);
#1892=EDGE_CURVE('',#2336,#2313,#202,.T.);
#1893=EDGE_CURVE('',#2336,#2337,#203,.T.);
#1894=EDGE_CURVE('',#2337,#2314,#204,.T.);
#1895=EDGE_CURVE('',#2337,#2335,#2515,.T.);
#1896=EDGE_CURVE('',#2338,#2322,#205,.T.);
#1897=EDGE_CURVE('',#2339,#2338,#206,.T.);
#1898=EDGE_CURVE('',#2339,#2323,#207,.T.);
#1899=EDGE_CURVE('',#2339,#2340,#208,.T.);
#1900=EDGE_CURVE('',#2340,#2324,#209,.T.);
#1901=EDGE_CURVE('',#2340,#2341,#210,.T.);
#1902=EDGE_CURVE('',#2341,#2325,#211,.T.);
#1903=EDGE_CURVE('',#2341,#2342,#2516,.T.);
#1904=EDGE_CURVE('',#2342,#2326,#212,.T.);
#1905=EDGE_CURVE('',#2343,#2342,#213,.T.);
#1906=EDGE_CURVE('',#2343,#2321,#214,.T.);
#1907=EDGE_CURVE('',#2343,#2338,#2517,.T.);
#1908=EDGE_CURVE('',#2344,#2318,#215,.T.);
#1909=EDGE_CURVE('',#2345,#2344,#216,.T.);
#1910=EDGE_CURVE('',#2345,#2319,#217,.T.);
#1911=EDGE_CURVE('',#2345,#2346,#218,.T.);
#1912=EDGE_CURVE('',#2346,#2320,#219,.T.);
#1913=EDGE_CURVE('',#2346,#2347,#220,.T.);
#1914=EDGE_CURVE('',#2347,#2317,#221,.T.);
#1915=EDGE_CURVE('',#2347,#2344,#222,.T.);
#1916=EDGE_CURVE('',#2348,#2312,#223,.T.);
#1917=EDGE_CURVE('',#2348,#2292,#2518,.T.);
#1918=EDGE_CURVE('',#2349,#2293,#2519,.T.);
#1919=EDGE_CURVE('',#2349,#2316,#224,.T.);
#1920=EDGE_CURVE('',#2349,#2350,#2520,.T.);
#1921=EDGE_CURVE('',#2350,#2311,#225,.T.);
#1922=EDGE_CURVE('',#2350,#2348,#226,.T.);
#1923=EDGE_CURVE('',#2351,#2303,#227,.T.);
#1924=EDGE_CURVE('',#2352,#2351,#228,.T.);
#1925=EDGE_CURVE('',#2352,#2305,#229,.T.);
#1926=EDGE_CURVE('',#2352,#2353,#230,.T.);
#1927=EDGE_CURVE('',#2353,#2306,#231,.T.);
#1928=EDGE_CURVE('',#2353,#2354,#232,.T.);
#1929=EDGE_CURVE('',#2354,#2307,#233,.T.);
#1930=EDGE_CURVE('',#2355,#2354,#234,.T.);
#1931=EDGE_CURVE('',#2355,#2308,#235,.T.);
#1932=EDGE_CURVE('',#2355,#2356,#236,.T.);
#1933=EDGE_CURVE('',#2356,#2309,#237,.T.);
#1934=EDGE_CURVE('',#2356,#2357,#238,.T.);
#1935=EDGE_CURVE('',#2357,#2310,#239,.T.);
#1936=EDGE_CURVE('',#2358,#2357,#240,.T.);
#1937=EDGE_CURVE('',#2358,#2304,#241,.T.);
#1938=EDGE_CURVE('',#2351,#2358,#242,.T.);
#1939=EDGE_CURVE('',#2359,#2360,#690,.T.);
#1940=EDGE_CURVE('',#2361,#2359,#243,.T.);
#1941=EDGE_CURVE('',#2361,#2362,#691,.T.);
#1942=EDGE_CURVE('',#2362,#2360,#244,.T.);
#1943=EDGE_CURVE('',#2363,#2359,#692,.T.);
#1944=EDGE_CURVE('',#2364,#2363,#245,.T.);
#1945=EDGE_CURVE('',#2364,#2361,#693,.T.);
#1946=EDGE_CURVE('',#2365,#2363,#694,.T.);
#1947=EDGE_CURVE('',#2366,#2365,#246,.T.);
#1948=EDGE_CURVE('',#2366,#2364,#695,.T.);
#1949=EDGE_CURVE('',#2367,#2365,#2521,.T.);
#1950=EDGE_CURVE('',#2368,#2367,#247,.T.);
#1951=EDGE_CURVE('',#2368,#2366,#2522,.T.);
#1952=EDGE_CURVE('',#2369,#2367,#696,.T.);
#1953=EDGE_CURVE('',#2370,#2369,#248,.T.);
#1954=EDGE_CURVE('',#2370,#2368,#697,.T.);
#1955=EDGE_CURVE('',#2371,#2369,#698,.T.);
#1956=EDGE_CURVE('',#2372,#2371,#249,.T.);
#1957=EDGE_CURVE('',#2372,#2370,#699,.T.);
#1958=EDGE_CURVE('',#2373,#2371,#700,.T.);
#1959=EDGE_CURVE('',#2374,#2373,#250,.T.);
#1960=EDGE_CURVE('',#2374,#2372,#701,.T.);
#1961=EDGE_CURVE('',#2375,#2373,#702,.T.);
#1962=EDGE_CURVE('',#2376,#2375,#251,.T.);
#1963=EDGE_CURVE('',#2376,#2374,#703,.T.);
#1964=EDGE_CURVE('',#2377,#2375,#704,.T.);
#1965=EDGE_CURVE('',#2378,#2377,#252,.T.);
#1966=EDGE_CURVE('',#2378,#2376,#705,.T.);
#1967=EDGE_CURVE('',#2379,#2377,#706,.T.);
#1968=EDGE_CURVE('',#2380,#2379,#253,.T.);
#1969=EDGE_CURVE('',#2380,#2378,#707,.T.);
#1970=EDGE_CURVE('',#2381,#2379,#2523,.T.);
#1971=EDGE_CURVE('',#2382,#2381,#254,.T.);
#1972=EDGE_CURVE('',#2382,#2380,#2524,.T.);
#1973=EDGE_CURVE('',#2383,#2185,#255,.T.);
#1974=EDGE_CURVE('',#2383,#2384,#708,.T.);
#1975=EDGE_CURVE('',#2384,#2186,#256,.T.);
#1976=EDGE_CURVE('',#2385,#2184,#257,.T.);
#1977=EDGE_CURVE('',#2385,#2383,#709,.T.);
#1978=EDGE_CURVE('',#2386,#2198,#258,.T.);
#1979=EDGE_CURVE('',#2386,#2385,#710,.T.);
#1980=EDGE_CURVE('',#2387,#2197,#259,.T.);
#1981=EDGE_CURVE('',#2387,#2386,#711,.T.);
#1982=EDGE_CURVE('',#2388,#2196,#260,.T.);
#1983=EDGE_CURVE('',#2388,#2387,#712,.T.);
#1984=EDGE_CURVE('',#2389,#2195,#261,.T.);
#1985=EDGE_CURVE('',#2389,#2388,#713,.T.);
#1986=EDGE_CURVE('',#2390,#2194,#262,.T.);
#1987=EDGE_CURVE('',#2390,#2389,#263,.T.);
#1988=EDGE_CURVE('',#2391,#2193,#264,.T.);
#1989=EDGE_CURVE('',#2391,#2390,#265,.T.);
#1990=EDGE_CURVE('',#2392,#2192,#266,.T.);
#1991=EDGE_CURVE('',#2392,#2391,#267,.T.);
#1992=EDGE_CURVE('',#2393,#2191,#268,.T.);
#1993=EDGE_CURVE('',#2393,#2392,#269,.T.);
#1994=EDGE_CURVE('',#2394,#2190,#270,.T.);
#1995=EDGE_CURVE('',#2394,#2393,#271,.T.);
#1996=EDGE_CURVE('',#2395,#2189,#272,.T.);
#1997=EDGE_CURVE('',#2395,#2394,#714,.T.);
#1998=EDGE_CURVE('',#2396,#2188,#273,.T.);
#1999=EDGE_CURVE('',#2396,#2395,#715,.T.);
#2000=EDGE_CURVE('',#2397,#2187,#274,.T.);
#2001=EDGE_CURVE('',#2397,#2396,#716,.T.);
#2002=EDGE_CURVE('',#2384,#2397,#717,.T.);
#2003=EDGE_CURVE('',#2360,#2381,#718,.T.);
#2004=EDGE_CURVE('',#2362,#2382,#719,.T.);
#2005=EDGE_CURVE('',#2398,#2399,#720,.T.);
#2006=EDGE_CURVE('',#2400,#2398,#275,.T.);
#2007=EDGE_CURVE('',#2400,#2401,#721,.T.);
#2008=EDGE_CURVE('',#2401,#2399,#276,.T.);
#2009=EDGE_CURVE('',#2402,#2398,#722,.T.);
#2010=EDGE_CURVE('',#2403,#2402,#277,.T.);
#2011=EDGE_CURVE('',#2403,#2400,#723,.T.);
#2012=EDGE_CURVE('',#2404,#2402,#724,.T.);
#2013=EDGE_CURVE('',#2405,#2404,#278,.T.);
#2014=EDGE_CURVE('',#2405,#2403,#725,.T.);
#2015=EDGE_CURVE('',#2406,#2404,#2525,.T.);
#2016=EDGE_CURVE('',#2407,#2406,#279,.T.);
#2017=EDGE_CURVE('',#2407,#2405,#2526,.T.);
#2018=EDGE_CURVE('',#2408,#2406,#726,.T.);
#2019=EDGE_CURVE('',#2409,#2408,#280,.T.);
#2020=EDGE_CURVE('',#2409,#2407,#727,.T.);
#2021=EDGE_CURVE('',#2410,#2408,#728,.T.);
#2022=EDGE_CURVE('',#2411,#2410,#281,.T.);
#2023=EDGE_CURVE('',#2411,#2409,#729,.T.);
#2024=EDGE_CURVE('',#2412,#2410,#730,.T.);
#2025=EDGE_CURVE('',#2413,#2412,#282,.T.);
#2026=EDGE_CURVE('',#2413,#2411,#731,.T.);
#2027=EDGE_CURVE('',#2414,#2412,#732,.T.);
#2028=EDGE_CURVE('',#2415,#2414,#283,.T.);
#2029=EDGE_CURVE('',#2415,#2413,#733,.T.);
#2030=EDGE_CURVE('',#2416,#2414,#734,.T.);
#2031=EDGE_CURVE('',#2417,#2416,#284,.T.);
#2032=EDGE_CURVE('',#2417,#2415,#735,.T.);
#2033=EDGE_CURVE('',#2418,#2416,#736,.T.);
#2034=EDGE_CURVE('',#2419,#2418,#285,.T.);
#2035=EDGE_CURVE('',#2419,#2417,#737,.T.);
#2036=EDGE_CURVE('',#2420,#2418,#2527,.T.);
#2037=EDGE_CURVE('',#2421,#2420,#286,.T.);
#2038=EDGE_CURVE('',#2421,#2419,#2528,.T.);
#2039=EDGE_CURVE('',#2422,#2212,#287,.T.);
#2040=EDGE_CURVE('',#2422,#2423,#738,.T.);
#2041=EDGE_CURVE('',#2423,#2213,#288,.T.);
#2042=EDGE_CURVE('',#2424,#2211,#289,.T.);
#2043=EDGE_CURVE('',#2424,#2422,#739,.T.);
#2044=EDGE_CURVE('',#2425,#2225,#290,.T.);
#2045=EDGE_CURVE('',#2425,#2424,#740,.T.);
#2046=EDGE_CURVE('',#2426,#2224,#291,.T.);
#2047=EDGE_CURVE('',#2426,#2425,#741,.T.);
#2048=EDGE_CURVE('',#2427,#2223,#292,.T.);
#2049=EDGE_CURVE('',#2427,#2426,#742,.T.);
#2050=EDGE_CURVE('',#2428,#2222,#293,.T.);
#2051=EDGE_CURVE('',#2428,#2427,#743,.T.);
#2052=EDGE_CURVE('',#2429,#2221,#294,.T.);
#2053=EDGE_CURVE('',#2429,#2428,#295,.T.);
#2054=EDGE_CURVE('',#2430,#2220,#296,.T.);
#2055=EDGE_CURVE('',#2430,#2429,#297,.T.);
#2056=EDGE_CURVE('',#2431,#2219,#298,.T.);
#2057=EDGE_CURVE('',#2431,#2430,#299,.T.);
#2058=EDGE_CURVE('',#2432,#2218,#300,.T.);
#2059=EDGE_CURVE('',#2432,#2431,#301,.T.);
#2060=EDGE_CURVE('',#2433,#2217,#302,.T.);
#2061=EDGE_CURVE('',#2433,#2432,#303,.T.);
#2062=EDGE_CURVE('',#2434,#2216,#304,.T.);
#2063=EDGE_CURVE('',#2434,#2433,#744,.T.);
#2064=EDGE_CURVE('',#2435,#2215,#305,.T.);
#2065=EDGE_CURVE('',#2435,#2434,#745,.T.);
#2066=EDGE_CURVE('',#2436,#2214,#306,.T.);
#2067=EDGE_CURVE('',#2436,#2435,#746,.T.);
#2068=EDGE_CURVE('',#2423,#2436,#747,.T.);
#2069=EDGE_CURVE('',#2399,#2420,#748,.T.);
#2070=EDGE_CURVE('',#2401,#2421,#749,.T.);
#2071=EDGE_CURVE('',#2437,#2227,#307,.T.);
#2072=EDGE_CURVE('',#2437,#2438,#750,.T.);
#2073=EDGE_CURVE('',#2438,#2228,#308,.T.);
#2074=EDGE_CURVE('',#2439,#2226,#309,.T.);
#2075=EDGE_CURVE('',#2439,#2437,#751,.T.);
#2076=EDGE_CURVE('',#2440,#2245,#310,.T.);
#2077=EDGE_CURVE('',#2440,#2439,#752,.T.);
#2078=EDGE_CURVE('',#2441,#2244,#311,.T.);
#2079=EDGE_CURVE('',#2441,#2440,#753,.T.);
#2080=EDGE_CURVE('',#2442,#2243,#312,.T.);
#2081=EDGE_CURVE('',#2442,#2441,#754,.T.);
#2082=EDGE_CURVE('',#2443,#2242,#313,.T.);
#2083=EDGE_CURVE('',#2443,#2442,#755,.T.);
#2084=EDGE_CURVE('',#2444,#2241,#314,.T.);
#2085=EDGE_CURVE('',#2444,#2443,#315,.T.);
#2086=EDGE_CURVE('',#2445,#2240,#316,.T.);
#2087=EDGE_CURVE('',#2445,#2444,#756,.T.);
#2088=EDGE_CURVE('',#2446,#2239,#317,.T.);
#2089=EDGE_CURVE('',#2446,#2445,#757,.T.);
#2090=EDGE_CURVE('',#2447,#2238,#318,.T.);
#2091=EDGE_CURVE('',#2447,#2446,#758,.T.);
#2092=EDGE_CURVE('',#2448,#2237,#319,.T.);
#2093=EDGE_CURVE('',#2448,#2447,#759,.T.);
#2094=EDGE_CURVE('',#2449,#2236,#320,.T.);
#2095=EDGE_CURVE('',#2449,#2448,#760,.T.);
#2096=EDGE_CURVE('',#2450,#2235,#321,.T.);
#2097=EDGE_CURVE('',#2450,#2449,#761,.T.);
#2098=EDGE_CURVE('',#2451,#2234,#322,.T.);
#2099=EDGE_CURVE('',#2451,#2450,#762,.T.);
#2100=EDGE_CURVE('',#2452,#2233,#323,.T.);
#2101=EDGE_CURVE('',#2452,#2451,#763,.T.);
#2102=EDGE_CURVE('',#2453,#2232,#324,.T.);
#2103=EDGE_CURVE('',#2453,#2452,#325,.T.);
#2104=EDGE_CURVE('',#2454,#2231,#326,.T.);
#2105=EDGE_CURVE('',#2454,#2453,#764,.T.);
#2106=EDGE_CURVE('',#2455,#2230,#327,.T.);
#2107=EDGE_CURVE('',#2455,#2454,#765,.T.);
#2108=EDGE_CURVE('',#2456,#2229,#328,.T.);
#2109=EDGE_CURVE('',#2456,#2455,#766,.T.);
#2110=EDGE_CURVE('',#2438,#2456,#767,.T.);
#2111=EDGE_CURVE('',#2457,#2247,#329,.T.);
#2112=EDGE_CURVE('',#2457,#2458,#768,.T.);
#2113=EDGE_CURVE('',#2458,#2248,#330,.T.);
#2114=EDGE_CURVE('',#2459,#2246,#331,.T.);
#2115=EDGE_CURVE('',#2459,#2457,#769,.T.);
#2116=EDGE_CURVE('',#2460,#2277,#332,.T.);
#2117=EDGE_CURVE('',#2460,#2459,#770,.T.);
#2118=EDGE_CURVE('',#2461,#2276,#333,.T.);
#2119=EDGE_CURVE('',#2461,#2460,#2529,.F.);
#2120=EDGE_CURVE('',#2462,#2275,#334,.T.);
#2121=EDGE_CURVE('',#2462,#2461,#771,.T.);
#2122=EDGE_CURVE('',#2463,#2274,#335,.T.);
#2123=EDGE_CURVE('',#2463,#2462,#2530,.F.);
#2124=EDGE_CURVE('',#2464,#2273,#336,.T.);
#2125=EDGE_CURVE('',#2464,#2463,#772,.T.);
#2126=EDGE_CURVE('',#2465,#2272,#337,.T.);
#2127=EDGE_CURVE('',#2465,#2464,#773,.T.);
#2128=EDGE_CURVE('',#2466,#2271,#338,.T.);
#2129=EDGE_CURVE('',#2466,#2465,#774,.T.);
#2130=EDGE_CURVE('',#2467,#2270,#339,.T.);
#2131=EDGE_CURVE('',#2467,#2466,#775,.T.);
#2132=EDGE_CURVE('',#2468,#2269,#340,.T.);
#2133=EDGE_CURVE('',#2468,#2467,#776,.T.);
#2134=EDGE_CURVE('',#2469,#2268,#341,.T.);
#2135=EDGE_CURVE('',#2469,#2468,#777,.T.);
#2136=EDGE_CURVE('',#2470,#2267,#342,.T.);
#2137=EDGE_CURVE('',#2470,#2469,#778,.T.);
#2138=EDGE_CURVE('',#2471,#2266,#343,.T.);
#2139=EDGE_CURVE('',#2471,#2470,#779,.T.);
#2140=EDGE_CURVE('',#2472,#2265,#344,.T.);
#2141=EDGE_CURVE('',#2472,#2471,#345,.T.);
#2142=EDGE_CURVE('',#2473,#2264,#346,.T.);
#2143=EDGE_CURVE('',#2473,#2472,#780,.T.);
#2144=EDGE_CURVE('',#2474,#2263,#347,.T.);
#2145=EDGE_CURVE('',#2474,#2473,#781,.T.);
#2146=EDGE_CURVE('',#2475,#2262,#348,.T.);
#2147=EDGE_CURVE('',#2475,#2474,#782,.T.);
#2148=EDGE_CURVE('',#2476,#2261,#349,.T.);
#2149=EDGE_CURVE('',#2476,#2475,#783,.T.);
#2150=EDGE_CURVE('',#2477,#2260,#350,.T.);
#2151=EDGE_CURVE('',#2477,#2476,#2531,.F.);
#2152=EDGE_CURVE('',#2478,#2259,#351,.T.);
#2153=EDGE_CURVE('',#2478,#2477,#784,.T.);
#2154=EDGE_CURVE('',#2479,#2258,#352,.T.);
#2155=EDGE_CURVE('',#2479,#2478,#2532,.F.);
#2156=EDGE_CURVE('',#2480,#2257,#353,.T.);
#2157=EDGE_CURVE('',#2480,#2479,#785,.T.);
#2158=EDGE_CURVE('',#2481,#2256,#354,.T.);
#2159=EDGE_CURVE('',#2481,#2480,#786,.T.);
#2160=EDGE_CURVE('',#2482,#2255,#355,.T.);
#2161=EDGE_CURVE('',#2482,#2481,#787,.T.);
#2162=EDGE_CURVE('',#2483,#2254,#356,.T.);
#2163=EDGE_CURVE('',#2483,#2482,#788,.T.);
#2164=EDGE_CURVE('',#2484,#2253,#357,.T.);
#2165=EDGE_CURVE('',#2484,#2483,#789,.T.);
#2166=EDGE_CURVE('',#2485,#2252,#358,.T.);
#2167=EDGE_CURVE('',#2485,#2484,#790,.T.);
#2168=EDGE_CURVE('',#2486,#2251,#359,.T.);
#2169=EDGE_CURVE('',#2486,#2485,#791,.T.);
#2170=EDGE_CURVE('',#2487,#2250,#360,.T.);
#2171=EDGE_CURVE('',#2487,#2486,#361,.T.);
#2172=EDGE_CURVE('',#2488,#2249,#362,.T.);
#2173=EDGE_CURVE('',#2488,#2487,#792,.T.);
#2174=EDGE_CURVE('',#2458,#2488,#793,.T.);
#2175=EDGE_CURVE('',#2489,#2279,#363,.T.);
#2176=EDGE_CURVE('',#2489,#2490,#364,.T.);
#2177=EDGE_CURVE('',#2490,#2280,#365,.T.);
#2178=EDGE_CURVE('',#2491,#2278,#366,.T.);
#2179=EDGE_CURVE('',#2491,#2489,#367,.T.);
#2180=EDGE_CURVE('',#2492,#2281,#368,.T.);
#2181=EDGE_CURVE('',#2492,#2491,#369,.T.);
#2182=EDGE_CURVE('',#2490,#2492,#370,.T.);
#2183=VERTEX_POINT('',#3788);
#2184=VERTEX_POINT('',#3792);
#2185=VERTEX_POINT('',#3793);
#2186=VERTEX_POINT('',#3797);
#2187=VERTEX_POINT('',#3801);
#2188=VERTEX_POINT('',#3805);
#2189=VERTEX_POINT('',#3809);
#2190=VERTEX_POINT('',#3813);
#2191=VERTEX_POINT('',#3815);
#2192=VERTEX_POINT('',#3817);
#2193=VERTEX_POINT('',#3819);
#2194=VERTEX_POINT('',#3821);
#2195=VERTEX_POINT('',#3823);
#2196=VERTEX_POINT('',#3827);
#2197=VERTEX_POINT('',#3831);
#2198=VERTEX_POINT('',#3835);
#2199=VERTEX_POINT('',#3840);
#2200=VERTEX_POINT('',#3841);
#2201=VERTEX_POINT('',#3843);
#2202=VERTEX_POINT('',#3846);
#2203=VERTEX_POINT('',#3847);
#2204=VERTEX_POINT('',#3849);
#2205=VERTEX_POINT('',#3851);
#2206=VERTEX_POINT('',#3854);
#2207=VERTEX_POINT('',#3855);
#2208=VERTEX_POINT('',#3857);
#2209=VERTEX_POINT('',#3859);
#2210=VERTEX_POINT('',#3862);
#2211=VERTEX_POINT('',#3866);
#2212=VERTEX_POINT('',#3867);
#2213=VERTEX_POINT('',#3871);
#2214=VERTEX_POINT('',#3875);
#2215=VERTEX_POINT('',#3879);
#2216=VERTEX_POINT('',#3883);
#2217=VERTEX_POINT('',#3887);
#2218=VERTEX_POINT('',#3889);
#2219=VERTEX_POINT('',#3891);
#2220=VERTEX_POINT('',#3893);
#2221=VERTEX_POINT('',#3895);
#2222=VERTEX_POINT('',#3897);
#2223=VERTEX_POINT('',#3901);
#2224=VERTEX_POINT('',#3905);
#2225=VERTEX_POINT('',#3909);
#2226=VERTEX_POINT('',#3916);
#2227=VERTEX_POINT('',#3917);
#2228=VERTEX_POINT('',#3921);
#2229=VERTEX_POINT('',#3925);
#2230=VERTEX_POINT('',#3929);
#2231=VERTEX_POINT('',#3933);
#2232=VERTEX_POINT('',#3937);
#2233=VERTEX_POINT('',#3939);
#2234=VERTEX_POINT('',#3943);
#2235=VERTEX_POINT('',#3947);
#2236=VERTEX_POINT('',#3951);
#2237=VERTEX_POINT('',#3955);
#2238=VERTEX_POINT('',#3959);
#2239=VERTEX_POINT('',#3963);
#2240=VERTEX_POINT('',#3967);
#2241=VERTEX_POINT('',#3971);
#2242=VERTEX_POINT('',#3973);
#2243=VERTEX_POINT('',#3977);
#2244=VERTEX_POINT('',#3981);
#2245=VERTEX_POINT('',#3985);
#2246=VERTEX_POINT('',#3992);
#2247=VERTEX_POINT('',#3993);
#2248=VERTEX_POINT('',#3997);
#2249=VERTEX_POINT('',#4001);
#2250=VERTEX_POINT('',#4005);
#2251=VERTEX_POINT('',#4007);
#2252=VERTEX_POINT('',#4011);
#2253=VERTEX_POINT('',#4015);
#2254=VERTEX_POINT('',#4019);
#2255=VERTEX_POINT('',#4023);
#2256=VERTEX_POINT('',#4027);
#2257=VERTEX_POINT('',#4031);
#2258=VERTEX_POINT('',#4035);
#2259=VERTEX_POINT('',#4037);
#2260=VERTEX_POINT('',#4041);
#2261=VERTEX_POINT('',#4043);
#2262=VERTEX_POINT('',#4047);
#2263=VERTEX_POINT('',#4051);
#2264=VERTEX_POINT('',#4055);
#2265=VERTEX_POINT('',#4059);
#2266=VERTEX_POINT('',#4061);
#2267=VERTEX_POINT('',#4065);
#2268=VERTEX_POINT('',#4069);
#2269=VERTEX_POINT('',#4073);
#2270=VERTEX_POINT('',#4077);
#2271=VERTEX_POINT('',#4081);
#2272=VERTEX_POINT('',#4085);
#2273=VERTEX_POINT('',#4089);
#2274=VERTEX_POINT('',#4093);
#2275=VERTEX_POINT('',#4095);
#2276=VERTEX_POINT('',#4099);
#2277=VERTEX_POINT('',#4101);
#2278=VERTEX_POINT('',#4106);
#2279=VERTEX_POINT('',#4107);
#2280=VERTEX_POINT('',#4109);
#2281=VERTEX_POINT('',#4111);
#2282=VERTEX_POINT('',#4115);
#2283=VERTEX_POINT('',#4116);
#2284=VERTEX_POINT('',#4121);
#2285=VERTEX_POINT('',#4125);
#2286=VERTEX_POINT('',#4129);
#2287=VERTEX_POINT('',#4130);
#2288=VERTEX_POINT('',#4135);
#2289=VERTEX_POINT('',#4139);
#2290=VERTEX_POINT('',#4143);
#2291=VERTEX_POINT('',#4144);
#2292=VERTEX_POINT('',#4149);
#2293=VERTEX_POINT('',#4150);
#2294=VERTEX_POINT('',#4152);
#2295=VERTEX_POINT('',#4154);
#2296=VERTEX_POINT('',#4156);
#2297=VERTEX_POINT('',#4158);
#2298=VERTEX_POINT('',#4160);
#2299=VERTEX_POINT('',#4162);
#2300=VERTEX_POINT('',#4165);
#2301=VERTEX_POINT('',#4175);
#2302=VERTEX_POINT('',#4178);
#2303=VERTEX_POINT('',#4180);
#2304=VERTEX_POINT('',#4181);
#2305=VERTEX_POINT('',#4183);
#2306=VERTEX_POINT('',#4185);
#2307=VERTEX_POINT('',#4187);
#2308=VERTEX_POINT('',#4189);
#2309=VERTEX_POINT('',#4191);
#2310=VERTEX_POINT('',#4193);
#2311=VERTEX_POINT('',#4196);
#2312=VERTEX_POINT('',#4197);
#2313=VERTEX_POINT('',#4200);
#2314=VERTEX_POINT('',#4202);
#2315=VERTEX_POINT('',#4204);
#2316=VERTEX_POINT('',#4207);
#2317=VERTEX_POINT('',#4210);
#2318=VERTEX_POINT('',#4211);
#2319=VERTEX_POINT('',#4213);
#2320=VERTEX_POINT('',#4215);
#2321=VERTEX_POINT('',#4218);
#2322=VERTEX_POINT('',#4219);
#2323=VERTEX_POINT('',#4221);
#2324=VERTEX_POINT('',#4223);
#2325=VERTEX_POINT('',#4225);
#2326=VERTEX_POINT('',#4227);
#2327=VERTEX_POINT('',#4230);
#2328=VERTEX_POINT('',#4231);
#2329=VERTEX_POINT('',#4233);
#2330=VERTEX_POINT('',#4235);
#2331=VERTEX_POINT('',#4239);
#2332=VERTEX_POINT('',#4241);
#2333=VERTEX_POINT('',#4245);
#2334=VERTEX_POINT('',#4249);
#2335=VERTEX_POINT('',#4256);
#2336=VERTEX_POINT('',#4260);
#2337=VERTEX_POINT('',#4264);
#2338=VERTEX_POINT('',#4271);
#2339=VERTEX_POINT('',#4273);
#2340=VERTEX_POINT('',#4277);
#2341=VERTEX_POINT('',#4281);
#2342=VERTEX_POINT('',#4285);
#2343=VERTEX_POINT('',#4289);
#2344=VERTEX_POINT('',#4296);
#2345=VERTEX_POINT('',#4298);
#2346=VERTEX_POINT('',#4302);
#2347=VERTEX_POINT('',#4306);
#2348=VERTEX_POINT('',#4313);
#2349=VERTEX_POINT('',#4317);
#2350=VERTEX_POINT('',#4321);
#2351=VERTEX_POINT('',#4328);
#2352=VERTEX_POINT('',#4330);
#2353=VERTEX_POINT('',#4334);
#2354=VERTEX_POINT('',#4338);
#2355=VERTEX_POINT('',#4342);
#2356=VERTEX_POINT('',#4346);
#2357=VERTEX_POINT('',#4350);
#2358=VERTEX_POINT('',#4354);
#2359=VERTEX_POINT('',#4370);
#2360=VERTEX_POINT('',#4371);
#2361=VERTEX_POINT('',#4373);
#2362=VERTEX_POINT('',#4377);
#2363=VERTEX_POINT('',#4390);
#2364=VERTEX_POINT('',#4392);
#2365=VERTEX_POINT('',#4407);
#2366=VERTEX_POINT('',#4409);
#2367=VERTEX_POINT('',#4415);
#2368=VERTEX_POINT('',#4417);
#2369=VERTEX_POINT('',#4430);
#2370=VERTEX_POINT('',#4432);
#2371=VERTEX_POINT('',#4447);
#2372=VERTEX_POINT('',#4449);
#2373=VERTEX_POINT('',#4464);
#2374=VERTEX_POINT('',#4466);
#2375=VERTEX_POINT('',#4481);
#2376=VERTEX_POINT('',#4483);
#2377=VERTEX_POINT('',#4498);
#2378=VERTEX_POINT('',#4500);
#2379=VERTEX_POINT('',#4515);
#2380=VERTEX_POINT('',#4517);
#2381=VERTEX_POINT('',#4523);
#2382=VERTEX_POINT('',#4525);
#2383=VERTEX_POINT('',#4536);
#2384=VERTEX_POINT('',#4540);
#2385=VERTEX_POINT('',#4551);
#2386=VERTEX_POINT('',#4564);
#2387=VERTEX_POINT('',#4577);
#2388=VERTEX_POINT('',#4590);
#2389=VERTEX_POINT('',#4603);
#2390=VERTEX_POINT('',#4609);
#2391=VERTEX_POINT('',#4613);
#2392=VERTEX_POINT('',#4617);
#2393=VERTEX_POINT('',#4621);
#2394=VERTEX_POINT('',#4625);
#2395=VERTEX_POINT('',#4636);
#2396=VERTEX_POINT('',#4649);
#2397=VERTEX_POINT('',#4662);
#2398=VERTEX_POINT('',#4703);
#2399=VERTEX_POINT('',#4704);
#2400=VERTEX_POINT('',#4706);
#2401=VERTEX_POINT('',#4710);
#2402=VERTEX_POINT('',#4723);
#2403=VERTEX_POINT('',#4725);
#2404=VERTEX_POINT('',#4740);
#2405=VERTEX_POINT('',#4742);
#2406=VERTEX_POINT('',#4748);
#2407=VERTEX_POINT('',#4750);
#2408=VERTEX_POINT('',#4763);
#2409=VERTEX_POINT('',#4765);
#2410=VERTEX_POINT('',#4780);
#2411=VERTEX_POINT('',#4782);
#2412=VERTEX_POINT('',#4797);
#2413=VERTEX_POINT('',#4799);
#2414=VERTEX_POINT('',#4814);
#2415=VERTEX_POINT('',#4816);
#2416=VERTEX_POINT('',#4831);
#2417=VERTEX_POINT('',#4833);
#2418=VERTEX_POINT('',#4848);
#2419=VERTEX_POINT('',#4850);
#2420=VERTEX_POINT('',#4856);
#2421=VERTEX_POINT('',#4858);
#2422=VERTEX_POINT('',#4869);
#2423=VERTEX_POINT('',#4873);
#2424=VERTEX_POINT('',#4884);
#2425=VERTEX_POINT('',#4897);
#2426=VERTEX_POINT('',#4910);
#2427=VERTEX_POINT('',#4923);
#2428=VERTEX_POINT('',#4936);
#2429=VERTEX_POINT('',#4942);
#2430=VERTEX_POINT('',#4946);
#2431=VERTEX_POINT('',#4950);
#2432=VERTEX_POINT('',#4954);
#2433=VERTEX_POINT('',#4958);
#2434=VERTEX_POINT('',#4969);
#2435=VERTEX_POINT('',#4982);
#2436=VERTEX_POINT('',#4995);
#2437=VERTEX_POINT('',#5034);
#2438=VERTEX_POINT('',#5038);
#2439=VERTEX_POINT('',#5049);
#2440=VERTEX_POINT('',#5062);
#2441=VERTEX_POINT('',#5075);
#2442=VERTEX_POINT('',#5088);
#2443=VERTEX_POINT('',#5101);
#2444=VERTEX_POINT('',#5107);
#2445=VERTEX_POINT('',#5118);
#2446=VERTEX_POINT('',#5131);
#2447=VERTEX_POINT('',#5144);
#2448=VERTEX_POINT('',#5157);
#2449=VERTEX_POINT('',#5170);
#2450=VERTEX_POINT('',#5183);
#2451=VERTEX_POINT('',#5196);
#2452=VERTEX_POINT('',#5209);
#2453=VERTEX_POINT('',#5215);
#2454=VERTEX_POINT('',#5226);
#2455=VERTEX_POINT('',#5239);
#2456=VERTEX_POINT('',#5252);
#2457=VERTEX_POINT('',#5277);
#2458=VERTEX_POINT('',#5281);
#2459=VERTEX_POINT('',#5292);
#2460=VERTEX_POINT('',#5305);
#2461=VERTEX_POINT('',#5311);
#2462=VERTEX_POINT('',#5322);
#2463=VERTEX_POINT('',#5328);
#2464=VERTEX_POINT('',#5339);
#2465=VERTEX_POINT('',#5352);
#2466=VERTEX_POINT('',#5365);
#2467=VERTEX_POINT('',#5378);
#2468=VERTEX_POINT('',#5391);
#2469=VERTEX_POINT('',#5404);
#2470=VERTEX_POINT('',#5417);
#2471=VERTEX_POINT('',#5430);
#2472=VERTEX_POINT('',#5436);
#2473=VERTEX_POINT('',#5447);
#2474=VERTEX_POINT('',#5460);
#2475=VERTEX_POINT('',#5473);
#2476=VERTEX_POINT('',#5486);
#2477=VERTEX_POINT('',#5492);
#2478=VERTEX_POINT('',#5503);
#2479=VERTEX_POINT('',#5509);
#2480=VERTEX_POINT('',#5520);
#2481=VERTEX_POINT('',#5533);
#2482=VERTEX_POINT('',#5546);
#2483=VERTEX_POINT('',#5559);
#2484=VERTEX_POINT('',#5572);
#2485=VERTEX_POINT('',#5585);
#2486=VERTEX_POINT('',#5598);
#2487=VERTEX_POINT('',#5604);
#2488=VERTEX_POINT('',#5615);
#2489=VERTEX_POINT('',#5633);
#2490=VERTEX_POINT('',#5635);
#2491=VERTEX_POINT('',#5639);
#2492=VERTEX_POINT('',#5643);
#2493=CIRCLE('',#3157,0.001905);
#2494=CIRCLE('',#3158,0.126999999999997);
#2495=CIRCLE('',#3159,0.126999999999996);
#2496=CIRCLE('',#3160,0.004445);
#2497=CIRCLE('',#3161,0.00265334516203829);
#2498=CIRCLE('',#3162,0.00194524898019456);
#2499=CIRCLE('',#3163,0.00253399761117502);
#2500=CIRCLE('',#3164,0.00208625705480745);
#2501=CIRCLE('',#3172,0.126999999999997);
#2502=CIRCLE('',#3177,0.126999999999996);
#2503=CIRCLE('',#3179,0.004445);
#2504=CIRCLE('',#3181,0.001905);
#2505=CIRCLE('',#3182,0.12446);
#2506=CIRCLE('',#3183,0.12446);
#2507=CIRCLE('',#3184,0.00127);
#2508=CIRCLE('',#3185,0.12192);
#2509=CIRCLE('',#3186,0.12192);
#2510=CIRCLE('',#3187,0.00127);
#2511=CIRCLE('',#3188,0.000758209489937157);
#2512=CIRCLE('',#3189,0.000758209489937157);
#2513=CIRCLE('',#3196,0.12192);
#2514=CIRCLE('',#3198,0.12446);
#2515=CIRCLE('',#3201,0.00127);
#2516=CIRCLE('',#3207,0.000758209489937157);
#2517=CIRCLE('',#3210,0.000758209489937157);
#2518=CIRCLE('',#3218,0.12446);
#2519=CIRCLE('',#3220,0.12192);
#2520=CIRCLE('',#3222,0.00127);
#2521=CIRCLE('',#3235,0.00276633144932856);
#2522=CIRCLE('',#3236,0.00276633144932856);
#2523=CIRCLE('',#3238,0.00277322322314026);
#2524=CIRCLE('',#3239,0.00277322322314026);
#2525=CIRCLE('',#3247,0.0027663314493286);
#2526=CIRCLE('',#3248,0.0027663314493286);
#2527=CIRCLE('',#3250,0.00277322322314031);
#2528=CIRCLE('',#3251,0.00277322322314031);
#2529=CIRCLE('',#3262,0.00208625705480745);
#2530=CIRCLE('',#3264,0.00253399761117502);
#2531=CIRCLE('',#3267,0.00194524898019456);
#2532=CIRCLE('',#3269,0.00265334516203829);
#2533=EDGE_LOOP('',(#794));
#2534=EDGE_LOOP('',(#795,#796,#797,#798,#799,#800,#801,#802,#803,#804,#805,
#806,#807,#808,#809));
#2535=EDGE_LOOP('',(#810,#811,#812));
#2536=EDGE_LOOP('',(#813,#814,#815,#816));
#2537=EDGE_LOOP('',(#817,#818,#819,#820));
#2538=EDGE_LOOP('',(#821));
#2539=EDGE_LOOP('',(#822,#823,#824,#825,#826,#827,#828,#829,#830,#831,#832,
#833,#834,#835,#836));
#2540=EDGE_LOOP('',(#837,#838,#839,#840,#841,#842,#843,#844,#845,#846,#847,
#848,#849,#850,#851,#852,#853,#854,#855,#856));
#2541=EDGE_LOOP('',(#857,#858,#859,#860,#861,#862,#863,#864,#865,#866,#867,
#868,#869,#870,#871,#872,#873,#874,#875,#876,#877,#878,#879,#880,#881,#882,
#883,#884,#885,#886,#887,#888));
#2542=EDGE_LOOP('',(#889,#890,#891,#892));
#2543=EDGE_LOOP('',(#893,#894,#895,#896));
#2544=EDGE_LOOP('',(#897,#898,#899,#900));
#2545=EDGE_LOOP('',(#901,#902,#903,#904));
#2546=EDGE_LOOP('',(#905,#906,#907,#908));
#2547=EDGE_LOOP('',(#909,#910,#911,#912));
#2548=EDGE_LOOP('',(#913,#914,#915,#916));
#2549=EDGE_LOOP('',(#917,#918,#919,#920));
#2550=EDGE_LOOP('',(#921,#922,#923,#924,#925,#926,#927,#928,#929,#930,#931,
#932));
#2551=EDGE_LOOP('',(#933,#934,#935,#936));
#2552=EDGE_LOOP('',(#937,#938,#939,#940));
#2553=EDGE_LOOP('',(#941,#942,#943,#944));
#2554=EDGE_LOOP('',(#945));
#2555=EDGE_LOOP('',(#946));
#2556=EDGE_LOOP('',(#947));
#2557=EDGE_LOOP('',(#948,#949,#950,#951,#952,#953,#954,#955));
#2558=EDGE_LOOP('',(#956,#957,#958,#959,#960,#961,#962,#963,#964,#965,#966,
#967,#968));
#2559=EDGE_LOOP('',(#969,#970,#971,#972));
#2560=EDGE_LOOP('',(#973,#974,#975,#976,#977,#978));
#2561=EDGE_LOOP('',(#979,#980,#981,#982));
#2562=EDGE_LOOP('',(#983,#984,#985,#986));
#2563=EDGE_LOOP('',(#987,#988,#989,#990));
#2564=EDGE_LOOP('',(#991));
#2565=EDGE_LOOP('',(#992,#993,#994,#995));
#2566=EDGE_LOOP('',(#996,#997,#998,#999));
#2567=EDGE_LOOP('',(#1000,#1001,#1002,#1003));
#2568=EDGE_LOOP('',(#1004,#1005,#1006,#1007));
#2569=EDGE_LOOP('',(#1008,#1009,#1010,#1011));
#2570=EDGE_LOOP('',(#1012,#1013,#1014,#1015));
#2571=EDGE_LOOP('',(#1016,#1017,#1018,#1019));
#2572=EDGE_LOOP('',(#1020,#1021,#1022,#1023));
#2573=EDGE_LOOP('',(#1024,#1025,#1026,#1027));
#2574=EDGE_LOOP('',(#1028,#1029,#1030,#1031,#1032));
#2575=EDGE_LOOP('',(#1033,#1034,#1035,#1036));
#2576=EDGE_LOOP('',(#1037,#1038,#1039,#1040));
#2577=EDGE_LOOP('',(#1041,#1042,#1043,#1044));
#2578=EDGE_LOOP('',(#1045,#1046,#1047,#1048));
#2579=EDGE_LOOP('',(#1049,#1050,#1051,#1052));
#2580=EDGE_LOOP('',(#1053,#1054,#1055,#1056));
#2581=EDGE_LOOP('',(#1057,#1058,#1059,#1060,#1061,#1062));
#2582=EDGE_LOOP('',(#1063,#1064,#1065,#1066));
#2583=EDGE_LOOP('',(#1067,#1068,#1069,#1070));
#2584=EDGE_LOOP('',(#1071,#1072,#1073,#1074));
#2585=EDGE_LOOP('',(#1075,#1076,#1077,#1078));
#2586=EDGE_LOOP('',(#1079,#1080,#1081,#1082));
#2587=EDGE_LOOP('',(#1083,#1084,#1085,#1086));
#2588=EDGE_LOOP('',(#1087,#1088,#1089,#1090));
#2589=EDGE_LOOP('',(#1091,#1092,#1093,#1094));
#2590=EDGE_LOOP('',(#1095,#1096,#1097,#1098));
#2591=EDGE_LOOP('',(#1099,#1100,#1101,#1102,#1103));
#2592=EDGE_LOOP('',(#1104,#1105,#1106,#1107));
#2593=EDGE_LOOP('',(#1108,#1109,#1110,#1111));
#2594=EDGE_LOOP('',(#1112,#1113,#1114,#1115));
#2595=EDGE_LOOP('',(#1116,#1117,#1118,#1119));
#2596=EDGE_LOOP('',(#1120,#1121,#1122,#1123));
#2597=EDGE_LOOP('',(#1124,#1125,#1126,#1127));
#2598=EDGE_LOOP('',(#1128,#1129,#1130,#1131));
#2599=EDGE_LOOP('',(#1132,#1133,#1134,#1135));
#2600=EDGE_LOOP('',(#1136,#1137,#1138,#1139,#1140,#1141,#1142,#1143));
#2601=EDGE_LOOP('',(#1144,#1145,#1146,#1147));
#2602=EDGE_LOOP('',(#1148,#1149,#1150,#1151));
#2603=EDGE_LOOP('',(#1152,#1153,#1154,#1155));
#2604=EDGE_LOOP('',(#1156,#1157,#1158,#1159));
#2605=EDGE_LOOP('',(#1160,#1161,#1162,#1163));
#2606=EDGE_LOOP('',(#1164,#1165,#1166,#1167));
#2607=EDGE_LOOP('',(#1168,#1169,#1170,#1171));
#2608=EDGE_LOOP('',(#1172,#1173,#1174,#1175));
#2609=EDGE_LOOP('',(#1176,#1177,#1178,#1179));
#2610=EDGE_LOOP('',(#1180,#1181,#1182,#1183));
#2611=EDGE_LOOP('',(#1184,#1185,#1186,#1187));
#2612=EDGE_LOOP('',(#1188,#1189,#1190,#1191));
#2613=EDGE_LOOP('',(#1192,#1193,#1194,#1195));
#2614=EDGE_LOOP('',(#1196,#1197,#1198,#1199));
#2615=EDGE_LOOP('',(#1200,#1201,#1202,#1203));
#2616=EDGE_LOOP('',(#1204,#1205,#1206,#1207));
#2617=EDGE_LOOP('',(#1208,#1209,#1210,#1211));
#2618=EDGE_LOOP('',(#1212,#1213,#1214,#1215));
#2619=EDGE_LOOP('',(#1216,#1217,#1218,#1219));
#2620=EDGE_LOOP('',(#1220,#1221,#1222,#1223));
#2621=EDGE_LOOP('',(#1224,#1225,#1226,#1227));
#2622=EDGE_LOOP('',(#1228,#1229,#1230,#1231));
#2623=EDGE_LOOP('',(#1232,#1233,#1234,#1235));
#2624=EDGE_LOOP('',(#1236,#1237,#1238,#1239));
#2625=EDGE_LOOP('',(#1240,#1241,#1242,#1243));
#2626=EDGE_LOOP('',(#1244,#1245,#1246,#1247));
#2627=EDGE_LOOP('',(#1248,#1249,#1250,#1251));
#2628=EDGE_LOOP('',(#1252,#1253,#1254,#1255,#1256,#1257,#1258,#1259,#1260,
#1261,#1262,#1263,#1264,#1265,#1266));
#2629=EDGE_LOOP('',(#1267,#1268,#1269,#1270,#1271,#1272,#1273,#1274,#1275,
#1276,#1277,#1278));
#2630=EDGE_LOOP('',(#1279,#1280,#1281,#1282));
#2631=EDGE_LOOP('',(#1283,#1284,#1285,#1286));
#2632=EDGE_LOOP('',(#1287,#1288,#1289,#1290));
#2633=EDGE_LOOP('',(#1291,#1292,#1293,#1294));
#2634=EDGE_LOOP('',(#1295,#1296,#1297,#1298));
#2635=EDGE_LOOP('',(#1299,#1300,#1301,#1302));
#2636=EDGE_LOOP('',(#1303,#1304,#1305,#1306));
#2637=EDGE_LOOP('',(#1307,#1308,#1309,#1310));
#2638=EDGE_LOOP('',(#1311,#1312,#1313,#1314));
#2639=EDGE_LOOP('',(#1315,#1316,#1317,#1318));
#2640=EDGE_LOOP('',(#1319,#1320,#1321,#1322));
#2641=EDGE_LOOP('',(#1323,#1324,#1325,#1326));
#2642=EDGE_LOOP('',(#1327,#1328,#1329,#1330));
#2643=EDGE_LOOP('',(#1331,#1332,#1333,#1334));
#2644=EDGE_LOOP('',(#1335,#1336,#1337,#1338));
#2645=EDGE_LOOP('',(#1339,#1340,#1341,#1342));
#2646=EDGE_LOOP('',(#1343,#1344,#1345,#1346));
#2647=EDGE_LOOP('',(#1347,#1348,#1349,#1350));
#2648=EDGE_LOOP('',(#1351,#1352,#1353,#1354));
#2649=EDGE_LOOP('',(#1355,#1356,#1357,#1358));
#2650=EDGE_LOOP('',(#1359,#1360,#1361,#1362));
#2651=EDGE_LOOP('',(#1363,#1364,#1365,#1366));
#2652=EDGE_LOOP('',(#1367,#1368,#1369,#1370));
#2653=EDGE_LOOP('',(#1371,#1372,#1373,#1374));
#2654=EDGE_LOOP('',(#1375,#1376,#1377,#1378));
#2655=EDGE_LOOP('',(#1379,#1380,#1381,#1382));
#2656=EDGE_LOOP('',(#1383,#1384,#1385,#1386));
#2657=EDGE_LOOP('',(#1387,#1388,#1389,#1390,#1391,#1392,#1393,#1394,#1395,
#1396,#1397,#1398,#1399,#1400,#1401));
#2658=EDGE_LOOP('',(#1402,#1403,#1404,#1405,#1406,#1407,#1408,#1409,#1410,
#1411,#1412,#1413));
#2659=EDGE_LOOP('',(#1414,#1415,#1416,#1417));
#2660=EDGE_LOOP('',(#1418,#1419,#1420,#1421));
#2661=EDGE_LOOP('',(#1422,#1423,#1424,#1425));
#2662=EDGE_LOOP('',(#1426,#1427,#1428,#1429));
#2663=EDGE_LOOP('',(#1430,#1431,#1432,#1433));
#2664=EDGE_LOOP('',(#1434,#1435,#1436,#1437));
#2665=EDGE_LOOP('',(#1438,#1439,#1440,#1441));
#2666=EDGE_LOOP('',(#1442,#1443,#1444,#1445));
#2667=EDGE_LOOP('',(#1446,#1447,#1448,#1449));
#2668=EDGE_LOOP('',(#1450,#1451,#1452,#1453));
#2669=EDGE_LOOP('',(#1454,#1455,#1456,#1457));
#2670=EDGE_LOOP('',(#1458,#1459,#1460,#1461));
#2671=EDGE_LOOP('',(#1462,#1463,#1464,#1465));
#2672=EDGE_LOOP('',(#1466,#1467,#1468,#1469));
#2673=EDGE_LOOP('',(#1470,#1471,#1472,#1473));
#2674=EDGE_LOOP('',(#1474,#1475,#1476,#1477));
#2675=EDGE_LOOP('',(#1478,#1479,#1480,#1481));
#2676=EDGE_LOOP('',(#1482,#1483,#1484,#1485));
#2677=EDGE_LOOP('',(#1486,#1487,#1488,#1489));
#2678=EDGE_LOOP('',(#1490,#1491,#1492,#1493));
#2679=EDGE_LOOP('',(#1494,#1495,#1496,#1497,#1498,#1499,#1500,#1501,#1502,
#1503,#1504,#1505,#1506,#1507,#1508,#1509,#1510,#1511,#1512,#1513));
#2680=EDGE_LOOP('',(#1514,#1515,#1516,#1517));
#2681=EDGE_LOOP('',(#1518,#1519,#1520,#1521));
#2682=EDGE_LOOP('',(#1522,#1523,#1524,#1525));
#2683=EDGE_LOOP('',(#1526,#1527,#1528,#1529));
#2684=EDGE_LOOP('',(#1530,#1531,#1532,#1533));
#2685=EDGE_LOOP('',(#1534,#1535,#1536,#1537));
#2686=EDGE_LOOP('',(#1538,#1539,#1540,#1541));
#2687=EDGE_LOOP('',(#1542,#1543,#1544,#1545));
#2688=EDGE_LOOP('',(#1546,#1547,#1548,#1549));
#2689=EDGE_LOOP('',(#1550,#1551,#1552,#1553));
#2690=EDGE_LOOP('',(#1554,#1555,#1556,#1557));
#2691=EDGE_LOOP('',(#1558,#1559,#1560,#1561));
#2692=EDGE_LOOP('',(#1562,#1563,#1564,#1565));
#2693=EDGE_LOOP('',(#1566,#1567,#1568,#1569));
#2694=EDGE_LOOP('',(#1570,#1571,#1572,#1573));
#2695=EDGE_LOOP('',(#1574,#1575,#1576,#1577));
#2696=EDGE_LOOP('',(#1578,#1579,#1580,#1581));
#2697=EDGE_LOOP('',(#1582,#1583,#1584,#1585));
#2698=EDGE_LOOP('',(#1586,#1587,#1588,#1589));
#2699=EDGE_LOOP('',(#1590,#1591,#1592,#1593));
#2700=EDGE_LOOP('',(#1594,#1595,#1596,#1597));
#2701=EDGE_LOOP('',(#1598,#1599,#1600,#1601));
#2702=EDGE_LOOP('',(#1602,#1603,#1604,#1605));
#2703=EDGE_LOOP('',(#1606,#1607,#1608,#1609));
#2704=EDGE_LOOP('',(#1610,#1611,#1612,#1613));
#2705=EDGE_LOOP('',(#1614,#1615,#1616,#1617));
#2706=EDGE_LOOP('',(#1618,#1619,#1620,#1621));
#2707=EDGE_LOOP('',(#1622,#1623,#1624,#1625));
#2708=EDGE_LOOP('',(#1626,#1627,#1628,#1629));
#2709=EDGE_LOOP('',(#1630,#1631,#1632,#1633));
#2710=EDGE_LOOP('',(#1634,#1635,#1636,#1637));
#2711=EDGE_LOOP('',(#1638,#1639,#1640,#1641));
#2712=EDGE_LOOP('',(#1642,#1643,#1644,#1645,#1646,#1647,#1648,#1649,#1650,
#1651,#1652,#1653,#1654,#1655,#1656,#1657,#1658,#1659,#1660,#1661,#1662,
#1663,#1664,#1665,#1666,#1667,#1668,#1669,#1670,#1671,#1672,#1673));
#2713=EDGE_LOOP('',(#1674,#1675,#1676,#1677));
#2714=EDGE_LOOP('',(#1678,#1679,#1680,#1681));
#2715=EDGE_LOOP('',(#1682,#1683,#1684,#1685));
#2716=EDGE_LOOP('',(#1686,#1687,#1688,#1689));
#2717=EDGE_LOOP('',(#1690,#1691,#1692,#1693));
#2718=EDGE_LOOP('',(#1694,#1695,#1696,#1697,#1698,#1699,#1700,#1701,#1702,
#1703,#1704,#1705));
#2719=EDGE_LOOP('',(#1706,#1707,#1708,#1709,#1710,#1711,#1712,#1713,#1714,
#1715,#1716,#1717));
#2720=EDGE_LOOP('',(#1718));
#2721=EDGE_LOOP('',(#1719));
#2722=FACE_BOUND('',#2533,.T.);
#2723=FACE_BOUND('',#2534,.T.);
#2724=FACE_BOUND('',#2535,.T.);
#2725=FACE_BOUND('',#2536,.T.);
#2726=FACE_BOUND('',#2537,.T.);
#2727=FACE_BOUND('',#2538,.T.);
#2728=FACE_BOUND('',#2539,.T.);
#2729=FACE_BOUND('',#2540,.T.);
#2730=FACE_BOUND('',#2541,.T.);
#2731=FACE_BOUND('',#2542,.T.);
#2732=FACE_BOUND('',#2543,.T.);
#2733=FACE_BOUND('',#2544,.T.);
#2734=FACE_BOUND('',#2545,.T.);
#2735=FACE_BOUND('',#2546,.T.);
#2736=FACE_BOUND('',#2547,.T.);
#2737=FACE_BOUND('',#2548,.T.);
#2738=FACE_BOUND('',#2549,.T.);
#2739=FACE_BOUND('',#2550,.T.);
#2740=FACE_BOUND('',#2551,.T.);
#2741=FACE_BOUND('',#2552,.T.);
#2742=FACE_BOUND('',#2553,.T.);
#2743=FACE_BOUND('',#2554,.T.);
#2744=FACE_BOUND('',#2555,.T.);
#2745=FACE_BOUND('',#2556,.T.);
#2746=FACE_BOUND('',#2557,.T.);
#2747=FACE_BOUND('',#2558,.T.);
#2748=FACE_BOUND('',#2559,.T.);
#2749=FACE_BOUND('',#2560,.T.);
#2750=FACE_BOUND('',#2561,.T.);
#2751=FACE_BOUND('',#2562,.T.);
#2752=FACE_BOUND('',#2563,.T.);
#2753=FACE_BOUND('',#2564,.T.);
#2754=FACE_BOUND('',#2565,.T.);
#2755=FACE_BOUND('',#2566,.T.);
#2756=FACE_BOUND('',#2567,.T.);
#2757=FACE_BOUND('',#2568,.T.);
#2758=FACE_BOUND('',#2569,.T.);
#2759=FACE_BOUND('',#2570,.T.);
#2760=FACE_BOUND('',#2571,.T.);
#2761=FACE_BOUND('',#2572,.T.);
#2762=FACE_BOUND('',#2573,.T.);
#2763=FACE_BOUND('',#2574,.T.);
#2764=FACE_BOUND('',#2575,.T.);
#2765=FACE_BOUND('',#2576,.T.);
#2766=FACE_BOUND('',#2577,.T.);
#2767=FACE_BOUND('',#2578,.T.);
#2768=FACE_BOUND('',#2579,.T.);
#2769=FACE_BOUND('',#2580,.T.);
#2770=FACE_BOUND('',#2581,.T.);
#2771=FACE_BOUND('',#2582,.T.);
#2772=FACE_BOUND('',#2583,.T.);
#2773=FACE_BOUND('',#2584,.T.);
#2774=FACE_BOUND('',#2585,.T.);
#2775=FACE_BOUND('',#2586,.T.);
#2776=FACE_BOUND('',#2587,.T.);
#2777=FACE_BOUND('',#2588,.T.);
#2778=FACE_BOUND('',#2589,.T.);
#2779=FACE_BOUND('',#2590,.T.);
#2780=FACE_BOUND('',#2591,.T.);
#2781=FACE_BOUND('',#2592,.T.);
#2782=FACE_BOUND('',#2593,.T.);
#2783=FACE_BOUND('',#2594,.T.);
#2784=FACE_BOUND('',#2595,.T.);
#2785=FACE_BOUND('',#2596,.T.);
#2786=FACE_BOUND('',#2597,.T.);
#2787=FACE_BOUND('',#2598,.T.);
#2788=FACE_BOUND('',#2599,.T.);
#2789=FACE_BOUND('',#2600,.T.);
#2790=FACE_BOUND('',#2601,.T.);
#2791=FACE_BOUND('',#2602,.T.);
#2792=FACE_BOUND('',#2603,.T.);
#2793=FACE_BOUND('',#2604,.T.);
#2794=FACE_BOUND('',#2605,.T.);
#2795=FACE_BOUND('',#2606,.T.);
#2796=FACE_BOUND('',#2607,.T.);
#2797=FACE_BOUND('',#2608,.T.);
#2798=FACE_BOUND('',#2609,.T.);
#2799=FACE_BOUND('',#2610,.T.);
#2800=FACE_BOUND('',#2611,.T.);
#2801=FACE_BOUND('',#2612,.T.);
#2802=FACE_BOUND('',#2613,.T.);
#2803=FACE_BOUND('',#2614,.T.);
#2804=FACE_BOUND('',#2615,.T.);
#2805=FACE_BOUND('',#2616,.T.);
#2806=FACE_BOUND('',#2617,.T.);
#2807=FACE_BOUND('',#2618,.T.);
#2808=FACE_BOUND('',#2619,.T.);
#2809=FACE_BOUND('',#2620,.T.);
#2810=FACE_BOUND('',#2621,.T.);
#2811=FACE_BOUND('',#2622,.T.);
#2812=FACE_BOUND('',#2623,.T.);
#2813=FACE_BOUND('',#2624,.T.);
#2814=FACE_BOUND('',#2625,.T.);
#2815=FACE_BOUND('',#2626,.T.);
#2816=FACE_BOUND('',#2627,.T.);
#2817=FACE_BOUND('',#2628,.T.);
#2818=FACE_BOUND('',#2629,.T.);
#2819=FACE_BOUND('',#2630,.T.);
#2820=FACE_BOUND('',#2631,.T.);
#2821=FACE_BOUND('',#2632,.T.);
#2822=FACE_BOUND('',#2633,.T.);
#2823=FACE_BOUND('',#2634,.T.);
#2824=FACE_BOUND('',#2635,.T.);
#2825=FACE_BOUND('',#2636,.T.);
#2826=FACE_BOUND('',#2637,.T.);
#2827=FACE_BOUND('',#2638,.T.);
#2828=FACE_BOUND('',#2639,.T.);
#2829=FACE_BOUND('',#2640,.T.);
#2830=FACE_BOUND('',#2641,.T.);
#2831=FACE_BOUND('',#2642,.T.);
#2832=FACE_BOUND('',#2643,.T.);
#2833=FACE_BOUND('',#2644,.T.);
#2834=FACE_BOUND('',#2645,.T.);
#2835=FACE_BOUND('',#2646,.T.);
#2836=FACE_BOUND('',#2647,.T.);
#2837=FACE_BOUND('',#2648,.T.);
#2838=FACE_BOUND('',#2649,.T.);
#2839=FACE_BOUND('',#2650,.T.);
#2840=FACE_BOUND('',#2651,.T.);
#2841=FACE_BOUND('',#2652,.T.);
#2842=FACE_BOUND('',#2653,.T.);
#2843=FACE_BOUND('',#2654,.T.);
#2844=FACE_BOUND('',#2655,.T.);
#2845=FACE_BOUND('',#2656,.T.);
#2846=FACE_BOUND('',#2657,.T.);
#2847=FACE_BOUND('',#2658,.T.);
#2848=FACE_BOUND('',#2659,.T.);
#2849=FACE_BOUND('',#2660,.T.);
#2850=FACE_BOUND('',#2661,.T.);
#2851=FACE_BOUND('',#2662,.T.);
#2852=FACE_BOUND('',#2663,.T.);
#2853=FACE_BOUND('',#2664,.T.);
#2854=FACE_BOUND('',#2665,.T.);
#2855=FACE_BOUND('',#2666,.T.);
#2856=FACE_BOUND('',#2667,.T.);
#2857=FACE_BOUND('',#2668,.T.);
#2858=FACE_BOUND('',#2669,.T.);
#2859=FACE_BOUND('',#2670,.T.);
#2860=FACE_BOUND('',#2671,.T.);
#2861=FACE_BOUND('',#2672,.T.);
#2862=FACE_BOUND('',#2673,.T.);
#2863=FACE_BOUND('',#2674,.T.);
#2864=FACE_BOUND('',#2675,.T.);
#2865=FACE_BOUND('',#2676,.T.);
#2866=FACE_BOUND('',#2677,.T.);
#2867=FACE_BOUND('',#2678,.T.);
#2868=FACE_BOUND('',#2679,.T.);
#2869=FACE_BOUND('',#2680,.T.);
#2870=FACE_BOUND('',#2681,.T.);
#2871=FACE_BOUND('',#2682,.T.);
#2872=FACE_BOUND('',#2683,.T.);
#2873=FACE_BOUND('',#2684,.T.);
#2874=FACE_BOUND('',#2685,.T.);
#2875=FACE_BOUND('',#2686,.T.);
#2876=FACE_BOUND('',#2687,.T.);
#2877=FACE_BOUND('',#2688,.T.);
#2878=FACE_BOUND('',#2689,.T.);
#2879=FACE_BOUND('',#2690,.T.);
#2880=FACE_BOUND('',#2691,.T.);
#2881=FACE_BOUND('',#2692,.T.);
#2882=FACE_BOUND('',#2693,.T.);
#2883=FACE_BOUND('',#2694,.T.);
#2884=FACE_BOUND('',#2695,.T.);
#2885=FACE_BOUND('',#2696,.T.);
#2886=FACE_BOUND('',#2697,.T.);
#2887=FACE_BOUND('',#2698,.T.);
#2888=FACE_BOUND('',#2699,.T.);
#2889=FACE_BOUND('',#2700,.T.);
#2890=FACE_BOUND('',#2701,.T.);
#2891=FACE_BOUND('',#2702,.T.);
#2892=FACE_BOUND('',#2703,.T.);
#2893=FACE_BOUND('',#2704,.T.);
#2894=FACE_BOUND('',#2705,.T.);
#2895=FACE_BOUND('',#2706,.T.);
#2896=FACE_BOUND('',#2707,.T.);
#2897=FACE_BOUND('',#2708,.T.);
#2898=FACE_BOUND('',#2709,.T.);
#2899=FACE_BOUND('',#2710,.T.);
#2900=FACE_BOUND('',#2711,.T.);
#2901=FACE_BOUND('',#2712,.T.);
#2902=FACE_BOUND('',#2713,.T.);
#2903=FACE_BOUND('',#2714,.T.);
#2904=FACE_BOUND('',#2715,.T.);
#2905=FACE_BOUND('',#2716,.T.);
#2906=FACE_BOUND('',#2717,.T.);
#2907=FACE_BOUND('',#2718,.T.);
#2908=FACE_BOUND('',#2719,.T.);
#2909=FACE_BOUND('',#2720,.T.);
#2910=FACE_BOUND('',#2721,.T.);
#2911=PLANE('',#3156);
#2912=PLANE('',#3165);
#2913=PLANE('',#3166);
#2914=PLANE('',#3167);
#2915=PLANE('',#3168);
#2916=PLANE('',#3169);
#2917=PLANE('',#3170);
#2918=PLANE('',#3173);
#2919=PLANE('',#3174);
#2920=PLANE('',#3175);
#2921=PLANE('',#3180);
#2922=PLANE('',#3190);
#2923=PLANE('',#3191);
#2924=PLANE('',#3192);
#2925=PLANE('',#3193);
#2926=PLANE('',#3194);
#2927=PLANE('',#3199);
#2928=PLANE('',#3202);
#2929=PLANE('',#3203);
#2930=PLANE('',#3204);
#2931=PLANE('',#3205);
#2932=PLANE('',#3208);
#2933=PLANE('',#3211);
#2934=PLANE('',#3212);
#2935=PLANE('',#3213);
#2936=PLANE('',#3214);
#2937=PLANE('',#3215);
#2938=PLANE('',#3216);
#2939=PLANE('',#3223);
#2940=PLANE('',#3224);
#2941=PLANE('',#3225);
#2942=PLANE('',#3226);
#2943=PLANE('',#3227);
#2944=PLANE('',#3228);
#2945=PLANE('',#3229);
#2946=PLANE('',#3230);
#2947=PLANE('',#3231);
#2948=PLANE('',#3232);
#2949=PLANE('',#3233);
#2950=PLANE('',#3240);
#2951=PLANE('',#3241);
#2952=PLANE('',#3242);
#2953=PLANE('',#3243);
#2954=PLANE('',#3244);
#2955=PLANE('',#3245);
#2956=PLANE('',#3252);
#2957=PLANE('',#3253);
#2958=PLANE('',#3254);
#2959=PLANE('',#3255);
#2960=PLANE('',#3256);
#2961=PLANE('',#3257);
#2962=PLANE('',#3258);
#2963=PLANE('',#3259);
#2964=PLANE('',#3260);
#2965=PLANE('',#3265);
#2966=PLANE('',#3270);
#2967=PLANE('',#3271);
#2968=PLANE('',#3272);
#2969=PLANE('',#3273);
#2970=PLANE('',#3274);
#2971=PLANE('',#3275);
#2972=PLANE('',#3276);
#2973=PLANE('',#3277);
#2974=PLANE('',#3278);
#2975=ADVANCED_FACE('',(#2722,#2723,#2724,#2725,#2726,#2727,#2728,#2729,
#2730,#2731),#2911,.T.);
#2976=ADVANCED_FACE('',(#2732),#2912,.T.);
#2977=ADVANCED_FACE('',(#2733),#2913,.T.);
#2978=ADVANCED_FACE('',(#2734),#2914,.F.);
#2979=ADVANCED_FACE('',(#2735),#2915,.T.);
#2980=ADVANCED_FACE('',(#2736),#2916,.F.);
#2981=ADVANCED_FACE('',(#2737),#2917,.F.);
#2982=ADVANCED_FACE('',(#2738),#96,.T.);
#2983=ADVANCED_FACE('',(#2739),#2918,.F.);
#2984=ADVANCED_FACE('',(#2740),#2919,.F.);
#2985=ADVANCED_FACE('',(#2741),#2920,.T.);
#2986=ADVANCED_FACE('',(#2742),#97,.T.);
#2987=ADVANCED_FACE('',(#2743,#2744),#98,.F.);
#2988=ADVANCED_FACE('',(#2745,#2746,#2747,#2748,#2749,#2750,#2751,#2752,
#2753),#2921,.F.);
#2989=ADVANCED_FACE('',(#2754),#2922,.F.);
#2990=ADVANCED_FACE('',(#2755),#2923,.T.);
#2991=ADVANCED_FACE('',(#2756),#2924,.T.);
#2992=ADVANCED_FACE('',(#2757),#2925,.F.);
#2993=ADVANCED_FACE('',(#2758),#2926,.F.);
#2994=ADVANCED_FACE('',(#2759),#99,.T.);
#2995=ADVANCED_FACE('',(#2760),#100,.F.);
#2996=ADVANCED_FACE('',(#2761),#2927,.T.);
#2997=ADVANCED_FACE('',(#2762),#101,.F.);
#2998=ADVANCED_FACE('',(#2763),#2928,.F.);
#2999=ADVANCED_FACE('',(#2764),#2929,.F.);
#3000=ADVANCED_FACE('',(#2765),#2930,.T.);
#3001=ADVANCED_FACE('',(#2766),#2931,.T.);
#3002=ADVANCED_FACE('',(#2767),#102,.F.);
#3003=ADVANCED_FACE('',(#2768),#2932,.F.);
#3004=ADVANCED_FACE('',(#2769),#103,.F.);
#3005=ADVANCED_FACE('',(#2770),#2933,.F.);
#3006=ADVANCED_FACE('',(#2771),#2934,.F.);
#3007=ADVANCED_FACE('',(#2772),#2935,.T.);
#3008=ADVANCED_FACE('',(#2773),#2936,.T.);
#3009=ADVANCED_FACE('',(#2774),#2937,.T.);
#3010=ADVANCED_FACE('',(#2775),#2938,.F.);
#3011=ADVANCED_FACE('',(#2776),#104,.F.);
#3012=ADVANCED_FACE('',(#2777),#105,.T.);
#3013=ADVANCED_FACE('',(#2778),#106,.F.);
#3014=ADVANCED_FACE('',(#2779),#2939,.T.);
#3015=ADVANCED_FACE('',(#2780),#2940,.F.);
#3016=ADVANCED_FACE('',(#2781),#2941,.F.);
#3017=ADVANCED_FACE('',(#2782),#2942,.T.);
#3018=ADVANCED_FACE('',(#2783),#2943,.T.);
#3019=ADVANCED_FACE('',(#2784),#2944,.F.);
#3020=ADVANCED_FACE('',(#2785),#2945,.T.);
#3021=ADVANCED_FACE('',(#2786),#2946,.T.);
#3022=ADVANCED_FACE('',(#2787),#2947,.F.);
#3023=ADVANCED_FACE('',(#2788),#2948,.F.);
#3024=ADVANCED_FACE('',(#2789),#2949,.F.);
#3025=ADVANCED_FACE('',(#2790),#12,.T.);
#3026=ADVANCED_FACE('',(#2791),#13,.T.);
#3027=ADVANCED_FACE('',(#2792),#14,.T.);
#3028=ADVANCED_FACE('',(#2793),#107,.T.);
#3029=ADVANCED_FACE('',(#2794),#15,.T.);
#3030=ADVANCED_FACE('',(#2795),#16,.T.);
#3031=ADVANCED_FACE('',(#2796),#17,.T.);
#3032=ADVANCED_FACE('',(#2797),#18,.T.);
#3033=ADVANCED_FACE('',(#2798),#19,.T.);
#3034=ADVANCED_FACE('',(#2799),#20,.T.);
#3035=ADVANCED_FACE('',(#2800),#108,.T.);
#3036=ADVANCED_FACE('',(#2801),#21,.T.);
#3037=ADVANCED_FACE('',(#2802),#22,.T.);
#3038=ADVANCED_FACE('',(#2803),#23,.T.);
#3039=ADVANCED_FACE('',(#2804),#24,.T.);
#3040=ADVANCED_FACE('',(#2805),#25,.T.);
#3041=ADVANCED_FACE('',(#2806),#26,.T.);
#3042=ADVANCED_FACE('',(#2807),#2950,.T.);
#3043=ADVANCED_FACE('',(#2808),#2951,.T.);
#3044=ADVANCED_FACE('',(#2809),#2952,.T.);
#3045=ADVANCED_FACE('',(#2810),#2953,.T.);
#3046=ADVANCED_FACE('',(#2811),#2954,.T.);
#3047=ADVANCED_FACE('',(#2812),#27,.T.);
#3048=ADVANCED_FACE('',(#2813),#28,.T.);
#3049=ADVANCED_FACE('',(#2814),#29,.T.);
#3050=ADVANCED_FACE('',(#2815),#30,.T.);
#3051=ADVANCED_FACE('',(#2816),#31,.T.);
#3052=ADVANCED_FACE('',(#2817,#2818),#2955,.T.);
#3053=ADVANCED_FACE('',(#2819),#32,.T.);
#3054=ADVANCED_FACE('',(#2820),#33,.T.);
#3055=ADVANCED_FACE('',(#2821),#34,.T.);
#3056=ADVANCED_FACE('',(#2822),#109,.T.);
#3057=ADVANCED_FACE('',(#2823),#35,.T.);
#3058=ADVANCED_FACE('',(#2824),#36,.T.);
#3059=ADVANCED_FACE('',(#2825),#37,.T.);
#3060=ADVANCED_FACE('',(#2826),#38,.T.);
#3061=ADVANCED_FACE('',(#2827),#39,.T.);
#3062=ADVANCED_FACE('',(#2828),#40,.T.);
#3063=ADVANCED_FACE('',(#2829),#110,.T.);
#3064=ADVANCED_FACE('',(#2830),#41,.T.);
#3065=ADVANCED_FACE('',(#2831),#42,.T.);
#3066=ADVANCED_FACE('',(#2832),#43,.T.);
#3067=ADVANCED_FACE('',(#2833),#44,.T.);
#3068=ADVANCED_FACE('',(#2834),#45,.T.);
#3069=ADVANCED_FACE('',(#2835),#46,.T.);
#3070=ADVANCED_FACE('',(#2836),#2956,.T.);
#3071=ADVANCED_FACE('',(#2837),#2957,.T.);
#3072=ADVANCED_FACE('',(#2838),#2958,.T.);
#3073=ADVANCED_FACE('',(#2839),#2959,.T.);
#3074=ADVANCED_FACE('',(#2840),#2960,.T.);
#3075=ADVANCED_FACE('',(#2841),#47,.T.);
#3076=ADVANCED_FACE('',(#2842),#48,.T.);
#3077=ADVANCED_FACE('',(#2843),#49,.T.);
#3078=ADVANCED_FACE('',(#2844),#50,.T.);
#3079=ADVANCED_FACE('',(#2845),#51,.T.);
#3080=ADVANCED_FACE('',(#2846,#2847),#2961,.T.);
#3081=ADVANCED_FACE('',(#2848),#52,.T.);
#3082=ADVANCED_FACE('',(#2849),#53,.T.);
#3083=ADVANCED_FACE('',(#2850),#54,.T.);
#3084=ADVANCED_FACE('',(#2851),#55,.T.);
#3085=ADVANCED_FACE('',(#2852),#56,.T.);
#3086=ADVANCED_FACE('',(#2853),#57,.T.);
#3087=ADVANCED_FACE('',(#2854),#2962,.T.);
#3088=ADVANCED_FACE('',(#2855),#58,.T.);
#3089=ADVANCED_FACE('',(#2856),#59,.T.);
#3090=ADVANCED_FACE('',(#2857),#60,.T.);
#3091=ADVANCED_FACE('',(#2858),#61,.T.);
#3092=ADVANCED_FACE('',(#2859),#62,.T.);
#3093=ADVANCED_FACE('',(#2860),#63,.T.);
#3094=ADVANCED_FACE('',(#2861),#64,.T.);
#3095=ADVANCED_FACE('',(#2862),#65,.T.);
#3096=ADVANCED_FACE('',(#2863),#2963,.T.);
#3097=ADVANCED_FACE('',(#2864),#66,.T.);
#3098=ADVANCED_FACE('',(#2865),#67,.T.);
#3099=ADVANCED_FACE('',(#2866),#68,.T.);
#3100=ADVANCED_FACE('',(#2867),#69,.T.);
#3101=ADVANCED_FACE('',(#2868),#2964,.T.);
#3102=ADVANCED_FACE('',(#2869),#70,.T.);
#3103=ADVANCED_FACE('',(#2870),#71,.T.);
#3104=ADVANCED_FACE('',(#2871),#72,.T.);
#3105=ADVANCED_FACE('',(#2872),#111,.F.);
#3106=ADVANCED_FACE('',(#2873),#73,.T.);
#3107=ADVANCED_FACE('',(#2874),#112,.F.);
#3108=ADVANCED_FACE('',(#2875),#74,.T.);
#3109=ADVANCED_FACE('',(#2876),#75,.T.);
#3110=ADVANCED_FACE('',(#2877),#76,.T.);
#3111=ADVANCED_FACE('',(#2878),#77,.T.);
#3112=ADVANCED_FACE('',(#2879),#78,.T.);
#3113=ADVANCED_FACE('',(#2880),#79,.T.);
#3114=ADVANCED_FACE('',(#2881),#80,.T.);
#3115=ADVANCED_FACE('',(#2882),#81,.T.);
#3116=ADVANCED_FACE('',(#2883),#2965,.T.);
#3117=ADVANCED_FACE('',(#2884),#82,.T.);
#3118=ADVANCED_FACE('',(#2885),#83,.T.);
#3119=ADVANCED_FACE('',(#2886),#84,.T.);
#3120=ADVANCED_FACE('',(#2887),#85,.T.);
#3121=ADVANCED_FACE('',(#2888),#113,.F.);
#3122=ADVANCED_FACE('',(#2889),#86,.T.);
#3123=ADVANCED_FACE('',(#2890),#114,.F.);
#3124=ADVANCED_FACE('',(#2891),#87,.T.);
#3125=ADVANCED_FACE('',(#2892),#88,.T.);
#3126=ADVANCED_FACE('',(#2893),#89,.T.);
#3127=ADVANCED_FACE('',(#2894),#90,.T.);
#3128=ADVANCED_FACE('',(#2895),#91,.T.);
#3129=ADVANCED_FACE('',(#2896),#92,.T.);
#3130=ADVANCED_FACE('',(#2897),#93,.T.);
#3131=ADVANCED_FACE('',(#2898),#2966,.T.);
#3132=ADVANCED_FACE('',(#2899),#94,.T.);
#3133=ADVANCED_FACE('',(#2900),#95,.T.);
#3134=ADVANCED_FACE('',(#2901),#2967,.T.);
#3135=ADVANCED_FACE('',(#2902),#2968,.T.);
#3136=ADVANCED_FACE('',(#2903),#2969,.T.);
#3137=ADVANCED_FACE('',(#2904),#2970,.T.);
#3138=ADVANCED_FACE('',(#2905),#2971,.T.);
#3139=ADVANCED_FACE('',(#2906),#2972,.T.);
#3140=ADVANCED_FACE('',(#2907),#2973,.T.);
#3141=ADVANCED_FACE('',(#2908),#2974,.T.);
#3142=ADVANCED_FACE('',(#2909,#2910),#115,.F.);
#3143=CLOSED_SHELL('',(#2975,#2976,#2977,#2978,#2979,#2980,#2981,#2982,
#2983,#2984,#2985,#2986,#2987,#2988,#2989,#2990,#2991,#2992,#2993,#2994,
#2995,#2996,#2997,#2998,#2999,#3000,#3001,#3002,#3003,#3004,#3005,#3006,
#3007,#3008,#3009,#3010,#3011,#3012,#3013,#3014,#3015,#3016,#3017,#3018,
#3019,#3020,#3021,#3022,#3023,#3024,#3025,#3026,#3027,#3028,#3029,#3030,
#3031,#3032,#3033,#3034,#3035,#3036,#3037,#3038,#3039,#3040,#3041,#3042,
#3043,#3044,#3045,#3046,#3047,#3048,#3049,#3050,#3051,#3052,#3053,#3054,
#3055,#3056,#3057,#3058,#3059,#3060,#3061,#3062,#3063,#3064,#3065,#3066,
#3067,#3068,#3069,#3070,#3071,#3072,#3073,#3074,#3075,#3076,#3077,#3078,
#3079,#3080,#3081,#3082,#3083,#3084,#3085,#3086,#3087,#3088,#3089,#3090,
#3091,#3092,#3093,#3094,#3095,#3096,#3097,#3098,#3099,#3100,#3101,#3102,
#3103,#3104,#3105,#3106,#3107,#3108,#3109,#3110,#3111,#3112,#3113,#3114,
#3115,#3116,#3117,#3118,#3119,#3120,#3121,#3122,#3123,#3124,#3125,#3126,
#3127,#3128,#3129,#3130,#3131,#3132,#3133,#3134,#3135,#3136,#3137,#3138,
#3139,#3140,#3141,#3142));
#3144=STYLED_ITEM('',(#3145),#3152);
#3145=PRESENTATION_STYLE_ASSIGNMENT((#3146));
#3146=SURFACE_STYLE_USAGE(.BOTH.,#3147);
#3147=SURFACE_SIDE_STYLE('',(#3148));
#3148=SURFACE_STYLE_FILL_AREA(#3149);
#3149=FILL_AREA_STYLE('',(#3150));
#3150=FILL_AREA_STYLE_COLOUR('',#3151);
#3151=COLOUR_RGB('',0.917647058823529,0.917647058823529,0.917647058823529);
#3152=MANIFOLD_SOLID_BREP('Part 1',#3143);
#3153=SHAPE_DEFINITION_REPRESENTATION(#5657,#3154);
#3154=SHAPE_REPRESENTATION('Part 1',(#3155),#5652);
#3155=AXIS2_PLACEMENT_3D('',#3785,#3280,#3281);
#3156=AXIS2_PLACEMENT_3D('',#3786,#3282,#3283);
#3157=AXIS2_PLACEMENT_3D('',#3787,#3284,#3285);
#3158=AXIS2_PLACEMENT_3D('',#3839,#3291,#3292);
#3159=AXIS2_PLACEMENT_3D('',#3844,#3294,#3295);
#3160=AXIS2_PLACEMENT_3D('',#3861,#3304,#3305);
#3161=AXIS2_PLACEMENT_3D('',#4036,#3314,#3315);
#3162=AXIS2_PLACEMENT_3D('',#4042,#3316,#3317);
#3163=AXIS2_PLACEMENT_3D('',#4094,#3319,#3320);
#3164=AXIS2_PLACEMENT_3D('',#4100,#3321,#3322);
#3165=AXIS2_PLACEMENT_3D('',#4113,#3327,#3328);
#3166=AXIS2_PLACEMENT_3D('',#4119,#3332,#3333);
#3167=AXIS2_PLACEMENT_3D('',#4123,#3336,#3337);
#3168=AXIS2_PLACEMENT_3D('',#4127,#3340,#3341);
#3169=AXIS2_PLACEMENT_3D('',#4133,#3345,#3346);
#3170=AXIS2_PLACEMENT_3D('',#4137,#3349,#3350);
#3171=AXIS2_PLACEMENT_3D('',#4141,#3353,#3354);
#3172=AXIS2_PLACEMENT_3D('',#4142,#3355,#3356);
#3173=AXIS2_PLACEMENT_3D('',#4147,#3359,#3360);
#3174=AXIS2_PLACEMENT_3D('',#4167,#3371,#3372);
#3175=AXIS2_PLACEMENT_3D('',#4169,#3374,#3375);
#3176=AXIS2_PLACEMENT_3D('',#4171,#3377,#3378);
#3177=AXIS2_PLACEMENT_3D('',#4172,#3379,#3380);
#3178=AXIS2_PLACEMENT_3D('',#4173,#3381,#3382);
#3179=AXIS2_PLACEMENT_3D('',#4174,#3383,#3384);
#3180=AXIS2_PLACEMENT_3D('',#4176,#3385,#3386);
#3181=AXIS2_PLACEMENT_3D('',#4177,#3387,#3388);
#3182=AXIS2_PLACEMENT_3D('',#4198,#3398,#3399);
#3183=AXIS2_PLACEMENT_3D('',#4199,#3400,#3401);
#3184=AXIS2_PLACEMENT_3D('',#4203,#3403,#3404);
#3185=AXIS2_PLACEMENT_3D('',#4205,#3405,#3406);
#3186=AXIS2_PLACEMENT_3D('',#4206,#3407,#3408);
#3187=AXIS2_PLACEMENT_3D('',#4208,#3409,#3410);
#3188=AXIS2_PLACEMENT_3D('',#4217,#3415,#3416);
#3189=AXIS2_PLACEMENT_3D('',#4226,#3420,#3421);
#3190=AXIS2_PLACEMENT_3D('',#4237,#3427,#3428);
#3191=AXIS2_PLACEMENT_3D('',#4243,#3432,#3433);
#3192=AXIS2_PLACEMENT_3D('',#4247,#3436,#3437);
#3193=AXIS2_PLACEMENT_3D('',#4251,#3440,#3441);
#3194=AXIS2_PLACEMENT_3D('',#4253,#3443,#3444);
#3195=AXIS2_PLACEMENT_3D('',#4254,#3445,#3446);
#3196=AXIS2_PLACEMENT_3D('',#4257,#3448,#3449);
#3197=AXIS2_PLACEMENT_3D('',#4258,#3450,#3451);
#3198=AXIS2_PLACEMENT_3D('',#4259,#3452,#3453);
#3199=AXIS2_PLACEMENT_3D('',#4262,#3455,#3456);
#3200=AXIS2_PLACEMENT_3D('',#4266,#3459,#3460);
#3201=AXIS2_PLACEMENT_3D('',#4267,#3461,#3462);
#3202=AXIS2_PLACEMENT_3D('',#4268,#3463,#3464);
#3203=AXIS2_PLACEMENT_3D('',#4269,#3465,#3466);
#3204=AXIS2_PLACEMENT_3D('',#4275,#3470,#3471);
#3205=AXIS2_PLACEMENT_3D('',#4279,#3474,#3475);
#3206=AXIS2_PLACEMENT_3D('',#4283,#3478,#3479);
#3207=AXIS2_PLACEMENT_3D('',#4284,#3480,#3481);
#3208=AXIS2_PLACEMENT_3D('',#4287,#3483,#3484);
#3209=AXIS2_PLACEMENT_3D('',#4291,#3487,#3488);
#3210=AXIS2_PLACEMENT_3D('',#4292,#3489,#3490);
#3211=AXIS2_PLACEMENT_3D('',#4293,#3491,#3492);
#3212=AXIS2_PLACEMENT_3D('',#4294,#3493,#3494);
#3213=AXIS2_PLACEMENT_3D('',#4300,#3498,#3499);
#3214=AXIS2_PLACEMENT_3D('',#4304,#3502,#3503);
#3215=AXIS2_PLACEMENT_3D('',#4308,#3506,#3507);
#3216=AXIS2_PLACEMENT_3D('',#4310,#3509,#3510);
#3217=AXIS2_PLACEMENT_3D('',#4311,#3511,#3512);
#3218=AXIS2_PLACEMENT_3D('',#4314,#3514,#3515);
#3219=AXIS2_PLACEMENT_3D('',#4315,#3516,#3517);
#3220=AXIS2_PLACEMENT_3D('',#4316,#3518,#3519);
#3221=AXIS2_PLACEMENT_3D('',#4319,#3521,#3522);
#3222=AXIS2_PLACEMENT_3D('',#4320,#3523,#3524);
#3223=AXIS2_PLACEMENT_3D('',#4323,#3526,#3527);
#3224=AXIS2_PLACEMENT_3D('',#4325,#3529,#3530);
#3225=AXIS2_PLACEMENT_3D('',#4326,#3531,#3532);
#3226=AXIS2_PLACEMENT_3D('',#4332,#3536,#3537);
#3227=AXIS2_PLACEMENT_3D('',#4336,#3540,#3541);
#3228=AXIS2_PLACEMENT_3D('',#4340,#3544,#3545);
#3229=AXIS2_PLACEMENT_3D('',#4344,#3548,#3549);
#3230=AXIS2_PLACEMENT_3D('',#4348,#3552,#3553);
#3231=AXIS2_PLACEMENT_3D('',#4352,#3556,#3557);
#3232=AXIS2_PLACEMENT_3D('',#4356,#3560,#3561);
#3233=AXIS2_PLACEMENT_3D('',#4358,#3563,#3564);
#3234=AXIS2_PLACEMENT_3D('',#4413,#3569,#3570);
#3235=AXIS2_PLACEMENT_3D('',#4414,#3571,#3572);
#3236=AXIS2_PLACEMENT_3D('',#4418,#3574,#3575);
#3237=AXIS2_PLACEMENT_3D('',#4521,#3582,#3583);
#3238=AXIS2_PLACEMENT_3D('',#4522,#3584,#3585);
#3239=AXIS2_PLACEMENT_3D('',#4526,#3587,#3588);
#3240=AXIS2_PLACEMENT_3D('',#4607,#3596,#3597);
#3241=AXIS2_PLACEMENT_3D('',#4611,#3600,#3601);
#3242=AXIS2_PLACEMENT_3D('',#4615,#3604,#3605);
#3243=AXIS2_PLACEMENT_3D('',#4619,#3608,#3609);
#3244=AXIS2_PLACEMENT_3D('',#4623,#3612,#3613);
#3245=AXIS2_PLACEMENT_3D('',#4691,#3619,#3620);
#3246=AXIS2_PLACEMENT_3D('',#4746,#3625,#3626);
#3247=AXIS2_PLACEMENT_3D('',#4747,#3627,#3628);
#3248=AXIS2_PLACEMENT_3D('',#4751,#3630,#3631);
#3249=AXIS2_PLACEMENT_3D('',#4854,#3638,#3639);
#3250=AXIS2_PLACEMENT_3D('',#4855,#3640,#3641);
#3251=AXIS2_PLACEMENT_3D('',#4859,#3643,#3644);
#3252=AXIS2_PLACEMENT_3D('',#4940,#3652,#3653);
#3253=AXIS2_PLACEMENT_3D('',#4944,#3656,#3657);
#3254=AXIS2_PLACEMENT_3D('',#4948,#3660,#3661);
#3255=AXIS2_PLACEMENT_3D('',#4952,#3664,#3665);
#3256=AXIS2_PLACEMENT_3D('',#4956,#3668,#3669);
#3257=AXIS2_PLACEMENT_3D('',#5024,#3675,#3676);
#3258=AXIS2_PLACEMENT_3D('',#5105,#3684,#3685);
#3259=AXIS2_PLACEMENT_3D('',#5213,#3696,#3697);
#3260=AXIS2_PLACEMENT_3D('',#5267,#3703,#3704);
#3261=AXIS2_PLACEMENT_3D('',#5309,#3709,#3710);
#3262=AXIS2_PLACEMENT_3D('',#5312,#3712,#3713);
#3263=AXIS2_PLACEMENT_3D('',#5326,#3715,#3716);
#3264=AXIS2_PLACEMENT_3D('',#5329,#3718,#3719);
#3265=AXIS2_PLACEMENT_3D('',#5434,#3728,#3729);
#3266=AXIS2_PLACEMENT_3D('',#5490,#3736,#3737);
#3267=AXIS2_PLACEMENT_3D('',#5493,#3739,#3740);
#3268=AXIS2_PLACEMENT_3D('',#5507,#3742,#3743);
#3269=AXIS2_PLACEMENT_3D('',#5510,#3745,#3746);
#3270=AXIS2_PLACEMENT_3D('',#5602,#3754,#3755);
#3271=AXIS2_PLACEMENT_3D('',#5630,#3759,#3760);
#3272=AXIS2_PLACEMENT_3D('',#5631,#3761,#3762);
#3273=AXIS2_PLACEMENT_3D('',#5637,#3766,#3767);
#3274=AXIS2_PLACEMENT_3D('',#5641,#3770,#3771);
#3275=AXIS2_PLACEMENT_3D('',#5645,#3774,#3775);
#3276=AXIS2_PLACEMENT_3D('',#5647,#3777,#3778);
#3277=AXIS2_PLACEMENT_3D('',#5648,#3779,#3780);
#3278=AXIS2_PLACEMENT_3D('',#5649,#3781,#3782);
#3279=AXIS2_PLACEMENT_3D('',#5650,#3783,#3784);
#3280=DIRECTION('',(0.,0.,1.));
#3281=DIRECTION('',(1.,0.,0.));
#3282=DIRECTION('',(0.,0.,1.));
#3283=DIRECTION('',(1.,0.,0.));
#3284=DIRECTION('',(0.,0.,1.));
#3285=DIRECTION('',(1.,0.,0.));
#3286=DIRECTION('',(0.,1.,0.));
#3287=DIRECTION('',(1.,0.,0.));
#3288=DIRECTION('',(0.,-1.,0.));
#3289=DIRECTION('',(-1.,0.,0.));
#3290=DIRECTION('',(0.,1.,0.));
#3291=DIRECTION('',(0.,0.,1.));
#3292=DIRECTION('',(1.,0.,0.));
#3293=DIRECTION('',(-1.,0.,0.));
#3294=DIRECTION('',(0.,0.,-1.));
#3295=DIRECTION('',(1.,0.,0.));
#3296=DIRECTION('',(0.,-1.,0.));
#3297=DIRECTION('',(1.,0.,0.));
#3298=DIRECTION('',(0.,-1.,0.));
#3299=DIRECTION('',(1.,0.,0.));
#3300=DIRECTION('',(0.,-1.,0.));
#3301=DIRECTION('',(-1.,0.,0.));
#3302=DIRECTION('',(0.,-1.,0.));
#3303=DIRECTION('',(-1.,0.,0.));
#3304=DIRECTION('',(0.,0.,1.));
#3305=DIRECTION('',(1.,0.,0.));
#3306=DIRECTION('',(0.,1.,0.));
#3307=DIRECTION('',(1.,0.,0.));
#3308=DIRECTION('',(0.,-1.,0.));
#3309=DIRECTION('',(-1.,0.,0.));
#3310=DIRECTION('',(0.,1.,0.));
#3311=DIRECTION('',(-1.,0.,0.));
#3312=DIRECTION('',(1.,0.,0.));
#3313=DIRECTION('',(1.,0.,0.));
#3314=DIRECTION('',(0.,0.,1.));
#3315=DIRECTION('',(1.,0.,0.));
#3316=DIRECTION('',(0.,0.,1.));
#3317=DIRECTION('',(1.,0.,0.));
#3318=DIRECTION('',(-1.,0.,0.));
#3319=DIRECTION('',(0.,0.,1.));
#3320=DIRECTION('',(1.,0.,0.));
#3321=DIRECTION('',(0.,0.,1.));
#3322=DIRECTION('',(1.,0.,0.));
#3323=DIRECTION('',(1.,0.,0.));
#3324=DIRECTION('',(0.,-1.,0.));
#3325=DIRECTION('',(-1.,0.,0.));
#3326=DIRECTION('',(0.,1.,0.));
#3327=DIRECTION('',(1.,0.,0.));
#3328=DIRECTION('',(0.,0.,-1.));
#3329=DIRECTION('',(0.,-1.,0.));
#3330=DIRECTION('',(0.,0.,-1.));
#3331=DIRECTION('',(0.,0.,-1.));
#3332=DIRECTION('',(0.,-1.,0.));
#3333=DIRECTION('',(0.,0.,-1.));
#3334=DIRECTION('',(-1.,0.,0.));
#3335=DIRECTION('',(0.,0.,-1.));
#3336=DIRECTION('',(1.,0.,0.));
#3337=DIRECTION('',(0.,0.,-1.));
#3338=DIRECTION('',(0.,-1.,0.));
#3339=DIRECTION('',(0.,0.,-1.));
#3340=DIRECTION('',(1.,0.,0.));
#3341=DIRECTION('',(0.,0.,-1.));
#3342=DIRECTION('',(0.,-1.,0.));
#3343=DIRECTION('',(0.,0.,-1.));
#3344=DIRECTION('',(0.,0.,-1.));
#3345=DIRECTION('',(0.,1.,0.));
#3346=DIRECTION('',(0.,0.,1.));
#3347=DIRECTION('',(1.,0.,0.));
#3348=DIRECTION('',(0.,0.,-1.));
#3349=DIRECTION('',(1.,0.,0.));
#3350=DIRECTION('',(0.,0.,-1.));
#3351=DIRECTION('',(0.,-1.,0.));
#3352=DIRECTION('',(0.,0.,-1.));
#3353=DIRECTION('',(0.,0.,-1.));
#3354=DIRECTION('',(-1.,0.,0.));
#3355=DIRECTION('',(0.,0.,1.));
#3356=DIRECTION('',(1.,0.,0.));
#3357=DIRECTION('',(0.,0.,-1.));
#3358=DIRECTION('',(0.,0.,-1.));
#3359=DIRECTION('',(0.,-1.,0.));
#3360=DIRECTION('',(0.,0.,-1.));
#3361=DIRECTION('',(-1.,0.,0.));
#3362=DIRECTION('',(0.,0.,-1.));
#3363=DIRECTION('',(-1.,0.,0.));
#3364=DIRECTION('',(0.,0.,-1.));
#3365=DIRECTION('',(-1.,0.,0.));
#3366=DIRECTION('',(0.,0.,-1.));
#3367=DIRECTION('',(-1.,0.,0.));
#3368=DIRECTION('',(0.,0.,-1.));
#3369=DIRECTION('',(-1.,0.,0.));
#3370=DIRECTION('',(0.,0.,-1.));
#3371=DIRECTION('',(0.,-1.,0.));
#3372=DIRECTION('',(0.,0.,-1.));
#3373=DIRECTION('',(-1.,0.,0.));
#3374=DIRECTION('',(0.,1.,0.));
#3375=DIRECTION('',(0.,0.,1.));
#3376=DIRECTION('',(1.,0.,0.));
#3377=DIRECTION('',(0.,0.,-1.));
#3378=DIRECTION('',(-1.,0.,0.));
#3379=DIRECTION('',(0.,0.,-1.));
#3380=DIRECTION('',(1.,0.,0.));
#3381=DIRECTION('',(0.,0.,-1.));
#3382=DIRECTION('',(-1.,0.,0.));
#3383=DIRECTION('',(0.,0.,1.));
#3384=DIRECTION('',(1.,0.,0.));
#3385=DIRECTION('',(0.,0.,1.));
#3386=DIRECTION('',(1.,0.,0.));
#3387=DIRECTION('',(0.,0.,1.));
#3388=DIRECTION('',(1.,0.,0.));
#3389=DIRECTION('',(-0.536902116451606,0.843644544431946,0.));
#3390=DIRECTION('',(-1.,-7.81558303666151E-17,0.));
#3391=DIRECTION('',(0.536902116451607,0.843644544431946,0.));
#3392=DIRECTION('',(-0.843644544431948,0.536902116451604,0.));
#3393=DIRECTION('',(0.536902116451607,0.843644544431946,0.));
#3394=DIRECTION('',(-1.,-1.3010426069826E-16,0.));
#3395=DIRECTION('',(-0.536902116451606,0.843644544431946,0.));
#3396=DIRECTION('',(0.843644544431949,0.536902116451601,0.));
#3397=DIRECTION('',(0.923793022573211,-0.382892219097033,0.));
#3398=DIRECTION('',(0.,0.,1.));
#3399=DIRECTION('',(1.,0.,0.));
#3400=DIRECTION('',(0.,0.,-1.));
#3401=DIRECTION('',(1.,0.,0.));
#3402=DIRECTION('',(0.923793022573212,0.382892219097032,0.));
#3403=DIRECTION('',(0.,0.,1.));
#3404=DIRECTION('',(1.,0.,0.));
#3405=DIRECTION('',(0.,0.,-1.));
#3406=DIRECTION('',(1.,0.,0.));
#3407=DIRECTION('',(0.,0.,1.));
#3408=DIRECTION('',(1.,0.,0.));
#3409=DIRECTION('',(0.,0.,1.));
#3410=DIRECTION('',(1.,0.,0.));
#3411=DIRECTION('',(0.,-1.,0.));
#3412=DIRECTION('',(-1.,1.0927391974657E-16,0.));
#3413=DIRECTION('',(0.,1.,0.));
#3414=DIRECTION('',(-1.,-1.0927391974657E-16,0.));
#3415=DIRECTION('',(0.,0.,1.));
#3416=DIRECTION('',(1.,0.,0.));
#3417=DIRECTION('',(-0.928476690885259,0.371390676354104,0.));
#3418=DIRECTION('',(1.,0.,0.));
#3419=DIRECTION('',(0.928476690885259,0.371390676354105,0.));
#3420=DIRECTION('',(0.,0.,1.));
#3421=DIRECTION('',(1.,0.,0.));
#3422=DIRECTION('',(1.,0.,0.));
#3423=DIRECTION('',(1.,2.18547839493141E-16,0.));
#3424=DIRECTION('',(0.,1.,0.));
#3425=DIRECTION('',(1.,0.,0.));
#3426=DIRECTION('',(3.2782175923971E-14,1.,0.));
#3427=DIRECTION('',(-1.,0.,0.));
#3428=DIRECTION('',(0.,0.,1.));
#3429=DIRECTION('',(0.,0.,-1.));
#3430=DIRECTION('',(0.,1.,0.));
#3431=DIRECTION('',(0.,0.,-1.));
#3432=DIRECTION('',(0.,1.,0.));
#3433=DIRECTION('',(0.,0.,1.));
#3434=DIRECTION('',(1.,0.,0.));
#3435=DIRECTION('',(0.,0.,-1.));
#3436=DIRECTION('',(-1.,3.2782175923971E-14,0.));
#3437=DIRECTION('',(-3.2782175923971E-14,-1.,0.));
#3438=DIRECTION('',(3.2782175923971E-14,1.,0.));
#3439=DIRECTION('',(0.,0.,-1.));
#3440=DIRECTION('',(-2.18547839493141E-16,1.,0.));
#3441=DIRECTION('',(-1.,-2.18547839493141E-16,0.));
#3442=DIRECTION('',(1.,2.18547839493141E-16,0.));
#3443=DIRECTION('',(0.,0.,1.));
#3444=DIRECTION('',(1.,0.,0.));
#3445=DIRECTION('',(0.,0.,-1.));
#3446=DIRECTION('',(-1.,0.,0.));
#3447=DIRECTION('',(0.,0.,-1.));
#3448=DIRECTION('',(0.,0.,-1.));
#3449=DIRECTION('',(1.,0.,0.));
#3450=DIRECTION('',(0.,0.,-1.));
#3451=DIRECTION('',(-1.,0.,0.));
#3452=DIRECTION('',(0.,0.,-1.));
#3453=DIRECTION('',(1.,0.,0.));
#3454=DIRECTION('',(0.,0.,-1.));
#3455=DIRECTION('',(-0.382892219097032,0.923793022573212,0.));
#3456=DIRECTION('',(-0.923793022573212,-0.382892219097032,0.));
#3457=DIRECTION('',(0.923793022573212,0.382892219097032,0.));
#3458=DIRECTION('',(0.,0.,-1.));
#3459=DIRECTION('',(0.,0.,-1.));
#3460=DIRECTION('',(-1.,0.,0.));
#3461=DIRECTION('',(0.,0.,1.));
#3462=DIRECTION('',(1.,0.,0.));
#3463=DIRECTION('',(0.,0.,1.));
#3464=DIRECTION('',(1.,0.,0.));
#3465=DIRECTION('',(-0.371390676354104,-0.928476690885259,0.));
#3466=DIRECTION('',(0.928476690885259,-0.371390676354104,0.));
#3467=DIRECTION('',(0.,0.,-1.));
#3468=DIRECTION('',(-0.928476690885259,0.371390676354104,0.));
#3469=DIRECTION('',(0.,0.,-1.));
#3470=DIRECTION('',(0.,1.,0.));
#3471=DIRECTION('',(0.,0.,1.));
#3472=DIRECTION('',(1.,0.,0.));
#3473=DIRECTION('',(0.,0.,-1.));
#3474=DIRECTION('',(-0.371390676354105,0.928476690885259,0.));
#3475=DIRECTION('',(-0.928476690885259,-0.371390676354105,0.));
#3476=DIRECTION('',(0.928476690885259,0.371390676354105,0.));
#3477=DIRECTION('',(0.,0.,-1.));
#3478=DIRECTION('',(0.,0.,-1.));
#3479=DIRECTION('',(-1.,0.,0.));
#3480=DIRECTION('',(0.,0.,1.));
#3481=DIRECTION('',(1.,0.,0.));
#3482=DIRECTION('',(0.,0.,-1.));
#3483=DIRECTION('',(0.,1.,0.));
#3484=DIRECTION('',(0.,0.,1.));
#3485=DIRECTION('',(1.,0.,0.));
#3486=DIRECTION('',(0.,0.,-1.));
#3487=DIRECTION('',(0.,0.,-1.));
#3488=DIRECTION('',(-1.,0.,0.));
#3489=DIRECTION('',(0.,0.,1.));
#3490=DIRECTION('',(1.,0.,0.));
#3491=DIRECTION('',(0.,0.,1.));
#3492=DIRECTION('',(1.,0.,0.));
#3493=DIRECTION('',(-1.0927391974657E-16,-1.,0.));
#3494=DIRECTION('',(1.,-1.0927391974657E-16,0.));
#3495=DIRECTION('',(0.,0.,-1.));
#3496=DIRECTION('',(-1.,1.0927391974657E-16,0.));
#3497=DIRECTION('',(0.,0.,-1.));
#3498=DIRECTION('',(-1.,0.,0.));
#3499=DIRECTION('',(0.,0.,1.));
#3500=DIRECTION('',(0.,1.,0.));
#3501=DIRECTION('',(0.,0.,-1.));
#3502=DIRECTION('',(1.0927391974657E-16,-1.,0.));
#3503=DIRECTION('',(1.,1.0927391974657E-16,0.));
#3504=DIRECTION('',(-1.,-1.0927391974657E-16,0.));
#3505=DIRECTION('',(0.,0.,-1.));
#3506=DIRECTION('',(1.,0.,0.));
#3507=DIRECTION('',(0.,0.,-1.));
#3508=DIRECTION('',(0.,-1.,0.));
#3509=DIRECTION('',(0.,0.,1.));
#3510=DIRECTION('',(1.,0.,0.));
#3511=DIRECTION('',(0.,0.,-1.));
#3512=DIRECTION('',(-1.,0.,0.));
#3513=DIRECTION('',(0.,0.,-1.));
#3514=DIRECTION('',(0.,0.,1.));
#3515=DIRECTION('',(1.,0.,0.));
#3516=DIRECTION('',(0.,0.,-1.));
#3517=DIRECTION('',(-1.,0.,0.));
#3518=DIRECTION('',(0.,0.,1.));
#3519=DIRECTION('',(1.,0.,0.));
#3520=DIRECTION('',(0.,0.,-1.));
#3521=DIRECTION('',(0.,0.,-1.));
#3522=DIRECTION('',(-1.,0.,0.));
#3523=DIRECTION('',(0.,0.,1.));
#3524=DIRECTION('',(1.,0.,0.));
#3525=DIRECTION('',(0.,0.,-1.));
#3526=DIRECTION('',(0.382892219097033,0.923793022573211,0.));
#3527=DIRECTION('',(-0.923793022573211,0.382892219097033,0.));
#3528=DIRECTION('',(0.923793022573211,-0.382892219097033,0.));
#3529=DIRECTION('',(0.,0.,1.));
#3530=DIRECTION('',(1.,0.,0.));
#3531=DIRECTION('',(7.81558303666151E-17,-1.,0.));
#3532=DIRECTION('',(1.,7.81558303666151E-17,0.));
#3533=DIRECTION('',(0.,0.,-1.));
#3534=DIRECTION('',(-1.,-7.81558303666151E-17,0.));
#3535=DIRECTION('',(0.,0.,-1.));
#3536=DIRECTION('',(-0.843644544431946,0.536902116451607,0.));
#3537=DIRECTION('',(-0.536902116451607,-0.843644544431946,0.));
#3538=DIRECTION('',(0.536902116451607,0.843644544431946,0.));
#3539=DIRECTION('',(0.,0.,-1.));
#3540=DIRECTION('',(-0.536902116451604,-0.843644544431947,0.));
#3541=DIRECTION('',(0.843644544431948,-0.536902116451604,0.));
#3542=DIRECTION('',(-0.843644544431948,0.536902116451604,0.));
#3543=DIRECTION('',(0.,0.,-1.));
#3544=DIRECTION('',(-0.843644544431946,0.536902116451607,0.));
#3545=DIRECTION('',(-0.536902116451607,-0.843644544431946,0.));
#3546=DIRECTION('',(0.536902116451607,0.843644544431946,0.));
#3547=DIRECTION('',(0.,0.,-1.));
#3548=DIRECTION('',(1.3010426069826E-16,-1.,0.));
#3549=DIRECTION('',(1.,1.3010426069826E-16,0.));
#3550=DIRECTION('',(-1.,-1.3010426069826E-16,0.));
#3551=DIRECTION('',(0.,0.,-1.));
#3552=DIRECTION('',(-0.843644544431946,-0.536902116451606,0.));
#3553=DIRECTION('',(0.536902116451606,-0.843644544431946,0.));
#3554=DIRECTION('',(-0.536902116451606,0.843644544431946,0.));
#3555=DIRECTION('',(0.,0.,-1.));
#3556=DIRECTION('',(-0.536902116451601,0.843644544431949,0.));
#3557=DIRECTION('',(-0.843644544431949,-0.536902116451601,0.));
#3558=DIRECTION('',(0.843644544431949,0.536902116451601,0.));
#3559=DIRECTION('',(0.,0.,-1.));
#3560=DIRECTION('',(-0.843644544431946,-0.536902116451606,0.));
#3561=DIRECTION('',(0.536902116451606,-0.843644544431946,0.));
#3562=DIRECTION('',(-0.536902116451606,0.843644544431946,0.));
#3563=DIRECTION('',(0.,0.,1.));
#3564=DIRECTION('',(1.,0.,0.));
#3565=DIRECTION('',(0.,0.,1.));
#3566=DIRECTION('',(0.,0.,1.));
#3567=DIRECTION('',(0.,0.,1.));
#3568=DIRECTION('',(0.,0.,1.));
#3569=DIRECTION('',(0.,0.,1.));
#3570=DIRECTION('',(0.25535978775577,-0.966846098816832,0.));
#3571=DIRECTION('',(0.,0.,1.));
#3572=DIRECTION('',(1.,0.,0.));
#3573=DIRECTION('',(0.,0.,1.));
#3574=DIRECTION('',(0.,0.,1.));
#3575=DIRECTION('',(1.,0.,0.));
#3576=DIRECTION('',(0.,0.,1.));
#3577=DIRECTION('',(0.,0.,1.));
#3578=DIRECTION('',(0.,0.,1.));
#3579=DIRECTION('',(0.,0.,1.));
#3580=DIRECTION('',(0.,0.,1.));
#3581=DIRECTION('',(0.,0.,1.));
#3582=DIRECTION('',(0.,0.,1.));
#3583=DIRECTION('',(0.254634549655622,0.967037355080805,0.));
#3584=DIRECTION('',(0.,0.,1.));
#3585=DIRECTION('',(1.,0.,0.));
#3586=DIRECTION('',(0.,0.,1.));
#3587=DIRECTION('',(0.,0.,1.));
#3588=DIRECTION('',(1.,0.,0.));
#3589=DIRECTION('',(0.,0.,1.));
#3590=DIRECTION('',(0.,0.,1.));
#3591=DIRECTION('',(0.,0.,1.));
#3592=DIRECTION('',(0.,0.,1.));
#3593=DIRECTION('',(0.,0.,1.));
#3594=DIRECTION('',(0.,0.,1.));
#3595=DIRECTION('',(0.,0.,1.));
#3596=DIRECTION('',(1.,0.,0.));
#3597=DIRECTION('',(0.,0.,-1.));
#3598=DIRECTION('',(0.,0.,1.));
#3599=DIRECTION('',(0.,1.,0.));
#3600=DIRECTION('',(0.,1.,0.));
#3601=DIRECTION('',(0.,0.,1.));
#3602=DIRECTION('',(0.,0.,1.));
#3603=DIRECTION('',(-1.,0.,0.));
#3604=DIRECTION('',(-1.,0.,0.));
#3605=DIRECTION('',(0.,0.,1.));
#3606=DIRECTION('',(0.,0.,1.));
#3607=DIRECTION('',(0.,-1.,0.));
#3608=DIRECTION('',(0.,-1.,0.));
#3609=DIRECTION('',(0.,0.,-1.));
#3610=DIRECTION('',(0.,0.,1.));
#3611=DIRECTION('',(1.,0.,0.));
#3612=DIRECTION('',(1.,0.,0.));
#3613=DIRECTION('',(0.,0.,-1.));
#3614=DIRECTION('',(0.,0.,1.));
#3615=DIRECTION('',(0.,1.,0.));
#3616=DIRECTION('',(0.,0.,1.));
#3617=DIRECTION('',(0.,0.,1.));
#3618=DIRECTION('',(0.,0.,1.));
#3619=DIRECTION('',(0.,0.,1.));
#3620=DIRECTION('',(1.,0.,0.));
#3621=DIRECTION('',(0.,0.,1.));
#3622=DIRECTION('',(0.,0.,1.));
#3623=DIRECTION('',(0.,0.,1.));
#3624=DIRECTION('',(0.,0.,1.));
#3625=DIRECTION('',(0.,0.,1.));
#3626=DIRECTION('',(0.255359787755768,-0.966846098816833,0.));
#3627=DIRECTION('',(0.,0.,1.));
#3628=DIRECTION('',(1.,0.,0.));
#3629=DIRECTION('',(0.,0.,1.));
#3630=DIRECTION('',(0.,0.,1.));
#3631=DIRECTION('',(1.,0.,0.));
#3632=DIRECTION('',(0.,0.,1.));
#3633=DIRECTION('',(0.,0.,1.));
#3634=DIRECTION('',(0.,0.,1.));
#3635=DIRECTION('',(0.,0.,1.));
#3636=DIRECTION('',(0.,0.,1.));
#3637=DIRECTION('',(0.,0.,1.));
#3638=DIRECTION('',(0.,0.,1.));
#3639=DIRECTION('',(0.254634549655619,0.967037355080806,0.));
#3640=DIRECTION('',(0.,0.,1.));
#3641=DIRECTION('',(1.,0.,0.));
#3642=DIRECTION('',(0.,0.,1.));
#3643=DIRECTION('',(0.,0.,1.));
#3644=DIRECTION('',(1.,0.,0.));
#3645=DIRECTION('',(0.,0.,1.));
#3646=DIRECTION('',(0.,0.,1.));
#3647=DIRECTION('',(0.,0.,1.));
#3648=DIRECTION('',(0.,0.,1.));
#3649=DIRECTION('',(0.,0.,1.));
#3650=DIRECTION('',(0.,0.,1.));
#3651=DIRECTION('',(0.,0.,1.));
#3652=DIRECTION('',(1.,0.,0.));
#3653=DIRECTION('',(0.,0.,-1.));
#3654=DIRECTION('',(0.,0.,1.));
#3655=DIRECTION('',(0.,1.,0.));
#3656=DIRECTION('',(0.,1.,0.));
#3657=DIRECTION('',(0.,0.,1.));
#3658=DIRECTION('',(0.,0.,1.));
#3659=DIRECTION('',(-1.,0.,0.));
#3660=DIRECTION('',(-1.,0.,0.));
#3661=DIRECTION('',(0.,0.,1.));
#3662=DIRECTION('',(0.,0.,1.));
#3663=DIRECTION('',(0.,-1.,0.));
#3664=DIRECTION('',(0.,-1.,0.));
#3665=DIRECTION('',(0.,0.,-1.));
#3666=DIRECTION('',(0.,0.,1.));
#3667=DIRECTION('',(1.,0.,0.));
#3668=DIRECTION('',(1.,0.,0.));
#3669=DIRECTION('',(0.,0.,-1.));
#3670=DIRECTION('',(0.,0.,1.));
#3671=DIRECTION('',(0.,1.,0.));
#3672=DIRECTION('',(0.,0.,1.));
#3673=DIRECTION('',(0.,0.,1.));
#3674=DIRECTION('',(0.,0.,1.));
#3675=DIRECTION('',(0.,0.,1.));
#3676=DIRECTION('',(1.,0.,0.));
#3677=DIRECTION('',(0.,0.,1.));
#3678=DIRECTION('',(0.,0.,1.));
#3679=DIRECTION('',(0.,0.,1.));
#3680=DIRECTION('',(0.,0.,1.));
#3681=DIRECTION('',(0.,0.,1.));
#3682=DIRECTION('',(0.,0.,1.));
#3683=DIRECTION('',(0.,0.,1.));
#3684=DIRECTION('',(0.,-1.,0.));
#3685=DIRECTION('',(0.,0.,-1.));
#3686=DIRECTION('',(0.,0.,1.));
#3687=DIRECTION('',(1.,0.,0.));
#3688=DIRECTION('',(0.,0.,1.));
#3689=DIRECTION('',(0.,0.,1.));
#3690=DIRECTION('',(0.,0.,1.));
#3691=DIRECTION('',(0.,0.,1.));
#3692=DIRECTION('',(0.,0.,1.));
#3693=DIRECTION('',(0.,0.,1.));
#3694=DIRECTION('',(0.,0.,1.));
#3695=DIRECTION('',(0.,0.,1.));
#3696=DIRECTION('',(0.,1.,0.));
#3697=DIRECTION('',(0.,0.,1.));
#3698=DIRECTION('',(0.,0.,1.));
#3699=DIRECTION('',(-1.,0.,0.));
#3700=DIRECTION('',(0.,0.,1.));
#3701=DIRECTION('',(0.,0.,1.));
#3702=DIRECTION('',(0.,0.,1.));
#3703=DIRECTION('',(0.,0.,1.));
#3704=DIRECTION('',(1.,0.,0.));
#3705=DIRECTION('',(0.,0.,1.));
#3706=DIRECTION('',(0.,0.,1.));
#3707=DIRECTION('',(0.,0.,1.));
#3708=DIRECTION('',(0.,0.,1.));
#3709=DIRECTION('',(0.,0.,1.));
#3710=DIRECTION('',(0.955112042560578,-0.296244807812325,0.));
#3711=DIRECTION('',(0.,0.,1.));
#3712=DIRECTION('',(0.,0.,1.));
#3713=DIRECTION('',(1.,0.,0.));
#3714=DIRECTION('',(0.,0.,1.));
#3715=DIRECTION('',(0.,0.,1.));
#3716=DIRECTION('',(0.590130406955187,0.80730793554065,0.));
#3717=DIRECTION('',(0.,0.,1.));
#3718=DIRECTION('',(0.,0.,1.));
#3719=DIRECTION('',(1.,0.,0.));
#3720=DIRECTION('',(0.,0.,1.));
#3721=DIRECTION('',(0.,0.,1.));
#3722=DIRECTION('',(0.,0.,1.));
#3723=DIRECTION('',(0.,0.,1.));
#3724=DIRECTION('',(0.,0.,1.));
#3725=DIRECTION('',(0.,0.,1.));
#3726=DIRECTION('',(0.,0.,1.));
#3727=DIRECTION('',(0.,0.,1.));
#3728=DIRECTION('',(0.,1.,0.));
#3729=DIRECTION('',(0.,0.,1.));
#3730=DIRECTION('',(0.,0.,1.));
#3731=DIRECTION('',(-1.,0.,0.));
#3732=DIRECTION('',(0.,0.,1.));
#3733=DIRECTION('',(0.,0.,1.));
#3734=DIRECTION('',(0.,0.,1.));
#3735=DIRECTION('',(0.,0.,1.));
#3736=DIRECTION('',(0.,0.,1.));
#3737=DIRECTION('',(-0.951448118523897,0.307809158014079,0.));
#3738=DIRECTION('',(0.,0.,1.));
#3739=DIRECTION('',(0.,0.,1.));
#3740=DIRECTION('',(1.,0.,0.));
#3741=DIRECTION('',(0.,0.,1.));
#3742=DIRECTION('',(0.,0.,1.));
#3743=DIRECTION('',(-0.595361369910933,-0.803458050689504,0.));
#3744=DIRECTION('',(0.,0.,1.));
#3745=DIRECTION('',(0.,0.,1.));
#3746=DIRECTION('',(1.,0.,0.));
#3747=DIRECTION('',(0.,0.,1.));
#3748=DIRECTION('',(0.,0.,1.));
#3749=DIRECTION('',(0.,0.,1.));
#3750=DIRECTION('',(0.,0.,1.));
#3751=DIRECTION('',(0.,0.,1.));
#3752=DIRECTION('',(0.,0.,1.));
#3753=DIRECTION('',(0.,0.,1.));
#3754=DIRECTION('',(0.,-1.,0.));
#3755=DIRECTION('',(0.,0.,-1.));
#3756=DIRECTION('',(0.,0.,1.));
#3757=DIRECTION('',(1.,0.,0.));
#3758=DIRECTION('',(0.,0.,1.));
#3759=DIRECTION('',(0.,0.,1.));
#3760=DIRECTION('',(1.,0.,0.));
#3761=DIRECTION('',(-1.,0.,0.));
#3762=DIRECTION('',(0.,0.,1.));
#3763=DIRECTION('',(0.,0.,1.));
#3764=DIRECTION('',(0.,-1.,0.));
#3765=DIRECTION('',(0.,0.,1.));
#3766=DIRECTION('',(0.,-1.,0.));
#3767=DIRECTION('',(0.,0.,-1.));
#3768=DIRECTION('',(0.,0.,1.));
#3769=DIRECTION('',(1.,0.,0.));
#3770=DIRECTION('',(1.,0.,0.));
#3771=DIRECTION('',(0.,0.,-1.));
#3772=DIRECTION('',(0.,0.,1.));
#3773=DIRECTION('',(0.,1.,0.));
#3774=DIRECTION('',(0.,1.,0.));
#3775=DIRECTION('',(0.,0.,1.));
#3776=DIRECTION('',(-1.,0.,0.));
#3777=DIRECTION('',(0.,0.,1.));
#3778=DIRECTION('',(1.,0.,0.));
#3779=DIRECTION('',(0.,0.,1.));
#3780=DIRECTION('',(1.,0.,0.));
#3781=DIRECTION('',(0.,0.,1.));
#3782=DIRECTION('',(1.,0.,0.));
#3783=DIRECTION('',(0.,0.,-1.));
#3784=DIRECTION('',(-1.,0.,0.));
#3785=CARTESIAN_POINT('',(0.,0.,0.));
#3786=CARTESIAN_POINT('',(0.,0.0416808115022986,0.005));
#3787=CARTESIAN_POINT('',(0.,0.019304,0.005));
#3788=CARTESIAN_POINT('',(0.001905,0.019304,0.005));
#3789=CARTESIAN_POINT('',(-0.00797823698667343,0.0922555732977344,0.005));
#3790=CARTESIAN_POINT('',(-0.00848996407148661,0.093234324871446,0.005));
#3791=CARTESIAN_POINT('',(-0.00848996407148661,0.094483644788852,0.005));
#3792=CARTESIAN_POINT('',(-0.00797823698667343,0.0922555732977344,0.005));
#3793=CARTESIAN_POINT('',(-0.00848996407148661,0.094483644788852,0.005));
#3794=CARTESIAN_POINT('',(-0.00848996407148661,0.094483644788852,0.005));
#3795=CARTESIAN_POINT('',(-0.00848996407148661,0.0957494340837002,0.005));
#3796=CARTESIAN_POINT('',(-0.00797823698667343,0.0967058343594545,0.005));
#3797=CARTESIAN_POINT('',(-0.00797823698667343,0.0967058343594545,0.005));
#3798=CARTESIAN_POINT('',(-0.00797823698667343,0.0967058343594545,0.005));
#3799=CARTESIAN_POINT('',(-0.00746650990186026,0.0976622346352087,0.005));
#3800=CARTESIAN_POINT('',(-0.00657010521535994,0.0981892547133612,0.005));
#3801=CARTESIAN_POINT('',(-0.00657010521535994,0.0981892547133612,0.005));
#3802=CARTESIAN_POINT('',(-0.00657010521535994,0.0981892547133612,0.005));
#3803=CARTESIAN_POINT('',(-0.00567370052885962,0.0987162747915136,0.005));
#3804=CARTESIAN_POINT('',(-0.00457495777664007,0.0987162747915136,0.005));
#3805=CARTESIAN_POINT('',(-0.00457495777664007,0.0987162747915136,0.005));
#3806=CARTESIAN_POINT('',(-0.00457495777664007,0.0987162747915136,0.005));
#3807=CARTESIAN_POINT('',(-0.00349033163365675,0.0987162747915136,0.005));
#3808=CARTESIAN_POINT('',(-0.00269274321181001,0.0982492503026151,0.005));
#3809=CARTESIAN_POINT('',(-0.00269274321181001,0.0982492503026151,0.005));
#3810=CARTESIAN_POINT('',(-0.00269274321181001,0.0982492503026151,0.005));
#3811=CARTESIAN_POINT('',(-0.00189515478996327,0.0977822258137167,0.005));
#3812=CARTESIAN_POINT('',(-0.00150224249955499,0.0970740425836993,0.005));
#3813=CARTESIAN_POINT('',(-0.00150224249955499,0.0970740425836993,0.005));
#3814=CARTESIAN_POINT('',(-0.00150224249955499,0.0978269284096314,0.005));
#3815=CARTESIAN_POINT('',(-0.00150224249955499,0.0985798142355634,0.005));
#3816=CARTESIAN_POINT('',(-0.000809352262876924,0.0985798142355634,0.005));
#3817=CARTESIAN_POINT('',(-0.000116462026198857,0.0985798142355634,0.005));
#3818=CARTESIAN_POINT('',(-0.000116462026198857,0.0944542351862765,0.005));
#3819=CARTESIAN_POINT('',(-0.000116462026198857,0.0903286561369896,0.005));
#3820=CARTESIAN_POINT('',(-0.000809352262876924,0.0903286561369896,0.005));
#3821=CARTESIAN_POINT('',(-0.00150224249955499,0.0903286561369896,0.005));
#3822=CARTESIAN_POINT('',(-0.00150224249955499,0.0910968349562609,0.005));
#3823=CARTESIAN_POINT('',(-0.00150224249955499,0.0918650137755321,0.005));
#3824=CARTESIAN_POINT('',(-0.00150224249955499,0.0918650137755321,0.005));
#3825=CARTESIAN_POINT('',(-0.0019092713991995,0.0911427139362786,0.005));
#3826=CARTESIAN_POINT('',(-0.00271509450976736,0.090667454758659,0.005));
#3827=CARTESIAN_POINT('',(-0.00271509450976736,0.090667454758659,0.005));
#3828=CARTESIAN_POINT('',(-0.00271509450976736,0.090667454758659,0.005));
#3829=CARTESIAN_POINT('',(-0.00352091762033523,0.0901921955810394,0.005));
#3830=CARTESIAN_POINT('',(-0.0045890743858763,0.0901921955810394,0.005));
#3831=CARTESIAN_POINT('',(-0.0045890743858763,0.0901921955810394,0.005));
#3832=CARTESIAN_POINT('',(-0.0045890743858763,0.0901921955810394,0.005));
#3833=CARTESIAN_POINT('',(-0.00568781713809585,0.0901921955810394,0.005));
#3834=CARTESIAN_POINT('',(-0.00657716351997805,0.0907345086525311,0.005));
#3835=CARTESIAN_POINT('',(-0.00657716351997805,0.0907345086525311,0.005));
#3836=CARTESIAN_POINT('',(-0.00657716351997805,0.0907345086525311,0.005));
#3837=CARTESIAN_POINT('',(-0.00746650990186026,0.0912768217240227,0.005));
#3838=CARTESIAN_POINT('',(-0.00797823698667343,0.0922555732977344,0.005));
#3839=CARTESIAN_POINT('',(-0.0376274167303895,0.100724053645902,0.005));
#3840=CARTESIAN_POINT('',(2.08166817117217E-17,-0.0205738338468188,0.005));
#3841=CARTESIAN_POINT('',(0.0893319739795986,0.103935456851416,0.005));
#3842=CARTESIAN_POINT('',(0.,0.103935456851416,0.005));
#3843=CARTESIAN_POINT('',(-0.0893319739795985,0.103935456851416,0.005));
#3844=CARTESIAN_POINT('',(0.0376274167303889,0.100724053645901,0.005));
#3845=CARTESIAN_POINT('',(-0.0426574182583388,0.0760212784858175,0.005));
#3846=CARTESIAN_POINT('',(-0.0426574182583388,0.0798312784858175,0.005));
#3847=CARTESIAN_POINT('',(-0.0426574182583388,0.0722112784858175,0.005));
#3848=CARTESIAN_POINT('',(-0.0388474182583388,0.0798312784858175,0.005));
#3849=CARTESIAN_POINT('',(-0.0350374182583388,0.0798312784858175,0.005));
#3850=CARTESIAN_POINT('',(-0.0350374182583388,0.0760212784858175,0.005));
#3851=CARTESIAN_POINT('',(-0.0350374182583388,0.0722112784858175,0.005));
#3852=CARTESIAN_POINT('',(-0.0388474182583388,0.0722112784858175,0.005));
#3853=CARTESIAN_POINT('',(0.0350374182583388,0.0760212784858175,0.005));
#3854=CARTESIAN_POINT('',(0.0350374182583388,0.0798312784858175,0.005));
#3855=CARTESIAN_POINT('',(0.0350374182583388,0.0722112784858175,0.005));
#3856=CARTESIAN_POINT('',(0.0388474182583388,0.0798312784858175,0.005));
#3857=CARTESIAN_POINT('',(0.0426574182583388,0.0798312784858175,0.005));
#3858=CARTESIAN_POINT('',(0.0426574182583388,0.0760212784858175,0.005));
#3859=CARTESIAN_POINT('',(0.0426574182583388,0.0722112784858175,0.005));
#3860=CARTESIAN_POINT('',(0.0388474182583388,0.0722112784858175,0.005));
#3861=CARTESIAN_POINT('',(-3.46944695195361E-18,2.721777511105E-19,0.005));
#3862=CARTESIAN_POINT('',(0.004445,2.721777511105E-19,0.005));
#3863=CARTESIAN_POINT('',(0.00219983827264514,0.0922555732977344,0.005));
#3864=CARTESIAN_POINT('',(0.00168811118783197,0.093234324871446,0.005));
#3865=CARTESIAN_POINT('',(0.00168811118783197,0.094483644788852,0.005));
#3866=CARTESIAN_POINT('',(0.00219983827264514,0.0922555732977344,0.005));
#3867=CARTESIAN_POINT('',(0.00168811118783197,0.094483644788852,0.005));
#3868=CARTESIAN_POINT('',(0.00168811118783197,0.094483644788852,0.005));
#3869=CARTESIAN_POINT('',(0.00168811118783197,0.0957494340837002,0.005));
#3870=CARTESIAN_POINT('',(0.00219983827264514,0.0967058343594545,0.005));
#3871=CARTESIAN_POINT('',(0.00219983827264514,0.0967058343594545,0.005));
#3872=CARTESIAN_POINT('',(0.00219983827264514,0.0967058343594545,0.005));
#3873=CARTESIAN_POINT('',(0.00271156535745832,0.0976622346352087,0.005));
#3874=CARTESIAN_POINT('',(0.00360797004395864,0.0981892547133612,0.005));
#3875=CARTESIAN_POINT('',(0.00360797004395864,0.0981892547133612,0.005));
#3876=CARTESIAN_POINT('',(0.00360797004395864,0.0981892547133612,0.005));
#3877=CARTESIAN_POINT('',(0.00450437473045895,0.0987162747915136,0.005));
#3878=CARTESIAN_POINT('',(0.0056031174826785,0.0987162747915136,0.005));
#3879=CARTESIAN_POINT('',(0.0056031174826785,0.0987162747915136,0.005));
#3880=CARTESIAN_POINT('',(0.0056031174826785,0.0987162747915136,0.005));
#3881=CARTESIAN_POINT('',(0.00668774362566183,0.0987162747915136,0.005));
#3882=CARTESIAN_POINT('',(0.00748533204750857,0.0982492503026151,0.005));
#3883=CARTESIAN_POINT('',(0.00748533204750857,0.0982492503026151,0.005));
#3884=CARTESIAN_POINT('',(0.00748533204750857,0.0982492503026151,0.005));
#3885=CARTESIAN_POINT('',(0.00828292046935531,0.0977822258137167,0.005));
#3886=CARTESIAN_POINT('',(0.00867583275976358,0.0970740425836993,0.005));
#3887=CARTESIAN_POINT('',(0.00867583275976358,0.0970740425836993,0.005));
#3888=CARTESIAN_POINT('',(0.00867583275976358,0.0978269284096314,0.005));
#3889=CARTESIAN_POINT('',(0.00867583275976358,0.0985798142355634,0.005));
#3890=CARTESIAN_POINT('',(0.00936872299644165,0.0985798142355634,0.005));
#3891=CARTESIAN_POINT('',(0.0100616132331197,0.0985798142355634,0.005));
#3892=CARTESIAN_POINT('',(0.0100616132331197,0.0944542351862765,0.005));
#3893=CARTESIAN_POINT('',(0.0100616132331197,0.0903286561369896,0.005));
#3894=CARTESIAN_POINT('',(0.00936872299644165,0.0903286561369896,0.005));
#3895=CARTESIAN_POINT('',(0.00867583275976358,0.0903286561369896,0.005));
#3896=CARTESIAN_POINT('',(0.00867583275976358,0.0910968349562609,0.005));
#3897=CARTESIAN_POINT('',(0.00867583275976358,0.0918650137755321,0.005));
#3898=CARTESIAN_POINT('',(0.00867583275976358,0.0918650137755321,0.005));
#3899=CARTESIAN_POINT('',(0.00826880386011908,0.0911427139362786,0.005));
#3900=CARTESIAN_POINT('',(0.00746298074955121,0.090667454758659,0.005));
#3901=CARTESIAN_POINT('',(0.00746298074955121,0.090667454758659,0.005));
#3902=CARTESIAN_POINT('',(0.00746298074955121,0.090667454758659,0.005));
#3903=CARTESIAN_POINT('',(0.00665715763898334,0.0901921955810394,0.005));
#3904=CARTESIAN_POINT('',(0.00558900087344228,0.0901921955810394,0.005));
#3905=CARTESIAN_POINT('',(0.00558900087344228,0.0901921955810394,0.005));
#3906=CARTESIAN_POINT('',(0.00558900087344228,0.0901921955810394,0.005));
#3907=CARTESIAN_POINT('',(0.00449025812122273,0.0901921955810394,0.005));
#3908=CARTESIAN_POINT('',(0.00360091173934052,0.0907345086525311,0.005));
#3909=CARTESIAN_POINT('',(0.00360091173934052,0.0907345086525311,0.005));
#3910=CARTESIAN_POINT('',(0.00360091173934052,0.0907345086525311,0.005));
#3911=CARTESIAN_POINT('',(0.00271156535745832,0.0912768217240227,0.005));
#3912=CARTESIAN_POINT('',(0.00219983827264514,0.0922555732977344,0.005));
#3913=CARTESIAN_POINT('',(0.0123779135319637,0.0922108707018197,0.005));
#3914=CARTESIAN_POINT('',(0.0118661864471505,0.0931755056662951,0.005));
#3915=CARTESIAN_POINT('',(0.0118661864471505,0.0944695281796157,0.005));
#3916=CARTESIAN_POINT('',(0.0123779135319637,0.0922108707018197,0.005));
#3917=CARTESIAN_POINT('',(0.0118661864471505,0.0944695281796157,0.005));
#3918=CARTESIAN_POINT('',(0.0118661864471505,0.0944695281796157,0.005));
#3919=CARTESIAN_POINT('',(0.0118661864471505,0.0957494340837002,0.005));
#3920=CARTESIAN_POINT('',(0.0123779135319637,0.0967058343594545,0.005));
#3921=CARTESIAN_POINT('',(0.0123779135319637,0.0967058343594545,0.005));
#3922=CARTESIAN_POINT('',(0.0123779135319637,0.0967058343594545,0.005));
#3923=CARTESIAN_POINT('',(0.0128896406167769,0.0976622346352087,0.005));
#3924=CARTESIAN_POINT('',(0.0138013382966164,0.0981892547133612,0.005));
#3925=CARTESIAN_POINT('',(0.0138013382966164,0.0981892547133612,0.005));
#3926=CARTESIAN_POINT('',(0.0138013382966164,0.0981892547133612,0.005));
#3927=CARTESIAN_POINT('',(0.014713035976456,0.0987162747915136,0.005));
#3928=CARTESIAN_POINT('',(0.0158870673112687,0.0987162747915136,0.005));
#3929=CARTESIAN_POINT('',(0.0158870673112687,0.0987162747915136,0.005));
#3930=CARTESIAN_POINT('',(0.0158870673112687,0.0987162747915136,0.005));
#3931=CARTESIAN_POINT('',(0.017406955572369,0.0987162747915136,0.005));
#3932=CARTESIAN_POINT('',(0.0183939418348018,0.0979786819589208,0.005));
#3933=CARTESIAN_POINT('',(0.0183939418348018,0.0979786819589208,0.005));
#3934=CARTESIAN_POINT('',(0.0183939418348018,0.0979786819589208,0.005));
#3935=CARTESIAN_POINT('',(0.0193809280972346,0.097241089126328,0.005));
#3936=CARTESIAN_POINT('',(0.0196961990368436,0.0959305972355651,0.005));
#3937=CARTESIAN_POINT('',(0.0196961990368436,0.0959305972355651,0.005));
#3938=CARTESIAN_POINT('',(0.0189586062042508,0.0959305972355651,0.005));
#3939=CARTESIAN_POINT('',(0.018221013371658,0.0959305972355651,0.005));
#3940=CARTESIAN_POINT('',(0.018221013371658,0.0959305972355651,0.005));
#3941=CARTESIAN_POINT('',(0.0180092642331146,0.0966834830614971,0.005));
#3942=CARTESIAN_POINT('',(0.017399897267751,0.0971199215637171,0.005));
#3943=CARTESIAN_POINT('',(0.017399897267751,0.0971199215637171,0.005));
#3944=CARTESIAN_POINT('',(0.017399897267751,0.0971199215637171,0.005));
#3945=CARTESIAN_POINT('',(0.0167905303023872,0.097556360065937,0.005));
#3946=CARTESIAN_POINT('',(0.0158870673112687,0.097556360065937,0.005));
#3947=CARTESIAN_POINT('',(0.0158870673112687,0.097556360065937,0.005));
#3948=CARTESIAN_POINT('',(0.0158870673112687,0.097556360065937,0.005));
#3949=CARTESIAN_POINT('',(0.014713035976456,0.097556360065937,0.005));
#3950=CARTESIAN_POINT('',(0.0139895597530995,0.0967505369553692,0.005));
#3951=CARTESIAN_POINT('',(0.0139895597530995,0.0967505369553692,0.005));
#3952=CARTESIAN_POINT('',(0.0139895597530995,0.0967505369553692,0.005));
#3953=CARTESIAN_POINT('',(0.0132660835297429,0.0959447138448013,0.005));
#3954=CARTESIAN_POINT('',(0.0132660835297429,0.0944695281796157,0.005));
#3955=CARTESIAN_POINT('',(0.0132660835297429,0.0944695281796157,0.005));
#3956=CARTESIAN_POINT('',(0.0132660835297429,0.0944695281796157,0.005));
#3957=CARTESIAN_POINT('',(0.0132660835297429,0.0929778731369879,0.005));
#3958=CARTESIAN_POINT('',(0.0139895597530995,0.0921649917218019,0.005));
#3959=CARTESIAN_POINT('',(0.0139895597530995,0.0921649917218019,0.005));
#3960=CARTESIAN_POINT('',(0.0139895597530995,0.0921649917218019,0.005));
#3961=CARTESIAN_POINT('',(0.014713035976456,0.0913521103066159,0.005));
#3962=CARTESIAN_POINT('',(0.0158870673112687,0.0913521103066159,0.005));
#3963=CARTESIAN_POINT('',(0.0158870673112687,0.0913521103066159,0.005));
#3964=CARTESIAN_POINT('',(0.0158870673112687,0.0913521103066159,0.005));
#3965=CARTESIAN_POINT('',(0.0167905303023872,0.0913521103066159,0.005));
#3966=CARTESIAN_POINT('',(0.0173928389631328,0.0917744321995997,0.005));
#3967=CARTESIAN_POINT('',(0.0173928389631328,0.0917744321995997,0.005));
#3968=CARTESIAN_POINT('',(0.0173928389631328,0.0917744321995997,0.005));
#3969=CARTESIAN_POINT('',(0.0179951476238784,0.0921967540925834,0.005));
#3970=CARTESIAN_POINT('',(0.018221013371658,0.0929778731369879,0.005));
#3971=CARTESIAN_POINT('',(0.018221013371658,0.0929778731369879,0.005));
#3972=CARTESIAN_POINT('',(0.0189586062042508,0.0929778731369879,0.005));
#3973=CARTESIAN_POINT('',(0.0196961990368436,0.0929778731369879,0.005));
#3974=CARTESIAN_POINT('',(0.0196961990368436,0.0929778731369879,0.005));
#3975=CARTESIAN_POINT('',(0.0193644587197923,0.0917144366103457,0.005));
#3976=CARTESIAN_POINT('',(0.0183715905368444,0.0909533160956926,0.005));
#3977=CARTESIAN_POINT('',(0.0183715905368444,0.0909533160956926,0.005));
#3978=CARTESIAN_POINT('',(0.0183715905368444,0.0909533160956926,0.005));
#3979=CARTESIAN_POINT('',(0.0173787223538966,0.0901921955810394,0.005));
#3980=CARTESIAN_POINT('',(0.0158870673112687,0.0901921955810394,0.005));
#3981=CARTESIAN_POINT('',(0.0158870673112687,0.0901921955810394,0.005));
#3982=CARTESIAN_POINT('',(0.0158870673112687,0.0901921955810394,0.005));
#3983=CARTESIAN_POINT('',(0.014713035976456,0.0901921955810394,0.005));
#3984=CARTESIAN_POINT('',(0.0138013382966164,0.0907192156591918,0.005));
#3985=CARTESIAN_POINT('',(0.0138013382966164,0.0907192156591918,0.005));
#3986=CARTESIAN_POINT('',(0.0138013382966164,0.0907192156591918,0.005));
#3987=CARTESIAN_POINT('',(0.0128896406167769,0.0912462357373443,0.005));
#3988=CARTESIAN_POINT('',(0.0123779135319637,0.0922108707018197,0.005));
#3989=CARTESIAN_POINT('',(-0.0113438719054102,0.0905015846001334,0.005));
#3990=CARTESIAN_POINT('',(-0.0120285274533671,0.0901921955810394,0.005));
#3991=CARTESIAN_POINT('',(-0.0129178738352493,0.0901921955810394,0.005));
#3992=CARTESIAN_POINT('',(-0.0113438719054102,0.0905015846001334,0.005));
#3993=CARTESIAN_POINT('',(-0.0129178738352493,0.0901921955810394,0.005));
#3994=CARTESIAN_POINT('',(-0.0129178738352493,0.0901921955810394,0.005));
#3995=CARTESIAN_POINT('',(-0.0138660394222825,0.0901921955810394,0.005));
#3996=CARTESIAN_POINT('',(-0.0146189252482145,0.0905168775934726,0.005));
#3997=CARTESIAN_POINT('',(-0.0146189252482145,0.0905168775934726,0.005));
#3998=CARTESIAN_POINT('',(-0.0146189252482145,0.0905168775934726,0.005));
#3999=CARTESIAN_POINT('',(-0.0153718110741465,0.0908415596059058,0.005));
#4000=CARTESIAN_POINT('',(-0.0158082495763665,0.091420340584591,0.005));
#4001=CARTESIAN_POINT('',(-0.0158082495763665,0.091420340584591,0.005));
#4002=CARTESIAN_POINT('',(-0.0158082495763665,0.091420340584591,0.005));
#4003=CARTESIAN_POINT('',(-0.0162446880785865,0.0919991215632763,0.005));
#4004=CARTESIAN_POINT('',(-0.0162893906745012,0.0927520073892083,0.005));
#4005=CARTESIAN_POINT('',(-0.0162893906745012,0.0927520073892083,0.005));
#4006=CARTESIAN_POINT('',(-0.0155823838285869,0.0927520073892083,0.005));
#4007=CARTESIAN_POINT('',(-0.0148753769826726,0.0927520073892083,0.005));
#4008=CARTESIAN_POINT('',(-0.0148753769826726,0.0927520073892083,0.005));
#4009=CARTESIAN_POINT('',(-0.0148142050093156,0.0921355821192265,0.005));
#4010=CARTESIAN_POINT('',(-0.0142942432357813,0.0917438462129212,0.005));
#4011=CARTESIAN_POINT('',(-0.0142942432357813,0.0917438462129212,0.005));
#4012=CARTESIAN_POINT('',(-0.0142942432357813,0.0917438462129212,0.005));
#4013=CARTESIAN_POINT('',(-0.013774281462247,0.0913521103066159,0.005));
#4014=CARTESIAN_POINT('',(-0.0129319904444856,0.0913521103066159,0.005));
#4015=CARTESIAN_POINT('',(-0.0129319904444856,0.0913521103066159,0.005));
#4016=CARTESIAN_POINT('',(-0.0129319904444856,0.0913521103066159,0.005));
#4017=CARTESIAN_POINT('',(-0.012148518631875,0.0913521103066159,0.005));
#4018=CARTESIAN_POINT('',(-0.0116967871363158,0.0916991436170065,0.005));
#4019=CARTESIAN_POINT('',(-0.0116967871363158,0.0916991436170065,0.005));
#4020=CARTESIAN_POINT('',(-0.0116967871363158,0.0916991436170065,0.005));
#4021=CARTESIAN_POINT('',(-0.0112450556407566,0.092046176927397,0.005));
#4022=CARTESIAN_POINT('',(-0.0112450556407566,0.0925731970055494,0.005));
#4023=CARTESIAN_POINT('',(-0.0112450556407566,0.0925731970055494,0.005));
#4024=CARTESIAN_POINT('',(-0.0112450556407566,0.0925731970055494,0.005));
#4025=CARTESIAN_POINT('',(-0.0112450556407566,0.0931143336929381,0.005));
#4026=CARTESIAN_POINT('',(-0.0117273731229943,0.0933778437320143,0.005));
#4027=CARTESIAN_POINT('',(-0.0117273731229943,0.0933778437320143,0.005));
#4028=CARTESIAN_POINT('',(-0.0117273731229943,0.0933778437320143,0.005));
#4029=CARTESIAN_POINT('',(-0.012209690605232,0.0936413537710905,0.005));
#4030=CARTESIAN_POINT('',(-0.0132190281656221,0.0938978055055486,0.005));
#4031=CARTESIAN_POINT('',(-0.0132190281656221,0.0938978055055486,0.005));
#4032=CARTESIAN_POINT('',(-0.0132190281656221,0.0938978055055486,0.005));
#4033=CARTESIAN_POINT('',(-0.0141366077659768,0.0941377878625644,0.005));
#4034=CARTESIAN_POINT('',(-0.0147165651287651,0.0943860049083014,0.005));
#4035=CARTESIAN_POINT('',(-0.0147165651287651,0.0943860049083014,0.005));
#4036=CARTESIAN_POINT('',(-0.0136752935678348,0.0968264470761151,0.005));
#4037=CARTESIAN_POINT('',(-0.0157106096958159,0.0951235977408942,0.005));
#4038=CARTESIAN_POINT('',(-0.0157106096958159,0.0951235977408942,0.005));
#4039=CARTESIAN_POINT('',(-0.0161246969000785,0.09561297352775,0.005));
#4040=CARTESIAN_POINT('',(-0.0161246969000785,0.0964129147178028,0.005));
#4041=CARTESIAN_POINT('',(-0.0161246969000785,0.0964129147178028,0.005));
#4042=CARTESIAN_POINT('',(-0.0141795401302425,0.09641873222409,0.005));
#4043=CARTESIAN_POINT('',(-0.0157482539871126,0.0975704766751733,0.005));
#4044=CARTESIAN_POINT('',(-0.0157482539871126,0.0975704766751733,0.005));
#4045=CARTESIAN_POINT('',(-0.0153718110741465,0.0980974967533257,0.005));
#4046=CARTESIAN_POINT('',(-0.0146789208374685,0.0984068857724196,0.005));
#4047=CARTESIAN_POINT('',(-0.0146789208374685,0.0984068857724196,0.005));
#4048=CARTESIAN_POINT('',(-0.0146789208374685,0.0984068857724196,0.005));
#4049=CARTESIAN_POINT('',(-0.0139860306007904,0.0987162747915136,0.005));
#4050=CARTESIAN_POINT('',(-0.0130966842189082,0.0987162747915136,0.005));
#4051=CARTESIAN_POINT('',(-0.0130966842189082,0.0987162747915136,0.005));
#4052=CARTESIAN_POINT('',(-0.0130966842189082,0.0987162747915136,0.005));
#4053=CARTESIAN_POINT('',(-0.0117273731229943,0.0987162747915136,0.005));
#4054=CARTESIAN_POINT('',(-0.0108839057211298,0.0980233845548355,0.005));
#4055=CARTESIAN_POINT('',(-0.0108839057211298,0.0980233845548355,0.005));
#4056=CARTESIAN_POINT('',(-0.0108839057211298,0.0980233845548355,0.005));
#4057=CARTESIAN_POINT('',(-0.0100404383192654,0.0973304943181574,0.005));
#4058=CARTESIAN_POINT('',(-0.00998161911411443,0.0961258769966662,0.005));
#4059=CARTESIAN_POINT('',(-0.00998161911411443,0.0961258769966662,0.005));
#4060=CARTESIAN_POINT('',(-0.0106662746620714,0.0961258769966662,0.005));
#4061=CARTESIAN_POINT('',(-0.0113509302100283,0.0961258769966662,0.005));
#4062=CARTESIAN_POINT('',(-0.0113509302100283,0.0961258769966662,0.005));
#4063=CARTESIAN_POINT('',(-0.011395632805943,0.0967728882533265,0.005));
#4064=CARTESIAN_POINT('',(-0.0118697155994596,0.0971646241596318,0.005));
#4065=CARTESIAN_POINT('',(-0.0118697155994596,0.0971646241596318,0.005));
#4066=CARTESIAN_POINT('',(-0.0118697155994596,0.0971646241596318,0.005));
#4067=CARTESIAN_POINT('',(-0.0123437983929762,0.097556360065937,0.005));
#4068=CARTESIAN_POINT('',(-0.0131437395830289,0.097556360065937,0.005));
#4069=CARTESIAN_POINT('',(-0.0131437395830289,0.097556360065937,0.005));
#4070=CARTESIAN_POINT('',(-0.0131437395830289,0.097556360065937,0.005));
#4071=CARTESIAN_POINT('',(-0.0138801560315187,0.097556360065937,0.005));
#4072=CARTESIAN_POINT('',(-0.0143165945337387,0.097239912742225,0.005));
#4073=CARTESIAN_POINT('',(-0.0143165945337387,0.097239912742225,0.005));
#4074=CARTESIAN_POINT('',(-0.0143165945337387,0.097239912742225,0.005));
#4075=CARTESIAN_POINT('',(-0.0147530330359586,0.0969234654185129,0.005));
#4076=CARTESIAN_POINT('',(-0.0147530330359586,0.0964129147178028,0.005));
#4077=CARTESIAN_POINT('',(-0.0147530330359586,0.0964129147178028,0.005));
#4078=CARTESIAN_POINT('',(-0.0147530330359586,0.0964129147178028,0.005));
#4079=CARTESIAN_POINT('',(-0.0147530330359586,0.0960058858181583,0.005));
#4080=CARTESIAN_POINT('',(-0.0144895229968824,0.0957423757790821,0.005));
#4081=CARTESIAN_POINT('',(-0.0144895229968824,0.0957423757790821,0.005));
#4082=CARTESIAN_POINT('',(-0.0144895229968824,0.0957423757790821,0.005));
#4083=CARTESIAN_POINT('',(-0.0142260129578062,0.0954788657400059,0.005));
#4084=CARTESIAN_POINT('',(-0.0138272187468829,0.0953200538860983,0.005));
#4085=CARTESIAN_POINT('',(-0.0138272187468829,0.0953200538860983,0.005));
#4086=CARTESIAN_POINT('',(-0.0138272187468829,0.0953200538860983,0.005));
#4087=CARTESIAN_POINT('',(-0.0134284245359595,0.0951612420321908,0.005));
#4088=CARTESIAN_POINT('',(-0.0127202413059422,0.0949659622710897,0.005));
#4089=CARTESIAN_POINT('',(-0.0127202413059422,0.0949659622710897,0.005));
#4090=CARTESIAN_POINT('',(-0.0127202413059422,0.0949659622710897,0.005));
#4091=CARTESIAN_POINT('',(-0.011833247692266,0.0947259799140738,0.005));
#4092=CARTESIAN_POINT('',(-0.0112756416274351,0.0944918794775731,0.005));
#4093=CARTESIAN_POINT('',(-0.0112756416274351,0.0944918794775731,0.005));
#4094=CARTESIAN_POINT('',(-0.0122531869453178,0.0921540445141609,0.005));
#4095=CARTESIAN_POINT('',(-0.0103192413516808,0.0937919309362769,0.005));
#4096=CARTESIAN_POINT('',(-0.0103192413516808,0.0937919309362769,0.005));
#4097=CARTESIAN_POINT('',(-0.00992044714075746,0.0933260828314815,0.005));
#4098=CARTESIAN_POINT('',(-0.00990633053152123,0.0925731970055494,0.005));
#4099=CARTESIAN_POINT('',(-0.00990633053152123,0.0925731970055494,0.005));
#4100=CARTESIAN_POINT('',(-0.0119932887383579,0.0925475375202679,0.005));
#4101=CARTESIAN_POINT('',(-0.0102827734444872,0.091353286690719,0.005));
#4102=CARTESIAN_POINT('',(-0.0102827734444872,0.091353286690719,0.005));
#4103=CARTESIAN_POINT('',(-0.0106592163574533,0.0908109736192273,0.005));
#4104=CARTESIAN_POINT('',(-0.0113438719054102,0.0905015846001334,0.005));
#4105=CARTESIAN_POINT('',(-0.0188562607872882,0.100824355104123,0.005));
#4106=CARTESIAN_POINT('',(-0.0195409163352452,0.100824355104123,0.005));
#4107=CARTESIAN_POINT('',(-0.0181716052393312,0.100824355104123,0.005));
#4108=CARTESIAN_POINT('',(-0.0181716052393312,0.0955765056205564,0.005));
#4109=CARTESIAN_POINT('',(-0.0181716052393312,0.0903286561369896,0.005));
#4110=CARTESIAN_POINT('',(-0.0188562607872882,0.0903286561369896,0.005));
#4111=CARTESIAN_POINT('',(-0.0195409163352452,0.0903286561369896,0.005));
#4112=CARTESIAN_POINT('',(-0.0195409163352452,0.0955765056205564,0.005));
#4113=CARTESIAN_POINT('',(0.0350374182583388,0.0760212784858175,0.005));
#4114=CARTESIAN_POINT('',(0.0350374182583388,0.0760212784858175,0.));
#4115=CARTESIAN_POINT('',(0.0350374182583388,0.0798312784858175,0.));
#4116=CARTESIAN_POINT('',(0.0350374182583388,0.0722112784858175,0.));
#4117=CARTESIAN_POINT('',(0.0350374182583388,0.0798312784858175,0.005));
#4118=CARTESIAN_POINT('',(0.0350374182583388,0.0722112784858175,0.005));
#4119=CARTESIAN_POINT('',(0.0388474182583388,0.0798312784858175,0.005));
#4120=CARTESIAN_POINT('',(0.0388474182583388,0.0798312784858175,0.));
#4121=CARTESIAN_POINT('',(0.0426574182583388,0.0798312784858175,0.));
#4122=CARTESIAN_POINT('',(0.0426574182583388,0.0798312784858175,0.005));
#4123=CARTESIAN_POINT('',(0.0426574182583388,0.0760212784858175,0.005));
#4124=CARTESIAN_POINT('',(0.0426574182583388,0.0760212784858175,0.));
#4125=CARTESIAN_POINT('',(0.0426574182583388,0.0722112784858175,0.));
#4126=CARTESIAN_POINT('',(0.0426574182583388,0.0722112784858175,0.005));
#4127=CARTESIAN_POINT('',(-0.0426574182583388,0.0760212784858175,0.005));
#4128=CARTESIAN_POINT('',(-0.0426574182583388,0.0760212784858175,0.));
#4129=CARTESIAN_POINT('',(-0.0426574182583388,0.0798312784858175,0.));
#4130=CARTESIAN_POINT('',(-0.0426574182583388,0.0722112784858175,0.));
#4131=CARTESIAN_POINT('',(-0.0426574182583388,0.0798312784858175,0.005));
#4132=CARTESIAN_POINT('',(-0.0426574182583388,0.0722112784858175,0.005));
#4133=CARTESIAN_POINT('',(-0.0388474182583388,0.0798312784858175,0.005));
#4134=CARTESIAN_POINT('',(-0.0388474182583388,0.0798312784858175,0.));
#4135=CARTESIAN_POINT('',(-0.0350374182583388,0.0798312784858175,0.));
#4136=CARTESIAN_POINT('',(-0.0350374182583388,0.0798312784858175,0.005));
#4137=CARTESIAN_POINT('',(-0.0350374182583388,0.0760212784858175,0.005));
#4138=CARTESIAN_POINT('',(-0.0350374182583388,0.0760212784858175,0.));
#4139=CARTESIAN_POINT('',(-0.0350374182583388,0.0722112784858175,0.));
#4140=CARTESIAN_POINT('',(-0.0350374182583388,0.0722112784858175,0.005));
#4141=CARTESIAN_POINT('',(-0.0376274167303895,0.100724053645902,0.005));
#4142=CARTESIAN_POINT('',(-0.0376274167303895,0.100724053645902,0.));
#4143=CARTESIAN_POINT('',(2.08166817117217E-17,-0.0205738338468188,0.));
#4144=CARTESIAN_POINT('',(0.0893319739795986,0.103935456851416,0.));
#4145=CARTESIAN_POINT('',(0.0893319739795986,0.103935456851416,0.005));
#4146=CARTESIAN_POINT('',(2.08166817117217E-17,-0.0205738338468188,0.005));
#4147=CARTESIAN_POINT('',(0.,0.103935456851416,0.005));
#4148=CARTESIAN_POINT('',(0.0855207131478157,0.103935456851416,0.003));
#4149=CARTESIAN_POINT('',(0.0867911449453163,0.103935456851416,0.003));
#4150=CARTESIAN_POINT('',(0.0842502813503152,0.103935456851416,0.003));
#4151=CARTESIAN_POINT('',(0.0842502813503152,0.103935456851416,0.003));
#4152=CARTESIAN_POINT('',(0.0842502813503152,0.103935456851416,0.));
#4153=CARTESIAN_POINT('',(0.,0.103935456851416,0.));
#4154=CARTESIAN_POINT('',(-0.0842502813503152,0.103935456851416,0.));
#4155=CARTESIAN_POINT('',(-0.0842502813503152,0.103935456851416,0.003));
#4156=CARTESIAN_POINT('',(-0.0842502813503152,0.103935456851416,0.003));
#4157=CARTESIAN_POINT('',(-0.0855207131478157,0.103935456851416,0.003));
#4158=CARTESIAN_POINT('',(-0.0867911449453163,0.103935456851416,0.003));
#4159=CARTESIAN_POINT('',(-0.0867911449453163,0.103935456851416,0.003));
#4160=CARTESIAN_POINT('',(-0.0867911449453163,0.103935456851416,0.));
#4161=CARTESIAN_POINT('',(0.,0.103935456851416,0.));
#4162=CARTESIAN_POINT('',(-0.0893319739795985,0.103935456851416,0.));
#4163=CARTESIAN_POINT('',(-0.0893319739795985,0.103935456851416,0.005));
#4164=CARTESIAN_POINT('',(0.,0.103935456851416,0.));
#4165=CARTESIAN_POINT('',(0.0867911449453163,0.103935456851416,0.));
#4166=CARTESIAN_POINT('',(0.0867911449453163,0.103935456851416,0.003));
#4167=CARTESIAN_POINT('',(0.0388474182583388,0.0722112784858175,0.005));
#4168=CARTESIAN_POINT('',(0.0388474182583388,0.0722112784858175,0.));
#4169=CARTESIAN_POINT('',(-0.0388474182583388,0.0722112784858175,0.005));
#4170=CARTESIAN_POINT('',(-0.0388474182583388,0.0722112784858175,0.));
#4171=CARTESIAN_POINT('',(0.0376274167303889,0.100724053645901,0.005));
#4172=CARTESIAN_POINT('',(0.0376274167303889,0.100724053645901,0.));
#4173=CARTESIAN_POINT('',(-3.46944695195361E-18,2.721777511105E-19,0.005));
#4174=CARTESIAN_POINT('',(-3.46944695195361E-18,2.721777511105E-19,0.));
#4175=CARTESIAN_POINT('',(0.004445,2.721777511105E-19,0.));
#4176=CARTESIAN_POINT('',(0.,0.0416808115022986,0.));
#4177=CARTESIAN_POINT('',(0.,0.019304,0.));
#4178=CARTESIAN_POINT('',(0.001905,0.019304,0.));
#4179=CARTESIAN_POINT('',(-0.0137790998100254,-0.00528690211645161,0.));
#4180=CARTESIAN_POINT('',(-0.0110978507159321,-0.0095,0.));
#4181=CARTESIAN_POINT('',(-0.0164603489041187,-0.0010738042329032,0.));
#4182=CARTESIAN_POINT('',(0.,-0.0095,0.));
#4183=CARTESIAN_POINT('',(0.0110978507159321,-0.0095,0.));
#4184=CARTESIAN_POINT('',(0.0137790998100254,-0.00528690211645161,0.));
#4185=CARTESIAN_POINT('',(0.0164603489041187,-0.0010738042329032,0.));
#4186=CARTESIAN_POINT('',(0.0156167043596867,-0.0005369021164516,0.));
#4187=CARTESIAN_POINT('',(0.0147730598152548,3.46944695195361E-18,0.));
#4188=CARTESIAN_POINT('',(0.0123865299076274,-0.00375,0.));
#4189=CARTESIAN_POINT('',(0.01,-0.0075,0.));
#4190=CARTESIAN_POINT('',(0.,-0.0075,0.));
#4191=CARTESIAN_POINT('',(-0.01,-0.0075,0.));
#4192=CARTESIAN_POINT('',(-0.0123865299076274,-0.00375,0.));
#4193=CARTESIAN_POINT('',(-0.0147730598152548,4.33680868994202E-19,0.));
#4194=CARTESIAN_POINT('',(-0.0156167043596867,-0.000536902116451602,0.));
#4195=CARTESIAN_POINT('',(0.00333963168369907,-0.0166285260372362,0.));
#4196=CARTESIAN_POINT('',(0.00311473157765901,-0.0165353098096045,0.));
#4197=CARTESIAN_POINT('',(0.00356453178973915,-0.016721742264868,0.));
#4198=CARTESIAN_POINT('',(-0.0376274167303904,0.100724053645905,0.));
#4199=CARTESIAN_POINT('',(0.0376274167303904,0.100724053645905,0.));
#4200=CARTESIAN_POINT('',(-0.00356453178973911,-0.016721742264868,0.));
#4201=CARTESIAN_POINT('',(-0.00333963168369906,-0.0166285260372362,0.));
#4202=CARTESIAN_POINT('',(-0.00311473157765901,-0.0165353098096045,0.));
#4203=CARTESIAN_POINT('',(-0.00360100469591225,-0.0153620926709366,0.));
#4204=CARTESIAN_POINT('',(-0.00317596942347614,-0.0141653282759175,0.));
#4205=CARTESIAN_POINT('',(0.0376274167303904,0.100724053645905,0.));
#4206=CARTESIAN_POINT('',(-0.0376274167303904,0.100724053645905,0.));
#4207=CARTESIAN_POINT('',(0.00317596942347613,-0.0141653282759176,0.));
#4208=CARTESIAN_POINT('',(0.00360100469591225,-0.0153620926709366,0.));
#4209=CARTESIAN_POINT('',(-0.03175,0.02655,0.));
#4210=CARTESIAN_POINT('',(-0.03175,0.02782,0.));
#4211=CARTESIAN_POINT('',(-0.03175,0.02528,0.));
#4212=CARTESIAN_POINT('',(0.,0.02528,0.));
#4213=CARTESIAN_POINT('',(0.03175,0.02528,0.));
#4214=CARTESIAN_POINT('',(0.03175,0.02655,0.));
#4215=CARTESIAN_POINT('',(0.03175,0.02782,0.));
#4216=CARTESIAN_POINT('',(0.,0.02782,0.));
#4217=CARTESIAN_POINT('',(-0.0595629347443346,0.0599477905100628,0.));
#4218=CARTESIAN_POINT('',(-0.0595629347443346,0.060706,0.));
#4219=CARTESIAN_POINT('',(-0.0598445266796204,0.0592438106718482,0.));
#4220=CARTESIAN_POINT('',(-0.0584972633398102,0.0587049053359241,0.));
#4221=CARTESIAN_POINT('',(-0.05715,0.058166,0.));
#4222=CARTESIAN_POINT('',(0.,0.058166,0.));
#4223=CARTESIAN_POINT('',(0.05715,0.058166,0.));
#4224=CARTESIAN_POINT('',(0.0584972633398102,0.0587049053359241,0.));
#4225=CARTESIAN_POINT('',(0.0598445266796205,0.0592438106718482,0.));
#4226=CARTESIAN_POINT('',(0.0595629347443346,0.0599477905100628,0.));
#4227=CARTESIAN_POINT('',(0.0595629347443346,0.060706,0.));
#4228=CARTESIAN_POINT('',(6.93889390390723E-18,0.060706,0.));
#4229=CARTESIAN_POINT('',(0.,0.086106,0.));
#4230=CARTESIAN_POINT('',(-0.0635,0.086106,0.));
#4231=CARTESIAN_POINT('',(0.0635,0.086106,0.));
#4232=CARTESIAN_POINT('',(-0.0635,0.084836,0.));
#4233=CARTESIAN_POINT('',(-0.0635,0.083566,0.));
#4234=CARTESIAN_POINT('',(-2.77555756156289E-17,0.083566,0.));
#4235=CARTESIAN_POINT('',(0.0635,0.083566,0.));
#4236=CARTESIAN_POINT('',(0.0635,0.084836,0.));
#4237=CARTESIAN_POINT('',(-0.0635,0.084836,0.003));
#4238=CARTESIAN_POINT('',(-0.0635,0.086106,0.003));
#4239=CARTESIAN_POINT('',(-0.0635,0.086106,0.003));
#4240=CARTESIAN_POINT('',(-0.0635,0.084836,0.003));
#4241=CARTESIAN_POINT('',(-0.0635,0.083566,0.003));
#4242=CARTESIAN_POINT('',(-0.0635,0.083566,0.003));
#4243=CARTESIAN_POINT('',(-2.77555756156289E-17,0.083566,0.003));
#4244=CARTESIAN_POINT('',(-2.77555756156289E-17,0.083566,0.003));
#4245=CARTESIAN_POINT('',(0.0635,0.083566,0.003));
#4246=CARTESIAN_POINT('',(0.0635,0.083566,0.003));
#4247=CARTESIAN_POINT('',(0.0635,0.084836,0.003));
#4248=CARTESIAN_POINT('',(0.0635,0.084836,0.003));
#4249=CARTESIAN_POINT('',(0.0635,0.086106,0.003));
#4250=CARTESIAN_POINT('',(0.0635,0.086106,0.003));
#4251=CARTESIAN_POINT('',(0.,0.086106,0.003));
#4252=CARTESIAN_POINT('',(0.,0.086106,0.003));
#4253=CARTESIAN_POINT('',(0.,0.0416808115022986,0.003));
#4254=CARTESIAN_POINT('',(0.0376274167303904,0.100724053645905,0.003));
#4255=CARTESIAN_POINT('',(-0.00317596942347614,-0.0141653282759175,0.003));
#4256=CARTESIAN_POINT('',(-0.00317596942347614,-0.0141653282759175,0.003));
#4257=CARTESIAN_POINT('',(0.0376274167303904,0.100724053645905,0.003));
#4258=CARTESIAN_POINT('',(0.0376274167303904,0.100724053645905,0.003));
#4259=CARTESIAN_POINT('',(0.0376274167303904,0.100724053645905,0.003));
#4260=CARTESIAN_POINT('',(-0.00356453178973911,-0.016721742264868,0.003));
#4261=CARTESIAN_POINT('',(-0.00356453178973911,-0.016721742264868,0.003));
#4262=CARTESIAN_POINT('',(-0.00333963168369906,-0.0166285260372362,0.003));
#4263=CARTESIAN_POINT('',(-0.00333963168369906,-0.0166285260372362,0.003));
#4264=CARTESIAN_POINT('',(-0.00311473157765901,-0.0165353098096045,0.003));
#4265=CARTESIAN_POINT('',(-0.00311473157765901,-0.0165353098096045,0.003));
#4266=CARTESIAN_POINT('',(-0.00360100469591225,-0.0153620926709366,0.003));
#4267=CARTESIAN_POINT('',(-0.00360100469591225,-0.0153620926709366,0.003));
#4268=CARTESIAN_POINT('',(0.,0.0416808115022986,0.003));
#4269=CARTESIAN_POINT('',(-0.0584972633398102,0.0587049053359241,0.003));
#4270=CARTESIAN_POINT('',(-0.0598445266796204,0.0592438106718482,0.003));
#4271=CARTESIAN_POINT('',(-0.0598445266796204,0.0592438106718482,0.003));
#4272=CARTESIAN_POINT('',(-0.0584972633398102,0.0587049053359241,0.003));
#4273=CARTESIAN_POINT('',(-0.05715,0.058166,0.003));
#4274=CARTESIAN_POINT('',(-0.05715,0.058166,0.003));
#4275=CARTESIAN_POINT('',(0.,0.058166,0.003));
#4276=CARTESIAN_POINT('',(0.,0.058166,0.003));
#4277=CARTESIAN_POINT('',(0.05715,0.058166,0.003));
#4278=CARTESIAN_POINT('',(0.05715,0.058166,0.003));
#4279=CARTESIAN_POINT('',(0.0584972633398102,0.0587049053359241,0.003));
#4280=CARTESIAN_POINT('',(0.0584972633398102,0.0587049053359241,0.003));
#4281=CARTESIAN_POINT('',(0.0598445266796205,0.0592438106718482,0.003));
#4282=CARTESIAN_POINT('',(0.0598445266796205,0.0592438106718482,0.003));
#4283=CARTESIAN_POINT('',(0.0595629347443346,0.0599477905100628,0.003));
#4284=CARTESIAN_POINT('',(0.0595629347443346,0.0599477905100628,0.003));
#4285=CARTESIAN_POINT('',(0.0595629347443346,0.060706,0.003));
#4286=CARTESIAN_POINT('',(0.0595629347443346,0.060706,0.003));
#4287=CARTESIAN_POINT('',(6.93889390390723E-18,0.060706,0.003));
#4288=CARTESIAN_POINT('',(6.93889390390723E-18,0.060706,0.003));
#4289=CARTESIAN_POINT('',(-0.0595629347443346,0.060706,0.003));
#4290=CARTESIAN_POINT('',(-0.0595629347443346,0.060706,0.003));
#4291=CARTESIAN_POINT('',(-0.0595629347443346,0.0599477905100628,0.003));
#4292=CARTESIAN_POINT('',(-0.0595629347443346,0.0599477905100628,0.003));
#4293=CARTESIAN_POINT('',(0.,0.0416808115022986,0.003));
#4294=CARTESIAN_POINT('',(0.,0.02528,0.003));
#4295=CARTESIAN_POINT('',(-0.03175,0.02528,0.003));
#4296=CARTESIAN_POINT('',(-0.03175,0.02528,0.003));
#4297=CARTESIAN_POINT('',(0.,0.02528,0.003));
#4298=CARTESIAN_POINT('',(0.03175,0.02528,0.003));
#4299=CARTESIAN_POINT('',(0.03175,0.02528,0.003));
#4300=CARTESIAN_POINT('',(0.03175,0.02655,0.003));
#4301=CARTESIAN_POINT('',(0.03175,0.02655,0.003));
#4302=CARTESIAN_POINT('',(0.03175,0.02782,0.003));
#4303=CARTESIAN_POINT('',(0.03175,0.02782,0.003));
#4304=CARTESIAN_POINT('',(0.,0.02782,0.003));
#4305=CARTESIAN_POINT('',(0.,0.02782,0.003));
#4306=CARTESIAN_POINT('',(-0.03175,0.02782,0.003));
#4307=CARTESIAN_POINT('',(-0.03175,0.02782,0.003));
#4308=CARTESIAN_POINT('',(-0.03175,0.02655,0.003));
#4309=CARTESIAN_POINT('',(-0.03175,0.02655,0.003));
#4310=CARTESIAN_POINT('',(0.,0.0416808115022986,0.003));
#4311=CARTESIAN_POINT('',(-0.0376274167303904,0.100724053645905,0.003));
#4312=CARTESIAN_POINT('',(0.00356453178973914,-0.016721742264868,0.003));
#4313=CARTESIAN_POINT('',(0.00356453178973914,-0.016721742264868,0.003));
#4314=CARTESIAN_POINT('',(-0.0376274167303904,0.100724053645905,0.003));
#4315=CARTESIAN_POINT('',(-0.0376274167303904,0.100724053645905,0.003));
#4316=CARTESIAN_POINT('',(-0.0376274167303904,0.100724053645905,0.003));
#4317=CARTESIAN_POINT('',(0.00317596942347613,-0.0141653282759176,0.003));
#4318=CARTESIAN_POINT('',(0.00317596942347613,-0.0141653282759176,0.003));
#4319=CARTESIAN_POINT('',(0.00360100469591225,-0.0153620926709366,0.003));
#4320=CARTESIAN_POINT('',(0.00360100469591225,-0.0153620926709366,0.003));
#4321=CARTESIAN_POINT('',(0.00311473157765901,-0.0165353098096045,0.003));
#4322=CARTESIAN_POINT('',(0.00311473157765901,-0.0165353098096045,0.003));
#4323=CARTESIAN_POINT('',(0.00333963168369907,-0.0166285260372362,0.003));
#4324=CARTESIAN_POINT('',(0.00333963168369907,-0.0166285260372362,0.003));
#4325=CARTESIAN_POINT('',(0.,0.0416808115022986,0.003));
#4326=CARTESIAN_POINT('',(0.,-0.0095,0.003));
#4327=CARTESIAN_POINT('',(-0.0110978507159321,-0.0095,0.003));
#4328=CARTESIAN_POINT('',(-0.0110978507159321,-0.0095,0.003));
#4329=CARTESIAN_POINT('',(0.,-0.0095,0.003));
#4330=CARTESIAN_POINT('',(0.0110978507159321,-0.0095,0.003));
#4331=CARTESIAN_POINT('',(0.0110978507159321,-0.0095,0.003));
#4332=CARTESIAN_POINT('',(0.0137790998100254,-0.00528690211645161,0.003));
#4333=CARTESIAN_POINT('',(0.0137790998100254,-0.00528690211645161,0.003));
#4334=CARTESIAN_POINT('',(0.0164603489041187,-0.0010738042329032,0.003));
#4335=CARTESIAN_POINT('',(0.0164603489041187,-0.0010738042329032,0.003));
#4336=CARTESIAN_POINT('',(0.0156167043596867,-0.0005369021164516,0.003));
#4337=CARTESIAN_POINT('',(0.0156167043596867,-0.0005369021164516,0.003));
#4338=CARTESIAN_POINT('',(0.0147730598152548,3.46944695195361E-18,0.003));
#4339=CARTESIAN_POINT('',(0.0147730598152548,3.46944695195361E-18,0.003));
#4340=CARTESIAN_POINT('',(0.0123865299076274,-0.00375,0.003));
#4341=CARTESIAN_POINT('',(0.0123865299076274,-0.00375,0.003));
#4342=CARTESIAN_POINT('',(0.01,-0.0075,0.003));
#4343=CARTESIAN_POINT('',(0.01,-0.0075,0.003));
#4344=CARTESIAN_POINT('',(0.,-0.0075,0.003));
#4345=CARTESIAN_POINT('',(0.,-0.0075,0.003));
#4346=CARTESIAN_POINT('',(-0.01,-0.0075,0.003));
#4347=CARTESIAN_POINT('',(-0.01,-0.0075,0.003));
#4348=CARTESIAN_POINT('',(-0.0123865299076274,-0.00375,0.003));
#4349=CARTESIAN_POINT('',(-0.0123865299076274,-0.00375,0.003));
#4350=CARTESIAN_POINT('',(-0.0147730598152548,4.33680868994202E-19,0.003));
#4351=CARTESIAN_POINT('',(-0.0147730598152548,4.33680868994202E-19,0.003));
#4352=CARTESIAN_POINT('',(-0.0156167043596867,-0.000536902116451602,0.003));
#4353=CARTESIAN_POINT('',(-0.0156167043596867,-0.000536902116451602,0.003));
#4354=CARTESIAN_POINT('',(-0.0164603489041187,-0.0010738042329032,0.003));
#4355=CARTESIAN_POINT('',(-0.0164603489041187,-0.0010738042329032,0.003));
#4356=CARTESIAN_POINT('',(-0.0137790998100254,-0.00528690211645161,0.003));
#4357=CARTESIAN_POINT('',(-0.0137790998100254,-0.00528690211645161,0.003));
#4358=CARTESIAN_POINT('',(0.,0.0416808115022986,0.003));
#4359=CARTESIAN_POINT('',(-0.00150224249955499,0.0944695281796157,0.002));
#4360=CARTESIAN_POINT('',(-0.00150224249955499,0.0944695281796157,0.005));
#4361=CARTESIAN_POINT('',(-0.00150224249955499,0.095092227498147,0.002));
#4362=CARTESIAN_POINT('',(-0.00150224249955499,0.095092227498147,0.005));
#4363=CARTESIAN_POINT('',(-0.00162772347054366,0.0956345405696387,0.002));
#4364=CARTESIAN_POINT('',(-0.00162772347054366,0.0956345405696387,0.005));
#4365=CARTESIAN_POINT('',(-0.001878685412521,0.0960964673940907,0.002));
#4366=CARTESIAN_POINT('',(-0.001878685412521,0.0960964673940907,0.005));
#4367=CARTESIAN_POINT('',(-0.00150224249955499,0.0944695281796157,0.005));
#4368=CARTESIAN_POINT('',(-0.00150224249955499,0.0954035771574127,0.005));
#4369=CARTESIAN_POINT('',(-0.001878685412521,0.0960964673940907,0.005));
#4370=CARTESIAN_POINT('',(-0.00150224249955499,0.0944695281796157,0.005));
#4371=CARTESIAN_POINT('',(-0.001878685412521,0.0960964673940907,0.005));
#4372=CARTESIAN_POINT('',(-0.00150224249955499,0.0944695281796157,0.002));
#4373=CARTESIAN_POINT('',(-0.00150224249955499,0.0944695281796157,0.002));
#4374=CARTESIAN_POINT('',(-0.00150224249955499,0.0944695281796157,0.002));
#4375=CARTESIAN_POINT('',(-0.00150224249955499,0.0954035771574127,0.002));
#4376=CARTESIAN_POINT('',(-0.001878685412521,0.0960964673940907,0.002));
#4377=CARTESIAN_POINT('',(-0.001878685412521,0.0960964673940907,0.002));
#4378=CARTESIAN_POINT('',(-0.001878685412521,0.0960964673940907,0.002));
#4379=CARTESIAN_POINT('',(-0.001878685412521,0.0928355306605226,0.002));
#4380=CARTESIAN_POINT('',(-0.001878685412521,0.0928355306605226,0.005));
#4381=CARTESIAN_POINT('',(-0.00162772347054366,0.0933021630213867,0.002));
#4382=CARTESIAN_POINT('',(-0.00162772347054366,0.0933021630213867,0.005));
#4383=CARTESIAN_POINT('',(-0.00150224249955499,0.0938468288610844,0.002));
#4384=CARTESIAN_POINT('',(-0.00150224249955499,0.0938468288610844,0.005));
#4385=CARTESIAN_POINT('',(-0.00150224249955499,0.0944695281796157,0.002));
#4386=CARTESIAN_POINT('',(-0.00150224249955499,0.0944695281796157,0.005));
#4387=CARTESIAN_POINT('',(-0.001878685412521,0.0928355306605226,0.005));
#4388=CARTESIAN_POINT('',(-0.00150224249955499,0.0935354792018188,0.005));
#4389=CARTESIAN_POINT('',(-0.00150224249955499,0.0944695281796157,0.005));
#4390=CARTESIAN_POINT('',(-0.001878685412521,0.0928355306605226,0.005));
#4391=CARTESIAN_POINT('',(-0.001878685412521,0.0928355306605226,0.002));
#4392=CARTESIAN_POINT('',(-0.001878685412521,0.0928355306605226,0.002));
#4393=CARTESIAN_POINT('',(-0.001878685412521,0.0928355306605226,0.002));
#4394=CARTESIAN_POINT('',(-0.00150224249955499,0.0935354792018188,0.002));
#4395=CARTESIAN_POINT('',(-0.00150224249955499,0.0944695281796157,0.002));
#4396=CARTESIAN_POINT('',(-0.00289508127752924,0.0917661975108786,0.002));
#4397=CARTESIAN_POINT('',(-0.00289508127752924,0.0917661975108786,0.005));
#4398=CARTESIAN_POINT('',(-0.00246844597616776,0.0920124539164439,0.002));
#4399=CARTESIAN_POINT('',(-0.00246844597616776,0.0920124539164439,0.005));
#4400=CARTESIAN_POINT('',(-0.00212964735449835,0.0923688982996585,0.002));
#4401=CARTESIAN_POINT('',(-0.00212964735449835,0.0923688982996585,0.005));
#4402=CARTESIAN_POINT('',(-0.001878685412521,0.0928355306605226,0.002));
#4403=CARTESIAN_POINT('',(-0.001878685412521,0.0928355306605226,0.005));
#4404=CARTESIAN_POINT('',(-0.00289508127752924,0.0917661975108786,0.005));
#4405=CARTESIAN_POINT('',(-0.00225512832548702,0.0921355821192265,0.005));
#4406=CARTESIAN_POINT('',(-0.001878685412521,0.0928355306605226,0.005));
#4407=CARTESIAN_POINT('',(-0.00289508127752924,0.0917661975108786,0.005));
#4408=CARTESIAN_POINT('',(-0.00289508127752924,0.0917661975108786,0.002));
#4409=CARTESIAN_POINT('',(-0.00289508127752924,0.0917661975108786,0.002));
#4410=CARTESIAN_POINT('',(-0.00289508127752924,0.0917661975108786,0.002));
#4411=CARTESIAN_POINT('',(-0.00225512832548702,0.0921355821192265,0.002));
#4412=CARTESIAN_POINT('',(-0.001878685412521,0.0928355306605226,0.002));
#4413=CARTESIAN_POINT('',(-0.00427384129711352,0.0941639526137938,0.002));
#4414=CARTESIAN_POINT('',(-0.00427384129711352,0.0941639526137938,0.005));
#4415=CARTESIAN_POINT('',(-0.00430438943294575,0.0913968129025307,0.005));
#4416=CARTESIAN_POINT('',(-0.00430438943294575,0.0913968129025307,0.002));
#4417=CARTESIAN_POINT('',(-0.00430438943294575,0.0913968129025307,0.002));
#4418=CARTESIAN_POINT('',(-0.00427384129711352,0.0941639526137938,0.002));
#4419=CARTESIAN_POINT('',(-0.00570428651553811,0.0917661975108786,0.002));
#4420=CARTESIAN_POINT('',(-0.00570428651553811,0.0917661975108786,0.005));
#4421=CARTESIAN_POINT('',(-0.0052823567505887,0.0915199411053133,0.002));
#4422=CARTESIAN_POINT('',(-0.0052823567505887,0.0915199411053133,0.005));
#4423=CARTESIAN_POINT('',(-0.00481572438972458,0.0913968129025307,0.002));
#4424=CARTESIAN_POINT('',(-0.00481572438972458,0.0913968129025307,0.005));
#4425=CARTESIAN_POINT('',(-0.00430438943294575,0.0913968129025307,0.002));
#4426=CARTESIAN_POINT('',(-0.00430438943294575,0.0913968129025307,0.005));
#4427=CARTESIAN_POINT('',(-0.00570428651553811,0.0917661975108786,0.005));
#4428=CARTESIAN_POINT('',(-0.005071391868114,0.0913968129025307,0.005));
#4429=CARTESIAN_POINT('',(-0.00430438943294575,0.0913968129025307,0.005));
#4430=CARTESIAN_POINT('',(-0.00570428651553811,0.0917661975108786,0.005));
#4431=CARTESIAN_POINT('',(-0.00570428651553811,0.0917661975108786,0.002));
#4432=CARTESIAN_POINT('',(-0.00570428651553811,0.0917661975108786,0.002));
#4433=CARTESIAN_POINT('',(-0.00570428651553811,0.0917661975108786,0.002));
#4434=CARTESIAN_POINT('',(-0.005071391868114,0.0913968129025307,0.002));
#4435=CARTESIAN_POINT('',(-0.00430438943294575,0.0913968129025307,0.002));
#4436=CARTESIAN_POINT('',(-0.00671362407592823,0.0928355306605226,0.002));
#4437=CARTESIAN_POINT('',(-0.00671362407592823,0.0928355306605226,0.005));
#4438=CARTESIAN_POINT('',(-0.00646266213395089,0.0923688982996585,0.002));
#4439=CARTESIAN_POINT('',(-0.00646266213395089,0.0923688982996585,0.005));
#4440=CARTESIAN_POINT('',(-0.00612621628048752,0.0920124539164439,0.002));
#4441=CARTESIAN_POINT('',(-0.00612621628048752,0.0920124539164439,0.005));
#4442=CARTESIAN_POINT('',(-0.00570428651553811,0.0917661975108786,0.002));
#4443=CARTESIAN_POINT('',(-0.00570428651553811,0.0917661975108786,0.005));
#4444=CARTESIAN_POINT('',(-0.00671362407592823,0.0928355306605226,0.005));
#4445=CARTESIAN_POINT('',(-0.00633718116296222,0.0921355821192265,0.005));
#4446=CARTESIAN_POINT('',(-0.00570428651553811,0.0917661975108786,0.005));
#4447=CARTESIAN_POINT('',(-0.00671362407592823,0.0928355306605226,0.005));
#4448=CARTESIAN_POINT('',(-0.00671362407592823,0.0928355306605226,0.002));
#4449=CARTESIAN_POINT('',(-0.00671362407592823,0.0928355306605226,0.002));
#4450=CARTESIAN_POINT('',(-0.00671362407592823,0.0928355306605226,0.002));
#4451=CARTESIAN_POINT('',(-0.00633718116296222,0.0921355821192265,0.002));
#4452=CARTESIAN_POINT('',(-0.00570428651553811,0.0917661975108786,0.002));
#4453=CARTESIAN_POINT('',(-0.00709006698889425,0.094483644788852,0.002));
#4454=CARTESIAN_POINT('',(-0.00709006698889425,0.094483644788852,0.005));
#4455=CARTESIAN_POINT('',(-0.00709006698889425,0.0938515343974965,0.002));
#4456=CARTESIAN_POINT('',(-0.00709006698889425,0.0938515343974965,0.005));
#4457=CARTESIAN_POINT('',(-0.00696458601790558,0.0933021630213867,0.002));
#4458=CARTESIAN_POINT('',(-0.00696458601790558,0.0933021630213867,0.005));
#4459=CARTESIAN_POINT('',(-0.00671362407592823,0.0928355306605226,0.002));
#4460=CARTESIAN_POINT('',(-0.00671362407592823,0.0928355306605226,0.005));
#4461=CARTESIAN_POINT('',(-0.00709006698889425,0.094483644788852,0.005));
#4462=CARTESIAN_POINT('',(-0.00709006698889425,0.0935354792018188,0.005));
#4463=CARTESIAN_POINT('',(-0.00671362407592823,0.0928355306605226,0.005));
#4464=CARTESIAN_POINT('',(-0.00709006698889425,0.094483644788852,0.005));
#4465=CARTESIAN_POINT('',(-0.00709006698889425,0.094483644788852,0.002));
#4466=CARTESIAN_POINT('',(-0.00709006698889425,0.094483644788852,0.002));
#4467=CARTESIAN_POINT('',(-0.00709006698889425,0.094483644788852,0.002));
#4468=CARTESIAN_POINT('',(-0.00709006698889425,0.0935354792018188,0.002));
#4469=CARTESIAN_POINT('',(-0.00671362407592823,0.0928355306605226,0.002));
#4470=CARTESIAN_POINT('',(-0.00671362407592823,0.0961105840033269,0.002));
#4471=CARTESIAN_POINT('',(-0.00671362407592823,0.0961105840033269,0.005));
#4472=CARTESIAN_POINT('',(-0.00696458601790558,0.0956486571788749,0.002));
#4473=CARTESIAN_POINT('',(-0.00696458601790558,0.0956486571788749,0.005));
#4474=CARTESIAN_POINT('',(-0.00709006698889425,0.0951063441073833,0.002));
#4475=CARTESIAN_POINT('',(-0.00709006698889425,0.0951063441073833,0.005));
#4476=CARTESIAN_POINT('',(-0.00709006698889425,0.094483644788852,0.002));
#4477=CARTESIAN_POINT('',(-0.00709006698889425,0.094483644788852,0.005));
#4478=CARTESIAN_POINT('',(-0.00671362407592823,0.0961105840033269,0.005));
#4479=CARTESIAN_POINT('',(-0.00709006698889425,0.0954176937666489,0.005));
#4480=CARTESIAN_POINT('',(-0.00709006698889425,0.094483644788852,0.005));
#4481=CARTESIAN_POINT('',(-0.00671362407592823,0.0961105840033269,0.005));
#4482=CARTESIAN_POINT('',(-0.00671362407592823,0.0961105840033269,0.002));
#4483=CARTESIAN_POINT('',(-0.00671362407592823,0.0961105840033269,0.002));
#4484=CARTESIAN_POINT('',(-0.00671362407592823,0.0961105840033269,0.002));
#4485=CARTESIAN_POINT('',(-0.00709006698889425,0.0954176937666489,0.002));
#4486=CARTESIAN_POINT('',(-0.00709006698889425,0.094483644788852,0.002));
#4487=CARTESIAN_POINT('',(-0.00570428651553811,0.0971646241596318,0.002));
#4488=CARTESIAN_POINT('',(-0.00570428651553811,0.0971646241596318,0.005));
#4489=CARTESIAN_POINT('',(-0.00612621628048752,0.0969238575465473,0.002));
#4490=CARTESIAN_POINT('',(-0.00612621628048752,0.0969238575465473,0.005));
#4491=CARTESIAN_POINT('',(-0.00646266213395089,0.096572510827779,0.002));
#4492=CARTESIAN_POINT('',(-0.00646266213395089,0.096572510827779,0.005));
#4493=CARTESIAN_POINT('',(-0.00671362407592823,0.0961105840033269,0.002));
#4494=CARTESIAN_POINT('',(-0.00671362407592823,0.0961105840033269,0.005));
#4495=CARTESIAN_POINT('',(-0.00570428651553811,0.0971646241596318,0.005));
#4496=CARTESIAN_POINT('',(-0.00633718116296222,0.096803474240005,0.005));
#4497=CARTESIAN_POINT('',(-0.00671362407592823,0.0961105840033269,0.005));
#4498=CARTESIAN_POINT('',(-0.00570428651553811,0.0971646241596318,0.005));
#4499=CARTESIAN_POINT('',(-0.00570428651553811,0.0971646241596318,0.002));
#4500=CARTESIAN_POINT('',(-0.00570428651553811,0.0971646241596318,0.002));
#4501=CARTESIAN_POINT('',(-0.00570428651553811,0.0971646241596318,0.002));
#4502=CARTESIAN_POINT('',(-0.00633718116296222,0.096803474240005,0.002));
#4503=CARTESIAN_POINT('',(-0.00671362407592823,0.0961105840033269,0.002));
#4504=CARTESIAN_POINT('',(-0.00430438943294575,0.0975257740792586,0.002));
#4505=CARTESIAN_POINT('',(-0.00430438943294575,0.0975257740792586,0.005));
#4506=CARTESIAN_POINT('',(-0.00481572438972458,0.0975257740792586,0.002));
#4507=CARTESIAN_POINT('',(-0.00481572438972458,0.0975257740792586,0.005));
#4508=CARTESIAN_POINT('',(-0.0052823567505887,0.0974053907727163,0.002));
#4509=CARTESIAN_POINT('',(-0.0052823567505887,0.0974053907727163,0.005));
#4510=CARTESIAN_POINT('',(-0.00570428651553811,0.0971646241596318,0.002));
#4511=CARTESIAN_POINT('',(-0.00570428651553811,0.0971646241596318,0.005));
#4512=CARTESIAN_POINT('',(-0.00430438943294575,0.0975257740792586,0.005));
#4513=CARTESIAN_POINT('',(-0.005071391868114,0.0975257740792586,0.005));
#4514=CARTESIAN_POINT('',(-0.00570428651553811,0.0971646241596318,0.005));
#4515=CARTESIAN_POINT('',(-0.00430438943294575,0.0975257740792586,0.005));
#4516=CARTESIAN_POINT('',(-0.00430438943294575,0.0975257740792586,0.002));
#4517=CARTESIAN_POINT('',(-0.00430438943294575,0.0975257740792586,0.002));
#4518=CARTESIAN_POINT('',(-0.00430438943294575,0.0975257740792586,0.002));
#4519=CARTESIAN_POINT('',(-0.005071391868114,0.0975257740792586,0.002));
#4520=CARTESIAN_POINT('',(-0.00570428651553811,0.0971646241596318,0.002));
#4521=CARTESIAN_POINT('',(-0.00427358946966827,0.0947517359998141,0.002));
#4522=CARTESIAN_POINT('',(-0.00427358946966827,0.0947517359998141,0.005));
#4523=CARTESIAN_POINT('',(-0.00289508127752924,0.0971575658550137,0.005));
#4524=CARTESIAN_POINT('',(-0.00289508127752924,0.0971575658550137,0.002));
#4525=CARTESIAN_POINT('',(-0.00289508127752924,0.0971575658550137,0.002));
#4526=CARTESIAN_POINT('',(-0.00427358946966827,0.0947517359998141,0.002));
#4527=CARTESIAN_POINT('',(-0.00848996407148661,0.094483644788852,0.002));
#4528=CARTESIAN_POINT('',(-0.00848996407148661,0.094483644788852,0.005));
#4529=CARTESIAN_POINT('',(-0.00848996407148661,0.0953275043187508,0.002));
#4530=CARTESIAN_POINT('',(-0.00848996407148661,0.0953275043187508,0.005));
#4531=CARTESIAN_POINT('',(-0.00831938837654888,0.0960682341756183,0.002));
#4532=CARTESIAN_POINT('',(-0.00831938837654888,0.0960682341756183,0.005));
#4533=CARTESIAN_POINT('',(-0.00797823698667343,0.0967058343594545,0.002));
#4534=CARTESIAN_POINT('',(-0.00797823698667343,0.0967058343594545,0.005));
#4535=CARTESIAN_POINT('',(-0.00848996407148661,0.094483644788852,0.002));
#4536=CARTESIAN_POINT('',(-0.00848996407148661,0.094483644788852,0.002));
#4537=CARTESIAN_POINT('',(-0.00848996407148661,0.094483644788852,0.002));
#4538=CARTESIAN_POINT('',(-0.00848996407148661,0.0957494340837002,0.002));
#4539=CARTESIAN_POINT('',(-0.00797823698667343,0.0967058343594545,0.002));
#4540=CARTESIAN_POINT('',(-0.00797823698667343,0.0967058343594545,0.002));
#4541=CARTESIAN_POINT('',(-0.00797823698667343,0.0967058343594545,0.002));
#4542=CARTESIAN_POINT('',(-0.00797823698667343,0.0922555732977344,0.002));
#4543=CARTESIAN_POINT('',(-0.00797823698667343,0.0922555732977344,0.005));
#4544=CARTESIAN_POINT('',(-0.00831938837654888,0.0929080743468755,0.002));
#4545=CARTESIAN_POINT('',(-0.00831938837654888,0.0929080743468755,0.005));
#4546=CARTESIAN_POINT('',(-0.00848996407148661,0.0936507648439147,0.002));
#4547=CARTESIAN_POINT('',(-0.00848996407148661,0.0936507648439147,0.005));
#4548=CARTESIAN_POINT('',(-0.00848996407148661,0.094483644788852,0.002));
#4549=CARTESIAN_POINT('',(-0.00848996407148661,0.094483644788852,0.005));
#4550=CARTESIAN_POINT('',(-0.00797823698667343,0.0922555732977344,0.002));
#4551=CARTESIAN_POINT('',(-0.00797823698667343,0.0922555732977344,0.002));
#4552=CARTESIAN_POINT('',(-0.00797823698667343,0.0922555732977344,0.002));
#4553=CARTESIAN_POINT('',(-0.00848996407148661,0.093234324871446,0.002));
#4554=CARTESIAN_POINT('',(-0.00848996407148661,0.094483644788852,0.002));
#4555=CARTESIAN_POINT('',(-0.00657716351997805,0.0907345086525311,0.002));
#4556=CARTESIAN_POINT('',(-0.00657716351997805,0.0907345086525311,0.005));
#4557=CARTESIAN_POINT('',(-0.00717006110789952,0.0910960507001922,0.002));
#4558=CARTESIAN_POINT('',(-0.00717006110789952,0.0910960507001922,0.005));
#4559=CARTESIAN_POINT('',(-0.00763708559679798,0.0916030722485933,0.002));
#4560=CARTESIAN_POINT('',(-0.00763708559679798,0.0916030722485933,0.005));
#4561=CARTESIAN_POINT('',(-0.00797823698667343,0.0922555732977344,0.002));
#4562=CARTESIAN_POINT('',(-0.00797823698667343,0.0922555732977344,0.005));
#4563=CARTESIAN_POINT('',(-0.00657716351997805,0.0907345086525311,0.002));
#4564=CARTESIAN_POINT('',(-0.00657716351997805,0.0907345086525311,0.002));
#4565=CARTESIAN_POINT('',(-0.00657716351997805,0.0907345086525311,0.002));
#4566=CARTESIAN_POINT('',(-0.00746650990186026,0.0912768217240227,0.002));
#4567=CARTESIAN_POINT('',(-0.00797823698667343,0.0922555732977344,0.002));
#4568=CARTESIAN_POINT('',(-0.0045890743858763,0.0901921955810394,0.002));
#4569=CARTESIAN_POINT('',(-0.0045890743858763,0.0901921955810394,0.005));
#4570=CARTESIAN_POINT('',(-0.00532156955402267,0.0901921955810394,0.002));
#4571=CARTESIAN_POINT('',(-0.00532156955402267,0.0901921955810394,0.005));
#4572=CARTESIAN_POINT('',(-0.00598426593205658,0.09037296660487,0.002));
#4573=CARTESIAN_POINT('',(-0.00598426593205658,0.09037296660487,0.005));
#4574=CARTESIAN_POINT('',(-0.00657716351997805,0.0907345086525311,0.002));
#4575=CARTESIAN_POINT('',(-0.00657716351997805,0.0907345086525311,0.005));
#4576=CARTESIAN_POINT('',(-0.0045890743858763,0.0901921955810394,0.002));
#4577=CARTESIAN_POINT('',(-0.0045890743858763,0.0901921955810394,0.002));
#4578=CARTESIAN_POINT('',(-0.0045890743858763,0.0901921955810394,0.002));
#4579=CARTESIAN_POINT('',(-0.00568781713809585,0.0901921955810394,0.002));
#4580=CARTESIAN_POINT('',(-0.00657716351997805,0.0907345086525311,0.002));
#4581=CARTESIAN_POINT('',(-0.00271509450976736,0.090667454758659,0.002));
#4582=CARTESIAN_POINT('',(-0.00271509450976736,0.090667454758659,0.005));
#4583=CARTESIAN_POINT('',(-0.00325230991681261,0.0903506153069126,0.002));
#4584=CARTESIAN_POINT('',(-0.00325230991681261,0.0903506153069126,0.005));
#4585=CARTESIAN_POINT('',(-0.00387696987551559,0.0901921955810394,0.002));
#4586=CARTESIAN_POINT('',(-0.00387696987551559,0.0901921955810394,0.005));
#4587=CARTESIAN_POINT('',(-0.0045890743858763,0.0901921955810394,0.002));
#4588=CARTESIAN_POINT('',(-0.0045890743858763,0.0901921955810394,0.005));
#4589=CARTESIAN_POINT('',(-0.00271509450976736,0.090667454758659,0.002));
#4590=CARTESIAN_POINT('',(-0.00271509450976736,0.090667454758659,0.002));
#4591=CARTESIAN_POINT('',(-0.00271509450976736,0.090667454758659,0.002));
#4592=CARTESIAN_POINT('',(-0.00352091762033523,0.0901921955810394,0.002));
#4593=CARTESIAN_POINT('',(-0.0045890743858763,0.0901921955810394,0.002));
#4594=CARTESIAN_POINT('',(-0.00150224249955499,0.0918650137755321,0.002));
#4595=CARTESIAN_POINT('',(-0.00150224249955499,0.0918650137755321,0.005));
#4596=CARTESIAN_POINT('',(-0.00177359509931799,0.0913834805493631,0.002));
#4597=CARTESIAN_POINT('',(-0.00177359509931799,0.0913834805493631,0.005));
#4598=CARTESIAN_POINT('',(-0.00217787910272212,0.0909842942104054,0.002));
#4599=CARTESIAN_POINT('',(-0.00217787910272212,0.0909842942104054,0.005));
#4600=CARTESIAN_POINT('',(-0.00271509450976736,0.090667454758659,0.002));
#4601=CARTESIAN_POINT('',(-0.00271509450976736,0.090667454758659,0.005));
#4602=CARTESIAN_POINT('',(-0.00150224249955499,0.0918650137755321,0.002));
#4603=CARTESIAN_POINT('',(-0.00150224249955499,0.0918650137755321,0.002));
#4604=CARTESIAN_POINT('',(-0.00150224249955499,0.0918650137755321,0.002));
#4605=CARTESIAN_POINT('',(-0.0019092713991995,0.0911427139362786,0.002));
#4606=CARTESIAN_POINT('',(-0.00271509450976736,0.090667454758659,0.002));
#4607=CARTESIAN_POINT('',(-0.00150224249955499,0.0910968349562609,0.002));
#4608=CARTESIAN_POINT('',(-0.00150224249955499,0.0903286561369896,0.002));
#4609=CARTESIAN_POINT('',(-0.00150224249955499,0.0903286561369896,0.002));
#4610=CARTESIAN_POINT('',(-0.00150224249955499,0.0910968349562609,0.002));
#4611=CARTESIAN_POINT('',(-0.000809352262876924,0.0903286561369896,0.002));
#4612=CARTESIAN_POINT('',(-0.000116462026198857,0.0903286561369896,0.002));
#4613=CARTESIAN_POINT('',(-0.000116462026198857,0.0903286561369896,0.002));
#4614=CARTESIAN_POINT('',(-0.000809352262876924,0.0903286561369896,0.002));
#4615=CARTESIAN_POINT('',(-0.000116462026198857,0.0944542351862765,0.002));
#4616=CARTESIAN_POINT('',(-0.000116462026198857,0.0985798142355634,0.002));
#4617=CARTESIAN_POINT('',(-0.000116462026198857,0.0985798142355634,0.002));
#4618=CARTESIAN_POINT('',(-0.000116462026198857,0.0944542351862765,0.002));
#4619=CARTESIAN_POINT('',(-0.000809352262876924,0.0985798142355634,0.002));
#4620=CARTESIAN_POINT('',(-0.00150224249955499,0.0985798142355634,0.002));
#4621=CARTESIAN_POINT('',(-0.00150224249955499,0.0985798142355634,0.002));
#4622=CARTESIAN_POINT('',(-0.000809352262876924,0.0985798142355634,0.002));
#4623=CARTESIAN_POINT('',(-0.00150224249955499,0.0978269284096314,0.002));
#4624=CARTESIAN_POINT('',(-0.00150224249955499,0.0970740425836993,0.002));
#4625=CARTESIAN_POINT('',(-0.00150224249955499,0.0970740425836993,0.002));
#4626=CARTESIAN_POINT('',(-0.00150224249955499,0.0978269284096314,0.002));
#4627=CARTESIAN_POINT('',(-0.00269274321181001,0.0982492503026151,0.002));
#4628=CARTESIAN_POINT('',(-0.00269274321181001,0.0982492503026151,0.005));
#4629=CARTESIAN_POINT('',(-0.00216101759724552,0.0979379006433495,0.002));
#4630=CARTESIAN_POINT('',(-0.00216101759724552,0.0979379006433495,0.005));
#4631=CARTESIAN_POINT('',(-0.00176418402649384,0.0975461647370442,0.002));
#4632=CARTESIAN_POINT('',(-0.00176418402649384,0.0975461647370442,0.005));
#4633=CARTESIAN_POINT('',(-0.00150224249955499,0.0970740425836993,0.002));
#4634=CARTESIAN_POINT('',(-0.00150224249955499,0.0970740425836993,0.005));
#4635=CARTESIAN_POINT('',(-0.00269274321181001,0.0982492503026151,0.002));
#4636=CARTESIAN_POINT('',(-0.00269274321181001,0.0982492503026151,0.002));
#4637=CARTESIAN_POINT('',(-0.00269274321181001,0.0982492503026151,0.002));
#4638=CARTESIAN_POINT('',(-0.00189515478996327,0.0977822258137167,0.002));
#4639=CARTESIAN_POINT('',(-0.00150224249955499,0.0970740425836993,0.002));
#4640=CARTESIAN_POINT('',(-0.00457495777664007,0.0987162747915136,0.002));
#4641=CARTESIAN_POINT('',(-0.00457495777664007,0.0987162747915136,0.005));
#4642=CARTESIAN_POINT('',(-0.00385187368131786,0.0987162747915136,0.002));
#4643=CARTESIAN_POINT('',(-0.00385187368131786,0.0987162747915136,0.005));
#4644=CARTESIAN_POINT('',(-0.0032244688263745,0.0985605999618808,0.002));
#4645=CARTESIAN_POINT('',(-0.0032244688263745,0.0985605999618808,0.005));
#4646=CARTESIAN_POINT('',(-0.00269274321181001,0.0982492503026151,0.002));
#4647=CARTESIAN_POINT('',(-0.00269274321181001,0.0982492503026151,0.005));
#4648=CARTESIAN_POINT('',(-0.00457495777664007,0.0987162747915136,0.002));
#4649=CARTESIAN_POINT('',(-0.00457495777664007,0.0987162747915136,0.002));
#4650=CARTESIAN_POINT('',(-0.00457495777664007,0.0987162747915136,0.002));
#4651=CARTESIAN_POINT('',(-0.00349033163365675,0.0987162747915136,0.002));
#4652=CARTESIAN_POINT('',(-0.00269274321181001,0.0982492503026151,0.002));
#4653=CARTESIAN_POINT('',(-0.00657010521535994,0.0981892547133612,0.002));
#4654=CARTESIAN_POINT('',(-0.00657010521535994,0.0981892547133612,0.005));
#4655=CARTESIAN_POINT('',(-0.00597250209102639,0.0985406014321295,0.002));
#4656=CARTESIAN_POINT('',(-0.00597250209102639,0.0985406014321295,0.005));
#4657=CARTESIAN_POINT('',(-0.00530745294478644,0.0987162747915136,0.002));
#4658=CARTESIAN_POINT('',(-0.00530745294478644,0.0987162747915136,0.005));
#4659=CARTESIAN_POINT('',(-0.00457495777664007,0.0987162747915136,0.002));
#4660=CARTESIAN_POINT('',(-0.00457495777664007,0.0987162747915136,0.005));
#4661=CARTESIAN_POINT('',(-0.00657010521535994,0.0981892547133612,0.002));
#4662=CARTESIAN_POINT('',(-0.00657010521535994,0.0981892547133612,0.002));
#4663=CARTESIAN_POINT('',(-0.00657010521535994,0.0981892547133612,0.002));
#4664=CARTESIAN_POINT('',(-0.00567370052885962,0.0987162747915136,0.002));
#4665=CARTESIAN_POINT('',(-0.00457495777664007,0.0987162747915136,0.002));
#4666=CARTESIAN_POINT('',(-0.00797823698667343,0.0967058343594545,0.002));
#4667=CARTESIAN_POINT('',(-0.00797823698667343,0.0967058343594545,0.005));
#4668=CARTESIAN_POINT('',(-0.00763708559679798,0.0973434345432906,0.002));
#4669=CARTESIAN_POINT('',(-0.00763708559679798,0.0973434345432906,0.005));
#4670=CARTESIAN_POINT('',(-0.00716770833969349,0.0978379079945929,0.002));
#4671=CARTESIAN_POINT('',(-0.00716770833969349,0.0978379079945929,0.005));
#4672=CARTESIAN_POINT('',(-0.00657010521535994,0.0981892547133612,0.002));
#4673=CARTESIAN_POINT('',(-0.00657010521535994,0.0981892547133612,0.005));
#4674=CARTESIAN_POINT('',(-0.00797823698667343,0.0967058343594545,0.002));
#4675=CARTESIAN_POINT('',(-0.00746650990186026,0.0976622346352087,0.002));
#4676=CARTESIAN_POINT('',(-0.00657010521535994,0.0981892547133612,0.002));
#4677=CARTESIAN_POINT('',(-0.001878685412521,0.0960964673940907,0.002));
#4678=CARTESIAN_POINT('',(-0.001878685412521,0.0960964673940907,0.005));
#4679=CARTESIAN_POINT('',(-0.00212964735449835,0.0965583942185428,0.002));
#4680=CARTESIAN_POINT('',(-0.00212964735449835,0.0965583942185428,0.005));
#4681=CARTESIAN_POINT('',(-0.00246844597616776,0.0969120937055171,0.002));
#4682=CARTESIAN_POINT('',(-0.00246844597616776,0.0969120937055171,0.005));
#4683=CARTESIAN_POINT('',(-0.00289508127752924,0.0971575658550137,0.002));
#4684=CARTESIAN_POINT('',(-0.00289508127752924,0.0971575658550137,0.005));
#4685=CARTESIAN_POINT('',(-0.001878685412521,0.0960964673940907,0.005));
#4686=CARTESIAN_POINT('',(-0.00225512832548702,0.0967893576307688,0.005));
#4687=CARTESIAN_POINT('',(-0.00289508127752924,0.0971575658550137,0.005));
#4688=CARTESIAN_POINT('',(-0.001878685412521,0.0960964673940907,0.002));
#4689=CARTESIAN_POINT('',(-0.00225512832548702,0.0967893576307688,0.002));
#4690=CARTESIAN_POINT('',(-0.00289508127752924,0.0971575658550137,0.002));
#4691=CARTESIAN_POINT('',(4.16333634234434E-16,0.0415391394652619,0.002));
#4692=CARTESIAN_POINT('',(0.00867583275976358,0.0944695281796157,0.002));
#4693=CARTESIAN_POINT('',(0.00867583275976358,0.0944695281796157,0.005));
#4694=CARTESIAN_POINT('',(0.00867583275976358,0.095092227498147,0.002));
#4695=CARTESIAN_POINT('',(0.00867583275976358,0.095092227498147,0.005));
#4696=CARTESIAN_POINT('',(0.00855035178877491,0.0956345405696387,0.002));
#4697=CARTESIAN_POINT('',(0.00855035178877491,0.0956345405696387,0.005));
#4698=CARTESIAN_POINT('',(0.00829938984679757,0.0960964673940907,0.002));
#4699=CARTESIAN_POINT('',(0.00829938984679757,0.0960964673940907,0.005));
#4700=CARTESIAN_POINT('',(0.00867583275976358,0.0944695281796157,0.005));
#4701=CARTESIAN_POINT('',(0.00867583275976358,0.0954035771574127,0.005));
#4702=CARTESIAN_POINT('',(0.00829938984679757,0.0960964673940907,0.005));
#4703=CARTESIAN_POINT('',(0.00867583275976358,0.0944695281796157,0.005));
#4704=CARTESIAN_POINT('',(0.00829938984679757,0.0960964673940907,0.005));
#4705=CARTESIAN_POINT('',(0.00867583275976358,0.0944695281796157,0.002));
#4706=CARTESIAN_POINT('',(0.00867583275976358,0.0944695281796157,0.002));
#4707=CARTESIAN_POINT('',(0.00867583275976358,0.0944695281796157,0.002));
#4708=CARTESIAN_POINT('',(0.00867583275976358,0.0954035771574127,0.002));
#4709=CARTESIAN_POINT('',(0.00829938984679757,0.0960964673940907,0.002));
#4710=CARTESIAN_POINT('',(0.00829938984679757,0.0960964673940907,0.002));
#4711=CARTESIAN_POINT('',(0.00829938984679757,0.0960964673940907,0.002));
#4712=CARTESIAN_POINT('',(0.00829938984679757,0.0928355306605226,0.002));
#4713=CARTESIAN_POINT('',(0.00829938984679757,0.0928355306605226,0.005));
#4714=CARTESIAN_POINT('',(0.00855035178877491,0.0933021630213867,0.002));
#4715=CARTESIAN_POINT('',(0.00855035178877491,0.0933021630213867,0.005));
#4716=CARTESIAN_POINT('',(0.00867583275976358,0.0938468288610844,0.002));
#4717=CARTESIAN_POINT('',(0.00867583275976358,0.0938468288610844,0.005));
#4718=CARTESIAN_POINT('',(0.00867583275976358,0.0944695281796157,0.002));
#4719=CARTESIAN_POINT('',(0.00867583275976358,0.0944695281796157,0.005));
#4720=CARTESIAN_POINT('',(0.00829938984679757,0.0928355306605226,0.005));
#4721=CARTESIAN_POINT('',(0.00867583275976358,0.0935354792018188,0.005));
#4722=CARTESIAN_POINT('',(0.00867583275976358,0.0944695281796157,0.005));
#4723=CARTESIAN_POINT('',(0.00829938984679757,0.0928355306605226,0.005));
#4724=CARTESIAN_POINT('',(0.00829938984679757,0.0928355306605226,0.002));
#4725=CARTESIAN_POINT('',(0.00829938984679757,0.0928355306605226,0.002));
#4726=CARTESIAN_POINT('',(0.00829938984679757,0.0928355306605226,0.002));
#4727=CARTESIAN_POINT('',(0.00867583275976358,0.0935354792018188,0.002));
#4728=CARTESIAN_POINT('',(0.00867583275976358,0.0944695281796157,0.002));
#4729=CARTESIAN_POINT('',(0.00728299398178934,0.0917661975108786,0.002));
#4730=CARTESIAN_POINT('',(0.00728299398178934,0.0917661975108786,0.005));
#4731=CARTESIAN_POINT('',(0.00770962928315082,0.0920124539164439,0.002));
#4732=CARTESIAN_POINT('',(0.00770962928315082,0.0920124539164439,0.005));
#4733=CARTESIAN_POINT('',(0.00804842790482023,0.0923688982996585,0.002));
#4734=CARTESIAN_POINT('',(0.00804842790482023,0.0923688982996585,0.005));
#4735=CARTESIAN_POINT('',(0.00829938984679757,0.0928355306605226,0.002));
#4736=CARTESIAN_POINT('',(0.00829938984679757,0.0928355306605226,0.005));
#4737=CARTESIAN_POINT('',(0.00728299398178934,0.0917661975108786,0.005));
#4738=CARTESIAN_POINT('',(0.00792294693383156,0.0921355821192265,0.005));
#4739=CARTESIAN_POINT('',(0.00829938984679757,0.0928355306605226,0.005));
#4740=CARTESIAN_POINT('',(0.00728299398178934,0.0917661975108786,0.005));
#4741=CARTESIAN_POINT('',(0.00728299398178934,0.0917661975108786,0.002));
#4742=CARTESIAN_POINT('',(0.00728299398178934,0.0917661975108786,0.002));
#4743=CARTESIAN_POINT('',(0.00728299398178934,0.0917661975108786,0.002));
#4744=CARTESIAN_POINT('',(0.00792294693383156,0.0921355821192265,0.002));
#4745=CARTESIAN_POINT('',(0.00829938984679757,0.0928355306605226,0.002));
#4746=CARTESIAN_POINT('',(0.00590423396220504,0.0941639526137938,0.002));
#4747=CARTESIAN_POINT('',(0.00590423396220504,0.0941639526137938,0.005));
#4748=CARTESIAN_POINT('',(0.00587368582637282,0.0913968129025307,0.005));
#4749=CARTESIAN_POINT('',(0.00587368582637282,0.0913968129025307,0.002));
#4750=CARTESIAN_POINT('',(0.00587368582637282,0.0913968129025307,0.002));
#4751=CARTESIAN_POINT('',(0.00590423396220504,0.0941639526137938,0.002));
#4752=CARTESIAN_POINT('',(0.00447378874378046,0.0917661975108786,0.002));
#4753=CARTESIAN_POINT('',(0.00447378874378046,0.0917661975108786,0.005));
#4754=CARTESIAN_POINT('',(0.00489571850872987,0.0915199411053133,0.002));
#4755=CARTESIAN_POINT('',(0.00489571850872987,0.0915199411053133,0.005));
#4756=CARTESIAN_POINT('',(0.00536235086959399,0.0913968129025307,0.002));
#4757=CARTESIAN_POINT('',(0.00536235086959399,0.0913968129025307,0.005));
#4758=CARTESIAN_POINT('',(0.00587368582637282,0.0913968129025307,0.002));
#4759=CARTESIAN_POINT('',(0.00587368582637282,0.0913968129025307,0.005));
#4760=CARTESIAN_POINT('',(0.00447378874378046,0.0917661975108786,0.005));
#4761=CARTESIAN_POINT('',(0.00510668339120457,0.0913968129025307,0.005));
#4762=CARTESIAN_POINT('',(0.00587368582637282,0.0913968129025307,0.005));
#4763=CARTESIAN_POINT('',(0.00447378874378046,0.0917661975108786,0.005));
#4764=CARTESIAN_POINT('',(0.00447378874378046,0.0917661975108786,0.002));
#4765=CARTESIAN_POINT('',(0.00447378874378046,0.0917661975108786,0.002));
#4766=CARTESIAN_POINT('',(0.00447378874378046,0.0917661975108786,0.002));
#4767=CARTESIAN_POINT('',(0.00510668339120457,0.0913968129025307,0.002));
#4768=CARTESIAN_POINT('',(0.00587368582637282,0.0913968129025307,0.002));
#4769=CARTESIAN_POINT('',(0.00346445118339034,0.0928355306605226,0.002));
#4770=CARTESIAN_POINT('',(0.00346445118339034,0.0928355306605226,0.005));
#4771=CARTESIAN_POINT('',(0.00371541312536768,0.0923688982996585,0.002));
#4772=CARTESIAN_POINT('',(0.00371541312536768,0.0923688982996585,0.005));
#4773=CARTESIAN_POINT('',(0.00405185897883106,0.0920124539164439,0.002));
#4774=CARTESIAN_POINT('',(0.00405185897883106,0.0920124539164439,0.005));
#4775=CARTESIAN_POINT('',(0.00447378874378046,0.0917661975108786,0.002));
#4776=CARTESIAN_POINT('',(0.00447378874378046,0.0917661975108786,0.005));
#4777=CARTESIAN_POINT('',(0.00346445118339034,0.0928355306605226,0.005));
#4778=CARTESIAN_POINT('',(0.00384089409635636,0.0921355821192265,0.005));
#4779=CARTESIAN_POINT('',(0.00447378874378046,0.0917661975108786,0.005));
#4780=CARTESIAN_POINT('',(0.00346445118339034,0.0928355306605226,0.005));
#4781=CARTESIAN_POINT('',(0.00346445118339034,0.0928355306605226,0.002));
#4782=CARTESIAN_POINT('',(0.00346445118339034,0.0928355306605226,0.002));
#4783=CARTESIAN_POINT('',(0.00346445118339034,0.0928355306605226,0.002));
#4784=CARTESIAN_POINT('',(0.00384089409635636,0.0921355821192265,0.002));
#4785=CARTESIAN_POINT('',(0.00447378874378046,0.0917661975108786,0.002));
#4786=CARTESIAN_POINT('',(0.00308800827042433,0.094483644788852,0.002));
#4787=CARTESIAN_POINT('',(0.00308800827042433,0.094483644788852,0.005));
#4788=CARTESIAN_POINT('',(0.00308800827042433,0.0938515343974965,0.002));
#4789=CARTESIAN_POINT('',(0.00308800827042433,0.0938515343974965,0.005));
#4790=CARTESIAN_POINT('',(0.003213489241413,0.0933021630213867,0.002));
#4791=CARTESIAN_POINT('',(0.003213489241413,0.0933021630213867,0.005));
#4792=CARTESIAN_POINT('',(0.00346445118339034,0.0928355306605226,0.002));
#4793=CARTESIAN_POINT('',(0.00346445118339034,0.0928355306605226,0.005));
#4794=CARTESIAN_POINT('',(0.00308800827042433,0.094483644788852,0.005));
#4795=CARTESIAN_POINT('',(0.00308800827042433,0.0935354792018188,0.005));
#4796=CARTESIAN_POINT('',(0.00346445118339034,0.0928355306605226,0.005));
#4797=CARTESIAN_POINT('',(0.00308800827042433,0.094483644788852,0.005));
#4798=CARTESIAN_POINT('',(0.00308800827042433,0.094483644788852,0.002));
#4799=CARTESIAN_POINT('',(0.00308800827042433,0.094483644788852,0.002));
#4800=CARTESIAN_POINT('',(0.00308800827042433,0.094483644788852,0.002));
#4801=CARTESIAN_POINT('',(0.00308800827042433,0.0935354792018188,0.002));
#4802=CARTESIAN_POINT('',(0.00346445118339034,0.0928355306605226,0.002));
#4803=CARTESIAN_POINT('',(0.00346445118339034,0.0961105840033269,0.002));
#4804=CARTESIAN_POINT('',(0.00346445118339034,0.0961105840033269,0.005));
#4805=CARTESIAN_POINT('',(0.003213489241413,0.0956486571788749,0.002));
#4806=CARTESIAN_POINT('',(0.003213489241413,0.0956486571788749,0.005));
#4807=CARTESIAN_POINT('',(0.00308800827042433,0.0951063441073833,0.002));
#4808=CARTESIAN_POINT('',(0.00308800827042433,0.0951063441073833,0.005));
#4809=CARTESIAN_POINT('',(0.00308800827042433,0.094483644788852,0.002));
#4810=CARTESIAN_POINT('',(0.00308800827042433,0.094483644788852,0.005));
#4811=CARTESIAN_POINT('',(0.00346445118339034,0.0961105840033269,0.005));
#4812=CARTESIAN_POINT('',(0.00308800827042433,0.0954176937666489,0.005));
#4813=CARTESIAN_POINT('',(0.00308800827042433,0.094483644788852,0.005));
#4814=CARTESIAN_POINT('',(0.00346445118339034,0.0961105840033269,0.005));
#4815=CARTESIAN_POINT('',(0.00346445118339034,0.0961105840033269,0.002));
#4816=CARTESIAN_POINT('',(0.00346445118339034,0.0961105840033269,0.002));
#4817=CARTESIAN_POINT('',(0.00346445118339034,0.0961105840033269,0.002));
#4818=CARTESIAN_POINT('',(0.00308800827042433,0.0954176937666489,0.002));
#4819=CARTESIAN_POINT('',(0.00308800827042433,0.094483644788852,0.002));
#4820=CARTESIAN_POINT('',(0.00447378874378046,0.0971646241596318,0.002));
#4821=CARTESIAN_POINT('',(0.00447378874378046,0.0971646241596318,0.005));
#4822=CARTESIAN_POINT('',(0.00405185897883106,0.0969238575465473,0.002));
#4823=CARTESIAN_POINT('',(0.00405185897883106,0.0969238575465473,0.005));
#4824=CARTESIAN_POINT('',(0.00371541312536768,0.096572510827779,0.002));
#4825=CARTESIAN_POINT('',(0.00371541312536768,0.096572510827779,0.005));
#4826=CARTESIAN_POINT('',(0.00346445118339034,0.0961105840033269,0.002));
#4827=CARTESIAN_POINT('',(0.00346445118339034,0.0961105840033269,0.005));
#4828=CARTESIAN_POINT('',(0.00447378874378046,0.0971646241596318,0.005));
#4829=CARTESIAN_POINT('',(0.00384089409635636,0.096803474240005,0.005));
#4830=CARTESIAN_POINT('',(0.00346445118339034,0.0961105840033269,0.005));
#4831=CARTESIAN_POINT('',(0.00447378874378046,0.0971646241596318,0.005));
#4832=CARTESIAN_POINT('',(0.00447378874378046,0.0971646241596318,0.002));
#4833=CARTESIAN_POINT('',(0.00447378874378046,0.0971646241596318,0.002));
#4834=CARTESIAN_POINT('',(0.00447378874378046,0.0971646241596318,0.002));
#4835=CARTESIAN_POINT('',(0.00384089409635636,0.096803474240005,0.002));
#4836=CARTESIAN_POINT('',(0.00346445118339034,0.0961105840033269,0.002));
#4837=CARTESIAN_POINT('',(0.00587368582637282,0.0975257740792586,0.002));
#4838=CARTESIAN_POINT('',(0.00587368582637282,0.0975257740792586,0.005));
#4839=CARTESIAN_POINT('',(0.00536235086959399,0.0975257740792586,0.002));
#4840=CARTESIAN_POINT('',(0.00536235086959399,0.0975257740792586,0.005));
#4841=CARTESIAN_POINT('',(0.00489571850872987,0.0974053907727163,0.002));
#4842=CARTESIAN_POINT('',(0.00489571850872987,0.0974053907727163,0.005));
#4843=CARTESIAN_POINT('',(0.00447378874378046,0.0971646241596318,0.002));
#4844=CARTESIAN_POINT('',(0.00447378874378046,0.0971646241596318,0.005));
#4845=CARTESIAN_POINT('',(0.00587368582637282,0.0975257740792586,0.005));
#4846=CARTESIAN_POINT('',(0.00510668339120457,0.0975257740792586,0.005));
#4847=CARTESIAN_POINT('',(0.00447378874378046,0.0971646241596318,0.005));
#4848=CARTESIAN_POINT('',(0.00587368582637282,0.0975257740792586,0.005));
#4849=CARTESIAN_POINT('',(0.00587368582637282,0.0975257740792586,0.002));
#4850=CARTESIAN_POINT('',(0.00587368582637282,0.0975257740792586,0.002));
#4851=CARTESIAN_POINT('',(0.00587368582637282,0.0975257740792586,0.002));
#4852=CARTESIAN_POINT('',(0.00510668339120457,0.0975257740792586,0.002));
#4853=CARTESIAN_POINT('',(0.00447378874378046,0.0971646241596318,0.002));
#4854=CARTESIAN_POINT('',(0.0059044857896503,0.0947517359998141,0.002));
#4855=CARTESIAN_POINT('',(0.0059044857896503,0.0947517359998141,0.005));
#4856=CARTESIAN_POINT('',(0.00728299398178934,0.0971575658550137,0.005));
#4857=CARTESIAN_POINT('',(0.00728299398178934,0.0971575658550137,0.002));
#4858=CARTESIAN_POINT('',(0.00728299398178934,0.0971575658550137,0.002));
#4859=CARTESIAN_POINT('',(0.0059044857896503,0.0947517359998141,0.002));
#4860=CARTESIAN_POINT('',(0.00168811118783197,0.094483644788852,0.002));
#4861=CARTESIAN_POINT('',(0.00168811118783197,0.094483644788852,0.005));
#4862=CARTESIAN_POINT('',(0.00168811118783197,0.0953275043187508,0.002));
#4863=CARTESIAN_POINT('',(0.00168811118783197,0.0953275043187508,0.005));
#4864=CARTESIAN_POINT('',(0.00185868688276969,0.0960682341756183,0.002));
#4865=CARTESIAN_POINT('',(0.00185868688276969,0.0960682341756183,0.005));
#4866=CARTESIAN_POINT('',(0.00219983827264514,0.0967058343594545,0.002));
#4867=CARTESIAN_POINT('',(0.00219983827264514,0.0967058343594545,0.005));
#4868=CARTESIAN_POINT('',(0.00168811118783197,0.094483644788852,0.002));
#4869=CARTESIAN_POINT('',(0.00168811118783197,0.094483644788852,0.002));
#4870=CARTESIAN_POINT('',(0.00168811118783197,0.094483644788852,0.002));
#4871=CARTESIAN_POINT('',(0.00168811118783197,0.0957494340837002,0.002));
#4872=CARTESIAN_POINT('',(0.00219983827264514,0.0967058343594545,0.002));
#4873=CARTESIAN_POINT('',(0.00219983827264514,0.0967058343594545,0.002));
#4874=CARTESIAN_POINT('',(0.00219983827264514,0.0967058343594545,0.002));
#4875=CARTESIAN_POINT('',(0.00219983827264514,0.0922555732977344,0.002));
#4876=CARTESIAN_POINT('',(0.00219983827264514,0.0922555732977344,0.005));
#4877=CARTESIAN_POINT('',(0.00185868688276969,0.0929080743468755,0.002));
#4878=CARTESIAN_POINT('',(0.00185868688276969,0.0929080743468755,0.005));
#4879=CARTESIAN_POINT('',(0.00168811118783197,0.0936507648439147,0.002));
#4880=CARTESIAN_POINT('',(0.00168811118783197,0.0936507648439147,0.005));
#4881=CARTESIAN_POINT('',(0.00168811118783197,0.094483644788852,0.002));
#4882=CARTESIAN_POINT('',(0.00168811118783197,0.094483644788852,0.005));
#4883=CARTESIAN_POINT('',(0.00219983827264514,0.0922555732977344,0.002));
#4884=CARTESIAN_POINT('',(0.00219983827264514,0.0922555732977344,0.002));
#4885=CARTESIAN_POINT('',(0.00219983827264514,0.0922555732977344,0.002));
#4886=CARTESIAN_POINT('',(0.00168811118783197,0.093234324871446,0.002));
#4887=CARTESIAN_POINT('',(0.00168811118783197,0.094483644788852,0.002));
#4888=CARTESIAN_POINT('',(0.00360091173934052,0.0907345086525311,0.002));
#4889=CARTESIAN_POINT('',(0.00360091173934052,0.0907345086525311,0.005));
#4890=CARTESIAN_POINT('',(0.00300801415141905,0.0910960507001922,0.002));
#4891=CARTESIAN_POINT('',(0.00300801415141905,0.0910960507001922,0.005));
#4892=CARTESIAN_POINT('',(0.00254098966252059,0.0916030722485933,0.002));
#4893=CARTESIAN_POINT('',(0.00254098966252059,0.0916030722485933,0.005));
#4894=CARTESIAN_POINT('',(0.00219983827264514,0.0922555732977344,0.002));
#4895=CARTESIAN_POINT('',(0.00219983827264514,0.0922555732977344,0.005));
#4896=CARTESIAN_POINT('',(0.00360091173934052,0.0907345086525311,0.002));
#4897=CARTESIAN_POINT('',(0.00360091173934052,0.0907345086525311,0.002));
#4898=CARTESIAN_POINT('',(0.00360091173934052,0.0907345086525311,0.002));
#4899=CARTESIAN_POINT('',(0.00271156535745832,0.0912768217240227,0.002));
#4900=CARTESIAN_POINT('',(0.00219983827264514,0.0922555732977344,0.002));
#4901=CARTESIAN_POINT('',(0.00558900087344228,0.0901921955810394,0.002));
#4902=CARTESIAN_POINT('',(0.00558900087344228,0.0901921955810394,0.005));
#4903=CARTESIAN_POINT('',(0.00485650570529591,0.0901921955810394,0.002));
#4904=CARTESIAN_POINT('',(0.00485650570529591,0.0901921955810394,0.005));
#4905=CARTESIAN_POINT('',(0.00419380932726199,0.09037296660487,0.002));
#4906=CARTESIAN_POINT('',(0.00419380932726199,0.09037296660487,0.005));
#4907=CARTESIAN_POINT('',(0.00360091173934052,0.0907345086525311,0.002));
#4908=CARTESIAN_POINT('',(0.00360091173934052,0.0907345086525311,0.005));
#4909=CARTESIAN_POINT('',(0.00558900087344228,0.0901921955810394,0.002));
#4910=CARTESIAN_POINT('',(0.00558900087344228,0.0901921955810394,0.002));
#4911=CARTESIAN_POINT('',(0.00558900087344228,0.0901921955810394,0.002));
#4912=CARTESIAN_POINT('',(0.00449025812122273,0.0901921955810394,0.002));
#4913=CARTESIAN_POINT('',(0.00360091173934052,0.0907345086525311,0.002));
#4914=CARTESIAN_POINT('',(0.00746298074955121,0.090667454758659,0.002));
#4915=CARTESIAN_POINT('',(0.00746298074955121,0.090667454758659,0.005));
#4916=CARTESIAN_POINT('',(0.00692576534250596,0.0903506153069126,0.002));
#4917=CARTESIAN_POINT('',(0.00692576534250596,0.0903506153069126,0.005));
#4918=CARTESIAN_POINT('',(0.00630110538380299,0.0901921955810394,0.002));
#4919=CARTESIAN_POINT('',(0.00630110538380299,0.0901921955810394,0.005));
#4920=CARTESIAN_POINT('',(0.00558900087344228,0.0901921955810394,0.002));
#4921=CARTESIAN_POINT('',(0.00558900087344228,0.0901921955810394,0.005));
#4922=CARTESIAN_POINT('',(0.00746298074955121,0.090667454758659,0.002));
#4923=CARTESIAN_POINT('',(0.00746298074955121,0.090667454758659,0.002));
#4924=CARTESIAN_POINT('',(0.00746298074955121,0.090667454758659,0.002));
#4925=CARTESIAN_POINT('',(0.00665715763898334,0.0901921955810394,0.002));
#4926=CARTESIAN_POINT('',(0.00558900087344228,0.0901921955810394,0.002));
#4927=CARTESIAN_POINT('',(0.00867583275976358,0.0918650137755321,0.002));
#4928=CARTESIAN_POINT('',(0.00867583275976358,0.0918650137755321,0.005));
#4929=CARTESIAN_POINT('',(0.00840448016000058,0.0913834805493631,0.002));
#4930=CARTESIAN_POINT('',(0.00840448016000058,0.0913834805493631,0.005));
#4931=CARTESIAN_POINT('',(0.00800019615659646,0.0909842942104054,0.002));
#4932=CARTESIAN_POINT('',(0.00800019615659646,0.0909842942104054,0.005));
#4933=CARTESIAN_POINT('',(0.00746298074955121,0.090667454758659,0.002));
#4934=CARTESIAN_POINT('',(0.00746298074955121,0.090667454758659,0.005));
#4935=CARTESIAN_POINT('',(0.00867583275976358,0.0918650137755321,0.002));
#4936=CARTESIAN_POINT('',(0.00867583275976358,0.0918650137755321,0.002));
#4937=CARTESIAN_POINT('',(0.00867583275976358,0.0918650137755321,0.002));
#4938=CARTESIAN_POINT('',(0.00826880386011908,0.0911427139362786,0.002));
#4939=CARTESIAN_POINT('',(0.00746298074955121,0.090667454758659,0.002));
#4940=CARTESIAN_POINT('',(0.00867583275976358,0.0910968349562609,0.002));
#4941=CARTESIAN_POINT('',(0.00867583275976358,0.0903286561369896,0.002));
#4942=CARTESIAN_POINT('',(0.00867583275976358,0.0903286561369896,0.002));
#4943=CARTESIAN_POINT('',(0.00867583275976358,0.0910968349562609,0.002));
#4944=CARTESIAN_POINT('',(0.00936872299644165,0.0903286561369896,0.002));
#4945=CARTESIAN_POINT('',(0.0100616132331197,0.0903286561369896,0.002));
#4946=CARTESIAN_POINT('',(0.0100616132331197,0.0903286561369896,0.002));
#4947=CARTESIAN_POINT('',(0.00936872299644165,0.0903286561369896,0.002));
#4948=CARTESIAN_POINT('',(0.0100616132331197,0.0944542351862765,0.002));
#4949=CARTESIAN_POINT('',(0.0100616132331197,0.0985798142355634,0.002));
#4950=CARTESIAN_POINT('',(0.0100616132331197,0.0985798142355634,0.002));
#4951=CARTESIAN_POINT('',(0.0100616132331197,0.0944542351862765,0.002));
#4952=CARTESIAN_POINT('',(0.00936872299644165,0.0985798142355634,0.002));
#4953=CARTESIAN_POINT('',(0.00867583275976358,0.0985798142355634,0.002));
#4954=CARTESIAN_POINT('',(0.00867583275976358,0.0985798142355634,0.002));
#4955=CARTESIAN_POINT('',(0.00936872299644165,0.0985798142355634,0.002));
#4956=CARTESIAN_POINT('',(0.00867583275976358,0.0978269284096314,0.002));
#4957=CARTESIAN_POINT('',(0.00867583275976358,0.0970740425836993,0.002));
#4958=CARTESIAN_POINT('',(0.00867583275976358,0.0970740425836993,0.002));
#4959=CARTESIAN_POINT('',(0.00867583275976358,0.0978269284096314,0.002));
#4960=CARTESIAN_POINT('',(0.00748533204750857,0.0982492503026151,0.002));
#4961=CARTESIAN_POINT('',(0.00748533204750857,0.0982492503026151,0.005));
#4962=CARTESIAN_POINT('',(0.00801705766207306,0.0979379006433495,0.002));
#4963=CARTESIAN_POINT('',(0.00801705766207306,0.0979379006433495,0.005));
#4964=CARTESIAN_POINT('',(0.00841389123282473,0.0975461647370442,0.002));
#4965=CARTESIAN_POINT('',(0.00841389123282473,0.0975461647370442,0.005));
#4966=CARTESIAN_POINT('',(0.00867583275976358,0.0970740425836993,0.002));
#4967=CARTESIAN_POINT('',(0.00867583275976358,0.0970740425836993,0.005));
#4968=CARTESIAN_POINT('',(0.00748533204750857,0.0982492503026151,0.002));
#4969=CARTESIAN_POINT('',(0.00748533204750857,0.0982492503026151,0.002));
#4970=CARTESIAN_POINT('',(0.00748533204750857,0.0982492503026151,0.002));
#4971=CARTESIAN_POINT('',(0.00828292046935531,0.0977822258137167,0.002));
#4972=CARTESIAN_POINT('',(0.00867583275976358,0.0970740425836993,0.002));
#4973=CARTESIAN_POINT('',(0.0056031174826785,0.0987162747915136,0.002));
#4974=CARTESIAN_POINT('',(0.0056031174826785,0.0987162747915136,0.005));
#4975=CARTESIAN_POINT('',(0.00632620157800072,0.0987162747915136,0.002));
#4976=CARTESIAN_POINT('',(0.00632620157800072,0.0987162747915136,0.005));
#4977=CARTESIAN_POINT('',(0.00695360643294408,0.0985605999618808,0.002));
#4978=CARTESIAN_POINT('',(0.00695360643294408,0.0985605999618808,0.005));
#4979=CARTESIAN_POINT('',(0.00748533204750857,0.0982492503026151,0.002));
#4980=CARTESIAN_POINT('',(0.00748533204750857,0.0982492503026151,0.005));
#4981=CARTESIAN_POINT('',(0.0056031174826785,0.0987162747915136,0.002));
#4982=CARTESIAN_POINT('',(0.0056031174826785,0.0987162747915136,0.002));
#4983=CARTESIAN_POINT('',(0.0056031174826785,0.0987162747915136,0.002));
#4984=CARTESIAN_POINT('',(0.00668774362566183,0.0987162747915136,0.002));
#4985=CARTESIAN_POINT('',(0.00748533204750857,0.0982492503026151,0.002));
#4986=CARTESIAN_POINT('',(0.00360797004395864,0.0981892547133612,0.002));
#4987=CARTESIAN_POINT('',(0.00360797004395864,0.0981892547133612,0.005));
#4988=CARTESIAN_POINT('',(0.00420557316829218,0.0985406014321295,0.002));
#4989=CARTESIAN_POINT('',(0.00420557316829218,0.0985406014321295,0.005));
#4990=CARTESIAN_POINT('',(0.00487062231453213,0.0987162747915136,0.002));
#4991=CARTESIAN_POINT('',(0.00487062231453213,0.0987162747915136,0.005));
#4992=CARTESIAN_POINT('',(0.0056031174826785,0.0987162747915136,0.002));
#4993=CARTESIAN_POINT('',(0.0056031174826785,0.0987162747915136,0.005));
#4994=CARTESIAN_POINT('',(0.00360797004395864,0.0981892547133612,0.002));
#4995=CARTESIAN_POINT('',(0.00360797004395864,0.0981892547133612,0.002));
#4996=CARTESIAN_POINT('',(0.00360797004395864,0.0981892547133612,0.002));
#4997=CARTESIAN_POINT('',(0.00450437473045895,0.0987162747915136,0.002));
#4998=CARTESIAN_POINT('',(0.0056031174826785,0.0987162747915136,0.002));
#4999=CARTESIAN_POINT('',(0.00219983827264514,0.0967058343594545,0.002));
#5000=CARTESIAN_POINT('',(0.00219983827264514,0.0967058343594545,0.005));
#5001=CARTESIAN_POINT('',(0.00254098966252059,0.0973434345432906,0.002));
#5002=CARTESIAN_POINT('',(0.00254098966252059,0.0973434345432906,0.005));
#5003=CARTESIAN_POINT('',(0.00301036691962509,0.0978379079945929,0.002));
#5004=CARTESIAN_POINT('',(0.00301036691962509,0.0978379079945929,0.005));
#5005=CARTESIAN_POINT('',(0.00360797004395864,0.0981892547133612,0.002));
#5006=CARTESIAN_POINT('',(0.00360797004395864,0.0981892547133612,0.005));
#5007=CARTESIAN_POINT('',(0.00219983827264514,0.0967058343594545,0.002));
#5008=CARTESIAN_POINT('',(0.00271156535745832,0.0976622346352087,0.002));
#5009=CARTESIAN_POINT('',(0.00360797004395864,0.0981892547133612,0.002));
#5010=CARTESIAN_POINT('',(0.00829938984679757,0.0960964673940907,0.002));
#5011=CARTESIAN_POINT('',(0.00829938984679757,0.0960964673940907,0.005));
#5012=CARTESIAN_POINT('',(0.00804842790482023,0.0965583942185428,0.002));
#5013=CARTESIAN_POINT('',(0.00804842790482023,0.0965583942185428,0.005));
#5014=CARTESIAN_POINT('',(0.00770962928315082,0.0969120937055171,0.002));
#5015=CARTESIAN_POINT('',(0.00770962928315082,0.0969120937055171,0.005));
#5016=CARTESIAN_POINT('',(0.00728299398178934,0.0971575658550137,0.002));
#5017=CARTESIAN_POINT('',(0.00728299398178934,0.0971575658550137,0.005));
#5018=CARTESIAN_POINT('',(0.00829938984679757,0.0960964673940907,0.005));
#5019=CARTESIAN_POINT('',(0.00792294693383156,0.0967893576307688,0.005));
#5020=CARTESIAN_POINT('',(0.00728299398178934,0.0971575658550137,0.005));
#5021=CARTESIAN_POINT('',(0.00829938984679757,0.0960964673940907,0.002));
#5022=CARTESIAN_POINT('',(0.00792294693383156,0.0967893576307688,0.002));
#5023=CARTESIAN_POINT('',(0.00728299398178934,0.0971575658550137,0.002));
#5024=CARTESIAN_POINT('',(4.16333634234434E-16,0.0415391394652619,0.002));
#5025=CARTESIAN_POINT('',(0.0118661864471505,0.0944695281796157,0.002));
#5026=CARTESIAN_POINT('',(0.0118661864471505,0.0944695281796157,0.005));
#5027=CARTESIAN_POINT('',(0.0118661864471505,0.0953227987823387,0.002));
#5028=CARTESIAN_POINT('',(0.0118661864471505,0.0953227987823387,0.005));
#5029=CARTESIAN_POINT('',(0.0120367621420883,0.0960682341756183,0.002));
#5030=CARTESIAN_POINT('',(0.0120367621420883,0.0960682341756183,0.005));
#5031=CARTESIAN_POINT('',(0.0123779135319637,0.0967058343594545,0.002));
#5032=CARTESIAN_POINT('',(0.0123779135319637,0.0967058343594545,0.005));
#5033=CARTESIAN_POINT('',(0.0118661864471505,0.0944695281796157,0.002));
#5034=CARTESIAN_POINT('',(0.0118661864471505,0.0944695281796157,0.002));
#5035=CARTESIAN_POINT('',(0.0118661864471505,0.0944695281796157,0.002));
#5036=CARTESIAN_POINT('',(0.0118661864471505,0.0957494340837002,0.002));
#5037=CARTESIAN_POINT('',(0.0123779135319637,0.0967058343594545,0.002));
#5038=CARTESIAN_POINT('',(0.0123779135319637,0.0967058343594545,0.002));
#5039=CARTESIAN_POINT('',(0.0123779135319637,0.0967058343594545,0.002));
#5040=CARTESIAN_POINT('',(0.0123779135319637,0.0922108707018197,0.002));
#5041=CARTESIAN_POINT('',(0.0123779135319637,0.0922108707018197,0.005));
#5042=CARTESIAN_POINT('',(0.0120367621420883,0.0928539606781366,0.002));
#5043=CARTESIAN_POINT('',(0.0120367621420883,0.0928539606781366,0.005));
#5044=CARTESIAN_POINT('',(0.0118661864471505,0.0936068465040686,0.002));
#5045=CARTESIAN_POINT('',(0.0118661864471505,0.0936068465040686,0.005));
#5046=CARTESIAN_POINT('',(0.0118661864471505,0.0944695281796157,0.002));
#5047=CARTESIAN_POINT('',(0.0118661864471505,0.0944695281796157,0.005));
#5048=CARTESIAN_POINT('',(0.0123779135319637,0.0922108707018197,0.002));
#5049=CARTESIAN_POINT('',(0.0123779135319637,0.0922108707018197,0.002));
#5050=CARTESIAN_POINT('',(0.0123779135319637,0.0922108707018197,0.002));
#5051=CARTESIAN_POINT('',(0.0118661864471505,0.0931755056662951,0.002));
#5052=CARTESIAN_POINT('',(0.0118661864471505,0.0944695281796157,0.002));
#5053=CARTESIAN_POINT('',(0.0138013382966164,0.0907192156591918,0.002));
#5054=CARTESIAN_POINT('',(0.0138013382966164,0.0907192156591918,0.005));
#5055=CARTESIAN_POINT('',(0.0131935398433901,0.0910705623779601,0.002));
#5056=CARTESIAN_POINT('',(0.0131935398433901,0.0910705623779601,0.005));
#5057=CARTESIAN_POINT('',(0.0127190649218392,0.0915677807255028,0.002));
#5058=CARTESIAN_POINT('',(0.0127190649218392,0.0915677807255028,0.005));
#5059=CARTESIAN_POINT('',(0.0123779135319637,0.0922108707018197,0.002));
#5060=CARTESIAN_POINT('',(0.0123779135319637,0.0922108707018197,0.005));
#5061=CARTESIAN_POINT('',(0.0138013382966164,0.0907192156591918,0.002));
#5062=CARTESIAN_POINT('',(0.0138013382966164,0.0907192156591918,0.002));
#5063=CARTESIAN_POINT('',(0.0138013382966164,0.0907192156591918,0.002));
#5064=CARTESIAN_POINT('',(0.0128896406167769,0.0912462357373443,0.002));
#5065=CARTESIAN_POINT('',(0.0123779135319637,0.0922108707018197,0.002));
#5066=CARTESIAN_POINT('',(0.0158870673112687,0.0901921955810394,0.002));
#5067=CARTESIAN_POINT('',(0.0158870673112687,0.0901921955810394,0.005));
#5068=CARTESIAN_POINT('',(0.0151043797547269,0.0901921955810394,0.002));
#5069=CARTESIAN_POINT('',(0.0151043797547269,0.0901921955810394,0.005));
#5070=CARTESIAN_POINT('',(0.0144091367498428,0.0903678689404235,0.002));
#5071=CARTESIAN_POINT('',(0.0144091367498428,0.0903678689404235,0.005));
#5072=CARTESIAN_POINT('',(0.0138013382966164,0.0907192156591918,0.002));
#5073=CARTESIAN_POINT('',(0.0138013382966164,0.0907192156591918,0.005));
#5074=CARTESIAN_POINT('',(0.0158870673112687,0.0901921955810394,0.002));
#5075=CARTESIAN_POINT('',(0.0158870673112687,0.0901921955810394,0.002));
#5076=CARTESIAN_POINT('',(0.0158870673112687,0.0901921955810394,0.002));
#5077=CARTESIAN_POINT('',(0.014713035976456,0.0901921955810394,0.002));
#5078=CARTESIAN_POINT('',(0.0138013382966164,0.0907192156591918,0.002));
#5079=CARTESIAN_POINT('',(0.0183715905368444,0.0909533160956926,0.002));
#5080=CARTESIAN_POINT('',(0.0183715905368444,0.0909533160956926,0.005));
#5081=CARTESIAN_POINT('',(0.0177096784148792,0.0904459024192571,0.002));
#5082=CARTESIAN_POINT('',(0.0177096784148792,0.0904459024192571,0.005));
#5083=CARTESIAN_POINT('',(0.016881504006354,0.0901921955810394,0.002));
#5084=CARTESIAN_POINT('',(0.016881504006354,0.0901921955810394,0.005));
#5085=CARTESIAN_POINT('',(0.0158870673112687,0.0901921955810394,0.002));
#5086=CARTESIAN_POINT('',(0.0158870673112687,0.0901921955810394,0.005));
#5087=CARTESIAN_POINT('',(0.0183715905368444,0.0909533160956926,0.002));
#5088=CARTESIAN_POINT('',(0.0183715905368444,0.0909533160956926,0.002));
#5089=CARTESIAN_POINT('',(0.0183715905368444,0.0909533160956926,0.002));
#5090=CARTESIAN_POINT('',(0.0173787223538966,0.0901921955810394,0.002));
#5091=CARTESIAN_POINT('',(0.0158870673112687,0.0901921955810394,0.002));
#5092=CARTESIAN_POINT('',(0.0196961990368436,0.0929778731369879,0.002));
#5093=CARTESIAN_POINT('',(0.0196961990368436,0.0929778731369879,0.005));
#5094=CARTESIAN_POINT('',(0.0194750388254761,0.0921355821192264,0.002));
#5095=CARTESIAN_POINT('',(0.0194750388254761,0.0921355821192264,0.005));
#5096=CARTESIAN_POINT('',(0.0190335026588097,0.091460729772128,0.002));
#5097=CARTESIAN_POINT('',(0.0190335026588097,0.091460729772128,0.005));
#5098=CARTESIAN_POINT('',(0.0183715905368444,0.0909533160956926,0.002));
#5099=CARTESIAN_POINT('',(0.0183715905368444,0.0909533160956926,0.005));
#5100=CARTESIAN_POINT('',(0.0196961990368436,0.0929778731369879,0.002));
#5101=CARTESIAN_POINT('',(0.0196961990368436,0.0929778731369879,0.002));
#5102=CARTESIAN_POINT('',(0.0196961990368436,0.0929778731369879,0.002));
#5103=CARTESIAN_POINT('',(0.0193644587197923,0.0917144366103457,0.002));
#5104=CARTESIAN_POINT('',(0.0183715905368444,0.0909533160956926,0.002));
#5105=CARTESIAN_POINT('',(0.0189586062042508,0.0929778731369879,0.002));
#5106=CARTESIAN_POINT('',(0.018221013371658,0.0929778731369879,0.002));
#5107=CARTESIAN_POINT('',(0.018221013371658,0.0929778731369879,0.002));
#5108=CARTESIAN_POINT('',(0.0189586062042508,0.0929778731369879,0.002));
#5109=CARTESIAN_POINT('',(0.0173928389631328,0.0917744321995997,0.002));
#5110=CARTESIAN_POINT('',(0.0173928389631328,0.0917744321995997,0.005));
#5111=CARTESIAN_POINT('',(0.0177943780702966,0.0920559801282555,0.002));
#5112=CARTESIAN_POINT('',(0.0177943780702966,0.0920559801282555,0.005));
#5113=CARTESIAN_POINT('',(0.0180704362064717,0.0924571271073849,0.002));
#5114=CARTESIAN_POINT('',(0.0180704362064717,0.0924571271073849,0.005));
#5115=CARTESIAN_POINT('',(0.018221013371658,0.0929778731369879,0.002));
#5116=CARTESIAN_POINT('',(0.018221013371658,0.0929778731369879,0.005));
#5117=CARTESIAN_POINT('',(0.0173928389631328,0.0917744321995997,0.002));
#5118=CARTESIAN_POINT('',(0.0173928389631328,0.0917744321995997,0.002));
#5119=CARTESIAN_POINT('',(0.0173928389631328,0.0917744321995997,0.002));
#5120=CARTESIAN_POINT('',(0.0179951476238784,0.0921967540925834,0.002));
#5121=CARTESIAN_POINT('',(0.018221013371658,0.0929778731369879,0.002));
#5122=CARTESIAN_POINT('',(0.0158870673112687,0.0913521103066159,0.002));
#5123=CARTESIAN_POINT('',(0.0158870673112687,0.0913521103066159,0.005));
#5124=CARTESIAN_POINT('',(0.0164893759720144,0.0913521103066159,0.002));
#5125=CARTESIAN_POINT('',(0.0164893759720144,0.0913521103066159,0.005));
#5126=CARTESIAN_POINT('',(0.0169912998559691,0.0914928842709438,0.002));
#5127=CARTESIAN_POINT('',(0.0169912998559691,0.0914928842709438,0.005));
#5128=CARTESIAN_POINT('',(0.0173928389631328,0.0917744321995997,0.002));
#5129=CARTESIAN_POINT('',(0.0173928389631328,0.0917744321995997,0.005));
#5130=CARTESIAN_POINT('',(0.0158870673112687,0.0913521103066159,0.002));
#5131=CARTESIAN_POINT('',(0.0158870673112687,0.0913521103066159,0.002));
#5132=CARTESIAN_POINT('',(0.0158870673112687,0.0913521103066159,0.002));
#5133=CARTESIAN_POINT('',(0.0167905303023872,0.0913521103066159,0.002));
#5134=CARTESIAN_POINT('',(0.0173928389631328,0.0917744321995997,0.002));
#5135=CARTESIAN_POINT('',(0.0139895597530995,0.0921649917218019,0.002));
#5136=CARTESIAN_POINT('',(0.0139895597530995,0.0921649917218019,0.005));
#5137=CARTESIAN_POINT('',(0.0144718772353372,0.0916230707783446,0.002));
#5138=CARTESIAN_POINT('',(0.0144718772353372,0.0916230707783446,0.005));
#5139=CARTESIAN_POINT('',(0.0151043797547269,0.0913521103066159,0.002));
#5140=CARTESIAN_POINT('',(0.0151043797547269,0.0913521103066159,0.005));
#5141=CARTESIAN_POINT('',(0.0158870673112687,0.0913521103066159,0.002));
#5142=CARTESIAN_POINT('',(0.0158870673112687,0.0913521103066159,0.005));
#5143=CARTESIAN_POINT('',(0.0139895597530995,0.0921649917218019,0.002));
#5144=CARTESIAN_POINT('',(0.0139895597530995,0.0921649917218019,0.002));
#5145=CARTESIAN_POINT('',(0.0139895597530995,0.0921649917218019,0.002));
#5146=CARTESIAN_POINT('',(0.014713035976456,0.0913521103066159,0.002));
#5147=CARTESIAN_POINT('',(0.0158870673112687,0.0913521103066159,0.002));
#5148=CARTESIAN_POINT('',(0.0132660835297429,0.0944695281796157,0.002));
#5149=CARTESIAN_POINT('',(0.0132660835297429,0.0944695281796157,0.005));
#5150=CARTESIAN_POINT('',(0.0132660835297429,0.0934750914845305,0.002));
#5151=CARTESIAN_POINT('',(0.0132660835297429,0.0934750914845305,0.005));
#5152=CARTESIAN_POINT('',(0.0135072422708618,0.0927069126652592,0.002));
#5153=CARTESIAN_POINT('',(0.0135072422708618,0.0927069126652592,0.005));
#5154=CARTESIAN_POINT('',(0.0139895597530995,0.0921649917218019,0.002));
#5155=CARTESIAN_POINT('',(0.0139895597530995,0.0921649917218019,0.005));
#5156=CARTESIAN_POINT('',(0.0132660835297429,0.0944695281796157,0.002));
#5157=CARTESIAN_POINT('',(0.0132660835297429,0.0944695281796157,0.002));
#5158=CARTESIAN_POINT('',(0.0132660835297429,0.0944695281796157,0.002));
#5159=CARTESIAN_POINT('',(0.0132660835297429,0.0929778731369879,0.002));
#5160=CARTESIAN_POINT('',(0.0139895597530995,0.0921649917218019,0.002));
#5161=CARTESIAN_POINT('',(0.0139895597530995,0.0967505369553692,0.002));
#5162=CARTESIAN_POINT('',(0.0139895597530995,0.0967505369553692,0.005));
#5163=CARTESIAN_POINT('',(0.0135072422708618,0.0962133215483239,0.002));
#5164=CARTESIAN_POINT('',(0.0135072422708618,0.0962133215483239,0.005));
#5165=CARTESIAN_POINT('',(0.0132660835297429,0.0954529852897394,0.002));
#5166=CARTESIAN_POINT('',(0.0132660835297429,0.0954529852897394,0.005));
#5167=CARTESIAN_POINT('',(0.0132660835297429,0.0944695281796157,0.002));
#5168=CARTESIAN_POINT('',(0.0132660835297429,0.0944695281796157,0.005));
#5169=CARTESIAN_POINT('',(0.0139895597530995,0.0967505369553692,0.002));
#5170=CARTESIAN_POINT('',(0.0139895597530995,0.0967505369553692,0.002));
#5171=CARTESIAN_POINT('',(0.0139895597530995,0.0967505369553692,0.002));
#5172=CARTESIAN_POINT('',(0.0132660835297429,0.0959447138448013,0.002));
#5173=CARTESIAN_POINT('',(0.0132660835297429,0.0944695281796157,0.002));
#5174=CARTESIAN_POINT('',(0.0158870673112687,0.097556360065937,0.002));
#5175=CARTESIAN_POINT('',(0.0158870673112687,0.097556360065937,0.005));
#5176=CARTESIAN_POINT('',(0.0151043797547269,0.097556360065937,0.002));
#5177=CARTESIAN_POINT('',(0.0151043797547269,0.097556360065937,0.005));
#5178=CARTESIAN_POINT('',(0.0144718772353372,0.0972877523624144,0.002));
#5179=CARTESIAN_POINT('',(0.0144718772353372,0.0972877523624144,0.005));
#5180=CARTESIAN_POINT('',(0.0139895597530995,0.0967505369553692,0.002));
#5181=CARTESIAN_POINT('',(0.0139895597530995,0.0967505369553692,0.005));
#5182=CARTESIAN_POINT('',(0.0158870673112687,0.097556360065937,0.002));
#5183=CARTESIAN_POINT('',(0.0158870673112687,0.097556360065937,0.002));
#5184=CARTESIAN_POINT('',(0.0158870673112687,0.097556360065937,0.002));
#5185=CARTESIAN_POINT('',(0.014713035976456,0.097556360065937,0.002));
#5186=CARTESIAN_POINT('',(0.0139895597530995,0.0967505369553692,0.002));
#5187=CARTESIAN_POINT('',(0.017399897267751,0.0971199215637171,0.002));
#5188=CARTESIAN_POINT('',(0.017399897267751,0.0971199215637171,0.005));
#5189=CARTESIAN_POINT('',(0.0169936526241751,0.097410880565197,0.002));
#5190=CARTESIAN_POINT('',(0.0169936526241751,0.097410880565197,0.005));
#5191=CARTESIAN_POINT('',(0.0164893759720144,0.097556360065937,0.002));
#5192=CARTESIAN_POINT('',(0.0164893759720144,0.097556360065937,0.005));
#5193=CARTESIAN_POINT('',(0.0158870673112687,0.097556360065937,0.002));
#5194=CARTESIAN_POINT('',(0.0158870673112687,0.097556360065937,0.005));
#5195=CARTESIAN_POINT('',(0.017399897267751,0.0971199215637171,0.002));
#5196=CARTESIAN_POINT('',(0.017399897267751,0.0971199215637171,0.002));
#5197=CARTESIAN_POINT('',(0.017399897267751,0.0971199215637171,0.002));
#5198=CARTESIAN_POINT('',(0.0167905303023872,0.097556360065937,0.002));
#5199=CARTESIAN_POINT('',(0.0158870673112687,0.097556360065937,0.002));
#5200=CARTESIAN_POINT('',(0.018221013371658,0.0959305972355651,0.002));
#5201=CARTESIAN_POINT('',(0.018221013371658,0.0959305972355651,0.005));
#5202=CARTESIAN_POINT('',(0.0180798472792958,0.0964325211195198,0.002));
#5203=CARTESIAN_POINT('',(0.0180798472792958,0.0964325211195198,0.005));
#5204=CARTESIAN_POINT('',(0.0178061419113268,0.0968289625622371,0.002));
#5205=CARTESIAN_POINT('',(0.0178061419113268,0.0968289625622371,0.005));
#5206=CARTESIAN_POINT('',(0.017399897267751,0.0971199215637171,0.002));
#5207=CARTESIAN_POINT('',(0.017399897267751,0.0971199215637171,0.005));
#5208=CARTESIAN_POINT('',(0.018221013371658,0.0959305972355651,0.002));
#5209=CARTESIAN_POINT('',(0.018221013371658,0.0959305972355651,0.002));
#5210=CARTESIAN_POINT('',(0.018221013371658,0.0959305972355651,0.002));
#5211=CARTESIAN_POINT('',(0.0180092642331146,0.0966834830614971,0.002));
#5212=CARTESIAN_POINT('',(0.017399897267751,0.0971199215637171,0.002));
#5213=CARTESIAN_POINT('',(0.0189586062042508,0.0959305972355651,0.002));
#5214=CARTESIAN_POINT('',(0.0196961990368436,0.0959305972355651,0.002));
#5215=CARTESIAN_POINT('',(0.0196961990368436,0.0959305972355651,0.002));
#5216=CARTESIAN_POINT('',(0.0189586062042508,0.0959305972355651,0.002));
#5217=CARTESIAN_POINT('',(0.0183939418348018,0.0979786819589208,0.002));
#5218=CARTESIAN_POINT('',(0.0183939418348018,0.0979786819589208,0.005));
#5219=CARTESIAN_POINT('',(0.0190519326764237,0.0974869534038589,0.002));
#5220=CARTESIAN_POINT('',(0.0190519326764237,0.0974869534038589,0.005));
#5221=CARTESIAN_POINT('',(0.0194860184104376,0.0968042584960737,0.002));
#5222=CARTESIAN_POINT('',(0.0194860184104376,0.0968042584960737,0.005));
#5223=CARTESIAN_POINT('',(0.0196961990368436,0.0959305972355651,0.002));
#5224=CARTESIAN_POINT('',(0.0196961990368436,0.0959305972355651,0.005));
#5225=CARTESIAN_POINT('',(0.0183939418348018,0.0979786819589208,0.002));
#5226=CARTESIAN_POINT('',(0.0183939418348018,0.0979786819589208,0.002));
#5227=CARTESIAN_POINT('',(0.0183939418348018,0.0979786819589208,0.002));
#5228=CARTESIAN_POINT('',(0.0193809280972346,0.097241089126328,0.002));
#5229=CARTESIAN_POINT('',(0.0196961990368436,0.0959305972355651,0.002));
#5230=CARTESIAN_POINT('',(0.0158870673112687,0.0987162747915136,0.002));
#5231=CARTESIAN_POINT('',(0.0158870673112687,0.0987162747915136,0.005));
#5232=CARTESIAN_POINT('',(0.0169003261520023,0.0987162747915136,0.002));
#5233=CARTESIAN_POINT('',(0.0169003261520023,0.0987162747915136,0.005));
#5234=CARTESIAN_POINT('',(0.01773595099318,0.0984704105139827,0.002));
#5235=CARTESIAN_POINT('',(0.01773595099318,0.0984704105139827,0.005));
#5236=CARTESIAN_POINT('',(0.0183939418348018,0.0979786819589208,0.002));
#5237=CARTESIAN_POINT('',(0.0183939418348018,0.0979786819589208,0.005));
#5238=CARTESIAN_POINT('',(0.0158870673112687,0.0987162747915136,0.002));
#5239=CARTESIAN_POINT('',(0.0158870673112687,0.0987162747915136,0.002));
#5240=CARTESIAN_POINT('',(0.0158870673112687,0.0987162747915136,0.002));
#5241=CARTESIAN_POINT('',(0.017406955572369,0.0987162747915136,0.002));
#5242=CARTESIAN_POINT('',(0.0183939418348018,0.0979786819589208,0.002));
#5243=CARTESIAN_POINT('',(0.0138013382966164,0.0981892547133612,0.002));
#5244=CARTESIAN_POINT('',(0.0138013382966164,0.0981892547133612,0.005));
#5245=CARTESIAN_POINT('',(0.0144091367498428,0.0985406014321295,0.002));
#5246=CARTESIAN_POINT('',(0.0144091367498428,0.0985406014321295,0.005));
#5247=CARTESIAN_POINT('',(0.0151043797547269,0.0987162747915136,0.002));
#5248=CARTESIAN_POINT('',(0.0151043797547269,0.0987162747915136,0.005));
#5249=CARTESIAN_POINT('',(0.0158870673112687,0.0987162747915136,0.002));
#5250=CARTESIAN_POINT('',(0.0158870673112687,0.0987162747915136,0.005));
#5251=CARTESIAN_POINT('',(0.0138013382966164,0.0981892547133612,0.002));
#5252=CARTESIAN_POINT('',(0.0138013382966164,0.0981892547133612,0.002));
#5253=CARTESIAN_POINT('',(0.0138013382966164,0.0981892547133612,0.002));
#5254=CARTESIAN_POINT('',(0.014713035976456,0.0987162747915136,0.002));
#5255=CARTESIAN_POINT('',(0.0158870673112687,0.0987162747915136,0.002));
#5256=CARTESIAN_POINT('',(0.0123779135319637,0.0967058343594545,0.002));
#5257=CARTESIAN_POINT('',(0.0123779135319637,0.0967058343594545,0.005));
#5258=CARTESIAN_POINT('',(0.0127190649218392,0.0973434345432906,0.002));
#5259=CARTESIAN_POINT('',(0.0127190649218392,0.0973434345432906,0.005));
#5260=CARTESIAN_POINT('',(0.0131935398433901,0.0978379079945929,0.002));
#5261=CARTESIAN_POINT('',(0.0131935398433901,0.0978379079945929,0.005));
#5262=CARTESIAN_POINT('',(0.0138013382966164,0.0981892547133612,0.002));
#5263=CARTESIAN_POINT('',(0.0138013382966164,0.0981892547133612,0.005));
#5264=CARTESIAN_POINT('',(0.0123779135319637,0.0967058343594545,0.002));
#5265=CARTESIAN_POINT('',(0.0128896406167769,0.0976622346352087,0.002));
#5266=CARTESIAN_POINT('',(0.0138013382966164,0.0981892547133612,0.002));
#5267=CARTESIAN_POINT('',(4.16333634234434E-16,0.0415391394652619,0.002));
#5268=CARTESIAN_POINT('',(-0.0129178738352493,0.0901921955810394,0.002));
#5269=CARTESIAN_POINT('',(-0.0129178738352493,0.0901921955810394,0.005));
#5270=CARTESIAN_POINT('',(-0.0135499842266048,0.0901921955810394,0.002));
#5271=CARTESIAN_POINT('',(-0.0135499842266048,0.0901921955810394,0.005));
#5272=CARTESIAN_POINT('',(-0.0141170013642598,0.0903004229185171,0.002));
#5273=CARTESIAN_POINT('',(-0.0141170013642598,0.0903004229185171,0.005));
#5274=CARTESIAN_POINT('',(-0.0146189252482145,0.0905168775934726,0.002));
#5275=CARTESIAN_POINT('',(-0.0146189252482145,0.0905168775934726,0.005));
#5276=CARTESIAN_POINT('',(-0.0129178738352493,0.0901921955810394,0.002));
#5277=CARTESIAN_POINT('',(-0.0129178738352493,0.0901921955810394,0.002));
#5278=CARTESIAN_POINT('',(-0.0129178738352493,0.0901921955810394,0.002));
#5279=CARTESIAN_POINT('',(-0.0138660394222825,0.0901921955810394,0.002));
#5280=CARTESIAN_POINT('',(-0.0146189252482145,0.0905168775934726,0.002));
#5281=CARTESIAN_POINT('',(-0.0146189252482145,0.0905168775934726,0.002));
#5282=CARTESIAN_POINT('',(-0.0146189252482145,0.0905168775934726,0.002));
#5283=CARTESIAN_POINT('',(-0.0113438719054102,0.0905015846001334,0.002));
#5284=CARTESIAN_POINT('',(-0.0113438719054102,0.0905015846001334,0.005));
#5285=CARTESIAN_POINT('',(-0.0118003089373815,0.0902953252540707,0.002));
#5286=CARTESIAN_POINT('',(-0.0118003089373815,0.0902953252540707,0.005));
#5287=CARTESIAN_POINT('',(-0.0123249762473279,0.0901921955810394,0.002));
#5288=CARTESIAN_POINT('',(-0.0123249762473279,0.0901921955810394,0.005));
#5289=CARTESIAN_POINT('',(-0.0129178738352493,0.0901921955810394,0.002));
#5290=CARTESIAN_POINT('',(-0.0129178738352493,0.0901921955810394,0.005));
#5291=CARTESIAN_POINT('',(-0.0113438719054102,0.0905015846001334,0.002));
#5292=CARTESIAN_POINT('',(-0.0113438719054102,0.0905015846001334,0.002));
#5293=CARTESIAN_POINT('',(-0.0113438719054102,0.0905015846001334,0.002));
#5294=CARTESIAN_POINT('',(-0.0120285274533671,0.0901921955810394,0.002));
#5295=CARTESIAN_POINT('',(-0.0129178738352493,0.0901921955810394,0.002));
#5296=CARTESIAN_POINT('',(-0.0102827734444872,0.091353286690719,0.002));
#5297=CARTESIAN_POINT('',(-0.0102827734444872,0.091353286690719,0.005));
#5298=CARTESIAN_POINT('',(-0.0105337353864646,0.0909917446430579,0.002));
#5299=CARTESIAN_POINT('',(-0.0105337353864646,0.0909917446430579,0.005));
#5300=CARTESIAN_POINT('',(-0.0108874348734389,0.090707843946196,0.002));
#5301=CARTESIAN_POINT('',(-0.0108874348734389,0.090707843946196,0.005));
#5302=CARTESIAN_POINT('',(-0.0113438719054102,0.0905015846001334,0.002));
#5303=CARTESIAN_POINT('',(-0.0113438719054102,0.0905015846001334,0.005));
#5304=CARTESIAN_POINT('',(-0.0102827734444872,0.091353286690719,0.002));
#5305=CARTESIAN_POINT('',(-0.0102827734444872,0.091353286690719,0.002));
#5306=CARTESIAN_POINT('',(-0.0102827734444872,0.091353286690719,0.002));
#5307=CARTESIAN_POINT('',(-0.0106592163574533,0.0908109736192273,0.002));
#5308=CARTESIAN_POINT('',(-0.0113438719054102,0.0905015846001334,0.002));
#5309=CARTESIAN_POINT('',(-0.0119932887383579,0.0925475375202679,0.002));
#5310=CARTESIAN_POINT('',(-0.00990633053152123,0.0925731970055494,0.002));
#5311=CARTESIAN_POINT('',(-0.00990633053152123,0.0925731970055494,0.002));
#5312=CARTESIAN_POINT('',(-0.0119932887383579,0.0925475375202679,0.002));
#5313=CARTESIAN_POINT('',(-0.0103192413516808,0.0937919309362769,0.002));
#5314=CARTESIAN_POINT('',(-0.0103192413516808,0.0937919309362769,0.005));
#5315=CARTESIAN_POINT('',(-0.0100533785443986,0.09348136553308,0.002));
#5316=CARTESIAN_POINT('',(-0.0100533785443986,0.09348136553308,0.005));
#5317=CARTESIAN_POINT('',(-0.00991574160434538,0.0930751208895041,0.002));
#5318=CARTESIAN_POINT('',(-0.00991574160434538,0.0930751208895041,0.005));
#5319=CARTESIAN_POINT('',(-0.00990633053152123,0.0925731970055494,0.002));
#5320=CARTESIAN_POINT('',(-0.00990633053152123,0.0925731970055494,0.005));
#5321=CARTESIAN_POINT('',(-0.0103192413516808,0.0937919309362769,0.002));
#5322=CARTESIAN_POINT('',(-0.0103192413516808,0.0937919309362769,0.002));
#5323=CARTESIAN_POINT('',(-0.0103192413516808,0.0937919309362769,0.002));
#5324=CARTESIAN_POINT('',(-0.00992044714075746,0.0933260828314815,0.002));
#5325=CARTESIAN_POINT('',(-0.00990633053152123,0.0925731970055494,0.002));
#5326=CARTESIAN_POINT('',(-0.0122531869453178,0.0921540445141609,0.002));
#5327=CARTESIAN_POINT('',(-0.0112756416274351,0.0944918794775731,0.002));
#5328=CARTESIAN_POINT('',(-0.0112756416274351,0.0944918794775731,0.002));
#5329=CARTESIAN_POINT('',(-0.0122531869453178,0.0921540445141609,0.002));
#5330=CARTESIAN_POINT('',(-0.0127202413059422,0.0949659622710897,0.002));
#5331=CARTESIAN_POINT('',(-0.0127202413059422,0.0949659622710897,0.005));
#5332=CARTESIAN_POINT('',(-0.0121289122301581,0.0948059740330791,0.002));
#5333=CARTESIAN_POINT('',(-0.0121289122301581,0.0948059740330791,0.005));
#5334=CARTESIAN_POINT('',(-0.011647379003989,0.0946479464352403,0.002));
#5335=CARTESIAN_POINT('',(-0.011647379003989,0.0946479464352403,0.005));
#5336=CARTESIAN_POINT('',(-0.0112756416274351,0.0944918794775731,0.002));
#5337=CARTESIAN_POINT('',(-0.0112756416274351,0.0944918794775731,0.005));
#5338=CARTESIAN_POINT('',(-0.0127202413059422,0.0949659622710897,0.002));
#5339=CARTESIAN_POINT('',(-0.0127202413059422,0.0949659622710897,0.002));
#5340=CARTESIAN_POINT('',(-0.0127202413059422,0.0949659622710897,0.002));
#5341=CARTESIAN_POINT('',(-0.011833247692266,0.0947259799140738,0.002));
#5342=CARTESIAN_POINT('',(-0.0112756416274351,0.0944918794775731,0.002));
#5343=CARTESIAN_POINT('',(-0.0138272187468829,0.0953200538860983,0.002));
#5344=CARTESIAN_POINT('',(-0.0138272187468829,0.0953200538860983,0.005));
#5345=CARTESIAN_POINT('',(-0.0135613559396006,0.0952141793168266,0.002));
#5346=CARTESIAN_POINT('',(-0.0135613559396006,0.0952141793168266,0.005));
#5347=CARTESIAN_POINT('',(-0.0131923634592871,0.0950961487784904,0.002));
#5348=CARTESIAN_POINT('',(-0.0131923634592871,0.0950961487784904,0.005));
#5349=CARTESIAN_POINT('',(-0.0127202413059422,0.0949659622710897,0.002));
#5350=CARTESIAN_POINT('',(-0.0127202413059422,0.0949659622710897,0.005));
#5351=CARTESIAN_POINT('',(-0.0138272187468829,0.0953200538860983,0.002));
#5352=CARTESIAN_POINT('',(-0.0138272187468829,0.0953200538860983,0.002));
#5353=CARTESIAN_POINT('',(-0.0138272187468829,0.0953200538860983,0.002));
#5354=CARTESIAN_POINT('',(-0.0134284245359595,0.0951612420321908,0.002));
#5355=CARTESIAN_POINT('',(-0.0127202413059422,0.0949659622710897,0.002));
#5356=CARTESIAN_POINT('',(-0.0144895229968824,0.0957423757790821,0.002));
#5357=CARTESIAN_POINT('',(-0.0144895229968824,0.0957423757790821,0.005));
#5358=CARTESIAN_POINT('',(-0.0143138496374983,0.095566702419698,0.002));
#5359=CARTESIAN_POINT('',(-0.0143138496374983,0.095566702419698,0.005));
#5360=CARTESIAN_POINT('',(-0.0140930815541651,0.09542592845537,0.002));
#5361=CARTESIAN_POINT('',(-0.0140930815541651,0.09542592845537,0.005));
#5362=CARTESIAN_POINT('',(-0.0138272187468829,0.0953200538860983,0.002));
#5363=CARTESIAN_POINT('',(-0.0138272187468829,0.0953200538860983,0.005));
#5364=CARTESIAN_POINT('',(-0.0144895229968824,0.0957423757790821,0.002));
#5365=CARTESIAN_POINT('',(-0.0144895229968824,0.0957423757790821,0.002));
#5366=CARTESIAN_POINT('',(-0.0144895229968824,0.0957423757790821,0.002));
#5367=CARTESIAN_POINT('',(-0.0142260129578062,0.0954788657400059,0.002));
#5368=CARTESIAN_POINT('',(-0.0138272187468829,0.0953200538860983,0.002));
#5369=CARTESIAN_POINT('',(-0.0147530330359586,0.0964129147178028,0.002));
#5370=CARTESIAN_POINT('',(-0.0147530330359586,0.0964129147178028,0.005));
#5371=CARTESIAN_POINT('',(-0.0147530330359586,0.0961415621180398,0.002));
#5372=CARTESIAN_POINT('',(-0.0147530330359586,0.0961415621180398,0.005));
#5373=CARTESIAN_POINT('',(-0.0146651963562666,0.0959180491384662,0.002));
#5374=CARTESIAN_POINT('',(-0.0146651963562666,0.0959180491384662,0.005));
#5375=CARTESIAN_POINT('',(-0.0144895229968824,0.0957423757790821,0.002));
#5376=CARTESIAN_POINT('',(-0.0144895229968824,0.0957423757790821,0.005));
#5377=CARTESIAN_POINT('',(-0.0147530330359586,0.0964129147178028,0.002));
#5378=CARTESIAN_POINT('',(-0.0147530330359586,0.0964129147178028,0.002));
#5379=CARTESIAN_POINT('',(-0.0147530330359586,0.0964129147178028,0.002));
#5380=CARTESIAN_POINT('',(-0.0147530330359586,0.0960058858181583,0.002));
#5381=CARTESIAN_POINT('',(-0.0144895229968824,0.0957423757790821,0.002));
#5382=CARTESIAN_POINT('',(-0.0143165945337387,0.097239912742225,0.002));
#5383=CARTESIAN_POINT('',(-0.0143165945337387,0.097239912742225,0.005));
#5384=CARTESIAN_POINT('',(-0.0146075535352187,0.0970289478597503,0.002));
#5385=CARTESIAN_POINT('',(-0.0146075535352187,0.0970289478597503,0.005));
#5386=CARTESIAN_POINT('',(-0.0147530330359586,0.0967532818516095,0.002));
#5387=CARTESIAN_POINT('',(-0.0147530330359586,0.0967532818516095,0.005));
#5388=CARTESIAN_POINT('',(-0.0147530330359586,0.0964129147178028,0.002));
#5389=CARTESIAN_POINT('',(-0.0147530330359586,0.0964129147178028,0.005));
#5390=CARTESIAN_POINT('',(-0.0143165945337387,0.097239912742225,0.002));
#5391=CARTESIAN_POINT('',(-0.0143165945337387,0.097239912742225,0.002));
#5392=CARTESIAN_POINT('',(-0.0143165945337387,0.097239912742225,0.002));
#5393=CARTESIAN_POINT('',(-0.0147530330359586,0.0969234654185129,0.002));
#5394=CARTESIAN_POINT('',(-0.0147530330359586,0.0964129147178028,0.002));
#5395=CARTESIAN_POINT('',(-0.0131437395830289,0.097556360065937,0.002));
#5396=CARTESIAN_POINT('',(-0.0131437395830289,0.097556360065937,0.005));
#5397=CARTESIAN_POINT('',(-0.0136346838820221,0.097556360065937,0.002));
#5398=CARTESIAN_POINT('',(-0.0136346838820221,0.097556360065937,0.005));
#5399=CARTESIAN_POINT('',(-0.0140256355322587,0.0974508776246997,0.002));
#5400=CARTESIAN_POINT('',(-0.0140256355322587,0.0974508776246997,0.005));
#5401=CARTESIAN_POINT('',(-0.0143165945337387,0.097239912742225,0.002));
#5402=CARTESIAN_POINT('',(-0.0143165945337387,0.097239912742225,0.005));
#5403=CARTESIAN_POINT('',(-0.0131437395830289,0.097556360065937,0.002));
#5404=CARTESIAN_POINT('',(-0.0131437395830289,0.097556360065937,0.002));
#5405=CARTESIAN_POINT('',(-0.0131437395830289,0.097556360065937,0.002));
#5406=CARTESIAN_POINT('',(-0.0138801560315187,0.097556360065937,0.002));
#5407=CARTESIAN_POINT('',(-0.0143165945337387,0.097239912742225,0.002));
#5408=CARTESIAN_POINT('',(-0.0118697155994596,0.0971646241596318,0.002));
#5409=CARTESIAN_POINT('',(-0.0118697155994596,0.0971646241596318,0.005));
#5410=CARTESIAN_POINT('',(-0.0121857707951373,0.0974257814305019,0.002));
#5411=CARTESIAN_POINT('',(-0.0121857707951373,0.0974257814305019,0.005));
#5412=CARTESIAN_POINT('',(-0.0126104454563271,0.097556360065937,0.002));
#5413=CARTESIAN_POINT('',(-0.0126104454563271,0.097556360065937,0.005));
#5414=CARTESIAN_POINT('',(-0.0131437395830289,0.097556360065937,0.002));
#5415=CARTESIAN_POINT('',(-0.0131437395830289,0.097556360065937,0.005));
#5416=CARTESIAN_POINT('',(-0.0118697155994596,0.0971646241596318,0.002));
#5417=CARTESIAN_POINT('',(-0.0118697155994596,0.0971646241596318,0.002));
#5418=CARTESIAN_POINT('',(-0.0118697155994596,0.0971646241596318,0.002));
#5419=CARTESIAN_POINT('',(-0.0123437983929762,0.097556360065937,0.002));
#5420=CARTESIAN_POINT('',(-0.0131437395830289,0.097556360065937,0.002));
#5421=CARTESIAN_POINT('',(-0.0113509302100283,0.0961258769966662,0.002));
#5422=CARTESIAN_POINT('',(-0.0113509302100283,0.0961258769966662,0.005));
#5423=CARTESIAN_POINT('',(-0.0113807319406381,0.0965572178344398,0.002));
#5424=CARTESIAN_POINT('',(-0.0113807319406381,0.0965572178344398,0.005));
#5425=CARTESIAN_POINT('',(-0.0115536604037819,0.0969034668887616,0.002));
#5426=CARTESIAN_POINT('',(-0.0115536604037819,0.0969034668887616,0.005));
#5427=CARTESIAN_POINT('',(-0.0118697155994596,0.0971646241596318,0.002));
#5428=CARTESIAN_POINT('',(-0.0118697155994596,0.0971646241596318,0.005));
#5429=CARTESIAN_POINT('',(-0.0113509302100283,0.0961258769966662,0.002));
#5430=CARTESIAN_POINT('',(-0.0113509302100283,0.0961258769966662,0.002));
#5431=CARTESIAN_POINT('',(-0.0113509302100283,0.0961258769966662,0.002));
#5432=CARTESIAN_POINT('',(-0.011395632805943,0.0967728882533265,0.002));
#5433=CARTESIAN_POINT('',(-0.0118697155994596,0.0971646241596318,0.002));
#5434=CARTESIAN_POINT('',(-0.0106662746620714,0.0961258769966662,0.002));
#5435=CARTESIAN_POINT('',(-0.00998161911411443,0.0961258769966662,0.002));
#5436=CARTESIAN_POINT('',(-0.00998161911411443,0.0961258769966662,0.002));
#5437=CARTESIAN_POINT('',(-0.0106662746620714,0.0961258769966662,0.002));
#5438=CARTESIAN_POINT('',(-0.0108839057211298,0.0980233845548355,0.002));
#5439=CARTESIAN_POINT('',(-0.0108839057211298,0.0980233845548355,0.005));
#5440=CARTESIAN_POINT('',(-0.0103215941198869,0.0975614577303834,0.002));
#5441=CARTESIAN_POINT('',(-0.0103215941198869,0.0975614577303834,0.005));
#5442=CARTESIAN_POINT('',(-0.0100208319175484,0.0969289552109937,0.002));
#5443=CARTESIAN_POINT('',(-0.0100208319175484,0.0969289552109937,0.005));
#5444=CARTESIAN_POINT('',(-0.00998161911411443,0.0961258769966662,0.002));
#5445=CARTESIAN_POINT('',(-0.00998161911411443,0.0961258769966662,0.005));
#5446=CARTESIAN_POINT('',(-0.0108839057211298,0.0980233845548355,0.002));
#5447=CARTESIAN_POINT('',(-0.0108839057211298,0.0980233845548355,0.002));
#5448=CARTESIAN_POINT('',(-0.0108839057211298,0.0980233845548355,0.002));
#5449=CARTESIAN_POINT('',(-0.0100404383192654,0.0973304943181574,0.002));
#5450=CARTESIAN_POINT('',(-0.00998161911411443,0.0961258769966662,0.002));
#5451=CARTESIAN_POINT('',(-0.0130966842189082,0.0987162747915136,0.002));
#5452=CARTESIAN_POINT('',(-0.0130966842189082,0.0987162747915136,0.005));
#5453=CARTESIAN_POINT('',(-0.0121838101549656,0.0987162747915136,0.002));
#5454=CARTESIAN_POINT('',(-0.0121838101549656,0.0987162747915136,0.005));
#5455=CARTESIAN_POINT('',(-0.0114462173223728,0.0984853113792876,0.002));
#5456=CARTESIAN_POINT('',(-0.0114462173223728,0.0984853113792876,0.005));
#5457=CARTESIAN_POINT('',(-0.0108839057211298,0.0980233845548355,0.002));
#5458=CARTESIAN_POINT('',(-0.0108839057211298,0.0980233845548355,0.005));
#5459=CARTESIAN_POINT('',(-0.0130966842189082,0.0987162747915136,0.002));
#5460=CARTESIAN_POINT('',(-0.0130966842189082,0.0987162747915136,0.002));
#5461=CARTESIAN_POINT('',(-0.0130966842189082,0.0987162747915136,0.002));
#5462=CARTESIAN_POINT('',(-0.0117273731229943,0.0987162747915136,0.002));
#5463=CARTESIAN_POINT('',(-0.0108839057211298,0.0980233845548355,0.002));
#5464=CARTESIAN_POINT('',(-0.0146789208374685,0.0984068857724196,0.002));
#5465=CARTESIAN_POINT('',(-0.0146789208374685,0.0984068857724196,0.005));
#5466=CARTESIAN_POINT('',(-0.0142169940130164,0.0986131451184823,0.002));
#5467=CARTESIAN_POINT('',(-0.0142169940130164,0.0986131451184823,0.005));
#5468=CARTESIAN_POINT('',(-0.0136895818068297,0.0987162747915136,0.002));
#5469=CARTESIAN_POINT('',(-0.0136895818068297,0.0987162747915136,0.005));
#5470=CARTESIAN_POINT('',(-0.0130966842189082,0.0987162747915136,0.002));
#5471=CARTESIAN_POINT('',(-0.0130966842189082,0.0987162747915136,0.005));
#5472=CARTESIAN_POINT('',(-0.0146789208374685,0.0984068857724196,0.002));
#5473=CARTESIAN_POINT('',(-0.0146789208374685,0.0984068857724196,0.002));
#5474=CARTESIAN_POINT('',(-0.0146789208374685,0.0984068857724196,0.002));
#5475=CARTESIAN_POINT('',(-0.0139860306007904,0.0987162747915136,0.002));
#5476=CARTESIAN_POINT('',(-0.0130966842189082,0.0987162747915136,0.002));
#5477=CARTESIAN_POINT('',(-0.0157482539871126,0.0975704766751733,0.002));
#5478=CARTESIAN_POINT('',(-0.0157482539871126,0.0975704766751733,0.005));
#5479=CARTESIAN_POINT('',(-0.0154972920451352,0.0979218233939416,0.002));
#5480=CARTESIAN_POINT('',(-0.0154972920451352,0.0979218233939416,0.005));
#5481=CARTESIAN_POINT('',(-0.0151408476619205,0.098200626426357,0.002));
#5482=CARTESIAN_POINT('',(-0.0151408476619205,0.098200626426357,0.005));
#5483=CARTESIAN_POINT('',(-0.0146789208374685,0.0984068857724196,0.002));
#5484=CARTESIAN_POINT('',(-0.0146789208374685,0.0984068857724196,0.005));
#5485=CARTESIAN_POINT('',(-0.0157482539871126,0.0975704766751733,0.002));
#5486=CARTESIAN_POINT('',(-0.0157482539871126,0.0975704766751733,0.002));
#5487=CARTESIAN_POINT('',(-0.0157482539871126,0.0975704766751733,0.002));
#5488=CARTESIAN_POINT('',(-0.0153718110741465,0.0980974967533257,0.002));
#5489=CARTESIAN_POINT('',(-0.0146789208374685,0.0984068857724196,0.002));
#5490=CARTESIAN_POINT('',(-0.0141795401302425,0.09641873222409,0.002));
#5491=CARTESIAN_POINT('',(-0.0161246969000785,0.0964129147178028,0.002));
#5492=CARTESIAN_POINT('',(-0.0161246969000785,0.0964129147178028,0.002));
#5493=CARTESIAN_POINT('',(-0.0141795401302425,0.09641873222409,0.002));
#5494=CARTESIAN_POINT('',(-0.0157106096958159,0.0951235977408942,0.002));
#5495=CARTESIAN_POINT('',(-0.0157106096958159,0.0951235977408942,0.005));
#5496=CARTESIAN_POINT('',(-0.015986667831991,0.0954498482654648,0.002));
#5497=CARTESIAN_POINT('',(-0.015986667831991,0.0954498482654648,0.005));
#5498=CARTESIAN_POINT('',(-0.0161246969000785,0.0958796205911009,0.002));
#5499=CARTESIAN_POINT('',(-0.0161246969000785,0.0958796205911009,0.005));
#5500=CARTESIAN_POINT('',(-0.0161246969000785,0.0964129147178028,0.002));
#5501=CARTESIAN_POINT('',(-0.0161246969000785,0.0964129147178028,0.005));
#5502=CARTESIAN_POINT('',(-0.0157106096958159,0.0951235977408942,0.002));
#5503=CARTESIAN_POINT('',(-0.0157106096958159,0.0951235977408942,0.002));
#5504=CARTESIAN_POINT('',(-0.0157106096958159,0.0951235977408942,0.002));
#5505=CARTESIAN_POINT('',(-0.0161246969000785,0.09561297352775,0.002));
#5506=CARTESIAN_POINT('',(-0.0161246969000785,0.0964129147178028,0.002));
#5507=CARTESIAN_POINT('',(-0.0136752935678348,0.0968264470761151,0.002));
#5508=CARTESIAN_POINT('',(-0.0147165651287651,0.0943860049083014,0.002));
#5509=CARTESIAN_POINT('',(-0.0147165651287651,0.0943860049083014,0.002));
#5510=CARTESIAN_POINT('',(-0.0136752935678348,0.0968264470761151,0.002));
#5511=CARTESIAN_POINT('',(-0.0132190281656221,0.0938978055055486,0.002));
#5512=CARTESIAN_POINT('',(-0.0132190281656221,0.0938978055055486,0.005));
#5513=CARTESIAN_POINT('',(-0.0138307478991919,0.0940577937435591,0.002));
#5514=CARTESIAN_POINT('',(-0.0138307478991919,0.0940577937435591,0.005));
#5515=CARTESIAN_POINT('',(-0.0143299268869062,0.0942205268778101,0.002));
#5516=CARTESIAN_POINT('',(-0.0143299268869062,0.0942205268778101,0.005));
#5517=CARTESIAN_POINT('',(-0.0147165651287651,0.0943860049083014,0.002));
#5518=CARTESIAN_POINT('',(-0.0147165651287651,0.0943860049083014,0.005));
#5519=CARTESIAN_POINT('',(-0.0132190281656221,0.0938978055055486,0.002));
#5520=CARTESIAN_POINT('',(-0.0132190281656221,0.0938978055055486,0.002));
#5521=CARTESIAN_POINT('',(-0.0132190281656221,0.0938978055055486,0.002));
#5522=CARTESIAN_POINT('',(-0.0141366077659768,0.0941377878625644,0.002));
#5523=CARTESIAN_POINT('',(-0.0147165651287651,0.0943860049083014,0.002));
#5524=CARTESIAN_POINT('',(-0.0117273731229943,0.0933778437320143,0.002));
#5525=CARTESIAN_POINT('',(-0.0117273731229943,0.0933778437320143,0.005));
#5526=CARTESIAN_POINT('',(-0.0120489181111528,0.0935535170913984,0.002));
#5527=CARTESIAN_POINT('',(-0.0120489181111528,0.0935535170913984,0.005));
#5528=CARTESIAN_POINT('',(-0.0125461364586954,0.0937268376825765,0.002));
#5529=CARTESIAN_POINT('',(-0.0125461364586954,0.0937268376825765,0.005));
#5530=CARTESIAN_POINT('',(-0.0132190281656221,0.0938978055055486,0.002));
#5531=CARTESIAN_POINT('',(-0.0132190281656221,0.0938978055055486,0.005));
#5532=CARTESIAN_POINT('',(-0.0117273731229943,0.0933778437320143,0.002));
#5533=CARTESIAN_POINT('',(-0.0117273731229943,0.0933778437320143,0.002));
#5534=CARTESIAN_POINT('',(-0.0117273731229943,0.0933778437320143,0.002));
#5535=CARTESIAN_POINT('',(-0.012209690605232,0.0936413537710905,0.002));
#5536=CARTESIAN_POINT('',(-0.0132190281656221,0.0938978055055486,0.002));
#5537=CARTESIAN_POINT('',(-0.0112450556407566,0.0925731970055494,0.002));
#5538=CARTESIAN_POINT('',(-0.0112450556407566,0.0925731970055494,0.005));
#5539=CARTESIAN_POINT('',(-0.0112450556407566,0.0929339547971419,0.002));
#5540=CARTESIAN_POINT('',(-0.0112450556407566,0.0929339547971419,0.005));
#5541=CARTESIAN_POINT('',(-0.0114058281348359,0.0932021703726302,0.002));
#5542=CARTESIAN_POINT('',(-0.0114058281348359,0.0932021703726302,0.005));
#5543=CARTESIAN_POINT('',(-0.0117273731229943,0.0933778437320143,0.002));
#5544=CARTESIAN_POINT('',(-0.0117273731229943,0.0933778437320143,0.005));
#5545=CARTESIAN_POINT('',(-0.0112450556407566,0.0925731970055494,0.002));
#5546=CARTESIAN_POINT('',(-0.0112450556407566,0.0925731970055494,0.002));
#5547=CARTESIAN_POINT('',(-0.0112450556407566,0.0925731970055494,0.002));
#5548=CARTESIAN_POINT('',(-0.0112450556407566,0.0931143336929381,0.002));
#5549=CARTESIAN_POINT('',(-0.0117273731229943,0.0933778437320143,0.002));
#5550=CARTESIAN_POINT('',(-0.0116967871363158,0.0916991436170065,0.002));
#5551=CARTESIAN_POINT('',(-0.0116967871363158,0.0916991436170065,0.005));
#5552=CARTESIAN_POINT('',(-0.011395632805943,0.0919304991572669,0.002));
#5553=CARTESIAN_POINT('',(-0.011395632805943,0.0919304991572669,0.005));
#5554=CARTESIAN_POINT('',(-0.0112450556407566,0.0922218502867811,0.002));
#5555=CARTESIAN_POINT('',(-0.0112450556407566,0.0922218502867811,0.005));
#5556=CARTESIAN_POINT('',(-0.0112450556407566,0.0925731970055494,0.002));
#5557=CARTESIAN_POINT('',(-0.0112450556407566,0.0925731970055494,0.005));
#5558=CARTESIAN_POINT('',(-0.0116967871363158,0.0916991436170065,0.002));
#5559=CARTESIAN_POINT('',(-0.0116967871363158,0.0916991436170065,0.002));
#5560=CARTESIAN_POINT('',(-0.0116967871363158,0.0916991436170065,0.002));
#5561=CARTESIAN_POINT('',(-0.0112450556407566,0.092046176927397,0.002));
#5562=CARTESIAN_POINT('',(-0.0112450556407566,0.0925731970055494,0.002));
#5563=CARTESIAN_POINT('',(-0.0129319904444856,0.0913521103066159,0.002));
#5564=CARTESIAN_POINT('',(-0.0129319904444856,0.0913521103066159,0.005));
#5565=CARTESIAN_POINT('',(-0.0124096759027452,0.0913521103066159,0.002));
#5566=CARTESIAN_POINT('',(-0.0124096759027452,0.0913521103066159,0.005));
#5567=CARTESIAN_POINT('',(-0.0119979414666886,0.0914677880767461,0.002));
#5568=CARTESIAN_POINT('',(-0.0119979414666886,0.0914677880767461,0.005));
#5569=CARTESIAN_POINT('',(-0.0116967871363158,0.0916991436170065,0.002));
#5570=CARTESIAN_POINT('',(-0.0116967871363158,0.0916991436170065,0.005));
#5571=CARTESIAN_POINT('',(-0.0129319904444856,0.0913521103066159,0.002));
#5572=CARTESIAN_POINT('',(-0.0129319904444856,0.0913521103066159,0.002));
#5573=CARTESIAN_POINT('',(-0.0129319904444856,0.0913521103066159,0.002));
#5574=CARTESIAN_POINT('',(-0.012148518631875,0.0913521103066159,0.002));
#5575=CARTESIAN_POINT('',(-0.0116967871363158,0.0916991436170065,0.002));
#5576=CARTESIAN_POINT('',(-0.0142942432357813,0.0917438462129212,0.002));
#5577=CARTESIAN_POINT('',(-0.0142942432357813,0.0917438462129212,0.005));
#5578=CARTESIAN_POINT('',(-0.0139476020534251,0.091482688942051,0.002));
#5579=CARTESIAN_POINT('',(-0.0139476020534251,0.091482688942051,0.005));
#5580=CARTESIAN_POINT('',(-0.0134935177896599,0.0913521103066159,0.002));
#5581=CARTESIAN_POINT('',(-0.0134935177896599,0.0913521103066159,0.005));
#5582=CARTESIAN_POINT('',(-0.0129319904444856,0.0913521103066159,0.002));
#5583=CARTESIAN_POINT('',(-0.0129319904444856,0.0913521103066159,0.005));
#5584=CARTESIAN_POINT('',(-0.0142942432357813,0.0917438462129212,0.002));
#5585=CARTESIAN_POINT('',(-0.0142942432357813,0.0917438462129212,0.002));
#5586=CARTESIAN_POINT('',(-0.0142942432357813,0.0917438462129212,0.002));
#5587=CARTESIAN_POINT('',(-0.013774281462247,0.0913521103066159,0.002));
#5588=CARTESIAN_POINT('',(-0.0129319904444856,0.0913521103066159,0.002));
#5589=CARTESIAN_POINT('',(-0.0148753769826726,0.0927520073892083,0.002));
#5590=CARTESIAN_POINT('',(-0.0148753769826726,0.0927520073892083,0.005));
#5591=CARTESIAN_POINT('',(-0.0148345956671013,0.0923410572092204,0.002));
#5592=CARTESIAN_POINT('',(-0.0148345956671013,0.0923410572092204,0.005));
#5593=CARTESIAN_POINT('',(-0.0146408844181375,0.0920050034837914,0.002));
#5594=CARTESIAN_POINT('',(-0.0146408844181375,0.0920050034837914,0.005));
#5595=CARTESIAN_POINT('',(-0.0142942432357813,0.0917438462129212,0.002));
#5596=CARTESIAN_POINT('',(-0.0142942432357813,0.0917438462129212,0.005));
#5597=CARTESIAN_POINT('',(-0.0148753769826726,0.0927520073892083,0.002));
#5598=CARTESIAN_POINT('',(-0.0148753769826726,0.0927520073892083,0.002));
#5599=CARTESIAN_POINT('',(-0.0148753769826726,0.0927520073892083,0.002));
#5600=CARTESIAN_POINT('',(-0.0148142050093156,0.0921355821192265,0.002));
#5601=CARTESIAN_POINT('',(-0.0142942432357813,0.0917438462129212,0.002));
#5602=CARTESIAN_POINT('',(-0.0155823838285869,0.0927520073892083,0.002));
#5603=CARTESIAN_POINT('',(-0.0162893906745012,0.0927520073892083,0.002));
#5604=CARTESIAN_POINT('',(-0.0162893906745012,0.0927520073892083,0.002));
#5605=CARTESIAN_POINT('',(-0.0155823838285869,0.0927520073892083,0.002));
#5606=CARTESIAN_POINT('',(-0.0158082495763665,0.091420340584591,0.002));
#5607=CARTESIAN_POINT('',(-0.0158082495763665,0.091420340584591,0.005));
#5608=CARTESIAN_POINT('',(-0.0160992085778465,0.0918061945703812,0.002));
#5609=CARTESIAN_POINT('',(-0.0160992085778465,0.0918061945703812,0.005));
#5610=CARTESIAN_POINT('',(-0.0162595889438914,0.0922500835052536,0.002));
#5611=CARTESIAN_POINT('',(-0.0162595889438914,0.0922500835052536,0.005));
#5612=CARTESIAN_POINT('',(-0.0162893906745012,0.0927520073892083,0.002));
#5613=CARTESIAN_POINT('',(-0.0162893906745012,0.0927520073892083,0.005));
#5614=CARTESIAN_POINT('',(-0.0158082495763665,0.091420340584591,0.002));
#5615=CARTESIAN_POINT('',(-0.0158082495763665,0.091420340584591,0.002));
#5616=CARTESIAN_POINT('',(-0.0158082495763665,0.091420340584591,0.002));
#5617=CARTESIAN_POINT('',(-0.0162446880785865,0.0919991215632763,0.002));
#5618=CARTESIAN_POINT('',(-0.0162893906745012,0.0927520073892083,0.002));
#5619=CARTESIAN_POINT('',(-0.0146189252482145,0.0905168775934726,0.002));
#5620=CARTESIAN_POINT('',(-0.0146189252482145,0.0905168775934726,0.005));
#5621=CARTESIAN_POINT('',(-0.0151208491321692,0.0907333322684281,0.002));
#5622=CARTESIAN_POINT('',(-0.0151208491321692,0.0907333322684281,0.005));
#5623=CARTESIAN_POINT('',(-0.0155172905748865,0.0910344865988009,0.002));
#5624=CARTESIAN_POINT('',(-0.0155172905748865,0.0910344865988009,0.005));
#5625=CARTESIAN_POINT('',(-0.0158082495763665,0.091420340584591,0.002));
#5626=CARTESIAN_POINT('',(-0.0158082495763665,0.091420340584591,0.005));
#5627=CARTESIAN_POINT('',(-0.0146189252482145,0.0905168775934726,0.002));
#5628=CARTESIAN_POINT('',(-0.0153718110741465,0.0908415596059058,0.002));
#5629=CARTESIAN_POINT('',(-0.0158082495763665,0.091420340584591,0.002));
#5630=CARTESIAN_POINT('',(4.16333634234434E-16,0.0415391394652619,0.002));
#5631=CARTESIAN_POINT('',(-0.0181716052393312,0.0955765056205564,0.002));
#5632=CARTESIAN_POINT('',(-0.0181716052393312,0.100824355104123,0.002));
#5633=CARTESIAN_POINT('',(-0.0181716052393312,0.100824355104123,0.002));
#5634=CARTESIAN_POINT('',(-0.0181716052393312,0.0955765056205564,0.002));
#5635=CARTESIAN_POINT('',(-0.0181716052393312,0.0903286561369896,0.002));
#5636=CARTESIAN_POINT('',(-0.0181716052393312,0.0903286561369896,0.002));
#5637=CARTESIAN_POINT('',(-0.0188562607872882,0.100824355104123,0.002));
#5638=CARTESIAN_POINT('',(-0.0195409163352452,0.100824355104123,0.002));
#5639=CARTESIAN_POINT('',(-0.0195409163352452,0.100824355104123,0.002));
#5640=CARTESIAN_POINT('',(-0.0188562607872882,0.100824355104123,0.002));
#5641=CARTESIAN_POINT('',(-0.0195409163352452,0.0955765056205564,0.002));
#5642=CARTESIAN_POINT('',(-0.0195409163352452,0.0903286561369896,0.002));
#5643=CARTESIAN_POINT('',(-0.0195409163352452,0.0903286561369896,0.002));
#5644=CARTESIAN_POINT('',(-0.0195409163352452,0.0955765056205564,0.002));
#5645=CARTESIAN_POINT('',(-0.0188562607872882,0.0903286561369896,0.002));
#5646=CARTESIAN_POINT('',(-0.0188562607872882,0.0903286561369896,0.002));
#5647=CARTESIAN_POINT('',(4.16333634234434E-16,0.0415391394652619,0.002));
#5648=CARTESIAN_POINT('',(0.,0.0416808115022986,0.005));
#5649=CARTESIAN_POINT('',(0.,0.0416808115022986,0.005));
#5650=CARTESIAN_POINT('',(0.,0.019304,0.0254));
#5651=MECHANICAL_DESIGN_GEOMETRIC_PRESENTATION_REPRESENTATION('',(#3144),
#5652);
#5652=(
GEOMETRIC_REPRESENTATION_CONTEXT(3)
GLOBAL_UNCERTAINTY_ASSIGNED_CONTEXT((#5653))
GLOBAL_UNIT_ASSIGNED_CONTEXT((#5656,#5655,#5654))
REPRESENTATION_CONTEXT('Part 1','TOP_LEVEL_ASSEMBLY_PART')
);
#5653=UNCERTAINTY_MEASURE_WITH_UNIT(LENGTH_MEASURE(2.E-5),#5656,
'DISTANCE_ACCURACY_VALUE','Maximum Tolerance applied to model');
#5654=(
NAMED_UNIT(*)
SI_UNIT($,.STERADIAN.)
SOLID_ANGLE_UNIT()
);
#5655=(
NAMED_UNIT(*)
PLANE_ANGLE_UNIT()
SI_UNIT($,.RADIAN.)
);
#5656=(
LENGTH_UNIT()
NAMED_UNIT(*)
SI_UNIT($,.METRE.)
);
#5657=PRODUCT_DEFINITION_SHAPE('','',#5658);
#5658=PRODUCT_DEFINITION('','',#5660,#5659);
#5659=PRODUCT_DEFINITION_CONTEXT('',#5666,'design');
#5660=PRODUCT_DEFINITION_FORMATION_WITH_SPECIFIED_SOURCE('','',#5662,
 .NOT_KNOWN.);
#5661=PRODUCT_RELATED_PRODUCT_CATEGORY('','',(#5662));
#5662=PRODUCT('Part 1','Part 1','Part 1',(#5664));
#5663=PRODUCT_CATEGORY('','');
#5664=PRODUCT_CONTEXT('',#5666,'mechanical');
#5665=APPLICATION_PROTOCOL_DEFINITION('international standard',
'ap242_managed_model_based_3d_engineering',2020,#5666);
#5666=APPLICATION_CONTEXT('managed model based 3d engineering');
ENDSEC;
END-ISO-10303-21;
