ISO-10303-21;
HEADER;
/* Generated by software containing ST-Developer
 * from STEP Tools, Inc. (www.steptools.com) 
 */
/* OPTION: using custom renumber hook */

FILE_DESCRIPTION(
/* description */ ('STEP AP242 Edition 2',
'CAx-IF Rec.Pracs.---Representation and Presentation of Product Manufa
cturing Information (PMI)---4.0---2014-10-13',
'CAx-IF Rec.Pracs.---3D Tessellated Geometry---0.4---2014-09-14','2;1',
'CAx-IF Rec.Pracs.---User Defined Attributes---1.5---2016-08-15'),
/* implementation_level */ '2;1');

FILE_NAME(
/* name */ 'Body - Spur gear (30 teeth)',
/* time_stamp */ '2026-08-03T01:29:05Z',
/* author */ (''),
/* organization */ (''),
/* preprocessor_version */ 'ST-DEVELOPER v20',
/* originating_system */ 'ONSHAPE BY PTC INC, 1.218',
/* authorisation */ '  ');

FILE_SCHEMA (('AP242_MANAGED_MODEL_BASED_3D_ENGINEERING_MIM_LF { 1 0 10303 442 3 1 4 }'));
ENDSEC;

DATA;
#10=SHAPE_REPRESENTATION_RELATIONSHIP('','',#3473,#11);
#11=ADVANCED_BREP_SHAPE_REPRESENTATION('',(#3471),#9985);
#12=B_SPLINE_SURFACE_WITH_KNOTS('',3,1,((#9050,#9051),(#9052,#9053),(#9054,
#9055),(#9056,#9057),(#9058,#9059),(#9060,#9061)),
 .SURF_OF_LINEAR_EXTRUSION.,.F.,.F.,.F.,(4,1,1,4),(2,2),(0.0826756939151333,
0.310152952035262,0.53763021015539,0.992584726395647),(0.,1.),
 .UNSPECIFIED.);
#13=B_SPLINE_SURFACE_WITH_KNOTS('',3,1,((#9063,#9064),(#9065,#9066),(#9067,
#9068),(#9069,#9070),(#9071,#9072),(#9073,#9074)),
 .SURF_OF_LINEAR_EXTRUSION.,.F.,.F.,.F.,(4,1,1,4),(2,2),(0.0826756939151636,
0.310152952035284,0.537630210155405,0.992584726395647),(0.,1.),
 .UNSPECIFIED.);
#14=B_SPLINE_SURFACE_WITH_KNOTS('',3,1,((#9081,#9082),(#9083,#9084),(#9085,
#9086),(#9087,#9088),(#9089,#9090),(#9091,#9092)),
 .SURF_OF_LINEAR_EXTRUSION.,.F.,.F.,.F.,(4,1,1,4),(2,2),(0.0826756939151189,
0.310152952035251,0.537630210155383,0.992584726395647),(0.,1.),
 .UNSPECIFIED.);
#15=B_SPLINE_SURFACE_WITH_KNOTS('',3,1,((#9094,#9095),(#9096,#9097),(#9098,
#9099),(#9100,#9101),(#9102,#9103),(#9104,#9105)),
 .SURF_OF_LINEAR_EXTRUSION.,.F.,.F.,.F.,(4,1,1,4),(2,2),(0.0826756939151564,
0.310152952035279,0.537630210155402,0.992584726395647),(0.,1.),
 .UNSPECIFIED.);
#16=B_SPLINE_SURFACE_WITH_KNOTS('',3,1,((#9112,#9113),(#9114,#9115),(#9116,
#9117),(#9118,#9119),(#9120,#9121),(#9122,#9123)),
 .SURF_OF_LINEAR_EXTRUSION.,.F.,.F.,.F.,(4,1,1,4),(2,2),(0.0826756939151293,
0.310152952035259,0.537630210155388,0.992584726395647),(0.,1.),
 .UNSPECIFIED.);
#17=B_SPLINE_SURFACE_WITH_KNOTS('',3,1,((#9125,#9126),(#9127,#9128),(#9129,
#9130),(#9131,#9132),(#9133,#9134),(#9135,#9136)),
 .SURF_OF_LINEAR_EXTRUSION.,.F.,.F.,.F.,(4,1,1,4),(2,2),(0.0826756939151387,
0.310152952035266,0.537630210155393,0.992584726395647),(0.,1.),
 .UNSPECIFIED.);
#18=B_SPLINE_SURFACE_WITH_KNOTS('',3,1,((#9143,#9144),(#9145,#9146),(#9147,
#9148),(#9149,#9150),(#9151,#9152),(#9153,#9154)),
 .SURF_OF_LINEAR_EXTRUSION.,.F.,.F.,.F.,(4,1,1,4),(2,2),(0.0826756939151335,
0.310152952035262,0.53763021015539,0.992584726395647),(0.,1.),
 .UNSPECIFIED.);
#19=B_SPLINE_SURFACE_WITH_KNOTS('',3,1,((#9156,#9157),(#9158,#9159),(#9160,
#9161),(#9162,#9163),(#9164,#9165),(#9166,#9167)),
 .SURF_OF_LINEAR_EXTRUSION.,.F.,.F.,.F.,(4,1,1,4),(2,2),(0.0826756939151444,
0.31015295203527,0.537630210155396,0.992584726395647),(0.,1.),
 .UNSPECIFIED.);
#20=B_SPLINE_SURFACE_WITH_KNOTS('',3,1,((#9174,#9175),(#9176,#9177),(#9178,
#9179),(#9180,#9181),(#9182,#9183),(#9184,#9185)),
 .SURF_OF_LINEAR_EXTRUSION.,.F.,.F.,.F.,(4,1,1,4),(2,2),(0.0826756939151231,
0.310152952035254,0.537630210155385,0.992584726395647),(0.,1.),
 .UNSPECIFIED.);
#21=B_SPLINE_SURFACE_WITH_KNOTS('',3,1,((#9187,#9188),(#9189,#9190),(#9191,
#9192),(#9193,#9194),(#9195,#9196),(#9197,#9198)),
 .SURF_OF_LINEAR_EXTRUSION.,.F.,.F.,.F.,(4,1,1,4),(2,2),(0.0826756939151413,
0.310152952035268,0.537630210155394,0.992584726395647),(0.,1.),
 .UNSPECIFIED.);
#22=B_SPLINE_SURFACE_WITH_KNOTS('',3,1,((#9205,#9206),(#9207,#9208),(#9209,
#9210),(#9211,#9212),(#9213,#9214),(#9215,#9216)),
 .SURF_OF_LINEAR_EXTRUSION.,.F.,.F.,.F.,(4,1,1,4),(2,2),(0.0826756939151098,
0.310152952035244,0.537630210155378,0.992584726395647),(0.,1.),
 .UNSPECIFIED.);
#23=B_SPLINE_SURFACE_WITH_KNOTS('',3,1,((#9218,#9219),(#9220,#9221),(#9222,
#9223),(#9224,#9225),(#9226,#9227),(#9228,#9229)),
 .SURF_OF_LINEAR_EXTRUSION.,.F.,.F.,.F.,(4,1,1,4),(2,2),(0.0826756939151531,
0.310152952035277,0.5376302101554,0.992584726395647),(0.,1.),
 .UNSPECIFIED.);
#24=B_SPLINE_SURFACE_WITH_KNOTS('',3,1,((#9236,#9237),(#9238,#9239),(#9240,
#9241),(#9242,#9243),(#9244,#9245),(#9246,#9247)),
 .SURF_OF_LINEAR_EXTRUSION.,.F.,.F.,.F.,(4,1,1,4),(2,2),(0.0826756939151212,
0.310152952035253,0.537630210155384,0.992584726395647),(0.,1.),
 .UNSPECIFIED.);
#25=B_SPLINE_SURFACE_WITH_KNOTS('',3,1,((#9249,#9250),(#9251,#9252),(#9253,
#9254),(#9255,#9256),(#9257,#9258),(#9259,#9260)),
 .SURF_OF_LINEAR_EXTRUSION.,.F.,.F.,.F.,(4,1,1,4),(2,2),(0.0826756939151562,
0.310152952035279,0.537630210155402,0.992584726395647),(0.,1.),
 .UNSPECIFIED.);
#26=B_SPLINE_SURFACE_WITH_KNOTS('',3,1,((#9267,#9268),(#9269,#9270),(#9271,
#9272),(#9273,#9274),(#9275,#9276),(#9277,#9278)),
 .SURF_OF_LINEAR_EXTRUSION.,.F.,.F.,.F.,(4,1,1,4),(2,2),(0.0826756939151276,
0.310152952035257,0.537630210155387,0.992584726395647),(0.,1.),
 .UNSPECIFIED.);
#27=B_SPLINE_SURFACE_WITH_KNOTS('',3,1,((#9280,#9281),(#9282,#9283),(#9284,
#9285),(#9286,#9287),(#9288,#9289),(#9290,#9291)),
 .SURF_OF_LINEAR_EXTRUSION.,.F.,.F.,.F.,(4,1,1,4),(2,2),(0.0826756939151833,
0.310152952035299,0.537630210155415,0.992584726395647),(0.,1.),
 .UNSPECIFIED.);
#28=B_SPLINE_SURFACE_WITH_KNOTS('',3,1,((#9298,#9299),(#9300,#9301),(#9302,
#9303),(#9304,#9305),(#9306,#9307),(#9308,#9309)),
 .SURF_OF_LINEAR_EXTRUSION.,.F.,.F.,.F.,(4,1,1,4),(2,2),(0.0826756939151248,
0.310152952035255,0.537630210155386,0.992584726395647),(0.,1.),
 .UNSPECIFIED.);
#29=B_SPLINE_SURFACE_WITH_KNOTS('',3,1,((#9311,#9312),(#9313,#9314),(#9315,
#9316),(#9317,#9318),(#9319,#9320),(#9321,#9322)),
 .SURF_OF_LINEAR_EXTRUSION.,.F.,.F.,.F.,(4,1,1,4),(2,2),(0.0826756939151554,
0.310152952035278,0.537630210155401,0.992584726395647),(0.,1.),
 .UNSPECIFIED.);
#30=B_SPLINE_SURFACE_WITH_KNOTS('',3,1,((#9329,#9330),(#9331,#9332),(#9333,
#9334),(#9335,#9336),(#9337,#9338),(#9339,#9340)),
 .SURF_OF_LINEAR_EXTRUSION.,.F.,.F.,.F.,(4,1,1,4),(2,2),(0.0826756939151268,
0.310152952035257,0.537630210155387,0.992584726395647),(0.,1.),
 .UNSPECIFIED.);
#31=B_SPLINE_SURFACE_WITH_KNOTS('',3,1,((#9342,#9343),(#9344,#9345),(#9346,
#9347),(#9348,#9349),(#9350,#9351),(#9352,#9353)),
 .SURF_OF_LINEAR_EXTRUSION.,.F.,.F.,.F.,(4,1,1,4),(2,2),(0.08267569391515,
0.310152952035274,0.537630210155398,0.992584726395647),(0.,1.),
 .UNSPECIFIED.);
#32=B_SPLINE_SURFACE_WITH_KNOTS('',3,1,((#9360,#9361),(#9362,#9363),(#9364,
#9365),(#9366,#9367),(#9368,#9369),(#9370,#9371)),
 .SURF_OF_LINEAR_EXTRUSION.,.F.,.F.,.F.,(4,1,1,4),(2,2),(0.0826756939151217,
0.310152952035253,0.537630210155384,0.992584726395647),(0.,1.),
 .UNSPECIFIED.);
#33=B_SPLINE_SURFACE_WITH_KNOTS('',3,1,((#9373,#9374),(#9375,#9376),(#9377,
#9378),(#9379,#9380),(#9381,#9382),(#9383,#9384)),
 .SURF_OF_LINEAR_EXTRUSION.,.F.,.F.,.F.,(4,1,1,4),(2,2),(0.0826756939151414,
0.310152952035268,0.537630210155394,0.992584726395647),(0.,1.),
 .UNSPECIFIED.);
#34=B_SPLINE_SURFACE_WITH_KNOTS('',3,1,((#9391,#9392),(#9393,#9394),(#9395,
#9396),(#9397,#9398),(#9399,#9400),(#9401,#9402)),
 .SURF_OF_LINEAR_EXTRUSION.,.F.,.F.,.F.,(4,1,1,4),(2,2),(0.0826756939151331,
0.310152952035262,0.53763021015539,0.992584726395647),(0.,1.),
 .UNSPECIFIED.);
#35=B_SPLINE_SURFACE_WITH_KNOTS('',3,1,((#9404,#9405),(#9406,#9407),(#9408,
#9409),(#9410,#9411),(#9412,#9413),(#9414,#9415)),
 .SURF_OF_LINEAR_EXTRUSION.,.F.,.F.,.F.,(4,1,1,4),(2,2),(0.0826756939151367,
0.310152952035264,0.537630210155392,0.992584726395647),(0.,1.),
 .UNSPECIFIED.);
#36=B_SPLINE_SURFACE_WITH_KNOTS('',3,1,((#9422,#9423),(#9424,#9425),(#9426,
#9427),(#9428,#9429),(#9430,#9431),(#9432,#9433)),
 .SURF_OF_LINEAR_EXTRUSION.,.F.,.F.,.F.,(4,1,1,4),(2,2),(0.0826756939151108,
0.310152952035245,0.537630210155379,0.992584726395647),(0.,1.),
 .UNSPECIFIED.);
#37=B_SPLINE_SURFACE_WITH_KNOTS('',3,1,((#9435,#9436),(#9437,#9438),(#9439,
#9440),(#9441,#9442),(#9443,#9444),(#9445,#9446)),
 .SURF_OF_LINEAR_EXTRUSION.,.F.,.F.,.F.,(4,1,1,4),(2,2),(0.0826756939151583,
0.31015295203528,0.537630210155403,0.992584726395647),(0.,1.),
 .UNSPECIFIED.);
#38=B_SPLINE_SURFACE_WITH_KNOTS('',3,1,((#9453,#9454),(#9455,#9456),(#9457,
#9458),(#9459,#9460),(#9461,#9462),(#9463,#9464)),
 .SURF_OF_LINEAR_EXTRUSION.,.F.,.F.,.F.,(4,1,1,4),(2,2),(0.0826756939151213,
0.310152952035253,0.537630210155384,0.992584726395647),(0.,1.),
 .UNSPECIFIED.);
#39=B_SPLINE_SURFACE_WITH_KNOTS('',3,1,((#9466,#9467),(#9468,#9469),(#9470,
#9471),(#9472,#9473),(#9474,#9475),(#9476,#9477)),
 .SURF_OF_LINEAR_EXTRUSION.,.F.,.F.,.F.,(4,1,1,4),(2,2),(0.0826756939151467,
0.310152952035272,0.537630210155397,0.992584726395647),(0.,1.),
 .UNSPECIFIED.);
#40=B_SPLINE_SURFACE_WITH_KNOTS('',3,1,((#9484,#9485),(#9486,#9487),(#9488,
#9489),(#9490,#9491),(#9492,#9493),(#9494,#9495)),
 .SURF_OF_LINEAR_EXTRUSION.,.F.,.F.,.F.,(4,1,1,4),(2,2),(0.0826756939151282,
0.310152952035258,0.537630210155388,0.992584726395647),(0.,1.),
 .UNSPECIFIED.);
#41=B_SPLINE_SURFACE_WITH_KNOTS('',3,1,((#9497,#9498),(#9499,#9500),(#9501,
#9502),(#9503,#9504),(#9505,#9506),(#9507,#9508)),
 .SURF_OF_LINEAR_EXTRUSION.,.F.,.F.,.F.,(4,1,1,4),(2,2),(0.0826756939151478,
0.310152952035273,0.537630210155397,0.992584726395647),(0.,1.),
 .UNSPECIFIED.);
#42=B_SPLINE_SURFACE_WITH_KNOTS('',3,1,((#9515,#9516),(#9517,#9518),(#9519,
#9520),(#9521,#9522),(#9523,#9524),(#9525,#9526)),
 .SURF_OF_LINEAR_EXTRUSION.,.F.,.F.,.F.,(4,1,1,4),(2,2),(0.0826756939151332,
0.310152952035262,0.53763021015539,0.992584726395647),(0.,1.),
 .UNSPECIFIED.);
#43=B_SPLINE_SURFACE_WITH_KNOTS('',3,1,((#9528,#9529),(#9530,#9531),(#9532,
#9533),(#9534,#9535),(#9536,#9537),(#9538,#9539)),
 .SURF_OF_LINEAR_EXTRUSION.,.F.,.F.,.F.,(4,1,1,4),(2,2),(0.0826756939151636,
0.310152952035284,0.537630210155405,0.992584726395647),(0.,1.),
 .UNSPECIFIED.);
#44=B_SPLINE_SURFACE_WITH_KNOTS('',3,1,((#9546,#9547),(#9548,#9549),(#9550,
#9551),(#9552,#9553),(#9554,#9555),(#9556,#9557)),
 .SURF_OF_LINEAR_EXTRUSION.,.F.,.F.,.F.,(4,1,1,4),(2,2),(0.0826756939151204,
0.310152952035252,0.537630210155384,0.992584726395647),(0.,1.),
 .UNSPECIFIED.);
#45=B_SPLINE_SURFACE_WITH_KNOTS('',3,1,((#9559,#9560),(#9561,#9562),(#9563,
#9564),(#9565,#9566),(#9567,#9568),(#9569,#9570)),
 .SURF_OF_LINEAR_EXTRUSION.,.F.,.F.,.F.,(4,1,1,4),(2,2),(0.0826756939151557,
0.310152952035279,0.537630210155401,0.992584726395647),(0.,1.),
 .UNSPECIFIED.);
#46=B_SPLINE_SURFACE_WITH_KNOTS('',3,1,((#9577,#9578),(#9579,#9580),(#9581,
#9582),(#9583,#9584),(#9585,#9586),(#9587,#9588)),
 .SURF_OF_LINEAR_EXTRUSION.,.F.,.F.,.F.,(4,1,1,4),(2,2),(0.0826756939151168,
0.310152952035249,0.537630210155382,0.992584726395647),(0.,1.),
 .UNSPECIFIED.);
#47=B_SPLINE_SURFACE_WITH_KNOTS('',3,1,((#9590,#9591),(#9592,#9593),(#9594,
#9595),(#9596,#9597),(#9598,#9599),(#9600,#9601)),
 .SURF_OF_LINEAR_EXTRUSION.,.F.,.F.,.F.,(4,1,1,4),(2,2),(0.082675693915153,
0.310152952035277,0.5376302101554,0.992584726395647),(0.,1.),
 .UNSPECIFIED.);
#48=B_SPLINE_SURFACE_WITH_KNOTS('',3,1,((#9608,#9609),(#9610,#9611),(#9612,
#9613),(#9614,#9615),(#9616,#9617),(#9618,#9619)),
 .SURF_OF_LINEAR_EXTRUSION.,.F.,.F.,.F.,(4,1,1,4),(2,2),(0.0826756939151226,
0.310152952035254,0.537630210155385,0.992584726395647),(0.,1.),
 .UNSPECIFIED.);
#49=B_SPLINE_SURFACE_WITH_KNOTS('',3,1,((#9621,#9622),(#9623,#9624),(#9625,
#9626),(#9627,#9628),(#9629,#9630),(#9631,#9632)),
 .SURF_OF_LINEAR_EXTRUSION.,.F.,.F.,.F.,(4,1,1,4),(2,2),(0.0826756939151613,
0.310152952035283,0.537630210155404,0.992584726395647),(0.,1.),
 .UNSPECIFIED.);
#50=B_SPLINE_SURFACE_WITH_KNOTS('',3,1,((#9639,#9640),(#9641,#9642),(#9643,
#9644),(#9645,#9646),(#9647,#9648),(#9649,#9650)),
 .SURF_OF_LINEAR_EXTRUSION.,.F.,.F.,.F.,(4,1,1,4),(2,2),(0.0826756939151268,
0.310152952035257,0.537630210155387,0.992584726395647),(0.,1.),
 .UNSPECIFIED.);
#51=B_SPLINE_SURFACE_WITH_KNOTS('',3,1,((#9652,#9653),(#9654,#9655),(#9656,
#9657),(#9658,#9659),(#9660,#9661),(#9662,#9663)),
 .SURF_OF_LINEAR_EXTRUSION.,.F.,.F.,.F.,(4,1,1,4),(2,2),(0.0826756939151443,
0.31015295203527,0.537630210155396,0.992584726395647),(0.,1.),
 .UNSPECIFIED.);
#52=B_SPLINE_SURFACE_WITH_KNOTS('',3,1,((#9670,#9671),(#9672,#9673),(#9674,
#9675),(#9676,#9677),(#9678,#9679),(#9680,#9681)),
 .SURF_OF_LINEAR_EXTRUSION.,.F.,.F.,.F.,(4,1,1,4),(2,2),(0.0826756939151157,
0.310152952035249,0.537630210155381,0.992584726395647),(0.,1.),
 .UNSPECIFIED.);
#53=B_SPLINE_SURFACE_WITH_KNOTS('',3,1,((#9683,#9684),(#9685,#9686),(#9687,
#9688),(#9689,#9690),(#9691,#9692),(#9693,#9694)),
 .SURF_OF_LINEAR_EXTRUSION.,.F.,.F.,.F.,(4,1,1,4),(2,2),(0.0826756939151492,
0.310152952035274,0.537630210155398,0.992584726395647),(0.,1.),
 .UNSPECIFIED.);
#54=B_SPLINE_SURFACE_WITH_KNOTS('',3,1,((#9701,#9702),(#9703,#9704),(#9705,
#9706),(#9707,#9708),(#9709,#9710),(#9711,#9712)),
 .SURF_OF_LINEAR_EXTRUSION.,.F.,.F.,.F.,(4,1,1,4),(2,2),(0.0826756939151373,
0.310152952035265,0.537630210155392,0.992584726395647),(0.,1.),
 .UNSPECIFIED.);
#55=B_SPLINE_SURFACE_WITH_KNOTS('',3,1,((#9714,#9715),(#9716,#9717),(#9718,
#9719),(#9720,#9721),(#9722,#9723),(#9724,#9725)),
 .SURF_OF_LINEAR_EXTRUSION.,.F.,.F.,.F.,(4,1,1,4),(2,2),(0.0826756939151623,
0.310152952035283,0.537630210155405,0.992584726395647),(0.,1.),
 .UNSPECIFIED.);
#56=B_SPLINE_SURFACE_WITH_KNOTS('',3,1,((#9732,#9733),(#9734,#9735),(#9736,
#9737),(#9738,#9739),(#9740,#9741),(#9742,#9743)),
 .SURF_OF_LINEAR_EXTRUSION.,.F.,.F.,.F.,(4,1,1,4),(2,2),(0.0826756939151281,
0.310152952035258,0.537630210155388,0.992584726395647),(0.,1.),
 .UNSPECIFIED.);
#57=B_SPLINE_SURFACE_WITH_KNOTS('',3,1,((#9745,#9746),(#9747,#9748),(#9749,
#9750),(#9751,#9752),(#9753,#9754),(#9755,#9756)),
 .SURF_OF_LINEAR_EXTRUSION.,.F.,.F.,.F.,(4,1,1,4),(2,2),(0.0826756939151491,
0.310152952035274,0.537630210155398,0.992584726395647),(0.,1.),
 .UNSPECIFIED.);
#58=B_SPLINE_SURFACE_WITH_KNOTS('',3,1,((#9763,#9764),(#9765,#9766),(#9767,
#9768),(#9769,#9770),(#9771,#9772),(#9773,#9774)),
 .SURF_OF_LINEAR_EXTRUSION.,.F.,.F.,.F.,(4,1,1,4),(2,2),(0.0826756939151217,
0.310152952035253,0.537630210155384,0.992584726395647),(0.,1.),
 .UNSPECIFIED.);
#59=B_SPLINE_SURFACE_WITH_KNOTS('',3,1,((#9776,#9777),(#9778,#9779),(#9780,
#9781),(#9782,#9783),(#9784,#9785),(#9786,#9787)),
 .SURF_OF_LINEAR_EXTRUSION.,.F.,.F.,.F.,(4,1,1,4),(2,2),(0.0826756939151414,
0.310152952035268,0.537630210155394,0.992584726395647),(0.,1.),
 .UNSPECIFIED.);
#60=B_SPLINE_SURFACE_WITH_KNOTS('',3,1,((#9794,#9795),(#9796,#9797),(#9798,
#9799),(#9800,#9801),(#9802,#9803),(#9804,#9805)),
 .SURF_OF_LINEAR_EXTRUSION.,.F.,.F.,.F.,(4,1,1,4),(2,2),(0.0826756939151303,
0.310152952035259,0.537630210155389,0.992584726395647),(0.,1.),
 .UNSPECIFIED.);
#61=B_SPLINE_SURFACE_WITH_KNOTS('',3,1,((#9807,#9808),(#9809,#9810),(#9811,
#9812),(#9813,#9814),(#9815,#9816),(#9817,#9818)),
 .SURF_OF_LINEAR_EXTRUSION.,.F.,.F.,.F.,(4,1,1,4),(2,2),(0.0826756939151468,
0.310152952035272,0.537630210155397,0.992584726395647),(0.,1.),
 .UNSPECIFIED.);
#62=B_SPLINE_SURFACE_WITH_KNOTS('',3,1,((#9825,#9826),(#9827,#9828),(#9829,
#9830),(#9831,#9832),(#9833,#9834),(#9835,#9836)),
 .SURF_OF_LINEAR_EXTRUSION.,.F.,.F.,.F.,(4,1,1,4),(2,2),(0.0826756939151331,
0.310152952035262,0.53763021015539,0.992584726395647),(0.,1.),
 .UNSPECIFIED.);
#63=B_SPLINE_SURFACE_WITH_KNOTS('',3,1,((#9838,#9839),(#9840,#9841),(#9842,
#9843),(#9844,#9845),(#9846,#9847),(#9848,#9849)),
 .SURF_OF_LINEAR_EXTRUSION.,.F.,.F.,.F.,(4,1,1,4),(2,2),(0.0826756939151367,
0.310152952035264,0.537630210155392,0.992584726395647),(0.,1.),
 .UNSPECIFIED.);
#64=B_SPLINE_SURFACE_WITH_KNOTS('',3,1,((#9856,#9857),(#9858,#9859),(#9860,
#9861),(#9862,#9863),(#9864,#9865),(#9866,#9867)),
 .SURF_OF_LINEAR_EXTRUSION.,.F.,.F.,.F.,(4,1,1,4),(2,2),(0.0826756939151115,
0.310152952035245,0.537630210155379,0.992584726395647),(0.,1.),
 .UNSPECIFIED.);
#65=B_SPLINE_SURFACE_WITH_KNOTS('',3,1,((#9869,#9870),(#9871,#9872),(#9873,
#9874),(#9875,#9876),(#9877,#9878),(#9879,#9880)),
 .SURF_OF_LINEAR_EXTRUSION.,.F.,.F.,.F.,(4,1,1,4),(2,2),(0.0826756939151646,
0.310152952035285,0.537630210155406,0.992584726395647),(0.,1.),
 .UNSPECIFIED.);
#66=B_SPLINE_SURFACE_WITH_KNOTS('',3,1,((#9887,#9888),(#9889,#9890),(#9891,
#9892),(#9893,#9894),(#9895,#9896),(#9897,#9898)),
 .SURF_OF_LINEAR_EXTRUSION.,.F.,.F.,.F.,(4,1,1,4),(2,2),(0.0826756939151269,
0.310152952035257,0.537630210155387,0.992584726395647),(0.,1.),
 .UNSPECIFIED.);
#67=B_SPLINE_SURFACE_WITH_KNOTS('',3,1,((#9900,#9901),(#9902,#9903),(#9904,
#9905),(#9906,#9907),(#9908,#9909),(#9910,#9911)),
 .SURF_OF_LINEAR_EXTRUSION.,.F.,.F.,.F.,(4,1,1,4),(2,2),(0.0826756939151499,
0.310152952035274,0.537630210155398,0.992584726395647),(0.,1.),
 .UNSPECIFIED.);
#68=B_SPLINE_SURFACE_WITH_KNOTS('',3,1,((#9918,#9919),(#9920,#9921),(#9922,
#9923),(#9924,#9925),(#9926,#9927),(#9928,#9929)),
 .SURF_OF_LINEAR_EXTRUSION.,.F.,.F.,.F.,(4,1,1,4),(2,2),(0.0826756939151248,
0.310152952035255,0.537630210155386,0.992584726395647),(0.,1.),
 .UNSPECIFIED.);
#69=B_SPLINE_SURFACE_WITH_KNOTS('',3,1,((#9931,#9932),(#9933,#9934),(#9935,
#9936),(#9937,#9938),(#9939,#9940),(#9941,#9942)),
 .SURF_OF_LINEAR_EXTRUSION.,.F.,.F.,.F.,(4,1,1,4),(2,2),(0.0826756939151554,
0.310152952035278,0.537630210155401,0.992584726395647),(0.,1.),
 .UNSPECIFIED.);
#70=B_SPLINE_SURFACE_WITH_KNOTS('',3,1,((#9949,#9950),(#9951,#9952),(#9953,
#9954),(#9955,#9956),(#9957,#9958),(#9959,#9960)),
 .SURF_OF_LINEAR_EXTRUSION.,.F.,.F.,.F.,(4,1,1,4),(2,2),(0.0826756939151276,
0.310152952035258,0.537630210155387,0.992584726395647),(0.,1.),
 .UNSPECIFIED.);
#71=B_SPLINE_SURFACE_WITH_KNOTS('',3,1,((#9962,#9963),(#9964,#9965),(#9966,
#9967),(#9968,#9969),(#9970,#9971),(#9972,#9973)),
 .SURF_OF_LINEAR_EXTRUSION.,.F.,.F.,.F.,(4,1,1,4),(2,2),(0.0826756939151823,
0.310152952035298,0.537630210155415,0.992584726395647),(0.,1.),
 .UNSPECIFIED.);
#72=B_SPLINE_CURVE_WITH_KNOTS('',3,(#5032,#5033,#5034,#5035,#5036,#5037,
#5038,#5039,#5040,#5041,#5042,#5043,#5044,#5045,#5046,#5047,#5048,#5049,
#5050,#5051,#5052,#5053,#5054,#5055,#5056,#5057,#5058,#5059,#5060,#5061),
 .UNSPECIFIED.,.F.,.F.,(4,1,1,1,1,1,1,1,1,1,1,1,1,1,1,1,1,1,1,1,1,1,1,1,
1,1,1,4),(0.,0.0780109662847482,0.0901685395200574,0.105863895976586,0.124434891170109,
0.145492419933233,0.168772393642442,0.194080393087177,0.2212655452278,0.25020634961509,
0.280802228760982,0.312968134362401,0.346630920133151,0.381726800357429,
0.418199508945183,0.455998928713872,0.495080046892118,0.535402143332512,
0.5769281487351,0.619624129671185,0.663458869906946,0.708403526041081,0.754431341311052,
0.801517405513374,0.84963845190295,0.898772684055406,0.948899627237829,
0.992584726395647),.UNSPECIFIED.);
#73=B_SPLINE_CURVE_WITH_KNOTS('',3,(#5062,#5063,#5064,#5065,#5066,#5067,
#5068,#5069,#5070,#5071,#5072,#5073,#5074,#5075,#5076,#5077,#5078,#5079,
#5080,#5081,#5082,#5083,#5084,#5085,#5086,#5087,#5088,#5089,#5090,#5091),
 .UNSPECIFIED.,.F.,.F.,(4,1,1,1,1,1,1,1,1,1,1,1,1,1,1,1,1,1,1,1,1,1,1,1,
1,1,1,4),(0.,0.0780109662847482,0.0901685395200574,0.105863895976586,0.124434891170109,
0.145492419933233,0.168772393642442,0.194080393087177,0.2212655452278,0.25020634961509,
0.280802228760982,0.312968134362401,0.346630920133151,0.381726800357429,
0.418199508945183,0.455998928713872,0.495080046892118,0.535402143332512,
0.5769281487351,0.619624129671185,0.663458869906946,0.708403526041081,0.754431341311052,
0.801517405513374,0.84963845190295,0.898772684055406,0.948899627237829,
0.992584726395647),.UNSPECIFIED.);
#74=B_SPLINE_CURVE_WITH_KNOTS('',3,(#5099,#5100,#5101,#5102,#5103,#5104,
#5105,#5106,#5107,#5108,#5109,#5110,#5111,#5112,#5113,#5114,#5115,#5116,
#5117,#5118,#5119,#5120,#5121,#5122,#5123,#5124,#5125,#5126,#5127,#5128),
 .UNSPECIFIED.,.F.,.F.,(4,1,1,1,1,1,1,1,1,1,1,1,1,1,1,1,1,1,1,1,1,1,1,1,
1,1,1,4),(0.,0.0780109662847482,0.0901685395200574,0.105863895976586,0.124434891170109,
0.145492419933233,0.168772393642442,0.194080393087177,0.2212655452278,0.25020634961509,
0.280802228760982,0.312968134362401,0.346630920133151,0.381726800357429,
0.418199508945183,0.455998928713872,0.495080046892118,0.535402143332512,
0.5769281487351,0.619624129671185,0.663458869906946,0.708403526041081,0.754431341311052,
0.801517405513374,0.84963845190295,0.898772684055406,0.948899627237829,
0.992584726395647),.UNSPECIFIED.);
#75=B_SPLINE_CURVE_WITH_KNOTS('',3,(#5129,#5130,#5131,#5132,#5133,#5134,
#5135,#5136,#5137,#5138,#5139,#5140,#5141,#5142,#5143,#5144,#5145,#5146,
#5147,#5148,#5149,#5150,#5151,#5152,#5153,#5154,#5155,#5156,#5157,#5158),
 .UNSPECIFIED.,.F.,.F.,(4,1,1,1,1,1,1,1,1,1,1,1,1,1,1,1,1,1,1,1,1,1,1,1,
1,1,1,4),(0.,0.0780109662847482,0.0901685395200574,0.105863895976586,0.124434891170109,
0.145492419933233,0.168772393642442,0.194080393087177,0.2212655452278,0.25020634961509,
0.280802228760982,0.312968134362401,0.346630920133151,0.381726800357429,
0.418199508945183,0.455998928713872,0.495080046892118,0.535402143332512,
0.5769281487351,0.619624129671185,0.663458869906946,0.708403526041081,0.754431341311052,
0.801517405513374,0.84963845190295,0.898772684055406,0.948899627237829,
0.992584726395647),.UNSPECIFIED.);
#76=B_SPLINE_CURVE_WITH_KNOTS('',3,(#5166,#5167,#5168,#5169,#5170,#5171,
#5172,#5173,#5174,#5175,#5176,#5177,#5178,#5179,#5180,#5181,#5182,#5183,
#5184,#5185,#5186,#5187,#5188,#5189,#5190,#5191,#5192,#5193,#5194,#5195),
 .UNSPECIFIED.,.F.,.F.,(4,1,1,1,1,1,1,1,1,1,1,1,1,1,1,1,1,1,1,1,1,1,1,1,
1,1,1,4),(0.,0.0780109662847482,0.0901685395200574,0.105863895976586,0.124434891170109,
0.145492419933233,0.168772393642442,0.194080393087177,0.2212655452278,0.25020634961509,
0.280802228760982,0.312968134362401,0.346630920133151,0.381726800357429,
0.418199508945183,0.455998928713872,0.495080046892118,0.535402143332512,
0.5769281487351,0.619624129671185,0.663458869906946,0.708403526041081,0.754431341311052,
0.801517405513374,0.84963845190295,0.898772684055406,0.948899627237829,
0.992584726395647),.UNSPECIFIED.);
#77=B_SPLINE_CURVE_WITH_KNOTS('',3,(#5196,#5197,#5198,#5199,#5200,#5201,
#5202,#5203,#5204,#5205,#5206,#5207,#5208,#5209,#5210,#5211,#5212,#5213,
#5214,#5215,#5216,#5217,#5218,#5219,#5220,#5221,#5222,#5223,#5224,#5225),
 .UNSPECIFIED.,.F.,.F.,(4,1,1,1,1,1,1,1,1,1,1,1,1,1,1,1,1,1,1,1,1,1,1,1,
1,1,1,4),(0.,0.0780109662847482,0.0901685395200574,0.105863895976586,0.124434891170109,
0.145492419933233,0.168772393642442,0.194080393087177,0.2212655452278,0.25020634961509,
0.280802228760982,0.312968134362401,0.346630920133151,0.381726800357429,
0.418199508945183,0.455998928713872,0.495080046892118,0.535402143332512,
0.5769281487351,0.619624129671185,0.663458869906946,0.708403526041081,0.754431341311052,
0.801517405513374,0.84963845190295,0.898772684055406,0.948899627237829,
0.992584726395647),.UNSPECIFIED.);
#78=B_SPLINE_CURVE_WITH_KNOTS('',3,(#5233,#5234,#5235,#5236,#5237,#5238,
#5239,#5240,#5241,#5242,#5243,#5244,#5245,#5246,#5247,#5248,#5249,#5250,
#5251,#5252,#5253,#5254,#5255,#5256,#5257,#5258,#5259,#5260,#5261,#5262),
 .UNSPECIFIED.,.F.,.F.,(4,1,1,1,1,1,1,1,1,1,1,1,1,1,1,1,1,1,1,1,1,1,1,1,
1,1,1,4),(0.,0.0780109662847482,0.0901685395200574,0.105863895976586,0.124434891170109,
0.145492419933233,0.168772393642442,0.194080393087177,0.2212655452278,0.25020634961509,
0.280802228760982,0.312968134362401,0.346630920133151,0.381726800357429,
0.418199508945183,0.455998928713872,0.495080046892118,0.535402143332512,
0.5769281487351,0.619624129671185,0.663458869906946,0.708403526041081,0.754431341311052,
0.801517405513374,0.84963845190295,0.898772684055406,0.948899627237829,
0.992584726395647),.UNSPECIFIED.);
#79=B_SPLINE_CURVE_WITH_KNOTS('',3,(#5263,#5264,#5265,#5266,#5267,#5268,
#5269,#5270,#5271,#5272,#5273,#5274,#5275,#5276,#5277,#5278,#5279,#5280,
#5281,#5282,#5283,#5284,#5285,#5286,#5287,#5288,#5289,#5290,#5291,#5292),
 .UNSPECIFIED.,.F.,.F.,(4,1,1,1,1,1,1,1,1,1,1,1,1,1,1,1,1,1,1,1,1,1,1,1,
1,1,1,4),(0.,0.0780109662847482,0.0901685395200574,0.105863895976586,0.124434891170109,
0.145492419933233,0.168772393642442,0.194080393087177,0.2212655452278,0.25020634961509,
0.280802228760982,0.312968134362401,0.346630920133151,0.381726800357429,
0.418199508945183,0.455998928713872,0.495080046892118,0.535402143332512,
0.5769281487351,0.619624129671185,0.663458869906946,0.708403526041081,0.754431341311052,
0.801517405513374,0.84963845190295,0.898772684055406,0.948899627237829,
0.992584726395647),.UNSPECIFIED.);
#80=B_SPLINE_CURVE_WITH_KNOTS('',3,(#5300,#5301,#5302,#5303,#5304,#5305,
#5306,#5307,#5308,#5309,#5310,#5311,#5312,#5313,#5314,#5315,#5316,#5317,
#5318,#5319,#5320,#5321,#5322,#5323,#5324,#5325,#5326,#5327,#5328,#5329),
 .UNSPECIFIED.,.F.,.F.,(4,1,1,1,1,1,1,1,1,1,1,1,1,1,1,1,1,1,1,1,1,1,1,1,
1,1,1,4),(0.,0.0780109662847482,0.0901685395200574,0.105863895976586,0.124434891170109,
0.145492419933233,0.168772393642442,0.194080393087177,0.2212655452278,0.25020634961509,
0.280802228760982,0.312968134362401,0.346630920133151,0.381726800357429,
0.418199508945183,0.455998928713872,0.495080046892118,0.535402143332512,
0.5769281487351,0.619624129671185,0.663458869906946,0.708403526041081,0.754431341311052,
0.801517405513374,0.84963845190295,0.898772684055406,0.948899627237829,
0.992584726395647),.UNSPECIFIED.);
#81=B_SPLINE_CURVE_WITH_KNOTS('',3,(#5330,#5331,#5332,#5333,#5334,#5335,
#5336,#5337,#5338,#5339,#5340,#5341,#5342,#5343,#5344,#5345,#5346,#5347,
#5348,#5349,#5350,#5351,#5352,#5353,#5354,#5355,#5356,#5357,#5358,#5359),
 .UNSPECIFIED.,.F.,.F.,(4,1,1,1,1,1,1,1,1,1,1,1,1,1,1,1,1,1,1,1,1,1,1,1,
1,1,1,4),(0.,0.0780109662847482,0.0901685395200574,0.105863895976586,0.124434891170109,
0.145492419933233,0.168772393642442,0.194080393087177,0.2212655452278,0.25020634961509,
0.280802228760982,0.312968134362401,0.346630920133151,0.381726800357429,
0.418199508945183,0.455998928713872,0.495080046892118,0.535402143332512,
0.5769281487351,0.619624129671185,0.663458869906946,0.708403526041081,0.754431341311052,
0.801517405513374,0.84963845190295,0.898772684055406,0.948899627237829,
0.992584726395647),.UNSPECIFIED.);
#82=B_SPLINE_CURVE_WITH_KNOTS('',3,(#5367,#5368,#5369,#5370,#5371,#5372,
#5373,#5374,#5375,#5376,#5377,#5378,#5379,#5380,#5381,#5382,#5383,#5384,
#5385,#5386,#5387,#5388,#5389,#5390,#5391,#5392,#5393,#5394,#5395,#5396),
 .UNSPECIFIED.,.F.,.F.,(4,1,1,1,1,1,1,1,1,1,1,1,1,1,1,1,1,1,1,1,1,1,1,1,
1,1,1,4),(0.,0.0780109662847482,0.0901685395200574,0.105863895976586,0.124434891170109,
0.145492419933233,0.168772393642442,0.194080393087177,0.2212655452278,0.25020634961509,
0.280802228760982,0.312968134362401,0.346630920133151,0.381726800357429,
0.418199508945183,0.455998928713872,0.495080046892118,0.535402143332512,
0.5769281487351,0.619624129671185,0.663458869906946,0.708403526041081,0.754431341311052,
0.801517405513374,0.84963845190295,0.898772684055406,0.948899627237829,
0.992584726395647),.UNSPECIFIED.);
#83=B_SPLINE_CURVE_WITH_KNOTS('',3,(#5397,#5398,#5399,#5400,#5401,#5402,
#5403,#5404,#5405,#5406,#5407,#5408,#5409,#5410,#5411,#5412,#5413,#5414,
#5415,#5416,#5417,#5418,#5419,#5420,#5421,#5422,#5423,#5424,#5425,#5426),
 .UNSPECIFIED.,.F.,.F.,(4,1,1,1,1,1,1,1,1,1,1,1,1,1,1,1,1,1,1,1,1,1,1,1,
1,1,1,4),(0.,0.0780109662847482,0.0901685395200574,0.105863895976586,0.124434891170109,
0.145492419933233,0.168772393642442,0.194080393087177,0.2212655452278,0.25020634961509,
0.280802228760982,0.312968134362401,0.346630920133151,0.381726800357429,
0.418199508945183,0.455998928713872,0.495080046892118,0.535402143332512,
0.5769281487351,0.619624129671185,0.663458869906946,0.708403526041081,0.754431341311052,
0.801517405513374,0.84963845190295,0.898772684055406,0.948899627237829,
0.992584726395647),.UNSPECIFIED.);
#84=B_SPLINE_CURVE_WITH_KNOTS('',3,(#5434,#5435,#5436,#5437,#5438,#5439,
#5440,#5441,#5442,#5443,#5444,#5445,#5446,#5447,#5448,#5449,#5450,#5451,
#5452,#5453,#5454,#5455,#5456,#5457,#5458,#5459,#5460,#5461,#5462,#5463),
 .UNSPECIFIED.,.F.,.F.,(4,1,1,1,1,1,1,1,1,1,1,1,1,1,1,1,1,1,1,1,1,1,1,1,
1,1,1,4),(0.,0.0780109662847482,0.0901685395200574,0.105863895976586,0.124434891170109,
0.145492419933233,0.168772393642442,0.194080393087177,0.2212655452278,0.25020634961509,
0.280802228760982,0.312968134362401,0.346630920133151,0.381726800357429,
0.418199508945183,0.455998928713872,0.495080046892118,0.535402143332512,
0.5769281487351,0.619624129671185,0.663458869906946,0.708403526041081,0.754431341311052,
0.801517405513374,0.84963845190295,0.898772684055406,0.948899627237829,
0.992584726395647),.UNSPECIFIED.);
#85=B_SPLINE_CURVE_WITH_KNOTS('',3,(#5464,#5465,#5466,#5467,#5468,#5469,
#5470,#5471,#5472,#5473,#5474,#5475,#5476,#5477,#5478,#5479,#5480,#5481,
#5482,#5483,#5484,#5485,#5486,#5487,#5488,#5489,#5490,#5491,#5492,#5493),
 .UNSPECIFIED.,.F.,.F.,(4,1,1,1,1,1,1,1,1,1,1,1,1,1,1,1,1,1,1,1,1,1,1,1,
1,1,1,4),(0.,0.0780109662847482,0.0901685395200574,0.105863895976586,0.124434891170109,
0.145492419933233,0.168772393642442,0.194080393087177,0.2212655452278,0.25020634961509,
0.280802228760982,0.312968134362401,0.346630920133151,0.381726800357429,
0.418199508945183,0.455998928713872,0.495080046892118,0.535402143332512,
0.5769281487351,0.619624129671185,0.663458869906946,0.708403526041081,0.754431341311052,
0.801517405513374,0.84963845190295,0.898772684055406,0.948899627237829,
0.992584726395647),.UNSPECIFIED.);
#86=B_SPLINE_CURVE_WITH_KNOTS('',3,(#5501,#5502,#5503,#5504,#5505,#5506,
#5507,#5508,#5509,#5510,#5511,#5512,#5513,#5514,#5515,#5516,#5517,#5518,
#5519,#5520,#5521,#5522,#5523,#5524,#5525,#5526,#5527,#5528,#5529,#5530),
 .UNSPECIFIED.,.F.,.F.,(4,1,1,1,1,1,1,1,1,1,1,1,1,1,1,1,1,1,1,1,1,1,1,1,
1,1,1,4),(0.,0.0780109662847482,0.0901685395200574,0.105863895976586,0.124434891170109,
0.145492419933233,0.168772393642442,0.194080393087177,0.2212655452278,0.25020634961509,
0.280802228760982,0.312968134362401,0.346630920133151,0.381726800357429,
0.418199508945183,0.455998928713872,0.495080046892118,0.535402143332512,
0.5769281487351,0.619624129671185,0.663458869906946,0.708403526041081,0.754431341311052,
0.801517405513374,0.84963845190295,0.898772684055406,0.948899627237829,
0.992584726395647),.UNSPECIFIED.);
#87=B_SPLINE_CURVE_WITH_KNOTS('',3,(#5531,#5532,#5533,#5534,#5535,#5536,
#5537,#5538,#5539,#5540,#5541,#5542,#5543,#5544,#5545,#5546,#5547,#5548,
#5549,#5550,#5551,#5552,#5553,#5554,#5555,#5556,#5557,#5558,#5559,#5560),
 .UNSPECIFIED.,.F.,.F.,(4,1,1,1,1,1,1,1,1,1,1,1,1,1,1,1,1,1,1,1,1,1,1,1,
1,1,1,4),(0.,0.0780109662847482,0.0901685395200574,0.105863895976586,0.124434891170109,
0.145492419933233,0.168772393642442,0.194080393087177,0.2212655452278,0.25020634961509,
0.280802228760982,0.312968134362401,0.346630920133151,0.381726800357429,
0.418199508945183,0.455998928713872,0.495080046892118,0.535402143332512,
0.5769281487351,0.619624129671185,0.663458869906946,0.708403526041081,0.754431341311052,
0.801517405513374,0.84963845190295,0.898772684055406,0.948899627237829,
0.992584726395647),.UNSPECIFIED.);
#88=B_SPLINE_CURVE_WITH_KNOTS('',3,(#5568,#5569,#5570,#5571,#5572,#5573,
#5574,#5575,#5576,#5577,#5578,#5579,#5580,#5581,#5582,#5583,#5584,#5585,
#5586,#5587,#5588,#5589,#5590,#5591,#5592,#5593,#5594,#5595,#5596,#5597),
 .UNSPECIFIED.,.F.,.F.,(4,1,1,1,1,1,1,1,1,1,1,1,1,1,1,1,1,1,1,1,1,1,1,1,
1,1,1,4),(0.,0.0780109662847482,0.0901685395200574,0.105863895976586,0.124434891170109,
0.145492419933233,0.168772393642442,0.194080393087177,0.2212655452278,0.25020634961509,
0.280802228760982,0.312968134362401,0.346630920133151,0.381726800357429,
0.418199508945183,0.455998928713872,0.495080046892118,0.535402143332512,
0.5769281487351,0.619624129671185,0.663458869906946,0.708403526041081,0.754431341311052,
0.801517405513374,0.84963845190295,0.898772684055406,0.948899627237829,
0.992584726395647),.UNSPECIFIED.);
#89=B_SPLINE_CURVE_WITH_KNOTS('',3,(#5598,#5599,#5600,#5601,#5602,#5603,
#5604,#5605,#5606,#5607,#5608,#5609,#5610,#5611,#5612,#5613,#5614,#5615,
#5616,#5617,#5618,#5619,#5620,#5621,#5622,#5623,#5624,#5625,#5626,#5627),
 .UNSPECIFIED.,.F.,.F.,(4,1,1,1,1,1,1,1,1,1,1,1,1,1,1,1,1,1,1,1,1,1,1,1,
1,1,1,4),(0.,0.0780109662847482,0.0901685395200574,0.105863895976586,0.124434891170109,
0.145492419933233,0.168772393642442,0.194080393087177,0.2212655452278,0.25020634961509,
0.280802228760982,0.312968134362401,0.346630920133151,0.381726800357429,
0.418199508945183,0.455998928713872,0.495080046892118,0.535402143332512,
0.5769281487351,0.619624129671185,0.663458869906946,0.708403526041081,0.754431341311052,
0.801517405513374,0.84963845190295,0.898772684055406,0.948899627237829,
0.992584726395647),.UNSPECIFIED.);
#90=B_SPLINE_CURVE_WITH_KNOTS('',3,(#5635,#5636,#5637,#5638,#5639,#5640,
#5641,#5642,#5643,#5644,#5645,#5646,#5647,#5648,#5649,#5650,#5651,#5652,
#5653,#5654,#5655,#5656,#5657,#5658,#5659,#5660,#5661,#5662,#5663,#5664),
 .UNSPECIFIED.,.F.,.F.,(4,1,1,1,1,1,1,1,1,1,1,1,1,1,1,1,1,1,1,1,1,1,1,1,
1,1,1,4),(0.,0.0780109662847482,0.0901685395200574,0.105863895976586,0.124434891170109,
0.145492419933233,0.168772393642442,0.194080393087177,0.2212655452278,0.25020634961509,
0.280802228760982,0.312968134362401,0.346630920133151,0.381726800357429,
0.418199508945183,0.455998928713872,0.495080046892118,0.535402143332512,
0.5769281487351,0.619624129671185,0.663458869906946,0.708403526041081,0.754431341311052,
0.801517405513374,0.84963845190295,0.898772684055406,0.948899627237829,
0.992584726395647),.UNSPECIFIED.);
#91=B_SPLINE_CURVE_WITH_KNOTS('',3,(#5665,#5666,#5667,#5668,#5669,#5670,
#5671,#5672,#5673,#5674,#5675,#5676,#5677,#5678,#5679,#5680,#5681,#5682,
#5683,#5684,#5685,#5686,#5687,#5688,#5689,#5690,#5691,#5692,#5693,#5694),
 .UNSPECIFIED.,.F.,.F.,(4,1,1,1,1,1,1,1,1,1,1,1,1,1,1,1,1,1,1,1,1,1,1,1,
1,1,1,4),(0.,0.0780109662847482,0.0901685395200574,0.105863895976586,0.124434891170109,
0.145492419933233,0.168772393642442,0.194080393087177,0.2212655452278,0.25020634961509,
0.280802228760982,0.312968134362401,0.346630920133151,0.381726800357429,
0.418199508945183,0.455998928713872,0.495080046892118,0.535402143332512,
0.5769281487351,0.619624129671185,0.663458869906946,0.708403526041081,0.754431341311052,
0.801517405513374,0.84963845190295,0.898772684055406,0.948899627237829,
0.992584726395647),.UNSPECIFIED.);
#92=B_SPLINE_CURVE_WITH_KNOTS('',3,(#5702,#5703,#5704,#5705,#5706,#5707,
#5708,#5709,#5710,#5711,#5712,#5713,#5714,#5715,#5716,#5717,#5718,#5719,
#5720,#5721,#5722,#5723,#5724,#5725,#5726,#5727,#5728,#5729,#5730,#5731),
 .UNSPECIFIED.,.F.,.F.,(4,1,1,1,1,1,1,1,1,1,1,1,1,1,1,1,1,1,1,1,1,1,1,1,
1,1,1,4),(0.,0.0780109662847482,0.0901685395200574,0.105863895976586,0.124434891170109,
0.145492419933233,0.168772393642442,0.194080393087177,0.2212655452278,0.25020634961509,
0.280802228760982,0.312968134362401,0.346630920133151,0.381726800357429,
0.418199508945183,0.455998928713872,0.495080046892118,0.535402143332512,
0.5769281487351,0.619624129671185,0.663458869906946,0.708403526041081,0.754431341311052,
0.801517405513374,0.84963845190295,0.898772684055406,0.948899627237829,
0.992584726395647),.UNSPECIFIED.);
#93=B_SPLINE_CURVE_WITH_KNOTS('',3,(#5732,#5733,#5734,#5735,#5736,#5737,
#5738,#5739,#5740,#5741,#5742,#5743,#5744,#5745,#5746,#5747,#5748,#5749,
#5750,#5751,#5752,#5753,#5754,#5755,#5756,#5757,#5758,#5759,#5760,#5761),
 .UNSPECIFIED.,.F.,.F.,(4,1,1,1,1,1,1,1,1,1,1,1,1,1,1,1,1,1,1,1,1,1,1,1,
1,1,1,4),(0.,0.0780109662847482,0.0901685395200574,0.105863895976586,0.124434891170109,
0.145492419933233,0.168772393642442,0.194080393087177,0.2212655452278,0.25020634961509,
0.280802228760982,0.312968134362401,0.346630920133151,0.381726800357429,
0.418199508945183,0.455998928713872,0.495080046892118,0.535402143332512,
0.5769281487351,0.619624129671185,0.663458869906946,0.708403526041081,0.754431341311052,
0.801517405513374,0.84963845190295,0.898772684055406,0.948899627237829,
0.992584726395647),.UNSPECIFIED.);
#94=B_SPLINE_CURVE_WITH_KNOTS('',3,(#5769,#5770,#5771,#5772,#5773,#5774,
#5775,#5776,#5777,#5778,#5779,#5780,#5781,#5782,#5783,#5784,#5785,#5786,
#5787,#5788,#5789,#5790,#5791,#5792,#5793,#5794,#5795,#5796,#5797,#5798),
 .UNSPECIFIED.,.F.,.F.,(4,1,1,1,1,1,1,1,1,1,1,1,1,1,1,1,1,1,1,1,1,1,1,1,
1,1,1,4),(0.,0.0780109662847482,0.0901685395200574,0.105863895976586,0.124434891170109,
0.145492419933233,0.168772393642442,0.194080393087177,0.2212655452278,0.25020634961509,
0.280802228760982,0.312968134362401,0.346630920133151,0.381726800357429,
0.418199508945183,0.455998928713872,0.495080046892118,0.535402143332512,
0.5769281487351,0.619624129671185,0.663458869906946,0.708403526041081,0.754431341311052,
0.801517405513374,0.84963845190295,0.898772684055406,0.948899627237829,
0.992584726395647),.UNSPECIFIED.);
#95=B_SPLINE_CURVE_WITH_KNOTS('',3,(#5799,#5800,#5801,#5802,#5803,#5804,
#5805,#5806,#5807,#5808,#5809,#5810,#5811,#5812,#5813,#5814,#5815,#5816,
#5817,#5818,#5819,#5820,#5821,#5822,#5823,#5824,#5825,#5826,#5827,#5828),
 .UNSPECIFIED.,.F.,.F.,(4,1,1,1,1,1,1,1,1,1,1,1,1,1,1,1,1,1,1,1,1,1,1,1,
1,1,1,4),(0.,0.0780109662847482,0.0901685395200574,0.105863895976586,0.124434891170109,
0.145492419933233,0.168772393642442,0.194080393087177,0.2212655452278,0.25020634961509,
0.280802228760982,0.312968134362401,0.346630920133151,0.381726800357429,
0.418199508945183,0.455998928713872,0.495080046892118,0.535402143332512,
0.5769281487351,0.619624129671185,0.663458869906946,0.708403526041081,0.754431341311052,
0.801517405513374,0.84963845190295,0.898772684055406,0.948899627237829,
0.992584726395647),.UNSPECIFIED.);
#96=B_SPLINE_CURVE_WITH_KNOTS('',3,(#5836,#5837,#5838,#5839,#5840,#5841,
#5842,#5843,#5844,#5845,#5846,#5847,#5848,#5849,#5850,#5851,#5852,#5853,
#5854,#5855,#5856,#5857,#5858,#5859,#5860,#5861,#5862,#5863,#5864,#5865),
 .UNSPECIFIED.,.F.,.F.,(4,1,1,1,1,1,1,1,1,1,1,1,1,1,1,1,1,1,1,1,1,1,1,1,
1,1,1,4),(0.,0.0780109662847482,0.0901685395200574,0.105863895976586,0.124434891170109,
0.145492419933233,0.168772393642442,0.194080393087177,0.2212655452278,0.25020634961509,
0.280802228760982,0.312968134362401,0.346630920133151,0.381726800357429,
0.418199508945183,0.455998928713872,0.495080046892118,0.535402143332512,
0.5769281487351,0.619624129671185,0.663458869906946,0.708403526041081,0.754431341311052,
0.801517405513374,0.84963845190295,0.898772684055406,0.948899627237829,
0.992584726395647),.UNSPECIFIED.);
#97=B_SPLINE_CURVE_WITH_KNOTS('',3,(#5866,#5867,#5868,#5869,#5870,#5871,
#5872,#5873,#5874,#5875,#5876,#5877,#5878,#5879,#5880,#5881,#5882,#5883,
#5884,#5885,#5886,#5887,#5888,#5889,#5890,#5891,#5892,#5893,#5894,#5895),
 .UNSPECIFIED.,.F.,.F.,(4,1,1,1,1,1,1,1,1,1,1,1,1,1,1,1,1,1,1,1,1,1,1,1,
1,1,1,4),(0.,0.0780109662847482,0.0901685395200574,0.105863895976586,0.124434891170109,
0.145492419933233,0.168772393642442,0.194080393087177,0.2212655452278,0.25020634961509,
0.280802228760982,0.312968134362401,0.346630920133151,0.381726800357429,
0.418199508945183,0.455998928713872,0.495080046892118,0.535402143332512,
0.5769281487351,0.619624129671185,0.663458869906946,0.708403526041081,0.754431341311052,
0.801517405513374,0.84963845190295,0.898772684055406,0.948899627237829,
0.992584726395647),.UNSPECIFIED.);
#98=B_SPLINE_CURVE_WITH_KNOTS('',3,(#5903,#5904,#5905,#5906,#5907,#5908,
#5909,#5910,#5911,#5912,#5913,#5914,#5915,#5916,#5917,#5918,#5919,#5920,
#5921,#5922,#5923,#5924,#5925,#5926,#5927,#5928,#5929,#5930,#5931,#5932),
 .UNSPECIFIED.,.F.,.F.,(4,1,1,1,1,1,1,1,1,1,1,1,1,1,1,1,1,1,1,1,1,1,1,1,
1,1,1,4),(0.,0.0780109662847482,0.0901685395200574,0.105863895976586,0.124434891170109,
0.145492419933233,0.168772393642442,0.194080393087177,0.2212655452278,0.25020634961509,
0.280802228760982,0.312968134362401,0.346630920133151,0.381726800357429,
0.418199508945183,0.455998928713872,0.495080046892118,0.535402143332512,
0.5769281487351,0.619624129671185,0.663458869906946,0.708403526041081,0.754431341311052,
0.801517405513374,0.84963845190295,0.898772684055406,0.948899627237829,
0.992584726395647),.UNSPECIFIED.);
#99=B_SPLINE_CURVE_WITH_KNOTS('',3,(#5933,#5934,#5935,#5936,#5937,#5938,
#5939,#5940,#5941,#5942,#5943,#5944,#5945,#5946,#5947,#5948,#5949,#5950,
#5951,#5952,#5953,#5954,#5955,#5956,#5957,#5958,#5959,#5960,#5961,#5962),
 .UNSPECIFIED.,.F.,.F.,(4,1,1,1,1,1,1,1,1,1,1,1,1,1,1,1,1,1,1,1,1,1,1,1,
1,1,1,4),(0.,0.0780109662847482,0.0901685395200574,0.105863895976586,0.124434891170109,
0.145492419933233,0.168772393642442,0.194080393087177,0.2212655452278,0.25020634961509,
0.280802228760982,0.312968134362401,0.346630920133151,0.381726800357429,
0.418199508945183,0.455998928713872,0.495080046892118,0.535402143332512,
0.5769281487351,0.619624129671185,0.663458869906946,0.708403526041081,0.754431341311052,
0.801517405513374,0.84963845190295,0.898772684055406,0.948899627237829,
0.992584726395647),.UNSPECIFIED.);
#100=B_SPLINE_CURVE_WITH_KNOTS('',3,(#5970,#5971,#5972,#5973,#5974,#5975,
#5976,#5977,#5978,#5979,#5980,#5981,#5982,#5983,#5984,#5985,#5986,#5987,
#5988,#5989,#5990,#5991,#5992,#5993,#5994,#5995,#5996,#5997,#5998,#5999),
 .UNSPECIFIED.,.F.,.F.,(4,1,1,1,1,1,1,1,1,1,1,1,1,1,1,1,1,1,1,1,1,1,1,1,
1,1,1,4),(0.,0.0780109662847482,0.0901685395200574,0.105863895976586,0.124434891170109,
0.145492419933233,0.168772393642442,0.194080393087177,0.2212655452278,0.25020634961509,
0.280802228760982,0.312968134362401,0.346630920133151,0.381726800357429,
0.418199508945183,0.455998928713872,0.495080046892118,0.535402143332512,
0.5769281487351,0.619624129671185,0.663458869906946,0.708403526041081,0.754431341311052,
0.801517405513374,0.84963845190295,0.898772684055406,0.948899627237829,
0.992584726395647),.UNSPECIFIED.);
#101=B_SPLINE_CURVE_WITH_KNOTS('',3,(#6000,#6001,#6002,#6003,#6004,#6005,
#6006,#6007,#6008,#6009,#6010,#6011,#6012,#6013,#6014,#6015,#6016,#6017,
#6018,#6019,#6020,#6021,#6022,#6023,#6024,#6025,#6026,#6027,#6028,#6029),
 .UNSPECIFIED.,.F.,.F.,(4,1,1,1,1,1,1,1,1,1,1,1,1,1,1,1,1,1,1,1,1,1,1,1,
1,1,1,4),(0.,0.0780109662847482,0.0901685395200574,0.105863895976586,0.124434891170109,
0.145492419933233,0.168772393642442,0.194080393087177,0.2212655452278,0.25020634961509,
0.280802228760982,0.312968134362401,0.346630920133151,0.381726800357429,
0.418199508945183,0.455998928713872,0.495080046892118,0.535402143332512,
0.5769281487351,0.619624129671185,0.663458869906946,0.708403526041081,0.754431341311052,
0.801517405513374,0.84963845190295,0.898772684055406,0.948899627237829,
0.992584726395647),.UNSPECIFIED.);
#102=B_SPLINE_CURVE_WITH_KNOTS('',3,(#6037,#6038,#6039,#6040,#6041,#6042,
#6043,#6044,#6045,#6046,#6047,#6048,#6049,#6050,#6051,#6052,#6053,#6054,
#6055,#6056,#6057,#6058,#6059,#6060,#6061,#6062,#6063,#6064,#6065,#6066),
 .UNSPECIFIED.,.F.,.F.,(4,1,1,1,1,1,1,1,1,1,1,1,1,1,1,1,1,1,1,1,1,1,1,1,
1,1,1,4),(0.,0.0780109662847482,0.0901685395200574,0.105863895976586,0.124434891170109,
0.145492419933233,0.168772393642442,0.194080393087177,0.2212655452278,0.25020634961509,
0.280802228760982,0.312968134362401,0.346630920133151,0.381726800357429,
0.418199508945183,0.455998928713872,0.495080046892118,0.535402143332512,
0.5769281487351,0.619624129671185,0.663458869906946,0.708403526041081,0.754431341311052,
0.801517405513374,0.84963845190295,0.898772684055406,0.948899627237829,
0.992584726395647),.UNSPECIFIED.);
#103=B_SPLINE_CURVE_WITH_KNOTS('',3,(#6067,#6068,#6069,#6070,#6071,#6072,
#6073,#6074,#6075,#6076,#6077,#6078,#6079,#6080,#6081,#6082,#6083,#6084,
#6085,#6086,#6087,#6088,#6089,#6090,#6091,#6092,#6093,#6094,#6095,#6096),
 .UNSPECIFIED.,.F.,.F.,(4,1,1,1,1,1,1,1,1,1,1,1,1,1,1,1,1,1,1,1,1,1,1,1,
1,1,1,4),(0.,0.0780109662847482,0.0901685395200574,0.105863895976586,0.124434891170109,
0.145492419933233,0.168772393642442,0.194080393087177,0.2212655452278,0.25020634961509,
0.280802228760982,0.312968134362401,0.346630920133151,0.381726800357429,
0.418199508945183,0.455998928713872,0.495080046892118,0.535402143332512,
0.5769281487351,0.619624129671185,0.663458869906946,0.708403526041081,0.754431341311052,
0.801517405513374,0.84963845190295,0.898772684055406,0.948899627237829,
0.992584726395647),.UNSPECIFIED.);
#104=B_SPLINE_CURVE_WITH_KNOTS('',3,(#6104,#6105,#6106,#6107,#6108,#6109,
#6110,#6111,#6112,#6113,#6114,#6115,#6116,#6117,#6118,#6119,#6120,#6121,
#6122,#6123,#6124,#6125,#6126,#6127,#6128,#6129,#6130,#6131,#6132,#6133),
 .UNSPECIFIED.,.F.,.F.,(4,1,1,1,1,1,1,1,1,1,1,1,1,1,1,1,1,1,1,1,1,1,1,1,
1,1,1,4),(0.,0.0780109662847482,0.0901685395200574,0.105863895976586,0.124434891170109,
0.145492419933233,0.168772393642442,0.194080393087177,0.2212655452278,0.25020634961509,
0.280802228760982,0.312968134362401,0.346630920133151,0.381726800357429,
0.418199508945183,0.455998928713872,0.495080046892118,0.535402143332512,
0.5769281487351,0.619624129671185,0.663458869906946,0.708403526041081,0.754431341311052,
0.801517405513374,0.84963845190295,0.898772684055406,0.948899627237829,
0.992584726395647),.UNSPECIFIED.);
#105=B_SPLINE_CURVE_WITH_KNOTS('',3,(#6134,#6135,#6136,#6137,#6138,#6139,
#6140,#6141,#6142,#6143,#6144,#6145,#6146,#6147,#6148,#6149,#6150,#6151,
#6152,#6153,#6154,#6155,#6156,#6157,#6158,#6159,#6160,#6161,#6162,#6163),
 .UNSPECIFIED.,.F.,.F.,(4,1,1,1,1,1,1,1,1,1,1,1,1,1,1,1,1,1,1,1,1,1,1,1,
1,1,1,4),(0.,0.0780109662847482,0.0901685395200574,0.105863895976586,0.124434891170109,
0.145492419933233,0.168772393642442,0.194080393087177,0.2212655452278,0.25020634961509,
0.280802228760982,0.312968134362401,0.346630920133151,0.381726800357429,
0.418199508945183,0.455998928713872,0.495080046892118,0.535402143332512,
0.5769281487351,0.619624129671185,0.663458869906946,0.708403526041081,0.754431341311052,
0.801517405513374,0.84963845190295,0.898772684055406,0.948899627237829,
0.992584726395647),.UNSPECIFIED.);
#106=B_SPLINE_CURVE_WITH_KNOTS('',3,(#6171,#6172,#6173,#6174,#6175,#6176,
#6177,#6178,#6179,#6180,#6181,#6182,#6183,#6184,#6185,#6186,#6187,#6188,
#6189,#6190,#6191,#6192,#6193,#6194,#6195,#6196,#6197,#6198,#6199,#6200),
 .UNSPECIFIED.,.F.,.F.,(4,1,1,1,1,1,1,1,1,1,1,1,1,1,1,1,1,1,1,1,1,1,1,1,
1,1,1,4),(0.,0.0780109662847482,0.0901685395200574,0.105863895976586,0.124434891170109,
0.145492419933233,0.168772393642442,0.194080393087177,0.2212655452278,0.25020634961509,
0.280802228760982,0.312968134362401,0.346630920133151,0.381726800357429,
0.418199508945183,0.455998928713872,0.495080046892118,0.535402143332512,
0.5769281487351,0.619624129671185,0.663458869906946,0.708403526041081,0.754431341311052,
0.801517405513374,0.84963845190295,0.898772684055406,0.948899627237829,
0.992584726395647),.UNSPECIFIED.);
#107=B_SPLINE_CURVE_WITH_KNOTS('',3,(#6201,#6202,#6203,#6204,#6205,#6206,
#6207,#6208,#6209,#6210,#6211,#6212,#6213,#6214,#6215,#6216,#6217,#6218,
#6219,#6220,#6221,#6222,#6223,#6224,#6225,#6226,#6227,#6228,#6229,#6230),
 .UNSPECIFIED.,.F.,.F.,(4,1,1,1,1,1,1,1,1,1,1,1,1,1,1,1,1,1,1,1,1,1,1,1,
1,1,1,4),(0.,0.0780109662847482,0.0901685395200574,0.105863895976586,0.124434891170109,
0.145492419933233,0.168772393642442,0.194080393087177,0.2212655452278,0.25020634961509,
0.280802228760982,0.312968134362401,0.346630920133151,0.381726800357429,
0.418199508945183,0.455998928713872,0.495080046892118,0.535402143332512,
0.5769281487351,0.619624129671185,0.663458869906946,0.708403526041081,0.754431341311052,
0.801517405513374,0.84963845190295,0.898772684055406,0.948899627237829,
0.992584726395647),.UNSPECIFIED.);
#108=B_SPLINE_CURVE_WITH_KNOTS('',3,(#6238,#6239,#6240,#6241,#6242,#6243,
#6244,#6245,#6246,#6247,#6248,#6249,#6250,#6251,#6252,#6253,#6254,#6255,
#6256,#6257,#6258,#6259,#6260,#6261,#6262,#6263,#6264,#6265,#6266,#6267),
 .UNSPECIFIED.,.F.,.F.,(4,1,1,1,1,1,1,1,1,1,1,1,1,1,1,1,1,1,1,1,1,1,1,1,
1,1,1,4),(0.,0.0780109662847482,0.0901685395200574,0.105863895976586,0.124434891170109,
0.145492419933233,0.168772393642442,0.194080393087177,0.2212655452278,0.25020634961509,
0.280802228760982,0.312968134362401,0.346630920133151,0.381726800357429,
0.418199508945183,0.455998928713872,0.495080046892118,0.535402143332512,
0.5769281487351,0.619624129671185,0.663458869906946,0.708403526041081,0.754431341311052,
0.801517405513374,0.84963845190295,0.898772684055406,0.948899627237829,
0.992584726395647),.UNSPECIFIED.);
#109=B_SPLINE_CURVE_WITH_KNOTS('',3,(#6268,#6269,#6270,#6271,#6272,#6273,
#6274,#6275,#6276,#6277,#6278,#6279,#6280,#6281,#6282,#6283,#6284,#6285,
#6286,#6287,#6288,#6289,#6290,#6291,#6292,#6293,#6294,#6295,#6296,#6297),
 .UNSPECIFIED.,.F.,.F.,(4,1,1,1,1,1,1,1,1,1,1,1,1,1,1,1,1,1,1,1,1,1,1,1,
1,1,1,4),(0.,0.0780109662847482,0.0901685395200574,0.105863895976586,0.124434891170109,
0.145492419933233,0.168772393642442,0.194080393087177,0.2212655452278,0.25020634961509,
0.280802228760982,0.312968134362401,0.346630920133151,0.381726800357429,
0.418199508945183,0.455998928713872,0.495080046892118,0.535402143332512,
0.5769281487351,0.619624129671185,0.663458869906946,0.708403526041081,0.754431341311052,
0.801517405513374,0.84963845190295,0.898772684055406,0.948899627237829,
0.992584726395647),.UNSPECIFIED.);
#110=B_SPLINE_CURVE_WITH_KNOTS('',3,(#6305,#6306,#6307,#6308,#6309,#6310,
#6311,#6312,#6313,#6314,#6315,#6316,#6317,#6318,#6319,#6320,#6321,#6322,
#6323,#6324,#6325,#6326,#6327,#6328,#6329,#6330,#6331,#6332,#6333,#6334),
 .UNSPECIFIED.,.F.,.F.,(4,1,1,1,1,1,1,1,1,1,1,1,1,1,1,1,1,1,1,1,1,1,1,1,
1,1,1,4),(0.,0.0780109662847482,0.0901685395200574,0.105863895976586,0.124434891170109,
0.145492419933233,0.168772393642442,0.194080393087177,0.2212655452278,0.25020634961509,
0.280802228760982,0.312968134362401,0.346630920133151,0.381726800357429,
0.418199508945183,0.455998928713872,0.495080046892118,0.535402143332512,
0.5769281487351,0.619624129671185,0.663458869906946,0.708403526041081,0.754431341311052,
0.801517405513374,0.84963845190295,0.898772684055406,0.948899627237829,
0.992584726395647),.UNSPECIFIED.);
#111=B_SPLINE_CURVE_WITH_KNOTS('',3,(#6335,#6336,#6337,#6338,#6339,#6340,
#6341,#6342,#6343,#6344,#6345,#6346,#6347,#6348,#6349,#6350,#6351,#6352,
#6353,#6354,#6355,#6356,#6357,#6358,#6359,#6360,#6361,#6362,#6363,#6364),
 .UNSPECIFIED.,.F.,.F.,(4,1,1,1,1,1,1,1,1,1,1,1,1,1,1,1,1,1,1,1,1,1,1,1,
1,1,1,4),(0.,0.0780109662847482,0.0901685395200574,0.105863895976586,0.124434891170109,
0.145492419933233,0.168772393642442,0.194080393087177,0.2212655452278,0.25020634961509,
0.280802228760982,0.312968134362401,0.346630920133151,0.381726800357429,
0.418199508945183,0.455998928713872,0.495080046892118,0.535402143332512,
0.5769281487351,0.619624129671185,0.663458869906946,0.708403526041081,0.754431341311052,
0.801517405513374,0.84963845190295,0.898772684055406,0.948899627237829,
0.992584726395647),.UNSPECIFIED.);
#112=B_SPLINE_CURVE_WITH_KNOTS('',3,(#6372,#6373,#6374,#6375,#6376,#6377,
#6378,#6379,#6380,#6381,#6382,#6383,#6384,#6385,#6386,#6387,#6388,#6389,
#6390,#6391,#6392,#6393,#6394,#6395,#6396,#6397,#6398,#6399,#6400,#6401),
 .UNSPECIFIED.,.F.,.F.,(4,1,1,1,1,1,1,1,1,1,1,1,1,1,1,1,1,1,1,1,1,1,1,1,
1,1,1,4),(0.,0.0780109662847482,0.0901685395200574,0.105863895976586,0.124434891170109,
0.145492419933233,0.168772393642442,0.194080393087177,0.2212655452278,0.25020634961509,
0.280802228760982,0.312968134362401,0.346630920133151,0.381726800357429,
0.418199508945183,0.455998928713872,0.495080046892118,0.535402143332512,
0.5769281487351,0.619624129671185,0.663458869906946,0.708403526041081,0.754431341311052,
0.801517405513374,0.84963845190295,0.898772684055406,0.948899627237829,
0.992584726395647),.UNSPECIFIED.);
#113=B_SPLINE_CURVE_WITH_KNOTS('',3,(#6402,#6403,#6404,#6405,#6406,#6407,
#6408,#6409,#6410,#6411,#6412,#6413,#6414,#6415,#6416,#6417,#6418,#6419,
#6420,#6421,#6422,#6423,#6424,#6425,#6426,#6427,#6428,#6429,#6430,#6431),
 .UNSPECIFIED.,.F.,.F.,(4,1,1,1,1,1,1,1,1,1,1,1,1,1,1,1,1,1,1,1,1,1,1,1,
1,1,1,4),(0.,0.0780109662847482,0.0901685395200574,0.105863895976586,0.124434891170109,
0.145492419933233,0.168772393642442,0.194080393087177,0.2212655452278,0.25020634961509,
0.280802228760982,0.312968134362401,0.346630920133151,0.381726800357429,
0.418199508945183,0.455998928713872,0.495080046892118,0.535402143332512,
0.5769281487351,0.619624129671185,0.663458869906946,0.708403526041081,0.754431341311052,
0.801517405513374,0.84963845190295,0.898772684055406,0.948899627237829,
0.992584726395647),.UNSPECIFIED.);
#114=B_SPLINE_CURVE_WITH_KNOTS('',3,(#6439,#6440,#6441,#6442,#6443,#6444,
#6445,#6446,#6447,#6448,#6449,#6450,#6451,#6452,#6453,#6454,#6455,#6456,
#6457,#6458,#6459,#6460,#6461,#6462,#6463,#6464,#6465,#6466,#6467,#6468),
 .UNSPECIFIED.,.F.,.F.,(4,1,1,1,1,1,1,1,1,1,1,1,1,1,1,1,1,1,1,1,1,1,1,1,
1,1,1,4),(0.,0.0780109662847482,0.0901685395200574,0.105863895976586,0.124434891170109,
0.145492419933233,0.168772393642442,0.194080393087177,0.2212655452278,0.25020634961509,
0.280802228760982,0.312968134362401,0.346630920133151,0.381726800357429,
0.418199508945183,0.455998928713872,0.495080046892118,0.535402143332512,
0.5769281487351,0.619624129671185,0.663458869906946,0.708403526041081,0.754431341311052,
0.801517405513374,0.84963845190295,0.898772684055406,0.948899627237829,
0.992584726395647),.UNSPECIFIED.);
#115=B_SPLINE_CURVE_WITH_KNOTS('',3,(#6469,#6470,#6471,#6472,#6473,#6474,
#6475,#6476,#6477,#6478,#6479,#6480,#6481,#6482,#6483,#6484,#6485,#6486,
#6487,#6488,#6489,#6490,#6491,#6492,#6493,#6494,#6495,#6496,#6497,#6498),
 .UNSPECIFIED.,.F.,.F.,(4,1,1,1,1,1,1,1,1,1,1,1,1,1,1,1,1,1,1,1,1,1,1,1,
1,1,1,4),(0.,0.0780109662847482,0.0901685395200574,0.105863895976586,0.124434891170109,
0.145492419933233,0.168772393642442,0.194080393087177,0.2212655452278,0.25020634961509,
0.280802228760982,0.312968134362401,0.346630920133151,0.381726800357429,
0.418199508945183,0.455998928713872,0.495080046892118,0.535402143332512,
0.5769281487351,0.619624129671185,0.663458869906946,0.708403526041081,0.754431341311052,
0.801517405513374,0.84963845190295,0.898772684055406,0.948899627237829,
0.992584726395647),.UNSPECIFIED.);
#116=B_SPLINE_CURVE_WITH_KNOTS('',3,(#6506,#6507,#6508,#6509,#6510,#6511,
#6512,#6513,#6514,#6515,#6516,#6517,#6518,#6519,#6520,#6521,#6522,#6523,
#6524,#6525,#6526,#6527,#6528,#6529,#6530,#6531,#6532,#6533,#6534,#6535),
 .UNSPECIFIED.,.F.,.F.,(4,1,1,1,1,1,1,1,1,1,1,1,1,1,1,1,1,1,1,1,1,1,1,1,
1,1,1,4),(0.,0.0780109662847482,0.0901685395200574,0.105863895976586,0.124434891170109,
0.145492419933233,0.168772393642442,0.194080393087177,0.2212655452278,0.25020634961509,
0.280802228760982,0.312968134362401,0.346630920133151,0.381726800357429,
0.418199508945183,0.455998928713872,0.495080046892118,0.535402143332512,
0.5769281487351,0.619624129671185,0.663458869906946,0.708403526041081,0.754431341311052,
0.801517405513374,0.84963845190295,0.898772684055406,0.948899627237829,
0.992584726395647),.UNSPECIFIED.);
#117=B_SPLINE_CURVE_WITH_KNOTS('',3,(#6536,#6537,#6538,#6539,#6540,#6541,
#6542,#6543,#6544,#6545,#6546,#6547,#6548,#6549,#6550,#6551,#6552,#6553,
#6554,#6555,#6556,#6557,#6558,#6559,#6560,#6561,#6562,#6563,#6564,#6565),
 .UNSPECIFIED.,.F.,.F.,(4,1,1,1,1,1,1,1,1,1,1,1,1,1,1,1,1,1,1,1,1,1,1,1,
1,1,1,4),(0.,0.0780109662847482,0.0901685395200574,0.105863895976586,0.124434891170109,
0.145492419933233,0.168772393642442,0.194080393087177,0.2212655452278,0.25020634961509,
0.280802228760982,0.312968134362401,0.346630920133151,0.381726800357429,
0.418199508945183,0.455998928713872,0.495080046892118,0.535402143332512,
0.5769281487351,0.619624129671185,0.663458869906946,0.708403526041081,0.754431341311052,
0.801517405513374,0.84963845190295,0.898772684055406,0.948899627237829,
0.992584726395647),.UNSPECIFIED.);
#118=B_SPLINE_CURVE_WITH_KNOTS('',3,(#6573,#6574,#6575,#6576,#6577,#6578,
#6579,#6580,#6581,#6582,#6583,#6584,#6585,#6586,#6587,#6588,#6589,#6590,
#6591,#6592,#6593,#6594,#6595,#6596,#6597,#6598,#6599,#6600,#6601,#6602),
 .UNSPECIFIED.,.F.,.F.,(4,1,1,1,1,1,1,1,1,1,1,1,1,1,1,1,1,1,1,1,1,1,1,1,
1,1,1,4),(0.,0.0780109662847482,0.0901685395200574,0.105863895976586,0.124434891170109,
0.145492419933233,0.168772393642442,0.194080393087177,0.2212655452278,0.25020634961509,
0.280802228760982,0.312968134362401,0.346630920133151,0.381726800357429,
0.418199508945183,0.455998928713872,0.495080046892118,0.535402143332512,
0.5769281487351,0.619624129671185,0.663458869906946,0.708403526041081,0.754431341311052,
0.801517405513374,0.84963845190295,0.898772684055406,0.948899627237829,
0.992584726395647),.UNSPECIFIED.);
#119=B_SPLINE_CURVE_WITH_KNOTS('',3,(#6603,#6604,#6605,#6606,#6607,#6608,
#6609,#6610,#6611,#6612,#6613,#6614,#6615,#6616,#6617,#6618,#6619,#6620,
#6621,#6622,#6623,#6624,#6625,#6626,#6627,#6628,#6629,#6630,#6631,#6632),
 .UNSPECIFIED.,.F.,.F.,(4,1,1,1,1,1,1,1,1,1,1,1,1,1,1,1,1,1,1,1,1,1,1,1,
1,1,1,4),(0.,0.0780109662847482,0.0901685395200574,0.105863895976586,0.124434891170109,
0.145492419933233,0.168772393642442,0.194080393087177,0.2212655452278,0.25020634961509,
0.280802228760982,0.312968134362401,0.346630920133151,0.381726800357429,
0.418199508945183,0.455998928713872,0.495080046892118,0.535402143332512,
0.5769281487351,0.619624129671185,0.663458869906946,0.708403526041081,0.754431341311052,
0.801517405513374,0.84963845190295,0.898772684055406,0.948899627237829,
0.992584726395647),.UNSPECIFIED.);
#120=B_SPLINE_CURVE_WITH_KNOTS('',3,(#6640,#6641,#6642,#6643,#6644,#6645,
#6646,#6647,#6648,#6649,#6650,#6651,#6652,#6653,#6654,#6655,#6656,#6657,
#6658,#6659,#6660,#6661,#6662,#6663,#6664,#6665,#6666,#6667,#6668,#6669),
 .UNSPECIFIED.,.F.,.F.,(4,1,1,1,1,1,1,1,1,1,1,1,1,1,1,1,1,1,1,1,1,1,1,1,
1,1,1,4),(0.,0.0780109662847482,0.0901685395200574,0.105863895976586,0.124434891170109,
0.145492419933233,0.168772393642442,0.194080393087177,0.2212655452278,0.25020634961509,
0.280802228760982,0.312968134362401,0.346630920133151,0.381726800357429,
0.418199508945183,0.455998928713872,0.495080046892118,0.535402143332512,
0.5769281487351,0.619624129671185,0.663458869906946,0.708403526041081,0.754431341311052,
0.801517405513374,0.84963845190295,0.898772684055406,0.948899627237829,
0.992584726395647),.UNSPECIFIED.);
#121=B_SPLINE_CURVE_WITH_KNOTS('',3,(#6670,#6671,#6672,#6673,#6674,#6675,
#6676,#6677,#6678,#6679,#6680,#6681,#6682,#6683,#6684,#6685,#6686,#6687,
#6688,#6689,#6690,#6691,#6692,#6693,#6694,#6695,#6696,#6697,#6698,#6699),
 .UNSPECIFIED.,.F.,.F.,(4,1,1,1,1,1,1,1,1,1,1,1,1,1,1,1,1,1,1,1,1,1,1,1,
1,1,1,4),(0.,0.0780109662847482,0.0901685395200574,0.105863895976586,0.124434891170109,
0.145492419933233,0.168772393642442,0.194080393087177,0.2212655452278,0.25020634961509,
0.280802228760982,0.312968134362401,0.346630920133151,0.381726800357429,
0.418199508945183,0.455998928713872,0.495080046892118,0.535402143332512,
0.5769281487351,0.619624129671185,0.663458869906946,0.708403526041081,0.754431341311052,
0.801517405513374,0.84963845190295,0.898772684055406,0.948899627237829,
0.992584726395647),.UNSPECIFIED.);
#122=B_SPLINE_CURVE_WITH_KNOTS('',3,(#6707,#6708,#6709,#6710,#6711,#6712,
#6713,#6714,#6715,#6716,#6717,#6718,#6719,#6720,#6721,#6722,#6723,#6724,
#6725,#6726,#6727,#6728,#6729,#6730,#6731,#6732,#6733,#6734,#6735,#6736),
 .UNSPECIFIED.,.F.,.F.,(4,1,1,1,1,1,1,1,1,1,1,1,1,1,1,1,1,1,1,1,1,1,1,1,
1,1,1,4),(0.,0.0780109662847482,0.0901685395200574,0.105863895976586,0.124434891170109,
0.145492419933233,0.168772393642442,0.194080393087177,0.2212655452278,0.25020634961509,
0.280802228760982,0.312968134362401,0.346630920133151,0.381726800357429,
0.418199508945183,0.455998928713872,0.495080046892118,0.535402143332512,
0.5769281487351,0.619624129671185,0.663458869906946,0.708403526041081,0.754431341311052,
0.801517405513374,0.84963845190295,0.898772684055406,0.948899627237829,
0.992584726395647),.UNSPECIFIED.);
#123=B_SPLINE_CURVE_WITH_KNOTS('',3,(#6737,#6738,#6739,#6740,#6741,#6742,
#6743,#6744,#6745,#6746,#6747,#6748,#6749,#6750,#6751,#6752,#6753,#6754,
#6755,#6756,#6757,#6758,#6759,#6760,#6761,#6762,#6763,#6764,#6765,#6766),
 .UNSPECIFIED.,.F.,.F.,(4,1,1,1,1,1,1,1,1,1,1,1,1,1,1,1,1,1,1,1,1,1,1,1,
1,1,1,4),(0.,0.0780109662847482,0.0901685395200574,0.105863895976586,0.124434891170109,
0.145492419933233,0.168772393642442,0.194080393087177,0.2212655452278,0.25020634961509,
0.280802228760982,0.312968134362401,0.346630920133151,0.381726800357429,
0.418199508945183,0.455998928713872,0.495080046892118,0.535402143332512,
0.5769281487351,0.619624129671185,0.663458869906946,0.708403526041081,0.754431341311052,
0.801517405513374,0.84963845190295,0.898772684055406,0.948899627237829,
0.992584726395647),.UNSPECIFIED.);
#124=B_SPLINE_CURVE_WITH_KNOTS('',3,(#6774,#6775,#6776,#6777,#6778,#6779,
#6780,#6781,#6782,#6783,#6784,#6785,#6786,#6787,#6788,#6789,#6790,#6791,
#6792,#6793,#6794,#6795,#6796,#6797,#6798,#6799,#6800,#6801,#6802,#6803),
 .UNSPECIFIED.,.F.,.F.,(4,1,1,1,1,1,1,1,1,1,1,1,1,1,1,1,1,1,1,1,1,1,1,1,
1,1,1,4),(0.,0.0780109662847482,0.0901685395200574,0.105863895976586,0.124434891170109,
0.145492419933233,0.168772393642442,0.194080393087177,0.2212655452278,0.25020634961509,
0.280802228760982,0.312968134362401,0.346630920133151,0.381726800357429,
0.418199508945183,0.455998928713872,0.495080046892118,0.535402143332512,
0.5769281487351,0.619624129671185,0.663458869906946,0.708403526041081,0.754431341311052,
0.801517405513374,0.84963845190295,0.898772684055406,0.948899627237829,
0.992584726395647),.UNSPECIFIED.);
#125=B_SPLINE_CURVE_WITH_KNOTS('',3,(#6804,#6805,#6806,#6807,#6808,#6809,
#6810,#6811,#6812,#6813,#6814,#6815,#6816,#6817,#6818,#6819,#6820,#6821,
#6822,#6823,#6824,#6825,#6826,#6827,#6828,#6829,#6830,#6831,#6832,#6833),
 .UNSPECIFIED.,.F.,.F.,(4,1,1,1,1,1,1,1,1,1,1,1,1,1,1,1,1,1,1,1,1,1,1,1,
1,1,1,4),(0.,0.0780109662847482,0.0901685395200574,0.105863895976586,0.124434891170109,
0.145492419933233,0.168772393642442,0.194080393087177,0.2212655452278,0.25020634961509,
0.280802228760982,0.312968134362401,0.346630920133151,0.381726800357429,
0.418199508945183,0.455998928713872,0.495080046892118,0.535402143332512,
0.5769281487351,0.619624129671185,0.663458869906946,0.708403526041081,0.754431341311052,
0.801517405513374,0.84963845190295,0.898772684055406,0.948899627237829,
0.992584726395647),.UNSPECIFIED.);
#126=B_SPLINE_CURVE_WITH_KNOTS('',3,(#6841,#6842,#6843,#6844,#6845,#6846,
#6847,#6848,#6849,#6850,#6851,#6852,#6853,#6854,#6855,#6856,#6857,#6858,
#6859,#6860,#6861,#6862,#6863,#6864,#6865,#6866,#6867,#6868,#6869,#6870),
 .UNSPECIFIED.,.F.,.F.,(4,1,1,1,1,1,1,1,1,1,1,1,1,1,1,1,1,1,1,1,1,1,1,1,
1,1,1,4),(0.,0.0780109662847482,0.0901685395200574,0.105863895976586,0.124434891170109,
0.145492419933233,0.168772393642442,0.194080393087177,0.2212655452278,0.25020634961509,
0.280802228760982,0.312968134362401,0.346630920133151,0.381726800357429,
0.418199508945183,0.455998928713872,0.495080046892118,0.535402143332512,
0.5769281487351,0.619624129671185,0.663458869906946,0.708403526041081,0.754431341311052,
0.801517405513374,0.84963845190295,0.898772684055406,0.948899627237829,
0.992584726395647),.UNSPECIFIED.);
#127=B_SPLINE_CURVE_WITH_KNOTS('',3,(#6871,#6872,#6873,#6874,#6875,#6876,
#6877,#6878,#6879,#6880,#6881,#6882,#6883,#6884,#6885,#6886,#6887,#6888,
#6889,#6890,#6891,#6892,#6893,#6894,#6895,#6896,#6897,#6898,#6899,#6900),
 .UNSPECIFIED.,.F.,.F.,(4,1,1,1,1,1,1,1,1,1,1,1,1,1,1,1,1,1,1,1,1,1,1,1,
1,1,1,4),(0.,0.0780109662847482,0.0901685395200574,0.105863895976586,0.124434891170109,
0.145492419933233,0.168772393642442,0.194080393087177,0.2212655452278,0.25020634961509,
0.280802228760982,0.312968134362401,0.346630920133151,0.381726800357429,
0.418199508945183,0.455998928713872,0.495080046892118,0.535402143332512,
0.5769281487351,0.619624129671185,0.663458869906946,0.708403526041081,0.754431341311052,
0.801517405513374,0.84963845190295,0.898772684055406,0.948899627237829,
0.992584726395647),.UNSPECIFIED.);
#128=B_SPLINE_CURVE_WITH_KNOTS('',3,(#6908,#6909,#6910,#6911,#6912,#6913,
#6914,#6915,#6916,#6917,#6918,#6919,#6920,#6921,#6922,#6923,#6924,#6925,
#6926,#6927,#6928,#6929,#6930,#6931,#6932,#6933,#6934,#6935,#6936,#6937),
 .UNSPECIFIED.,.F.,.F.,(4,1,1,1,1,1,1,1,1,1,1,1,1,1,1,1,1,1,1,1,1,1,1,1,
1,1,1,4),(0.,0.0780109662847482,0.0901685395200574,0.105863895976586,0.124434891170109,
0.145492419933233,0.168772393642442,0.194080393087177,0.2212655452278,0.25020634961509,
0.280802228760982,0.312968134362401,0.346630920133151,0.381726800357429,
0.418199508945183,0.455998928713872,0.495080046892118,0.535402143332512,
0.5769281487351,0.619624129671185,0.663458869906946,0.708403526041081,0.754431341311052,
0.801517405513374,0.84963845190295,0.898772684055406,0.948899627237829,
0.992584726395647),.UNSPECIFIED.);
#129=B_SPLINE_CURVE_WITH_KNOTS('',3,(#6938,#6939,#6940,#6941,#6942,#6943,
#6944,#6945,#6946,#6947,#6948,#6949,#6950,#6951,#6952,#6953,#6954,#6955,
#6956,#6957,#6958,#6959,#6960,#6961,#6962,#6963,#6964,#6965,#6966,#6967),
 .UNSPECIFIED.,.F.,.F.,(4,1,1,1,1,1,1,1,1,1,1,1,1,1,1,1,1,1,1,1,1,1,1,1,
1,1,1,4),(0.,0.0780109662847482,0.0901685395200574,0.105863895976586,0.124434891170109,
0.145492419933233,0.168772393642442,0.194080393087177,0.2212655452278,0.25020634961509,
0.280802228760982,0.312968134362401,0.346630920133151,0.381726800357429,
0.418199508945183,0.455998928713872,0.495080046892118,0.535402143332512,
0.5769281487351,0.619624129671185,0.663458869906946,0.708403526041081,0.754431341311052,
0.801517405513374,0.84963845190295,0.898772684055406,0.948899627237829,
0.992584726395647),.UNSPECIFIED.);
#130=B_SPLINE_CURVE_WITH_KNOTS('',3,(#6975,#6976,#6977,#6978,#6979,#6980,
#6981,#6982,#6983,#6984,#6985,#6986,#6987,#6988,#6989,#6990,#6991,#6992,
#6993,#6994,#6995,#6996,#6997,#6998,#6999,#7000,#7001,#7002,#7003,#7004),
 .UNSPECIFIED.,.F.,.F.,(4,1,1,1,1,1,1,1,1,1,1,1,1,1,1,1,1,1,1,1,1,1,1,1,
1,1,1,4),(0.,0.0780109662847482,0.0901685395200574,0.105863895976586,0.124434891170109,
0.145492419933233,0.168772393642442,0.194080393087177,0.2212655452278,0.25020634961509,
0.280802228760982,0.312968134362401,0.346630920133151,0.381726800357429,
0.418199508945183,0.455998928713872,0.495080046892118,0.535402143332512,
0.5769281487351,0.619624129671185,0.663458869906946,0.708403526041081,0.754431341311052,
0.801517405513374,0.84963845190295,0.898772684055406,0.948899627237829,
0.992584726395647),.UNSPECIFIED.);
#131=B_SPLINE_CURVE_WITH_KNOTS('',3,(#7005,#7006,#7007,#7008,#7009,#7010,
#7011,#7012,#7013,#7014,#7015,#7016,#7017,#7018,#7019,#7020,#7021,#7022,
#7023,#7024,#7025,#7026,#7027,#7028,#7029,#7030,#7031,#7032,#7033,#7034),
 .UNSPECIFIED.,.F.,.F.,(4,1,1,1,1,1,1,1,1,1,1,1,1,1,1,1,1,1,1,1,1,1,1,1,
1,1,1,4),(0.,0.0780109662847482,0.0901685395200574,0.105863895976586,0.124434891170109,
0.145492419933233,0.168772393642442,0.194080393087177,0.2212655452278,0.25020634961509,
0.280802228760982,0.312968134362401,0.346630920133151,0.381726800357429,
0.418199508945183,0.455998928713872,0.495080046892118,0.535402143332512,
0.5769281487351,0.619624129671185,0.663458869906946,0.708403526041081,0.754431341311052,
0.801517405513374,0.84963845190295,0.898772684055406,0.948899627237829,
0.992584726395647),.UNSPECIFIED.);
#132=B_SPLINE_CURVE_WITH_KNOTS('',3,(#7043,#7044,#7045,#7046,#7047,#7048,
#7049,#7050,#7051,#7052,#7053,#7054,#7055,#7056,#7057,#7058,#7059,#7060,
#7061,#7062,#7063,#7064,#7065,#7066,#7067,#7068,#7069,#7070,#7071,#7072),
 .UNSPECIFIED.,.F.,.F.,(4,1,1,1,1,1,1,1,1,1,1,1,1,1,1,1,1,1,1,1,1,1,1,1,
1,1,1,4),(0.,0.0780109662847482,0.0901685395200574,0.105863895976586,0.124434891170109,
0.145492419933233,0.168772393642442,0.194080393087177,0.2212655452278,0.25020634961509,
0.280802228760982,0.312968134362401,0.346630920133151,0.381726800357429,
0.418199508945183,0.455998928713872,0.495080046892118,0.535402143332512,
0.5769281487351,0.619624129671185,0.663458869906946,0.708403526041081,0.754431341311052,
0.801517405513374,0.84963845190295,0.898772684055406,0.948899627237829,
0.992584726395647),.UNSPECIFIED.);
#133=B_SPLINE_CURVE_WITH_KNOTS('',3,(#7073,#7074,#7075,#7076,#7077,#7078,
#7079,#7080,#7081,#7082,#7083,#7084,#7085,#7086,#7087,#7088,#7089,#7090,
#7091,#7092,#7093,#7094,#7095,#7096,#7097,#7098,#7099,#7100,#7101,#7102),
 .UNSPECIFIED.,.F.,.F.,(4,1,1,1,1,1,1,1,1,1,1,1,1,1,1,1,1,1,1,1,1,1,1,1,
1,1,1,4),(0.,0.0780109662847482,0.0901685395200574,0.105863895976586,0.124434891170109,
0.145492419933233,0.168772393642442,0.194080393087177,0.2212655452278,0.25020634961509,
0.280802228760982,0.312968134362401,0.346630920133151,0.381726800357429,
0.418199508945183,0.455998928713872,0.495080046892118,0.535402143332512,
0.5769281487351,0.619624129671185,0.663458869906946,0.708403526041081,0.754431341311052,
0.801517405513374,0.84963845190295,0.898772684055406,0.948899627237829,
0.992584726395647),.UNSPECIFIED.);
#134=B_SPLINE_CURVE_WITH_KNOTS('',3,(#7110,#7111,#7112,#7113,#7114,#7115,
#7116,#7117,#7118,#7119,#7120,#7121,#7122,#7123,#7124,#7125,#7126,#7127,
#7128,#7129,#7130,#7131,#7132,#7133,#7134,#7135,#7136,#7137,#7138,#7139),
 .UNSPECIFIED.,.F.,.F.,(4,1,1,1,1,1,1,1,1,1,1,1,1,1,1,1,1,1,1,1,1,1,1,1,
1,1,1,4),(0.,0.0780109662847482,0.0901685395200574,0.105863895976586,0.124434891170109,
0.145492419933233,0.168772393642442,0.194080393087177,0.2212655452278,0.25020634961509,
0.280802228760982,0.312968134362401,0.346630920133151,0.381726800357429,
0.418199508945183,0.455998928713872,0.495080046892118,0.535402143332512,
0.5769281487351,0.619624129671185,0.663458869906946,0.708403526041081,0.754431341311052,
0.801517405513374,0.84963845190295,0.898772684055406,0.948899627237829,
0.992584726395647),.UNSPECIFIED.);
#135=B_SPLINE_CURVE_WITH_KNOTS('',3,(#7140,#7141,#7142,#7143,#7144,#7145,
#7146,#7147,#7148,#7149,#7150,#7151,#7152,#7153,#7154,#7155,#7156,#7157,
#7158,#7159,#7160,#7161,#7162,#7163,#7164,#7165,#7166,#7167,#7168,#7169),
 .UNSPECIFIED.,.F.,.F.,(4,1,1,1,1,1,1,1,1,1,1,1,1,1,1,1,1,1,1,1,1,1,1,1,
1,1,1,4),(0.,0.0780109662847482,0.0901685395200574,0.105863895976586,0.124434891170109,
0.145492419933233,0.168772393642442,0.194080393087177,0.2212655452278,0.25020634961509,
0.280802228760982,0.312968134362401,0.346630920133151,0.381726800357429,
0.418199508945183,0.455998928713872,0.495080046892118,0.535402143332512,
0.5769281487351,0.619624129671185,0.663458869906946,0.708403526041081,0.754431341311052,
0.801517405513374,0.84963845190295,0.898772684055406,0.948899627237829,
0.992584726395647),.UNSPECIFIED.);
#136=B_SPLINE_CURVE_WITH_KNOTS('',3,(#7177,#7178,#7179,#7180,#7181,#7182,
#7183,#7184,#7185,#7186,#7187,#7188,#7189,#7190,#7191,#7192,#7193,#7194,
#7195,#7196,#7197,#7198,#7199,#7200,#7201,#7202,#7203,#7204,#7205,#7206),
 .UNSPECIFIED.,.F.,.F.,(4,1,1,1,1,1,1,1,1,1,1,1,1,1,1,1,1,1,1,1,1,1,1,1,
1,1,1,4),(0.,0.0780109662847482,0.0901685395200574,0.105863895976586,0.124434891170109,
0.145492419933233,0.168772393642442,0.194080393087177,0.2212655452278,0.25020634961509,
0.280802228760982,0.312968134362401,0.346630920133151,0.381726800357429,
0.418199508945183,0.455998928713872,0.495080046892118,0.535402143332512,
0.5769281487351,0.619624129671185,0.663458869906946,0.708403526041081,0.754431341311052,
0.801517405513374,0.84963845190295,0.898772684055406,0.948899627237829,
0.992584726395647),.UNSPECIFIED.);
#137=B_SPLINE_CURVE_WITH_KNOTS('',3,(#7207,#7208,#7209,#7210,#7211,#7212,
#7213,#7214,#7215,#7216,#7217,#7218,#7219,#7220,#7221,#7222,#7223,#7224,
#7225,#7226,#7227,#7228,#7229,#7230,#7231,#7232,#7233,#7234,#7235,#7236),
 .UNSPECIFIED.,.F.,.F.,(4,1,1,1,1,1,1,1,1,1,1,1,1,1,1,1,1,1,1,1,1,1,1,1,
1,1,1,4),(0.,0.0780109662847482,0.0901685395200574,0.105863895976586,0.124434891170109,
0.145492419933233,0.168772393642442,0.194080393087177,0.2212655452278,0.25020634961509,
0.280802228760982,0.312968134362401,0.346630920133151,0.381726800357429,
0.418199508945183,0.455998928713872,0.495080046892118,0.535402143332512,
0.5769281487351,0.619624129671185,0.663458869906946,0.708403526041081,0.754431341311052,
0.801517405513374,0.84963845190295,0.898772684055406,0.948899627237829,
0.992584726395647),.UNSPECIFIED.);
#138=B_SPLINE_CURVE_WITH_KNOTS('',3,(#7244,#7245,#7246,#7247,#7248,#7249,
#7250,#7251,#7252,#7253,#7254,#7255,#7256,#7257,#7258,#7259,#7260,#7261,
#7262,#7263,#7264,#7265,#7266,#7267,#7268,#7269,#7270,#7271,#7272,#7273),
 .UNSPECIFIED.,.F.,.F.,(4,1,1,1,1,1,1,1,1,1,1,1,1,1,1,1,1,1,1,1,1,1,1,1,
1,1,1,4),(0.,0.0780109662847482,0.0901685395200574,0.105863895976586,0.124434891170109,
0.145492419933233,0.168772393642442,0.194080393087177,0.2212655452278,0.25020634961509,
0.280802228760982,0.312968134362401,0.346630920133151,0.381726800357429,
0.418199508945183,0.455998928713872,0.495080046892118,0.535402143332512,
0.5769281487351,0.619624129671185,0.663458869906946,0.708403526041081,0.754431341311052,
0.801517405513374,0.84963845190295,0.898772684055406,0.948899627237829,
0.992584726395647),.UNSPECIFIED.);
#139=B_SPLINE_CURVE_WITH_KNOTS('',3,(#7274,#7275,#7276,#7277,#7278,#7279,
#7280,#7281,#7282,#7283,#7284,#7285,#7286,#7287,#7288,#7289,#7290,#7291,
#7292,#7293,#7294,#7295,#7296,#7297,#7298,#7299,#7300,#7301,#7302,#7303),
 .UNSPECIFIED.,.F.,.F.,(4,1,1,1,1,1,1,1,1,1,1,1,1,1,1,1,1,1,1,1,1,1,1,1,
1,1,1,4),(0.,0.0780109662847482,0.0901685395200574,0.105863895976586,0.124434891170109,
0.145492419933233,0.168772393642442,0.194080393087177,0.2212655452278,0.25020634961509,
0.280802228760982,0.312968134362401,0.346630920133151,0.381726800357429,
0.418199508945183,0.455998928713872,0.495080046892118,0.535402143332512,
0.5769281487351,0.619624129671185,0.663458869906946,0.708403526041081,0.754431341311052,
0.801517405513374,0.84963845190295,0.898772684055406,0.948899627237829,
0.992584726395647),.UNSPECIFIED.);
#140=B_SPLINE_CURVE_WITH_KNOTS('',3,(#7311,#7312,#7313,#7314,#7315,#7316,
#7317,#7318,#7319,#7320,#7321,#7322,#7323,#7324,#7325,#7326,#7327,#7328,
#7329,#7330,#7331,#7332,#7333,#7334,#7335,#7336,#7337,#7338,#7339,#7340),
 .UNSPECIFIED.,.F.,.F.,(4,1,1,1,1,1,1,1,1,1,1,1,1,1,1,1,1,1,1,1,1,1,1,1,
1,1,1,4),(0.,0.0780109662847482,0.0901685395200574,0.105863895976586,0.124434891170109,
0.145492419933233,0.168772393642442,0.194080393087177,0.2212655452278,0.25020634961509,
0.280802228760982,0.312968134362401,0.346630920133151,0.381726800357429,
0.418199508945183,0.455998928713872,0.495080046892118,0.535402143332512,
0.5769281487351,0.619624129671185,0.663458869906946,0.708403526041081,0.754431341311052,
0.801517405513374,0.84963845190295,0.898772684055406,0.948899627237829,
0.992584726395647),.UNSPECIFIED.);
#141=B_SPLINE_CURVE_WITH_KNOTS('',3,(#7341,#7342,#7343,#7344,#7345,#7346,
#7347,#7348,#7349,#7350,#7351,#7352,#7353,#7354,#7355,#7356,#7357,#7358,
#7359,#7360,#7361,#7362,#7363,#7364,#7365,#7366,#7367,#7368,#7369,#7370),
 .UNSPECIFIED.,.F.,.F.,(4,1,1,1,1,1,1,1,1,1,1,1,1,1,1,1,1,1,1,1,1,1,1,1,
1,1,1,4),(0.,0.0780109662847482,0.0901685395200574,0.105863895976586,0.124434891170109,
0.145492419933233,0.168772393642442,0.194080393087177,0.2212655452278,0.25020634961509,
0.280802228760982,0.312968134362401,0.346630920133151,0.381726800357429,
0.418199508945183,0.455998928713872,0.495080046892118,0.535402143332512,
0.5769281487351,0.619624129671185,0.663458869906946,0.708403526041081,0.754431341311052,
0.801517405513374,0.84963845190295,0.898772684055406,0.948899627237829,
0.992584726395647),.UNSPECIFIED.);
#142=B_SPLINE_CURVE_WITH_KNOTS('',3,(#7378,#7379,#7380,#7381,#7382,#7383,
#7384,#7385,#7386,#7387,#7388,#7389,#7390,#7391,#7392,#7393,#7394,#7395,
#7396,#7397,#7398,#7399,#7400,#7401,#7402,#7403,#7404,#7405,#7406,#7407),
 .UNSPECIFIED.,.F.,.F.,(4,1,1,1,1,1,1,1,1,1,1,1,1,1,1,1,1,1,1,1,1,1,1,1,
1,1,1,4),(0.,0.0780109662847482,0.0901685395200574,0.105863895976586,0.124434891170109,
0.145492419933233,0.168772393642442,0.194080393087177,0.2212655452278,0.25020634961509,
0.280802228760982,0.312968134362401,0.346630920133151,0.381726800357429,
0.418199508945183,0.455998928713872,0.495080046892118,0.535402143332512,
0.5769281487351,0.619624129671185,0.663458869906946,0.708403526041081,0.754431341311052,
0.801517405513374,0.84963845190295,0.898772684055406,0.948899627237829,
0.992584726395647),.UNSPECIFIED.);
#143=B_SPLINE_CURVE_WITH_KNOTS('',3,(#7408,#7409,#7410,#7411,#7412,#7413,
#7414,#7415,#7416,#7417,#7418,#7419,#7420,#7421,#7422,#7423,#7424,#7425,
#7426,#7427,#7428,#7429,#7430,#7431,#7432,#7433,#7434,#7435,#7436,#7437),
 .UNSPECIFIED.,.F.,.F.,(4,1,1,1,1,1,1,1,1,1,1,1,1,1,1,1,1,1,1,1,1,1,1,1,
1,1,1,4),(0.,0.0780109662847482,0.0901685395200574,0.105863895976586,0.124434891170109,
0.145492419933233,0.168772393642442,0.194080393087177,0.2212655452278,0.25020634961509,
0.280802228760982,0.312968134362401,0.346630920133151,0.381726800357429,
0.418199508945183,0.455998928713872,0.495080046892118,0.535402143332512,
0.5769281487351,0.619624129671185,0.663458869906946,0.708403526041081,0.754431341311052,
0.801517405513374,0.84963845190295,0.898772684055406,0.948899627237829,
0.992584726395647),.UNSPECIFIED.);
#144=B_SPLINE_CURVE_WITH_KNOTS('',3,(#7445,#7446,#7447,#7448,#7449,#7450,
#7451,#7452,#7453,#7454,#7455,#7456,#7457,#7458,#7459,#7460,#7461,#7462,
#7463,#7464,#7465,#7466,#7467,#7468,#7469,#7470,#7471,#7472,#7473,#7474),
 .UNSPECIFIED.,.F.,.F.,(4,1,1,1,1,1,1,1,1,1,1,1,1,1,1,1,1,1,1,1,1,1,1,1,
1,1,1,4),(0.,0.0780109662847482,0.0901685395200574,0.105863895976586,0.124434891170109,
0.145492419933233,0.168772393642442,0.194080393087177,0.2212655452278,0.25020634961509,
0.280802228760982,0.312968134362401,0.346630920133151,0.381726800357429,
0.418199508945183,0.455998928713872,0.495080046892118,0.535402143332512,
0.5769281487351,0.619624129671185,0.663458869906946,0.708403526041081,0.754431341311052,
0.801517405513374,0.84963845190295,0.898772684055406,0.948899627237829,
0.992584726395647),.UNSPECIFIED.);
#145=B_SPLINE_CURVE_WITH_KNOTS('',3,(#7475,#7476,#7477,#7478,#7479,#7480,
#7481,#7482,#7483,#7484,#7485,#7486,#7487,#7488,#7489,#7490,#7491,#7492,
#7493,#7494,#7495,#7496,#7497,#7498,#7499,#7500,#7501,#7502,#7503,#7504),
 .UNSPECIFIED.,.F.,.F.,(4,1,1,1,1,1,1,1,1,1,1,1,1,1,1,1,1,1,1,1,1,1,1,1,
1,1,1,4),(0.,0.0780109662847482,0.0901685395200574,0.105863895976586,0.124434891170109,
0.145492419933233,0.168772393642442,0.194080393087177,0.2212655452278,0.25020634961509,
0.280802228760982,0.312968134362401,0.346630920133151,0.381726800357429,
0.418199508945183,0.455998928713872,0.495080046892118,0.535402143332512,
0.5769281487351,0.619624129671185,0.663458869906946,0.708403526041081,0.754431341311052,
0.801517405513374,0.84963845190295,0.898772684055406,0.948899627237829,
0.992584726395647),.UNSPECIFIED.);
#146=B_SPLINE_CURVE_WITH_KNOTS('',3,(#7512,#7513,#7514,#7515,#7516,#7517,
#7518,#7519,#7520,#7521,#7522,#7523,#7524,#7525,#7526,#7527,#7528,#7529,
#7530,#7531,#7532,#7533,#7534,#7535,#7536,#7537,#7538,#7539,#7540,#7541),
 .UNSPECIFIED.,.F.,.F.,(4,1,1,1,1,1,1,1,1,1,1,1,1,1,1,1,1,1,1,1,1,1,1,1,
1,1,1,4),(0.,0.0780109662847482,0.0901685395200574,0.105863895976586,0.124434891170109,
0.145492419933233,0.168772393642442,0.194080393087177,0.2212655452278,0.25020634961509,
0.280802228760982,0.312968134362401,0.346630920133151,0.381726800357429,
0.418199508945183,0.455998928713872,0.495080046892118,0.535402143332512,
0.5769281487351,0.619624129671185,0.663458869906946,0.708403526041081,0.754431341311052,
0.801517405513374,0.84963845190295,0.898772684055406,0.948899627237829,
0.992584726395647),.UNSPECIFIED.);
#147=B_SPLINE_CURVE_WITH_KNOTS('',3,(#7542,#7543,#7544,#7545,#7546,#7547,
#7548,#7549,#7550,#7551,#7552,#7553,#7554,#7555,#7556,#7557,#7558,#7559,
#7560,#7561,#7562,#7563,#7564,#7565,#7566,#7567,#7568,#7569,#7570,#7571),
 .UNSPECIFIED.,.F.,.F.,(4,1,1,1,1,1,1,1,1,1,1,1,1,1,1,1,1,1,1,1,1,1,1,1,
1,1,1,4),(0.,0.0780109662847482,0.0901685395200574,0.105863895976586,0.124434891170109,
0.145492419933233,0.168772393642442,0.194080393087177,0.2212655452278,0.25020634961509,
0.280802228760982,0.312968134362401,0.346630920133151,0.381726800357429,
0.418199508945183,0.455998928713872,0.495080046892118,0.535402143332512,
0.5769281487351,0.619624129671185,0.663458869906946,0.708403526041081,0.754431341311052,
0.801517405513374,0.84963845190295,0.898772684055406,0.948899627237829,
0.992584726395647),.UNSPECIFIED.);
#148=B_SPLINE_CURVE_WITH_KNOTS('',3,(#7579,#7580,#7581,#7582,#7583,#7584,
#7585,#7586,#7587,#7588,#7589,#7590,#7591,#7592,#7593,#7594,#7595,#7596,
#7597,#7598,#7599,#7600,#7601,#7602,#7603,#7604,#7605,#7606,#7607,#7608),
 .UNSPECIFIED.,.F.,.F.,(4,1,1,1,1,1,1,1,1,1,1,1,1,1,1,1,1,1,1,1,1,1,1,1,
1,1,1,4),(0.,0.0780109662847482,0.0901685395200574,0.105863895976586,0.124434891170109,
0.145492419933233,0.168772393642442,0.194080393087177,0.2212655452278,0.25020634961509,
0.280802228760982,0.312968134362401,0.346630920133151,0.381726800357429,
0.418199508945183,0.455998928713872,0.495080046892118,0.535402143332512,
0.5769281487351,0.619624129671185,0.663458869906946,0.708403526041081,0.754431341311052,
0.801517405513374,0.84963845190295,0.898772684055406,0.948899627237829,
0.992584726395647),.UNSPECIFIED.);
#149=B_SPLINE_CURVE_WITH_KNOTS('',3,(#7609,#7610,#7611,#7612,#7613,#7614,
#7615,#7616,#7617,#7618,#7619,#7620,#7621,#7622,#7623,#7624,#7625,#7626,
#7627,#7628,#7629,#7630,#7631,#7632,#7633,#7634,#7635,#7636,#7637,#7638),
 .UNSPECIFIED.,.F.,.F.,(4,1,1,1,1,1,1,1,1,1,1,1,1,1,1,1,1,1,1,1,1,1,1,1,
1,1,1,4),(0.,0.0780109662847482,0.0901685395200574,0.105863895976586,0.124434891170109,
0.145492419933233,0.168772393642442,0.194080393087177,0.2212655452278,0.25020634961509,
0.280802228760982,0.312968134362401,0.346630920133151,0.381726800357429,
0.418199508945183,0.455998928713872,0.495080046892118,0.535402143332512,
0.5769281487351,0.619624129671185,0.663458869906946,0.708403526041081,0.754431341311052,
0.801517405513374,0.84963845190295,0.898772684055406,0.948899627237829,
0.992584726395647),.UNSPECIFIED.);
#150=B_SPLINE_CURVE_WITH_KNOTS('',3,(#7646,#7647,#7648,#7649,#7650,#7651,
#7652,#7653,#7654,#7655,#7656,#7657,#7658,#7659,#7660,#7661,#7662,#7663,
#7664,#7665,#7666,#7667,#7668,#7669,#7670,#7671,#7672,#7673,#7674,#7675),
 .UNSPECIFIED.,.F.,.F.,(4,1,1,1,1,1,1,1,1,1,1,1,1,1,1,1,1,1,1,1,1,1,1,1,
1,1,1,4),(0.,0.0780109662847482,0.0901685395200574,0.105863895976586,0.124434891170109,
0.145492419933233,0.168772393642442,0.194080393087177,0.2212655452278,0.25020634961509,
0.280802228760982,0.312968134362401,0.346630920133151,0.381726800357429,
0.418199508945183,0.455998928713872,0.495080046892118,0.535402143332512,
0.5769281487351,0.619624129671185,0.663458869906946,0.708403526041081,0.754431341311052,
0.801517405513374,0.84963845190295,0.898772684055406,0.948899627237829,
0.992584726395647),.UNSPECIFIED.);
#151=B_SPLINE_CURVE_WITH_KNOTS('',3,(#7676,#7677,#7678,#7679,#7680,#7681,
#7682,#7683,#7684,#7685,#7686,#7687,#7688,#7689,#7690,#7691,#7692,#7693,
#7694,#7695,#7696,#7697,#7698,#7699,#7700,#7701,#7702,#7703,#7704,#7705),
 .UNSPECIFIED.,.F.,.F.,(4,1,1,1,1,1,1,1,1,1,1,1,1,1,1,1,1,1,1,1,1,1,1,1,
1,1,1,4),(0.,0.0780109662847482,0.0901685395200574,0.105863895976586,0.124434891170109,
0.145492419933233,0.168772393642442,0.194080393087177,0.2212655452278,0.25020634961509,
0.280802228760982,0.312968134362401,0.346630920133151,0.381726800357429,
0.418199508945183,0.455998928713872,0.495080046892118,0.535402143332512,
0.5769281487351,0.619624129671185,0.663458869906946,0.708403526041081,0.754431341311052,
0.801517405513374,0.84963845190295,0.898772684055406,0.948899627237829,
0.992584726395647),.UNSPECIFIED.);
#152=B_SPLINE_CURVE_WITH_KNOTS('',3,(#7713,#7714,#7715,#7716,#7717,#7718,
#7719,#7720,#7721,#7722,#7723,#7724,#7725,#7726,#7727,#7728,#7729,#7730,
#7731,#7732,#7733,#7734,#7735,#7736,#7737,#7738,#7739,#7740,#7741,#7742),
 .UNSPECIFIED.,.F.,.F.,(4,1,1,1,1,1,1,1,1,1,1,1,1,1,1,1,1,1,1,1,1,1,1,1,
1,1,1,4),(0.,0.0780109662847482,0.0901685395200574,0.105863895976586,0.124434891170109,
0.145492419933233,0.168772393642442,0.194080393087177,0.2212655452278,0.25020634961509,
0.280802228760982,0.312968134362401,0.346630920133151,0.381726800357429,
0.418199508945183,0.455998928713872,0.495080046892118,0.535402143332512,
0.5769281487351,0.619624129671185,0.663458869906946,0.708403526041081,0.754431341311052,
0.801517405513374,0.84963845190295,0.898772684055406,0.948899627237829,
0.992584726395647),.UNSPECIFIED.);
#153=B_SPLINE_CURVE_WITH_KNOTS('',3,(#7743,#7744,#7745,#7746,#7747,#7748,
#7749,#7750,#7751,#7752,#7753,#7754,#7755,#7756,#7757,#7758,#7759,#7760,
#7761,#7762,#7763,#7764,#7765,#7766,#7767,#7768,#7769,#7770,#7771,#7772),
 .UNSPECIFIED.,.F.,.F.,(4,1,1,1,1,1,1,1,1,1,1,1,1,1,1,1,1,1,1,1,1,1,1,1,
1,1,1,4),(0.,0.0780109662847482,0.0901685395200574,0.105863895976586,0.124434891170109,
0.145492419933233,0.168772393642442,0.194080393087177,0.2212655452278,0.25020634961509,
0.280802228760982,0.312968134362401,0.346630920133151,0.381726800357429,
0.418199508945183,0.455998928713872,0.495080046892118,0.535402143332512,
0.5769281487351,0.619624129671185,0.663458869906946,0.708403526041081,0.754431341311052,
0.801517405513374,0.84963845190295,0.898772684055406,0.948899627237829,
0.992584726395647),.UNSPECIFIED.);
#154=B_SPLINE_CURVE_WITH_KNOTS('',3,(#7780,#7781,#7782,#7783,#7784,#7785,
#7786,#7787,#7788,#7789,#7790,#7791,#7792,#7793,#7794,#7795,#7796,#7797,
#7798,#7799,#7800,#7801,#7802,#7803,#7804,#7805,#7806,#7807,#7808,#7809),
 .UNSPECIFIED.,.F.,.F.,(4,1,1,1,1,1,1,1,1,1,1,1,1,1,1,1,1,1,1,1,1,1,1,1,
1,1,1,4),(0.,0.0780109662847482,0.0901685395200574,0.105863895976586,0.124434891170109,
0.145492419933233,0.168772393642442,0.194080393087177,0.2212655452278,0.25020634961509,
0.280802228760982,0.312968134362401,0.346630920133151,0.381726800357429,
0.418199508945183,0.455998928713872,0.495080046892118,0.535402143332512,
0.5769281487351,0.619624129671185,0.663458869906946,0.708403526041081,0.754431341311052,
0.801517405513374,0.84963845190295,0.898772684055406,0.948899627237829,
0.992584726395647),.UNSPECIFIED.);
#155=B_SPLINE_CURVE_WITH_KNOTS('',3,(#7810,#7811,#7812,#7813,#7814,#7815,
#7816,#7817,#7818,#7819,#7820,#7821,#7822,#7823,#7824,#7825,#7826,#7827,
#7828,#7829,#7830,#7831,#7832,#7833,#7834,#7835,#7836,#7837,#7838,#7839),
 .UNSPECIFIED.,.F.,.F.,(4,1,1,1,1,1,1,1,1,1,1,1,1,1,1,1,1,1,1,1,1,1,1,1,
1,1,1,4),(0.,0.0780109662847482,0.0901685395200574,0.105863895976586,0.124434891170109,
0.145492419933233,0.168772393642442,0.194080393087177,0.2212655452278,0.25020634961509,
0.280802228760982,0.312968134362401,0.346630920133151,0.381726800357429,
0.418199508945183,0.455998928713872,0.495080046892118,0.535402143332512,
0.5769281487351,0.619624129671185,0.663458869906946,0.708403526041081,0.754431341311052,
0.801517405513374,0.84963845190295,0.898772684055406,0.948899627237829,
0.992584726395647),.UNSPECIFIED.);
#156=B_SPLINE_CURVE_WITH_KNOTS('',3,(#7847,#7848,#7849,#7850,#7851,#7852,
#7853,#7854,#7855,#7856,#7857,#7858,#7859,#7860,#7861,#7862,#7863,#7864,
#7865,#7866,#7867,#7868,#7869,#7870,#7871,#7872,#7873,#7874,#7875,#7876),
 .UNSPECIFIED.,.F.,.F.,(4,1,1,1,1,1,1,1,1,1,1,1,1,1,1,1,1,1,1,1,1,1,1,1,
1,1,1,4),(0.,0.0780109662847482,0.0901685395200574,0.105863895976586,0.124434891170109,
0.145492419933233,0.168772393642442,0.194080393087177,0.2212655452278,0.25020634961509,
0.280802228760982,0.312968134362401,0.346630920133151,0.381726800357429,
0.418199508945183,0.455998928713872,0.495080046892118,0.535402143332512,
0.5769281487351,0.619624129671185,0.663458869906946,0.708403526041081,0.754431341311052,
0.801517405513374,0.84963845190295,0.898772684055406,0.948899627237829,
0.992584726395647),.UNSPECIFIED.);
#157=B_SPLINE_CURVE_WITH_KNOTS('',3,(#7877,#7878,#7879,#7880,#7881,#7882,
#7883,#7884,#7885,#7886,#7887,#7888,#7889,#7890,#7891,#7892,#7893,#7894,
#7895,#7896,#7897,#7898,#7899,#7900,#7901,#7902,#7903,#7904,#7905,#7906),
 .UNSPECIFIED.,.F.,.F.,(4,1,1,1,1,1,1,1,1,1,1,1,1,1,1,1,1,1,1,1,1,1,1,1,
1,1,1,4),(0.,0.0780109662847482,0.0901685395200574,0.105863895976586,0.124434891170109,
0.145492419933233,0.168772393642442,0.194080393087177,0.2212655452278,0.25020634961509,
0.280802228760982,0.312968134362401,0.346630920133151,0.381726800357429,
0.418199508945183,0.455998928713872,0.495080046892118,0.535402143332512,
0.5769281487351,0.619624129671185,0.663458869906946,0.708403526041081,0.754431341311052,
0.801517405513374,0.84963845190295,0.898772684055406,0.948899627237829,
0.992584726395647),.UNSPECIFIED.);
#158=B_SPLINE_CURVE_WITH_KNOTS('',3,(#7914,#7915,#7916,#7917,#7918,#7919,
#7920,#7921,#7922,#7923,#7924,#7925,#7926,#7927,#7928,#7929,#7930,#7931,
#7932,#7933,#7934,#7935,#7936,#7937,#7938,#7939,#7940,#7941,#7942,#7943),
 .UNSPECIFIED.,.F.,.F.,(4,1,1,1,1,1,1,1,1,1,1,1,1,1,1,1,1,1,1,1,1,1,1,1,
1,1,1,4),(0.,0.0780109662847482,0.0901685395200574,0.105863895976586,0.124434891170109,
0.145492419933233,0.168772393642442,0.194080393087177,0.2212655452278,0.25020634961509,
0.280802228760982,0.312968134362401,0.346630920133151,0.381726800357429,
0.418199508945183,0.455998928713872,0.495080046892118,0.535402143332512,
0.5769281487351,0.619624129671185,0.663458869906946,0.708403526041081,0.754431341311052,
0.801517405513374,0.84963845190295,0.898772684055406,0.948899627237829,
0.992584726395647),.UNSPECIFIED.);
#159=B_SPLINE_CURVE_WITH_KNOTS('',3,(#7944,#7945,#7946,#7947,#7948,#7949,
#7950,#7951,#7952,#7953,#7954,#7955,#7956,#7957,#7958,#7959,#7960,#7961,
#7962,#7963,#7964,#7965,#7966,#7967,#7968,#7969,#7970,#7971,#7972,#7973),
 .UNSPECIFIED.,.F.,.F.,(4,1,1,1,1,1,1,1,1,1,1,1,1,1,1,1,1,1,1,1,1,1,1,1,
1,1,1,4),(0.,0.0780109662847482,0.0901685395200574,0.105863895976586,0.124434891170109,
0.145492419933233,0.168772393642442,0.194080393087177,0.2212655452278,0.25020634961509,
0.280802228760982,0.312968134362401,0.346630920133151,0.381726800357429,
0.418199508945183,0.455998928713872,0.495080046892118,0.535402143332512,
0.5769281487351,0.619624129671185,0.663458869906946,0.708403526041081,0.754431341311052,
0.801517405513374,0.84963845190295,0.898772684055406,0.948899627237829,
0.992584726395647),.UNSPECIFIED.);
#160=B_SPLINE_CURVE_WITH_KNOTS('',3,(#7981,#7982,#7983,#7984,#7985,#7986,
#7987,#7988,#7989,#7990,#7991,#7992,#7993,#7994,#7995,#7996,#7997,#7998,
#7999,#8000,#8001,#8002,#8003,#8004,#8005,#8006,#8007,#8008,#8009,#8010),
 .UNSPECIFIED.,.F.,.F.,(4,1,1,1,1,1,1,1,1,1,1,1,1,1,1,1,1,1,1,1,1,1,1,1,
1,1,1,4),(0.,0.0780109662847482,0.0901685395200574,0.105863895976586,0.124434891170109,
0.145492419933233,0.168772393642442,0.194080393087177,0.2212655452278,0.25020634961509,
0.280802228760982,0.312968134362401,0.346630920133151,0.381726800357429,
0.418199508945183,0.455998928713872,0.495080046892118,0.535402143332512,
0.5769281487351,0.619624129671185,0.663458869906946,0.708403526041081,0.754431341311052,
0.801517405513374,0.84963845190295,0.898772684055406,0.948899627237829,
0.992584726395647),.UNSPECIFIED.);
#161=B_SPLINE_CURVE_WITH_KNOTS('',3,(#8011,#8012,#8013,#8014,#8015,#8016,
#8017,#8018,#8019,#8020,#8021,#8022,#8023,#8024,#8025,#8026,#8027,#8028,
#8029,#8030,#8031,#8032,#8033,#8034,#8035,#8036,#8037,#8038,#8039,#8040),
 .UNSPECIFIED.,.F.,.F.,(4,1,1,1,1,1,1,1,1,1,1,1,1,1,1,1,1,1,1,1,1,1,1,1,
1,1,1,4),(0.,0.0780109662847482,0.0901685395200574,0.105863895976586,0.124434891170109,
0.145492419933233,0.168772393642442,0.194080393087177,0.2212655452278,0.25020634961509,
0.280802228760982,0.312968134362401,0.346630920133151,0.381726800357429,
0.418199508945183,0.455998928713872,0.495080046892118,0.535402143332512,
0.5769281487351,0.619624129671185,0.663458869906946,0.708403526041081,0.754431341311052,
0.801517405513374,0.84963845190295,0.898772684055406,0.948899627237829,
0.992584726395647),.UNSPECIFIED.);
#162=B_SPLINE_CURVE_WITH_KNOTS('',3,(#8048,#8049,#8050,#8051,#8052,#8053,
#8054,#8055,#8056,#8057,#8058,#8059,#8060,#8061,#8062,#8063,#8064,#8065,
#8066,#8067,#8068,#8069,#8070,#8071,#8072,#8073,#8074,#8075,#8076,#8077),
 .UNSPECIFIED.,.F.,.F.,(4,1,1,1,1,1,1,1,1,1,1,1,1,1,1,1,1,1,1,1,1,1,1,1,
1,1,1,4),(0.,0.0780109662847482,0.0901685395200574,0.105863895976586,0.124434891170109,
0.145492419933233,0.168772393642442,0.194080393087177,0.2212655452278,0.25020634961509,
0.280802228760982,0.312968134362401,0.346630920133151,0.381726800357429,
0.418199508945183,0.455998928713872,0.495080046892118,0.535402143332512,
0.5769281487351,0.619624129671185,0.663458869906946,0.708403526041081,0.754431341311052,
0.801517405513374,0.84963845190295,0.898772684055406,0.948899627237829,
0.992584726395647),.UNSPECIFIED.);
#163=B_SPLINE_CURVE_WITH_KNOTS('',3,(#8078,#8079,#8080,#8081,#8082,#8083,
#8084,#8085,#8086,#8087,#8088,#8089,#8090,#8091,#8092,#8093,#8094,#8095,
#8096,#8097,#8098,#8099,#8100,#8101,#8102,#8103,#8104,#8105,#8106,#8107),
 .UNSPECIFIED.,.F.,.F.,(4,1,1,1,1,1,1,1,1,1,1,1,1,1,1,1,1,1,1,1,1,1,1,1,
1,1,1,4),(0.,0.0780109662847482,0.0901685395200574,0.105863895976586,0.124434891170109,
0.145492419933233,0.168772393642442,0.194080393087177,0.2212655452278,0.25020634961509,
0.280802228760982,0.312968134362401,0.346630920133151,0.381726800357429,
0.418199508945183,0.455998928713872,0.495080046892118,0.535402143332512,
0.5769281487351,0.619624129671185,0.663458869906946,0.708403526041081,0.754431341311052,
0.801517405513374,0.84963845190295,0.898772684055406,0.948899627237829,
0.992584726395647),.UNSPECIFIED.);
#164=B_SPLINE_CURVE_WITH_KNOTS('',3,(#8115,#8116,#8117,#8118,#8119,#8120,
#8121,#8122,#8123,#8124,#8125,#8126,#8127,#8128,#8129,#8130,#8131,#8132,
#8133,#8134,#8135,#8136,#8137,#8138,#8139,#8140,#8141,#8142,#8143,#8144),
 .UNSPECIFIED.,.F.,.F.,(4,1,1,1,1,1,1,1,1,1,1,1,1,1,1,1,1,1,1,1,1,1,1,1,
1,1,1,4),(0.,0.0780109662847482,0.0901685395200574,0.105863895976586,0.124434891170109,
0.145492419933233,0.168772393642442,0.194080393087177,0.2212655452278,0.25020634961509,
0.280802228760982,0.312968134362401,0.346630920133151,0.381726800357429,
0.418199508945183,0.455998928713872,0.495080046892118,0.535402143332512,
0.5769281487351,0.619624129671185,0.663458869906946,0.708403526041081,0.754431341311052,
0.801517405513374,0.84963845190295,0.898772684055406,0.948899627237829,
0.992584726395647),.UNSPECIFIED.);
#165=B_SPLINE_CURVE_WITH_KNOTS('',3,(#8145,#8146,#8147,#8148,#8149,#8150,
#8151,#8152,#8153,#8154,#8155,#8156,#8157,#8158,#8159,#8160,#8161,#8162,
#8163,#8164,#8165,#8166,#8167,#8168,#8169,#8170,#8171,#8172,#8173,#8174),
 .UNSPECIFIED.,.F.,.F.,(4,1,1,1,1,1,1,1,1,1,1,1,1,1,1,1,1,1,1,1,1,1,1,1,
1,1,1,4),(0.,0.0780109662847482,0.0901685395200574,0.105863895976586,0.124434891170109,
0.145492419933233,0.168772393642442,0.194080393087177,0.2212655452278,0.25020634961509,
0.280802228760982,0.312968134362401,0.346630920133151,0.381726800357429,
0.418199508945183,0.455998928713872,0.495080046892118,0.535402143332512,
0.5769281487351,0.619624129671185,0.663458869906946,0.708403526041081,0.754431341311052,
0.801517405513374,0.84963845190295,0.898772684055406,0.948899627237829,
0.992584726395647),.UNSPECIFIED.);
#166=B_SPLINE_CURVE_WITH_KNOTS('',3,(#8182,#8183,#8184,#8185,#8186,#8187,
#8188,#8189,#8190,#8191,#8192,#8193,#8194,#8195,#8196,#8197,#8198,#8199,
#8200,#8201,#8202,#8203,#8204,#8205,#8206,#8207,#8208,#8209,#8210,#8211),
 .UNSPECIFIED.,.F.,.F.,(4,1,1,1,1,1,1,1,1,1,1,1,1,1,1,1,1,1,1,1,1,1,1,1,
1,1,1,4),(0.,0.0780109662847482,0.0901685395200574,0.105863895976586,0.124434891170109,
0.145492419933233,0.168772393642442,0.194080393087177,0.2212655452278,0.25020634961509,
0.280802228760982,0.312968134362401,0.346630920133151,0.381726800357429,
0.418199508945183,0.455998928713872,0.495080046892118,0.535402143332512,
0.5769281487351,0.619624129671185,0.663458869906946,0.708403526041081,0.754431341311052,
0.801517405513374,0.84963845190295,0.898772684055406,0.948899627237829,
0.992584726395647),.UNSPECIFIED.);
#167=B_SPLINE_CURVE_WITH_KNOTS('',3,(#8212,#8213,#8214,#8215,#8216,#8217,
#8218,#8219,#8220,#8221,#8222,#8223,#8224,#8225,#8226,#8227,#8228,#8229,
#8230,#8231,#8232,#8233,#8234,#8235,#8236,#8237,#8238,#8239,#8240,#8241),
 .UNSPECIFIED.,.F.,.F.,(4,1,1,1,1,1,1,1,1,1,1,1,1,1,1,1,1,1,1,1,1,1,1,1,
1,1,1,4),(0.,0.0780109662847482,0.0901685395200574,0.105863895976586,0.124434891170109,
0.145492419933233,0.168772393642442,0.194080393087177,0.2212655452278,0.25020634961509,
0.280802228760982,0.312968134362401,0.346630920133151,0.381726800357429,
0.418199508945183,0.455998928713872,0.495080046892118,0.535402143332512,
0.5769281487351,0.619624129671185,0.663458869906946,0.708403526041081,0.754431341311052,
0.801517405513374,0.84963845190295,0.898772684055406,0.948899627237829,
0.992584726395647),.UNSPECIFIED.);
#168=B_SPLINE_CURVE_WITH_KNOTS('',3,(#8249,#8250,#8251,#8252,#8253,#8254,
#8255,#8256,#8257,#8258,#8259,#8260,#8261,#8262,#8263,#8264,#8265,#8266,
#8267,#8268,#8269,#8270,#8271,#8272,#8273,#8274,#8275,#8276,#8277,#8278),
 .UNSPECIFIED.,.F.,.F.,(4,1,1,1,1,1,1,1,1,1,1,1,1,1,1,1,1,1,1,1,1,1,1,1,
1,1,1,4),(0.,0.0780109662847482,0.0901685395200574,0.105863895976586,0.124434891170109,
0.145492419933233,0.168772393642442,0.194080393087177,0.2212655452278,0.25020634961509,
0.280802228760982,0.312968134362401,0.346630920133151,0.381726800357429,
0.418199508945183,0.455998928713872,0.495080046892118,0.535402143332512,
0.5769281487351,0.619624129671185,0.663458869906946,0.708403526041081,0.754431341311052,
0.801517405513374,0.84963845190295,0.898772684055406,0.948899627237829,
0.992584726395647),.UNSPECIFIED.);
#169=B_SPLINE_CURVE_WITH_KNOTS('',3,(#8279,#8280,#8281,#8282,#8283,#8284,
#8285,#8286,#8287,#8288,#8289,#8290,#8291,#8292,#8293,#8294,#8295,#8296,
#8297,#8298,#8299,#8300,#8301,#8302,#8303,#8304,#8305,#8306,#8307,#8308),
 .UNSPECIFIED.,.F.,.F.,(4,1,1,1,1,1,1,1,1,1,1,1,1,1,1,1,1,1,1,1,1,1,1,1,
1,1,1,4),(0.,0.0780109662847482,0.0901685395200574,0.105863895976586,0.124434891170109,
0.145492419933233,0.168772393642442,0.194080393087177,0.2212655452278,0.25020634961509,
0.280802228760982,0.312968134362401,0.346630920133151,0.381726800357429,
0.418199508945183,0.455998928713872,0.495080046892118,0.535402143332512,
0.5769281487351,0.619624129671185,0.663458869906946,0.708403526041081,0.754431341311052,
0.801517405513374,0.84963845190295,0.898772684055406,0.948899627237829,
0.992584726395647),.UNSPECIFIED.);
#170=B_SPLINE_CURVE_WITH_KNOTS('',3,(#8316,#8317,#8318,#8319,#8320,#8321,
#8322,#8323,#8324,#8325,#8326,#8327,#8328,#8329,#8330,#8331,#8332,#8333,
#8334,#8335,#8336,#8337,#8338,#8339,#8340,#8341,#8342,#8343,#8344,#8345),
 .UNSPECIFIED.,.F.,.F.,(4,1,1,1,1,1,1,1,1,1,1,1,1,1,1,1,1,1,1,1,1,1,1,1,
1,1,1,4),(0.,0.0780109662847482,0.0901685395200574,0.105863895976586,0.124434891170109,
0.145492419933233,0.168772393642442,0.194080393087177,0.2212655452278,0.25020634961509,
0.280802228760982,0.312968134362401,0.346630920133151,0.381726800357429,
0.418199508945183,0.455998928713872,0.495080046892118,0.535402143332512,
0.5769281487351,0.619624129671185,0.663458869906946,0.708403526041081,0.754431341311052,
0.801517405513374,0.84963845190295,0.898772684055406,0.948899627237829,
0.992584726395647),.UNSPECIFIED.);
#171=B_SPLINE_CURVE_WITH_KNOTS('',3,(#8346,#8347,#8348,#8349,#8350,#8351,
#8352,#8353,#8354,#8355,#8356,#8357,#8358,#8359,#8360,#8361,#8362,#8363,
#8364,#8365,#8366,#8367,#8368,#8369,#8370,#8371,#8372,#8373,#8374,#8375),
 .UNSPECIFIED.,.F.,.F.,(4,1,1,1,1,1,1,1,1,1,1,1,1,1,1,1,1,1,1,1,1,1,1,1,
1,1,1,4),(0.,0.0780109662847482,0.0901685395200574,0.105863895976586,0.124434891170109,
0.145492419933233,0.168772393642442,0.194080393087177,0.2212655452278,0.25020634961509,
0.280802228760982,0.312968134362401,0.346630920133151,0.381726800357429,
0.418199508945183,0.455998928713872,0.495080046892118,0.535402143332512,
0.5769281487351,0.619624129671185,0.663458869906946,0.708403526041081,0.754431341311052,
0.801517405513374,0.84963845190295,0.898772684055406,0.948899627237829,
0.992584726395647),.UNSPECIFIED.);
#172=B_SPLINE_CURVE_WITH_KNOTS('',3,(#8383,#8384,#8385,#8386,#8387,#8388,
#8389,#8390,#8391,#8392,#8393,#8394,#8395,#8396,#8397,#8398,#8399,#8400,
#8401,#8402,#8403,#8404,#8405,#8406,#8407,#8408,#8409,#8410,#8411,#8412),
 .UNSPECIFIED.,.F.,.F.,(4,1,1,1,1,1,1,1,1,1,1,1,1,1,1,1,1,1,1,1,1,1,1,1,
1,1,1,4),(0.,0.0780109662847482,0.0901685395200574,0.105863895976586,0.124434891170109,
0.145492419933233,0.168772393642442,0.194080393087177,0.2212655452278,0.25020634961509,
0.280802228760982,0.312968134362401,0.346630920133151,0.381726800357429,
0.418199508945183,0.455998928713872,0.495080046892118,0.535402143332512,
0.5769281487351,0.619624129671185,0.663458869906946,0.708403526041081,0.754431341311052,
0.801517405513374,0.84963845190295,0.898772684055406,0.948899627237829,
0.992584726395647),.UNSPECIFIED.);
#173=B_SPLINE_CURVE_WITH_KNOTS('',3,(#8413,#8414,#8415,#8416,#8417,#8418,
#8419,#8420,#8421,#8422,#8423,#8424,#8425,#8426,#8427,#8428,#8429,#8430,
#8431,#8432,#8433,#8434,#8435,#8436,#8437,#8438,#8439,#8440,#8441,#8442),
 .UNSPECIFIED.,.F.,.F.,(4,1,1,1,1,1,1,1,1,1,1,1,1,1,1,1,1,1,1,1,1,1,1,1,
1,1,1,4),(0.,0.0780109662847482,0.0901685395200574,0.105863895976586,0.124434891170109,
0.145492419933233,0.168772393642442,0.194080393087177,0.2212655452278,0.25020634961509,
0.280802228760982,0.312968134362401,0.346630920133151,0.381726800357429,
0.418199508945183,0.455998928713872,0.495080046892118,0.535402143332512,
0.5769281487351,0.619624129671185,0.663458869906946,0.708403526041081,0.754431341311052,
0.801517405513374,0.84963845190295,0.898772684055406,0.948899627237829,
0.992584726395647),.UNSPECIFIED.);
#174=B_SPLINE_CURVE_WITH_KNOTS('',3,(#8450,#8451,#8452,#8453,#8454,#8455,
#8456,#8457,#8458,#8459,#8460,#8461,#8462,#8463,#8464,#8465,#8466,#8467,
#8468,#8469,#8470,#8471,#8472,#8473,#8474,#8475,#8476,#8477,#8478,#8479),
 .UNSPECIFIED.,.F.,.F.,(4,1,1,1,1,1,1,1,1,1,1,1,1,1,1,1,1,1,1,1,1,1,1,1,
1,1,1,4),(0.,0.0780109662847482,0.0901685395200574,0.105863895976586,0.124434891170109,
0.145492419933233,0.168772393642442,0.194080393087177,0.2212655452278,0.25020634961509,
0.280802228760982,0.312968134362401,0.346630920133151,0.381726800357429,
0.418199508945183,0.455998928713872,0.495080046892118,0.535402143332512,
0.5769281487351,0.619624129671185,0.663458869906946,0.708403526041081,0.754431341311052,
0.801517405513374,0.84963845190295,0.898772684055406,0.948899627237829,
0.992584726395647),.UNSPECIFIED.);
#175=B_SPLINE_CURVE_WITH_KNOTS('',3,(#8480,#8481,#8482,#8483,#8484,#8485,
#8486,#8487,#8488,#8489,#8490,#8491,#8492,#8493,#8494,#8495,#8496,#8497,
#8498,#8499,#8500,#8501,#8502,#8503,#8504,#8505,#8506,#8507,#8508,#8509),
 .UNSPECIFIED.,.F.,.F.,(4,1,1,1,1,1,1,1,1,1,1,1,1,1,1,1,1,1,1,1,1,1,1,1,
1,1,1,4),(0.,0.0780109662847482,0.0901685395200574,0.105863895976586,0.124434891170109,
0.145492419933233,0.168772393642442,0.194080393087177,0.2212655452278,0.25020634961509,
0.280802228760982,0.312968134362401,0.346630920133151,0.381726800357429,
0.418199508945183,0.455998928713872,0.495080046892118,0.535402143332512,
0.5769281487351,0.619624129671185,0.663458869906946,0.708403526041081,0.754431341311052,
0.801517405513374,0.84963845190295,0.898772684055406,0.948899627237829,
0.992584726395647),.UNSPECIFIED.);
#176=B_SPLINE_CURVE_WITH_KNOTS('',3,(#8517,#8518,#8519,#8520,#8521,#8522,
#8523,#8524,#8525,#8526,#8527,#8528,#8529,#8530,#8531,#8532,#8533,#8534,
#8535,#8536,#8537,#8538,#8539,#8540,#8541,#8542,#8543,#8544,#8545,#8546),
 .UNSPECIFIED.,.F.,.F.,(4,1,1,1,1,1,1,1,1,1,1,1,1,1,1,1,1,1,1,1,1,1,1,1,
1,1,1,4),(0.,0.0780109662847482,0.0901685395200574,0.105863895976586,0.124434891170109,
0.145492419933233,0.168772393642442,0.194080393087177,0.2212655452278,0.25020634961509,
0.280802228760982,0.312968134362401,0.346630920133151,0.381726800357429,
0.418199508945183,0.455998928713872,0.495080046892118,0.535402143332512,
0.5769281487351,0.619624129671185,0.663458869906946,0.708403526041081,0.754431341311052,
0.801517405513374,0.84963845190295,0.898772684055406,0.948899627237829,
0.992584726395647),.UNSPECIFIED.);
#177=B_SPLINE_CURVE_WITH_KNOTS('',3,(#8547,#8548,#8549,#8550,#8551,#8552,
#8553,#8554,#8555,#8556,#8557,#8558,#8559,#8560,#8561,#8562,#8563,#8564,
#8565,#8566,#8567,#8568,#8569,#8570,#8571,#8572,#8573,#8574,#8575,#8576),
 .UNSPECIFIED.,.F.,.F.,(4,1,1,1,1,1,1,1,1,1,1,1,1,1,1,1,1,1,1,1,1,1,1,1,
1,1,1,4),(0.,0.0780109662847482,0.0901685395200574,0.105863895976586,0.124434891170109,
0.145492419933233,0.168772393642442,0.194080393087177,0.2212655452278,0.25020634961509,
0.280802228760982,0.312968134362401,0.346630920133151,0.381726800357429,
0.418199508945183,0.455998928713872,0.495080046892118,0.535402143332512,
0.5769281487351,0.619624129671185,0.663458869906946,0.708403526041081,0.754431341311052,
0.801517405513374,0.84963845190295,0.898772684055406,0.948899627237829,
0.992584726395647),.UNSPECIFIED.);
#178=B_SPLINE_CURVE_WITH_KNOTS('',3,(#8584,#8585,#8586,#8587,#8588,#8589,
#8590,#8591,#8592,#8593,#8594,#8595,#8596,#8597,#8598,#8599,#8600,#8601,
#8602,#8603,#8604,#8605,#8606,#8607,#8608,#8609,#8610,#8611,#8612,#8613),
 .UNSPECIFIED.,.F.,.F.,(4,1,1,1,1,1,1,1,1,1,1,1,1,1,1,1,1,1,1,1,1,1,1,1,
1,1,1,4),(0.,0.0780109662847482,0.0901685395200574,0.105863895976586,0.124434891170109,
0.145492419933233,0.168772393642442,0.194080393087177,0.2212655452278,0.25020634961509,
0.280802228760982,0.312968134362401,0.346630920133151,0.381726800357429,
0.418199508945183,0.455998928713872,0.495080046892118,0.535402143332512,
0.5769281487351,0.619624129671185,0.663458869906946,0.708403526041081,0.754431341311052,
0.801517405513374,0.84963845190295,0.898772684055406,0.948899627237829,
0.992584726395647),.UNSPECIFIED.);
#179=B_SPLINE_CURVE_WITH_KNOTS('',3,(#8614,#8615,#8616,#8617,#8618,#8619,
#8620,#8621,#8622,#8623,#8624,#8625,#8626,#8627,#8628,#8629,#8630,#8631,
#8632,#8633,#8634,#8635,#8636,#8637,#8638,#8639,#8640,#8641,#8642,#8643),
 .UNSPECIFIED.,.F.,.F.,(4,1,1,1,1,1,1,1,1,1,1,1,1,1,1,1,1,1,1,1,1,1,1,1,
1,1,1,4),(0.,0.0780109662847482,0.0901685395200574,0.105863895976586,0.124434891170109,
0.145492419933233,0.168772393642442,0.194080393087177,0.2212655452278,0.25020634961509,
0.280802228760982,0.312968134362401,0.346630920133151,0.381726800357429,
0.418199508945183,0.455998928713872,0.495080046892118,0.535402143332512,
0.5769281487351,0.619624129671185,0.663458869906946,0.708403526041081,0.754431341311052,
0.801517405513374,0.84963845190295,0.898772684055406,0.948899627237829,
0.992584726395647),.UNSPECIFIED.);
#180=B_SPLINE_CURVE_WITH_KNOTS('',3,(#8651,#8652,#8653,#8654,#8655,#8656,
#8657,#8658,#8659,#8660,#8661,#8662,#8663,#8664,#8665,#8666,#8667,#8668,
#8669,#8670,#8671,#8672,#8673,#8674,#8675,#8676,#8677,#8678,#8679,#8680),
 .UNSPECIFIED.,.F.,.F.,(4,1,1,1,1,1,1,1,1,1,1,1,1,1,1,1,1,1,1,1,1,1,1,1,
1,1,1,4),(0.,0.0780109662847482,0.0901685395200574,0.105863895976586,0.124434891170109,
0.145492419933233,0.168772393642442,0.194080393087177,0.2212655452278,0.25020634961509,
0.280802228760982,0.312968134362401,0.346630920133151,0.381726800357429,
0.418199508945183,0.455998928713872,0.495080046892118,0.535402143332512,
0.5769281487351,0.619624129671185,0.663458869906946,0.708403526041081,0.754431341311052,
0.801517405513374,0.84963845190295,0.898772684055406,0.948899627237829,
0.992584726395647),.UNSPECIFIED.);
#181=B_SPLINE_CURVE_WITH_KNOTS('',3,(#8681,#8682,#8683,#8684,#8685,#8686,
#8687,#8688,#8689,#8690,#8691,#8692,#8693,#8694,#8695,#8696,#8697,#8698,
#8699,#8700,#8701,#8702,#8703,#8704,#8705,#8706,#8707,#8708,#8709,#8710),
 .UNSPECIFIED.,.F.,.F.,(4,1,1,1,1,1,1,1,1,1,1,1,1,1,1,1,1,1,1,1,1,1,1,1,
1,1,1,4),(0.,0.0780109662847482,0.0901685395200574,0.105863895976586,0.124434891170109,
0.145492419933233,0.168772393642442,0.194080393087177,0.2212655452278,0.25020634961509,
0.280802228760982,0.312968134362401,0.346630920133151,0.381726800357429,
0.418199508945183,0.455998928713872,0.495080046892118,0.535402143332512,
0.5769281487351,0.619624129671185,0.663458869906946,0.708403526041081,0.754431341311052,
0.801517405513374,0.84963845190295,0.898772684055406,0.948899627237829,
0.992584726395647),.UNSPECIFIED.);
#182=B_SPLINE_CURVE_WITH_KNOTS('',3,(#8718,#8719,#8720,#8721,#8722,#8723,
#8724,#8725,#8726,#8727,#8728,#8729,#8730,#8731,#8732,#8733,#8734,#8735,
#8736,#8737,#8738,#8739,#8740,#8741,#8742,#8743,#8744,#8745,#8746,#8747),
 .UNSPECIFIED.,.F.,.F.,(4,1,1,1,1,1,1,1,1,1,1,1,1,1,1,1,1,1,1,1,1,1,1,1,
1,1,1,4),(0.,0.0780109662847482,0.0901685395200574,0.105863895976586,0.124434891170109,
0.145492419933233,0.168772393642442,0.194080393087177,0.2212655452278,0.25020634961509,
0.280802228760982,0.312968134362401,0.346630920133151,0.381726800357429,
0.418199508945183,0.455998928713872,0.495080046892118,0.535402143332512,
0.5769281487351,0.619624129671185,0.663458869906946,0.708403526041081,0.754431341311052,
0.801517405513374,0.84963845190295,0.898772684055406,0.948899627237829,
0.992584726395647),.UNSPECIFIED.);
#183=B_SPLINE_CURVE_WITH_KNOTS('',3,(#8748,#8749,#8750,#8751,#8752,#8753,
#8754,#8755,#8756,#8757,#8758,#8759,#8760,#8761,#8762,#8763,#8764,#8765,
#8766,#8767,#8768,#8769,#8770,#8771,#8772,#8773,#8774,#8775,#8776,#8777),
 .UNSPECIFIED.,.F.,.F.,(4,1,1,1,1,1,1,1,1,1,1,1,1,1,1,1,1,1,1,1,1,1,1,1,
1,1,1,4),(0.,0.0780109662847482,0.0901685395200574,0.105863895976586,0.124434891170109,
0.145492419933233,0.168772393642442,0.194080393087177,0.2212655452278,0.25020634961509,
0.280802228760982,0.312968134362401,0.346630920133151,0.381726800357429,
0.418199508945183,0.455998928713872,0.495080046892118,0.535402143332512,
0.5769281487351,0.619624129671185,0.663458869906946,0.708403526041081,0.754431341311052,
0.801517405513374,0.84963845190295,0.898772684055406,0.948899627237829,
0.992584726395647),.UNSPECIFIED.);
#184=B_SPLINE_CURVE_WITH_KNOTS('',3,(#8785,#8786,#8787,#8788,#8789,#8790,
#8791,#8792,#8793,#8794,#8795,#8796,#8797,#8798,#8799,#8800,#8801,#8802,
#8803,#8804,#8805,#8806,#8807,#8808,#8809,#8810,#8811,#8812,#8813,#8814),
 .UNSPECIFIED.,.F.,.F.,(4,1,1,1,1,1,1,1,1,1,1,1,1,1,1,1,1,1,1,1,1,1,1,1,
1,1,1,4),(0.,0.0780109662847482,0.0901685395200574,0.105863895976586,0.124434891170109,
0.145492419933233,0.168772393642442,0.194080393087177,0.2212655452278,0.25020634961509,
0.280802228760982,0.312968134362401,0.346630920133151,0.381726800357429,
0.418199508945183,0.455998928713872,0.495080046892118,0.535402143332512,
0.5769281487351,0.619624129671185,0.663458869906946,0.708403526041081,0.754431341311052,
0.801517405513374,0.84963845190295,0.898772684055406,0.948899627237829,
0.992584726395647),.UNSPECIFIED.);
#185=B_SPLINE_CURVE_WITH_KNOTS('',3,(#8815,#8816,#8817,#8818,#8819,#8820,
#8821,#8822,#8823,#8824,#8825,#8826,#8827,#8828,#8829,#8830,#8831,#8832,
#8833,#8834,#8835,#8836,#8837,#8838,#8839,#8840,#8841,#8842,#8843,#8844),
 .UNSPECIFIED.,.F.,.F.,(4,1,1,1,1,1,1,1,1,1,1,1,1,1,1,1,1,1,1,1,1,1,1,1,
1,1,1,4),(0.,0.0780109662847482,0.0901685395200574,0.105863895976586,0.124434891170109,
0.145492419933233,0.168772393642442,0.194080393087177,0.2212655452278,0.25020634961509,
0.280802228760982,0.312968134362401,0.346630920133151,0.381726800357429,
0.418199508945183,0.455998928713872,0.495080046892118,0.535402143332512,
0.5769281487351,0.619624129671185,0.663458869906946,0.708403526041081,0.754431341311052,
0.801517405513374,0.84963845190295,0.898772684055406,0.948899627237829,
0.992584726395647),.UNSPECIFIED.);
#186=B_SPLINE_CURVE_WITH_KNOTS('',3,(#8852,#8853,#8854,#8855,#8856,#8857,
#8858,#8859,#8860,#8861,#8862,#8863,#8864,#8865,#8866,#8867,#8868,#8869,
#8870,#8871,#8872,#8873,#8874,#8875,#8876,#8877,#8878,#8879,#8880,#8881),
 .UNSPECIFIED.,.F.,.F.,(4,1,1,1,1,1,1,1,1,1,1,1,1,1,1,1,1,1,1,1,1,1,1,1,
1,1,1,4),(0.,0.0780109662847482,0.0901685395200574,0.105863895976586,0.124434891170109,
0.145492419933233,0.168772393642442,0.194080393087177,0.2212655452278,0.25020634961509,
0.280802228760982,0.312968134362401,0.346630920133151,0.381726800357429,
0.418199508945183,0.455998928713872,0.495080046892118,0.535402143332512,
0.5769281487351,0.619624129671185,0.663458869906946,0.708403526041081,0.754431341311052,
0.801517405513374,0.84963845190295,0.898772684055406,0.948899627237829,
0.992584726395647),.UNSPECIFIED.);
#187=B_SPLINE_CURVE_WITH_KNOTS('',3,(#8882,#8883,#8884,#8885,#8886,#8887,
#8888,#8889,#8890,#8891,#8892,#8893,#8894,#8895,#8896,#8897,#8898,#8899,
#8900,#8901,#8902,#8903,#8904,#8905,#8906,#8907,#8908,#8909,#8910,#8911),
 .UNSPECIFIED.,.F.,.F.,(4,1,1,1,1,1,1,1,1,1,1,1,1,1,1,1,1,1,1,1,1,1,1,1,
1,1,1,4),(0.,0.0780109662847482,0.0901685395200574,0.105863895976586,0.124434891170109,
0.145492419933233,0.168772393642442,0.194080393087177,0.2212655452278,0.25020634961509,
0.280802228760982,0.312968134362401,0.346630920133151,0.381726800357429,
0.418199508945183,0.455998928713872,0.495080046892118,0.535402143332512,
0.5769281487351,0.619624129671185,0.663458869906946,0.708403526041081,0.754431341311052,
0.801517405513374,0.84963845190295,0.898772684055406,0.948899627237829,
0.992584726395647),.UNSPECIFIED.);
#188=B_SPLINE_CURVE_WITH_KNOTS('',3,(#8919,#8920,#8921,#8922,#8923,#8924,
#8925,#8926,#8927,#8928,#8929,#8930,#8931,#8932,#8933,#8934,#8935,#8936,
#8937,#8938,#8939,#8940,#8941,#8942,#8943,#8944,#8945,#8946,#8947,#8948),
 .UNSPECIFIED.,.F.,.F.,(4,1,1,1,1,1,1,1,1,1,1,1,1,1,1,1,1,1,1,1,1,1,1,1,
1,1,1,4),(0.,0.0780109662847482,0.0901685395200574,0.105863895976586,0.124434891170109,
0.145492419933233,0.168772393642442,0.194080393087177,0.2212655452278,0.25020634961509,
0.280802228760982,0.312968134362401,0.346630920133151,0.381726800357429,
0.418199508945183,0.455998928713872,0.495080046892118,0.535402143332512,
0.5769281487351,0.619624129671185,0.663458869906946,0.708403526041081,0.754431341311052,
0.801517405513374,0.84963845190295,0.898772684055406,0.948899627237829,
0.992584726395647),.UNSPECIFIED.);
#189=B_SPLINE_CURVE_WITH_KNOTS('',3,(#8949,#8950,#8951,#8952,#8953,#8954,
#8955,#8956,#8957,#8958,#8959,#8960,#8961,#8962,#8963,#8964,#8965,#8966,
#8967,#8968,#8969,#8970,#8971,#8972,#8973,#8974,#8975,#8976,#8977,#8978),
 .UNSPECIFIED.,.F.,.F.,(4,1,1,1,1,1,1,1,1,1,1,1,1,1,1,1,1,1,1,1,1,1,1,1,
1,1,1,4),(0.,0.0780109662847482,0.0901685395200574,0.105863895976586,0.124434891170109,
0.145492419933233,0.168772393642442,0.194080393087177,0.2212655452278,0.25020634961509,
0.280802228760982,0.312968134362401,0.346630920133151,0.381726800357429,
0.418199508945183,0.455998928713872,0.495080046892118,0.535402143332512,
0.5769281487351,0.619624129671185,0.663458869906946,0.708403526041081,0.754431341311052,
0.801517405513374,0.84963845190295,0.898772684055406,0.948899627237829,
0.992584726395647),.UNSPECIFIED.);
#190=B_SPLINE_CURVE_WITH_KNOTS('',3,(#8986,#8987,#8988,#8989,#8990,#8991,
#8992,#8993,#8994,#8995,#8996,#8997,#8998,#8999,#9000,#9001,#9002,#9003,
#9004,#9005,#9006,#9007,#9008,#9009,#9010,#9011,#9012,#9013,#9014,#9015),
 .UNSPECIFIED.,.F.,.F.,(4,1,1,1,1,1,1,1,1,1,1,1,1,1,1,1,1,1,1,1,1,1,1,1,
1,1,1,4),(0.,0.0780109662847482,0.0901685395200574,0.105863895976586,0.124434891170109,
0.145492419933233,0.168772393642442,0.194080393087177,0.2212655452278,0.25020634961509,
0.280802228760982,0.312968134362401,0.346630920133151,0.381726800357429,
0.418199508945183,0.455998928713872,0.495080046892118,0.535402143332512,
0.5769281487351,0.619624129671185,0.663458869906946,0.708403526041081,0.754431341311052,
0.801517405513374,0.84963845190295,0.898772684055406,0.948899627237829,
0.992584726395647),.UNSPECIFIED.);
#191=B_SPLINE_CURVE_WITH_KNOTS('',3,(#9016,#9017,#9018,#9019,#9020,#9021,
#9022,#9023,#9024,#9025,#9026,#9027,#9028,#9029,#9030,#9031,#9032,#9033,
#9034,#9035,#9036,#9037,#9038,#9039,#9040,#9041,#9042,#9043,#9044,#9045),
 .UNSPECIFIED.,.F.,.F.,(4,1,1,1,1,1,1,1,1,1,1,1,1,1,1,1,1,1,1,1,1,1,1,1,
1,1,1,4),(0.,0.0780109662847482,0.0901685395200574,0.105863895976586,0.124434891170109,
0.145492419933233,0.168772393642442,0.194080393087177,0.2212655452278,0.25020634961509,
0.280802228760982,0.312968134362401,0.346630920133151,0.381726800357429,
0.418199508945183,0.455998928713872,0.495080046892118,0.535402143332512,
0.5769281487351,0.619624129671185,0.663458869906946,0.708403526041081,0.754431341311052,
0.801517405513374,0.84963845190295,0.898772684055406,0.948899627237829,
0.992584726395647),.UNSPECIFIED.);
#192=PLANE('',#3565);
#193=PLANE('',#3657);
#194=PLANE('',#3840);
#195=LINE('',#4760,#375);
#196=LINE('',#4764,#376);
#197=LINE('',#4769,#377);
#198=LINE('',#4773,#378);
#199=LINE('',#4778,#379);
#200=LINE('',#4782,#380);
#201=LINE('',#4787,#381);
#202=LINE('',#4791,#382);
#203=LINE('',#4796,#383);
#204=LINE('',#4800,#384);
#205=LINE('',#4802,#385);
#206=LINE('',#4807,#386);
#207=LINE('',#4814,#387);
#208=LINE('',#4818,#388);
#209=LINE('',#4823,#389);
#210=LINE('',#4827,#390);
#211=LINE('',#4832,#391);
#212=LINE('',#4836,#392);
#213=LINE('',#4838,#393);
#214=LINE('',#4843,#394);
#215=LINE('',#4850,#395);
#216=LINE('',#4854,#396);
#217=LINE('',#4856,#397);
#218=LINE('',#4861,#398);
#219=LINE('',#4865,#399);
#220=LINE('',#4870,#400);
#221=LINE('',#4874,#401);
#222=LINE('',#4879,#402);
#223=LINE('',#4883,#403);
#224=LINE('',#4888,#404);
#225=LINE('',#4892,#405);
#226=LINE('',#4897,#406);
#227=LINE('',#4904,#407);
#228=LINE('',#4908,#408);
#229=LINE('',#4910,#409);
#230=LINE('',#4915,#410);
#231=LINE('',#4922,#411);
#232=LINE('',#4926,#412);
#233=LINE('',#4928,#413);
#234=LINE('',#4933,#414);
#235=LINE('',#4937,#415);
#236=LINE('',#4942,#416);
#237=LINE('',#4946,#417);
#238=LINE('',#4951,#418);
#239=LINE('',#4955,#419);
#240=LINE('',#4960,#420);
#241=LINE('',#4964,#421);
#242=LINE('',#4969,#422);
#243=LINE('',#4976,#423);
#244=LINE('',#4980,#424);
#245=LINE('',#4985,#425);
#246=LINE('',#4989,#426);
#247=LINE('',#4991,#427);
#248=LINE('',#4996,#428);
#249=LINE('',#5000,#429);
#250=LINE('',#5005,#430);
#251=LINE('',#5009,#431);
#252=LINE('',#5014,#432);
#253=LINE('',#5018,#433);
#254=LINE('',#5023,#434);
#255=LINE('',#9062,#435);
#256=LINE('',#9075,#436);
#257=LINE('',#9077,#437);
#258=LINE('',#9078,#438);
#259=LINE('',#9093,#439);
#260=LINE('',#9106,#440);
#261=LINE('',#9108,#441);
#262=LINE('',#9109,#442);
#263=LINE('',#9124,#443);
#264=LINE('',#9137,#444);
#265=LINE('',#9139,#445);
#266=LINE('',#9140,#446);
#267=LINE('',#9155,#447);
#268=LINE('',#9168,#448);
#269=LINE('',#9170,#449);
#270=LINE('',#9171,#450);
#271=LINE('',#9186,#451);
#272=LINE('',#9199,#452);
#273=LINE('',#9201,#453);
#274=LINE('',#9202,#454);
#275=LINE('',#9217,#455);
#276=LINE('',#9230,#456);
#277=LINE('',#9232,#457);
#278=LINE('',#9233,#458);
#279=LINE('',#9248,#459);
#280=LINE('',#9261,#460);
#281=LINE('',#9263,#461);
#282=LINE('',#9264,#462);
#283=LINE('',#9279,#463);
#284=LINE('',#9292,#464);
#285=LINE('',#9294,#465);
#286=LINE('',#9295,#466);
#287=LINE('',#9310,#467);
#288=LINE('',#9323,#468);
#289=LINE('',#9325,#469);
#290=LINE('',#9326,#470);
#291=LINE('',#9341,#471);
#292=LINE('',#9354,#472);
#293=LINE('',#9356,#473);
#294=LINE('',#9357,#474);
#295=LINE('',#9372,#475);
#296=LINE('',#9385,#476);
#297=LINE('',#9387,#477);
#298=LINE('',#9388,#478);
#299=LINE('',#9403,#479);
#300=LINE('',#9416,#480);
#301=LINE('',#9418,#481);
#302=LINE('',#9419,#482);
#303=LINE('',#9434,#483);
#304=LINE('',#9447,#484);
#305=LINE('',#9449,#485);
#306=LINE('',#9450,#486);
#307=LINE('',#9465,#487);
#308=LINE('',#9478,#488);
#309=LINE('',#9480,#489);
#310=LINE('',#9481,#490);
#311=LINE('',#9496,#491);
#312=LINE('',#9509,#492);
#313=LINE('',#9511,#493);
#314=LINE('',#9512,#494);
#315=LINE('',#9527,#495);
#316=LINE('',#9540,#496);
#317=LINE('',#9542,#497);
#318=LINE('',#9543,#498);
#319=LINE('',#9558,#499);
#320=LINE('',#9571,#500);
#321=LINE('',#9573,#501);
#322=LINE('',#9574,#502);
#323=LINE('',#9589,#503);
#324=LINE('',#9602,#504);
#325=LINE('',#9604,#505);
#326=LINE('',#9605,#506);
#327=LINE('',#9620,#507);
#328=LINE('',#9633,#508);
#329=LINE('',#9635,#509);
#330=LINE('',#9636,#510);
#331=LINE('',#9651,#511);
#332=LINE('',#9664,#512);
#333=LINE('',#9666,#513);
#334=LINE('',#9667,#514);
#335=LINE('',#9682,#515);
#336=LINE('',#9695,#516);
#337=LINE('',#9697,#517);
#338=LINE('',#9698,#518);
#339=LINE('',#9713,#519);
#340=LINE('',#9726,#520);
#341=LINE('',#9728,#521);
#342=LINE('',#9729,#522);
#343=LINE('',#9744,#523);
#344=LINE('',#9757,#524);
#345=LINE('',#9759,#525);
#346=LINE('',#9760,#526);
#347=LINE('',#9775,#527);
#348=LINE('',#9788,#528);
#349=LINE('',#9790,#529);
#350=LINE('',#9791,#530);
#351=LINE('',#9806,#531);
#352=LINE('',#9819,#532);
#353=LINE('',#9821,#533);
#354=LINE('',#9822,#534);
#355=LINE('',#9837,#535);
#356=LINE('',#9850,#536);
#357=LINE('',#9852,#537);
#358=LINE('',#9853,#538);
#359=LINE('',#9868,#539);
#360=LINE('',#9881,#540);
#361=LINE('',#9883,#541);
#362=LINE('',#9884,#542);
#363=LINE('',#9899,#543);
#364=LINE('',#9912,#544);
#365=LINE('',#9914,#545);
#366=LINE('',#9915,#546);
#367=LINE('',#9930,#547);
#368=LINE('',#9943,#548);
#369=LINE('',#9945,#549);
#370=LINE('',#9946,#550);
#371=LINE('',#9961,#551);
#372=LINE('',#9974,#552);
#373=LINE('',#9976,#553);
#374=LINE('',#9977,#554);
#375=VECTOR('',#3847,1.);
#376=VECTOR('',#3850,1.);
#377=VECTOR('',#3855,1.);
#378=VECTOR('',#3858,1.);
#379=VECTOR('',#3863,1.);
#380=VECTOR('',#3866,1.);
#381=VECTOR('',#3871,1.);
#382=VECTOR('',#3874,1.);
#383=VECTOR('',#3879,1.);
#384=VECTOR('',#3882,1.);
#385=VECTOR('',#3885,1.);
#386=VECTOR('',#3888,1.);
#387=VECTOR('',#3895,1.);
#388=VECTOR('',#3898,1.);
#389=VECTOR('',#3903,1.);
#390=VECTOR('',#3906,1.);
#391=VECTOR('',#3911,1.);
#392=VECTOR('',#3914,1.);
#393=VECTOR('',#3917,1.);
#394=VECTOR('',#3920,1.);
#395=VECTOR('',#3927,1.);
#396=VECTOR('',#3930,1.);
#397=VECTOR('',#3933,1.);
#398=VECTOR('',#3936,1.);
#399=VECTOR('',#3941,1.);
#400=VECTOR('',#3944,1.);
#401=VECTOR('',#3949,1.);
#402=VECTOR('',#3952,1.);
#403=VECTOR('',#3957,1.);
#404=VECTOR('',#3960,1.);
#405=VECTOR('',#3965,1.);
#406=VECTOR('',#3968,1.);
#407=VECTOR('',#3975,1.);
#408=VECTOR('',#3978,1.);
#409=VECTOR('',#3981,1.);
#410=VECTOR('',#3984,1.);
#411=VECTOR('',#3991,1.);
#412=VECTOR('',#3994,1.);
#413=VECTOR('',#3997,1.);
#414=VECTOR('',#4000,1.);
#415=VECTOR('',#4005,1.);
#416=VECTOR('',#4008,1.);
#417=VECTOR('',#4013,1.);
#418=VECTOR('',#4016,1.);
#419=VECTOR('',#4021,1.);
#420=VECTOR('',#4024,1.);
#421=VECTOR('',#4029,1.);
#422=VECTOR('',#4032,1.);
#423=VECTOR('',#4039,1.);
#424=VECTOR('',#4042,1.);
#425=VECTOR('',#4047,1.);
#426=VECTOR('',#4050,1.);
#427=VECTOR('',#4053,1.);
#428=VECTOR('',#4056,1.);
#429=VECTOR('',#4061,1.);
#430=VECTOR('',#4064,1.);
#431=VECTOR('',#4069,1.);
#432=VECTOR('',#4072,1.);
#433=VECTOR('',#4077,1.);
#434=VECTOR('',#4080,1.);
#435=VECTOR('',#4449,1.);
#436=VECTOR('',#4450,1.);
#437=VECTOR('',#4453,1.);
#438=VECTOR('',#4454,1.);
#439=VECTOR('',#4459,1.);
#440=VECTOR('',#4460,1.);
#441=VECTOR('',#4463,1.);
#442=VECTOR('',#4464,1.);
#443=VECTOR('',#4469,1.);
#444=VECTOR('',#4470,1.);
#445=VECTOR('',#4473,1.);
#446=VECTOR('',#4474,1.);
#447=VECTOR('',#4479,1.);
#448=VECTOR('',#4480,1.);
#449=VECTOR('',#4483,1.);
#450=VECTOR('',#4484,1.);
#451=VECTOR('',#4489,1.);
#452=VECTOR('',#4490,1.);
#453=VECTOR('',#4493,1.);
#454=VECTOR('',#4494,1.);
#455=VECTOR('',#4499,1.);
#456=VECTOR('',#4500,1.);
#457=VECTOR('',#4503,1.);
#458=VECTOR('',#4504,1.);
#459=VECTOR('',#4509,1.);
#460=VECTOR('',#4510,1.);
#461=VECTOR('',#4513,1.);
#462=VECTOR('',#4514,1.);
#463=VECTOR('',#4519,1.);
#464=VECTOR('',#4520,1.);
#465=VECTOR('',#4523,1.);
#466=VECTOR('',#4524,1.);
#467=VECTOR('',#4529,1.);
#468=VECTOR('',#4530,1.);
#469=VECTOR('',#4533,1.);
#470=VECTOR('',#4534,1.);
#471=VECTOR('',#4539,1.);
#472=VECTOR('',#4540,1.);
#473=VECTOR('',#4543,1.);
#474=VECTOR('',#4544,1.);
#475=VECTOR('',#4549,1.);
#476=VECTOR('',#4550,1.);
#477=VECTOR('',#4553,1.);
#478=VECTOR('',#4554,1.);
#479=VECTOR('',#4559,1.);
#480=VECTOR('',#4560,1.);
#481=VECTOR('',#4563,1.);
#482=VECTOR('',#4564,1.);
#483=VECTOR('',#4569,1.);
#484=VECTOR('',#4570,1.);
#485=VECTOR('',#4573,1.);
#486=VECTOR('',#4574,1.);
#487=VECTOR('',#4579,1.);
#488=VECTOR('',#4580,1.);
#489=VECTOR('',#4583,1.);
#490=VECTOR('',#4584,1.);
#491=VECTOR('',#4589,1.);
#492=VECTOR('',#4590,1.);
#493=VECTOR('',#4593,1.);
#494=VECTOR('',#4594,1.);
#495=VECTOR('',#4599,1.);
#496=VECTOR('',#4600,1.);
#497=VECTOR('',#4603,1.);
#498=VECTOR('',#4604,1.);
#499=VECTOR('',#4609,1.);
#500=VECTOR('',#4610,1.);
#501=VECTOR('',#4613,1.);
#502=VECTOR('',#4614,1.);
#503=VECTOR('',#4619,1.);
#504=VECTOR('',#4620,1.);
#505=VECTOR('',#4623,1.);
#506=VECTOR('',#4624,1.);
#507=VECTOR('',#4629,1.);
#508=VECTOR('',#4630,1.);
#509=VECTOR('',#4633,1.);
#510=VECTOR('',#4634,1.);
#511=VECTOR('',#4639,1.);
#512=VECTOR('',#4640,1.);
#513=VECTOR('',#4643,1.);
#514=VECTOR('',#4644,1.);
#515=VECTOR('',#4649,1.);
#516=VECTOR('',#4650,1.);
#517=VECTOR('',#4653,1.);
#518=VECTOR('',#4654,1.);
#519=VECTOR('',#4659,1.);
#520=VECTOR('',#4660,1.);
#521=VECTOR('',#4663,1.);
#522=VECTOR('',#4664,1.);
#523=VECTOR('',#4669,1.);
#524=VECTOR('',#4670,1.);
#525=VECTOR('',#4673,1.);
#526=VECTOR('',#4674,1.);
#527=VECTOR('',#4679,1.);
#528=VECTOR('',#4680,1.);
#529=VECTOR('',#4683,1.);
#530=VECTOR('',#4684,1.);
#531=VECTOR('',#4689,1.);
#532=VECTOR('',#4690,1.);
#533=VECTOR('',#4693,1.);
#534=VECTOR('',#4694,1.);
#535=VECTOR('',#4699,1.);
#536=VECTOR('',#4700,1.);
#537=VECTOR('',#4703,1.);
#538=VECTOR('',#4704,1.);
#539=VECTOR('',#4709,1.);
#540=VECTOR('',#4710,1.);
#541=VECTOR('',#4713,1.);
#542=VECTOR('',#4714,1.);
#543=VECTOR('',#4719,1.);
#544=VECTOR('',#4720,1.);
#545=VECTOR('',#4723,1.);
#546=VECTOR('',#4724,1.);
#547=VECTOR('',#4729,1.);
#548=VECTOR('',#4730,1.);
#549=VECTOR('',#4733,1.);
#550=VECTOR('',#4734,1.);
#551=VECTOR('',#4739,1.);
#552=VECTOR('',#4740,1.);
#553=VECTOR('',#4743,1.);
#554=VECTOR('',#4744,1.);
#555=ORIENTED_EDGE('',*,*,#1639,.T.);
#556=ORIENTED_EDGE('',*,*,#1640,.T.);
#557=ORIENTED_EDGE('',*,*,#1641,.F.);
#558=ORIENTED_EDGE('',*,*,#1642,.F.);
#559=ORIENTED_EDGE('',*,*,#1643,.T.);
#560=ORIENTED_EDGE('',*,*,#1644,.T.);
#561=ORIENTED_EDGE('',*,*,#1645,.F.);
#562=ORIENTED_EDGE('',*,*,#1646,.F.);
#563=ORIENTED_EDGE('',*,*,#1647,.T.);
#564=ORIENTED_EDGE('',*,*,#1648,.T.);
#565=ORIENTED_EDGE('',*,*,#1649,.F.);
#566=ORIENTED_EDGE('',*,*,#1650,.F.);
#567=ORIENTED_EDGE('',*,*,#1651,.T.);
#568=ORIENTED_EDGE('',*,*,#1652,.T.);
#569=ORIENTED_EDGE('',*,*,#1653,.F.);
#570=ORIENTED_EDGE('',*,*,#1654,.F.);
#571=ORIENTED_EDGE('',*,*,#1655,.T.);
#572=ORIENTED_EDGE('',*,*,#1656,.T.);
#573=ORIENTED_EDGE('',*,*,#1657,.F.);
#574=ORIENTED_EDGE('',*,*,#1658,.F.);
#575=ORIENTED_EDGE('',*,*,#1659,.F.);
#576=ORIENTED_EDGE('',*,*,#1660,.T.);
#577=ORIENTED_EDGE('',*,*,#1661,.T.);
#578=ORIENTED_EDGE('',*,*,#1662,.F.);
#579=ORIENTED_EDGE('',*,*,#1663,.T.);
#580=ORIENTED_EDGE('',*,*,#1664,.T.);
#581=ORIENTED_EDGE('',*,*,#1665,.F.);
#582=ORIENTED_EDGE('',*,*,#1666,.F.);
#583=ORIENTED_EDGE('',*,*,#1667,.T.);
#584=ORIENTED_EDGE('',*,*,#1668,.T.);
#585=ORIENTED_EDGE('',*,*,#1669,.F.);
#586=ORIENTED_EDGE('',*,*,#1670,.F.);
#587=ORIENTED_EDGE('',*,*,#1671,.T.);
#588=ORIENTED_EDGE('',*,*,#1672,.T.);
#589=ORIENTED_EDGE('',*,*,#1673,.F.);
#590=ORIENTED_EDGE('',*,*,#1674,.F.);
#591=ORIENTED_EDGE('',*,*,#1675,.F.);
#592=ORIENTED_EDGE('',*,*,#1676,.T.);
#593=ORIENTED_EDGE('',*,*,#1677,.T.);
#594=ORIENTED_EDGE('',*,*,#1678,.F.);
#595=ORIENTED_EDGE('',*,*,#1679,.T.);
#596=ORIENTED_EDGE('',*,*,#1680,.T.);
#597=ORIENTED_EDGE('',*,*,#1681,.F.);
#598=ORIENTED_EDGE('',*,*,#1682,.F.);
#599=ORIENTED_EDGE('',*,*,#1683,.F.);
#600=ORIENTED_EDGE('',*,*,#1684,.T.);
#601=ORIENTED_EDGE('',*,*,#1685,.T.);
#602=ORIENTED_EDGE('',*,*,#1686,.F.);
#603=ORIENTED_EDGE('',*,*,#1687,.F.);
#604=ORIENTED_EDGE('',*,*,#1688,.T.);
#605=ORIENTED_EDGE('',*,*,#1689,.T.);
#606=ORIENTED_EDGE('',*,*,#1690,.F.);
#607=ORIENTED_EDGE('',*,*,#1691,.F.);
#608=ORIENTED_EDGE('',*,*,#1692,.T.);
#609=ORIENTED_EDGE('',*,*,#1693,.T.);
#610=ORIENTED_EDGE('',*,*,#1694,.F.);
#611=ORIENTED_EDGE('',*,*,#1695,.F.);
#612=ORIENTED_EDGE('',*,*,#1696,.T.);
#613=ORIENTED_EDGE('',*,*,#1697,.T.);
#614=ORIENTED_EDGE('',*,*,#1698,.F.);
#615=ORIENTED_EDGE('',*,*,#1699,.F.);
#616=ORIENTED_EDGE('',*,*,#1700,.T.);
#617=ORIENTED_EDGE('',*,*,#1701,.T.);
#618=ORIENTED_EDGE('',*,*,#1702,.F.);
#619=ORIENTED_EDGE('',*,*,#1703,.T.);
#620=ORIENTED_EDGE('',*,*,#1704,.T.);
#621=ORIENTED_EDGE('',*,*,#1705,.F.);
#622=ORIENTED_EDGE('',*,*,#1706,.F.);
#623=ORIENTED_EDGE('',*,*,#1707,.F.);
#624=ORIENTED_EDGE('',*,*,#1708,.T.);
#625=ORIENTED_EDGE('',*,*,#1709,.T.);
#626=ORIENTED_EDGE('',*,*,#1710,.F.);
#627=ORIENTED_EDGE('',*,*,#1711,.T.);
#628=ORIENTED_EDGE('',*,*,#1712,.T.);
#629=ORIENTED_EDGE('',*,*,#1713,.F.);
#630=ORIENTED_EDGE('',*,*,#1714,.F.);
#631=ORIENTED_EDGE('',*,*,#1715,.F.);
#632=ORIENTED_EDGE('',*,*,#1716,.T.);
#633=ORIENTED_EDGE('',*,*,#1717,.T.);
#634=ORIENTED_EDGE('',*,*,#1718,.F.);
#635=ORIENTED_EDGE('',*,*,#1719,.F.);
#636=ORIENTED_EDGE('',*,*,#1720,.T.);
#637=ORIENTED_EDGE('',*,*,#1721,.T.);
#638=ORIENTED_EDGE('',*,*,#1722,.F.);
#639=ORIENTED_EDGE('',*,*,#1723,.F.);
#640=ORIENTED_EDGE('',*,*,#1724,.T.);
#641=ORIENTED_EDGE('',*,*,#1725,.T.);
#642=ORIENTED_EDGE('',*,*,#1726,.F.);
#643=ORIENTED_EDGE('',*,*,#1727,.F.);
#644=ORIENTED_EDGE('',*,*,#1728,.T.);
#645=ORIENTED_EDGE('',*,*,#1729,.T.);
#646=ORIENTED_EDGE('',*,*,#1730,.F.);
#647=ORIENTED_EDGE('',*,*,#1731,.F.);
#648=ORIENTED_EDGE('',*,*,#1732,.T.);
#649=ORIENTED_EDGE('',*,*,#1733,.T.);
#650=ORIENTED_EDGE('',*,*,#1734,.F.);
#651=ORIENTED_EDGE('',*,*,#1735,.T.);
#652=ORIENTED_EDGE('',*,*,#1736,.T.);
#653=ORIENTED_EDGE('',*,*,#1737,.F.);
#654=ORIENTED_EDGE('',*,*,#1738,.F.);
#655=ORIENTED_EDGE('',*,*,#1739,.T.);
#656=ORIENTED_EDGE('',*,*,#1740,.T.);
#657=ORIENTED_EDGE('',*,*,#1741,.F.);
#658=ORIENTED_EDGE('',*,*,#1742,.F.);
#659=ORIENTED_EDGE('',*,*,#1743,.F.);
#660=ORIENTED_EDGE('',*,*,#1744,.T.);
#661=ORIENTED_EDGE('',*,*,#1745,.T.);
#662=ORIENTED_EDGE('',*,*,#1746,.F.);
#663=ORIENTED_EDGE('',*,*,#1747,.F.);
#664=ORIENTED_EDGE('',*,*,#1748,.T.);
#665=ORIENTED_EDGE('',*,*,#1749,.T.);
#666=ORIENTED_EDGE('',*,*,#1750,.F.);
#667=ORIENTED_EDGE('',*,*,#1751,.F.);
#668=ORIENTED_EDGE('',*,*,#1752,.T.);
#669=ORIENTED_EDGE('',*,*,#1753,.T.);
#670=ORIENTED_EDGE('',*,*,#1754,.F.);
#671=ORIENTED_EDGE('',*,*,#1755,.F.);
#672=ORIENTED_EDGE('',*,*,#1756,.T.);
#673=ORIENTED_EDGE('',*,*,#1757,.T.);
#674=ORIENTED_EDGE('',*,*,#1758,.F.);
#675=ORIENTED_EDGE('',*,*,#1759,.F.);
#676=ORIENTED_EDGE('',*,*,#1760,.F.);
#677=ORIENTED_EDGE('',*,*,#1761,.T.);
#678=ORIENTED_EDGE('',*,*,#1686,.T.);
#679=ORIENTED_EDGE('',*,*,#1762,.F.);
#680=ORIENTED_EDGE('',*,*,#1763,.F.);
#681=ORIENTED_EDGE('',*,*,#1764,.T.);
#682=ORIENTED_EDGE('',*,*,#1765,.F.);
#683=ORIENTED_EDGE('',*,*,#1766,.T.);
#684=ORIENTED_EDGE('',*,*,#1681,.T.);
#685=ORIENTED_EDGE('',*,*,#1767,.F.);
#686=ORIENTED_EDGE('',*,*,#1768,.F.);
#687=ORIENTED_EDGE('',*,*,#1769,.T.);
#688=ORIENTED_EDGE('',*,*,#1770,.F.);
#689=ORIENTED_EDGE('',*,*,#1771,.T.);
#690=ORIENTED_EDGE('',*,*,#1673,.T.);
#691=ORIENTED_EDGE('',*,*,#1772,.F.);
#692=ORIENTED_EDGE('',*,*,#1773,.F.);
#693=ORIENTED_EDGE('',*,*,#1774,.T.);
#694=ORIENTED_EDGE('',*,*,#1775,.F.);
#695=ORIENTED_EDGE('',*,*,#1776,.T.);
#696=ORIENTED_EDGE('',*,*,#1678,.T.);
#697=ORIENTED_EDGE('',*,*,#1777,.F.);
#698=ORIENTED_EDGE('',*,*,#1778,.F.);
#699=ORIENTED_EDGE('',*,*,#1779,.T.);
#700=ORIENTED_EDGE('',*,*,#1780,.F.);
#701=ORIENTED_EDGE('',*,*,#1781,.T.);
#702=ORIENTED_EDGE('',*,*,#1690,.T.);
#703=ORIENTED_EDGE('',*,*,#1782,.F.);
#704=ORIENTED_EDGE('',*,*,#1783,.F.);
#705=ORIENTED_EDGE('',*,*,#1784,.T.);
#706=ORIENTED_EDGE('',*,*,#1785,.F.);
#707=ORIENTED_EDGE('',*,*,#1786,.T.);
#708=ORIENTED_EDGE('',*,*,#1694,.T.);
#709=ORIENTED_EDGE('',*,*,#1787,.F.);
#710=ORIENTED_EDGE('',*,*,#1788,.F.);
#711=ORIENTED_EDGE('',*,*,#1789,.T.);
#712=ORIENTED_EDGE('',*,*,#1790,.F.);
#713=ORIENTED_EDGE('',*,*,#1791,.T.);
#714=ORIENTED_EDGE('',*,*,#1698,.T.);
#715=ORIENTED_EDGE('',*,*,#1792,.F.);
#716=ORIENTED_EDGE('',*,*,#1793,.F.);
#717=ORIENTED_EDGE('',*,*,#1794,.T.);
#718=ORIENTED_EDGE('',*,*,#1795,.F.);
#719=ORIENTED_EDGE('',*,*,#1796,.T.);
#720=ORIENTED_EDGE('',*,*,#1702,.T.);
#721=ORIENTED_EDGE('',*,*,#1797,.F.);
#722=ORIENTED_EDGE('',*,*,#1798,.F.);
#723=ORIENTED_EDGE('',*,*,#1799,.T.);
#724=ORIENTED_EDGE('',*,*,#1800,.F.);
#725=ORIENTED_EDGE('',*,*,#1801,.T.);
#726=ORIENTED_EDGE('',*,*,#1718,.T.);
#727=ORIENTED_EDGE('',*,*,#1802,.F.);
#728=ORIENTED_EDGE('',*,*,#1803,.F.);
#729=ORIENTED_EDGE('',*,*,#1804,.T.);
#730=ORIENTED_EDGE('',*,*,#1805,.F.);
#731=ORIENTED_EDGE('',*,*,#1806,.T.);
#732=ORIENTED_EDGE('',*,*,#1713,.T.);
#733=ORIENTED_EDGE('',*,*,#1807,.F.);
#734=ORIENTED_EDGE('',*,*,#1808,.F.);
#735=ORIENTED_EDGE('',*,*,#1809,.T.);
#736=ORIENTED_EDGE('',*,*,#1810,.F.);
#737=ORIENTED_EDGE('',*,*,#1811,.T.);
#738=ORIENTED_EDGE('',*,*,#1705,.T.);
#739=ORIENTED_EDGE('',*,*,#1812,.F.);
#740=ORIENTED_EDGE('',*,*,#1813,.F.);
#741=ORIENTED_EDGE('',*,*,#1814,.T.);
#742=ORIENTED_EDGE('',*,*,#1815,.F.);
#743=ORIENTED_EDGE('',*,*,#1816,.T.);
#744=ORIENTED_EDGE('',*,*,#1710,.T.);
#745=ORIENTED_EDGE('',*,*,#1817,.F.);
#746=ORIENTED_EDGE('',*,*,#1818,.F.);
#747=ORIENTED_EDGE('',*,*,#1819,.T.);
#748=ORIENTED_EDGE('',*,*,#1820,.F.);
#749=ORIENTED_EDGE('',*,*,#1821,.T.);
#750=ORIENTED_EDGE('',*,*,#1722,.T.);
#751=ORIENTED_EDGE('',*,*,#1822,.F.);
#752=ORIENTED_EDGE('',*,*,#1823,.F.);
#753=ORIENTED_EDGE('',*,*,#1824,.T.);
#754=ORIENTED_EDGE('',*,*,#1825,.F.);
#755=ORIENTED_EDGE('',*,*,#1826,.T.);
#756=ORIENTED_EDGE('',*,*,#1726,.T.);
#757=ORIENTED_EDGE('',*,*,#1827,.F.);
#758=ORIENTED_EDGE('',*,*,#1828,.F.);
#759=ORIENTED_EDGE('',*,*,#1829,.T.);
#760=ORIENTED_EDGE('',*,*,#1830,.F.);
#761=ORIENTED_EDGE('',*,*,#1831,.T.);
#762=ORIENTED_EDGE('',*,*,#1730,.T.);
#763=ORIENTED_EDGE('',*,*,#1832,.F.);
#764=ORIENTED_EDGE('',*,*,#1833,.F.);
#765=ORIENTED_EDGE('',*,*,#1834,.T.);
#766=ORIENTED_EDGE('',*,*,#1835,.F.);
#767=ORIENTED_EDGE('',*,*,#1836,.T.);
#768=ORIENTED_EDGE('',*,*,#1734,.T.);
#769=ORIENTED_EDGE('',*,*,#1837,.F.);
#770=ORIENTED_EDGE('',*,*,#1838,.F.);
#771=ORIENTED_EDGE('',*,*,#1839,.T.);
#772=ORIENTED_EDGE('',*,*,#1840,.F.);
#773=ORIENTED_EDGE('',*,*,#1841,.T.);
#774=ORIENTED_EDGE('',*,*,#1746,.T.);
#775=ORIENTED_EDGE('',*,*,#1842,.F.);
#776=ORIENTED_EDGE('',*,*,#1843,.F.);
#777=ORIENTED_EDGE('',*,*,#1844,.T.);
#778=ORIENTED_EDGE('',*,*,#1845,.F.);
#779=ORIENTED_EDGE('',*,*,#1846,.T.);
#780=ORIENTED_EDGE('',*,*,#1750,.T.);
#781=ORIENTED_EDGE('',*,*,#1847,.F.);
#782=ORIENTED_EDGE('',*,*,#1848,.F.);
#783=ORIENTED_EDGE('',*,*,#1849,.T.);
#784=ORIENTED_EDGE('',*,*,#1850,.F.);
#785=ORIENTED_EDGE('',*,*,#1851,.T.);
#786=ORIENTED_EDGE('',*,*,#1741,.T.);
#787=ORIENTED_EDGE('',*,*,#1852,.F.);
#788=ORIENTED_EDGE('',*,*,#1853,.F.);
#789=ORIENTED_EDGE('',*,*,#1854,.T.);
#790=ORIENTED_EDGE('',*,*,#1855,.F.);
#791=ORIENTED_EDGE('',*,*,#1856,.T.);
#792=ORIENTED_EDGE('',*,*,#1737,.T.);
#793=ORIENTED_EDGE('',*,*,#1857,.F.);
#794=ORIENTED_EDGE('',*,*,#1858,.F.);
#795=ORIENTED_EDGE('',*,*,#1859,.T.);
#796=ORIENTED_EDGE('',*,*,#1860,.F.);
#797=ORIENTED_EDGE('',*,*,#1861,.T.);
#798=ORIENTED_EDGE('',*,*,#1754,.T.);
#799=ORIENTED_EDGE('',*,*,#1862,.F.);
#800=ORIENTED_EDGE('',*,*,#1863,.F.);
#801=ORIENTED_EDGE('',*,*,#1864,.T.);
#802=ORIENTED_EDGE('',*,*,#1865,.F.);
#803=ORIENTED_EDGE('',*,*,#1866,.T.);
#804=ORIENTED_EDGE('',*,*,#1758,.T.);
#805=ORIENTED_EDGE('',*,*,#1867,.F.);
#806=ORIENTED_EDGE('',*,*,#1868,.F.);
#807=ORIENTED_EDGE('',*,*,#1869,.T.);
#808=ORIENTED_EDGE('',*,*,#1870,.F.);
#809=ORIENTED_EDGE('',*,*,#1871,.T.);
#810=ORIENTED_EDGE('',*,*,#1669,.T.);
#811=ORIENTED_EDGE('',*,*,#1872,.F.);
#812=ORIENTED_EDGE('',*,*,#1873,.F.);
#813=ORIENTED_EDGE('',*,*,#1874,.T.);
#814=ORIENTED_EDGE('',*,*,#1875,.F.);
#815=ORIENTED_EDGE('',*,*,#1876,.T.);
#816=ORIENTED_EDGE('',*,*,#1665,.T.);
#817=ORIENTED_EDGE('',*,*,#1877,.F.);
#818=ORIENTED_EDGE('',*,*,#1878,.F.);
#819=ORIENTED_EDGE('',*,*,#1879,.T.);
#820=ORIENTED_EDGE('',*,*,#1880,.F.);
#821=ORIENTED_EDGE('',*,*,#1881,.T.);
#822=ORIENTED_EDGE('',*,*,#1657,.T.);
#823=ORIENTED_EDGE('',*,*,#1882,.F.);
#824=ORIENTED_EDGE('',*,*,#1883,.F.);
#825=ORIENTED_EDGE('',*,*,#1884,.T.);
#826=ORIENTED_EDGE('',*,*,#1885,.F.);
#827=ORIENTED_EDGE('',*,*,#1886,.T.);
#828=ORIENTED_EDGE('',*,*,#1662,.T.);
#829=ORIENTED_EDGE('',*,*,#1887,.F.);
#830=ORIENTED_EDGE('',*,*,#1888,.F.);
#831=ORIENTED_EDGE('',*,*,#1889,.T.);
#832=ORIENTED_EDGE('',*,*,#1890,.F.);
#833=ORIENTED_EDGE('',*,*,#1891,.T.);
#834=ORIENTED_EDGE('',*,*,#1653,.T.);
#835=ORIENTED_EDGE('',*,*,#1892,.F.);
#836=ORIENTED_EDGE('',*,*,#1893,.F.);
#837=ORIENTED_EDGE('',*,*,#1894,.T.);
#838=ORIENTED_EDGE('',*,*,#1895,.F.);
#839=ORIENTED_EDGE('',*,*,#1896,.T.);
#840=ORIENTED_EDGE('',*,*,#1649,.T.);
#841=ORIENTED_EDGE('',*,*,#1897,.F.);
#842=ORIENTED_EDGE('',*,*,#1898,.F.);
#843=ORIENTED_EDGE('',*,*,#1899,.T.);
#844=ORIENTED_EDGE('',*,*,#1900,.F.);
#845=ORIENTED_EDGE('',*,*,#1901,.T.);
#846=ORIENTED_EDGE('',*,*,#1645,.T.);
#847=ORIENTED_EDGE('',*,*,#1902,.F.);
#848=ORIENTED_EDGE('',*,*,#1903,.F.);
#849=ORIENTED_EDGE('',*,*,#1904,.T.);
#850=ORIENTED_EDGE('',*,*,#1905,.F.);
#851=ORIENTED_EDGE('',*,*,#1906,.T.);
#852=ORIENTED_EDGE('',*,*,#1641,.T.);
#853=ORIENTED_EDGE('',*,*,#1907,.F.);
#854=ORIENTED_EDGE('',*,*,#1908,.F.);
#855=ORIENTED_EDGE('',*,*,#1909,.T.);
#856=ORIENTED_EDGE('',*,*,#1910,.F.);
#857=ORIENTED_EDGE('',*,*,#1911,.T.);
#858=ORIENTED_EDGE('',*,*,#1639,.F.);
#859=ORIENTED_EDGE('',*,*,#1912,.F.);
#860=ORIENTED_EDGE('',*,*,#1913,.F.);
#861=ORIENTED_EDGE('',*,*,#1914,.F.);
#862=ORIENTED_EDGE('',*,*,#1915,.F.);
#863=ORIENTED_EDGE('',*,*,#1916,.T.);
#864=ORIENTED_EDGE('',*,*,#1643,.F.);
#865=ORIENTED_EDGE('',*,*,#1917,.F.);
#866=ORIENTED_EDGE('',*,*,#1918,.F.);
#867=ORIENTED_EDGE('',*,*,#1919,.F.);
#868=ORIENTED_EDGE('',*,*,#1920,.F.);
#869=ORIENTED_EDGE('',*,*,#1921,.T.);
#870=ORIENTED_EDGE('',*,*,#1647,.F.);
#871=ORIENTED_EDGE('',*,*,#1922,.F.);
#872=ORIENTED_EDGE('',*,*,#1923,.F.);
#873=ORIENTED_EDGE('',*,*,#1924,.F.);
#874=ORIENTED_EDGE('',*,*,#1925,.F.);
#875=ORIENTED_EDGE('',*,*,#1926,.T.);
#876=ORIENTED_EDGE('',*,*,#1651,.F.);
#877=ORIENTED_EDGE('',*,*,#1927,.F.);
#878=ORIENTED_EDGE('',*,*,#1928,.F.);
#879=ORIENTED_EDGE('',*,*,#1929,.F.);
#880=ORIENTED_EDGE('',*,*,#1930,.F.);
#881=ORIENTED_EDGE('',*,*,#1931,.T.);
#882=ORIENTED_EDGE('',*,*,#1660,.F.);
#883=ORIENTED_EDGE('',*,*,#1932,.F.);
#884=ORIENTED_EDGE('',*,*,#1933,.F.);
#885=ORIENTED_EDGE('',*,*,#1934,.F.);
#886=ORIENTED_EDGE('',*,*,#1935,.F.);
#887=ORIENTED_EDGE('',*,*,#1936,.T.);
#888=ORIENTED_EDGE('',*,*,#1655,.F.);
#889=ORIENTED_EDGE('',*,*,#1937,.F.);
#890=ORIENTED_EDGE('',*,*,#1938,.F.);
#891=ORIENTED_EDGE('',*,*,#1939,.F.);
#892=ORIENTED_EDGE('',*,*,#1940,.F.);
#893=ORIENTED_EDGE('',*,*,#1941,.T.);
#894=ORIENTED_EDGE('',*,*,#1663,.F.);
#895=ORIENTED_EDGE('',*,*,#1942,.F.);
#896=ORIENTED_EDGE('',*,*,#1943,.F.);
#897=ORIENTED_EDGE('',*,*,#1944,.F.);
#898=ORIENTED_EDGE('',*,*,#1945,.F.);
#899=ORIENTED_EDGE('',*,*,#1946,.T.);
#900=ORIENTED_EDGE('',*,*,#1667,.F.);
#901=ORIENTED_EDGE('',*,*,#1947,.F.);
#902=ORIENTED_EDGE('',*,*,#1948,.F.);
#903=ORIENTED_EDGE('',*,*,#1949,.F.);
#904=ORIENTED_EDGE('',*,*,#1950,.F.);
#905=ORIENTED_EDGE('',*,*,#1951,.T.);
#906=ORIENTED_EDGE('',*,*,#1756,.F.);
#907=ORIENTED_EDGE('',*,*,#1952,.F.);
#908=ORIENTED_EDGE('',*,*,#1953,.F.);
#909=ORIENTED_EDGE('',*,*,#1954,.F.);
#910=ORIENTED_EDGE('',*,*,#1955,.F.);
#911=ORIENTED_EDGE('',*,*,#1956,.T.);
#912=ORIENTED_EDGE('',*,*,#1752,.F.);
#913=ORIENTED_EDGE('',*,*,#1957,.F.);
#914=ORIENTED_EDGE('',*,*,#1958,.F.);
#915=ORIENTED_EDGE('',*,*,#1959,.F.);
#916=ORIENTED_EDGE('',*,*,#1960,.F.);
#917=ORIENTED_EDGE('',*,*,#1961,.T.);
#918=ORIENTED_EDGE('',*,*,#1735,.F.);
#919=ORIENTED_EDGE('',*,*,#1962,.F.);
#920=ORIENTED_EDGE('',*,*,#1963,.F.);
#921=ORIENTED_EDGE('',*,*,#1964,.F.);
#922=ORIENTED_EDGE('',*,*,#1965,.F.);
#923=ORIENTED_EDGE('',*,*,#1966,.T.);
#924=ORIENTED_EDGE('',*,*,#1739,.F.);
#925=ORIENTED_EDGE('',*,*,#1967,.F.);
#926=ORIENTED_EDGE('',*,*,#1968,.F.);
#927=ORIENTED_EDGE('',*,*,#1969,.F.);
#928=ORIENTED_EDGE('',*,*,#1970,.F.);
#929=ORIENTED_EDGE('',*,*,#1971,.T.);
#930=ORIENTED_EDGE('',*,*,#1748,.F.);
#931=ORIENTED_EDGE('',*,*,#1972,.F.);
#932=ORIENTED_EDGE('',*,*,#1973,.F.);
#933=ORIENTED_EDGE('',*,*,#1974,.F.);
#934=ORIENTED_EDGE('',*,*,#1975,.F.);
#935=ORIENTED_EDGE('',*,*,#1976,.T.);
#936=ORIENTED_EDGE('',*,*,#1744,.F.);
#937=ORIENTED_EDGE('',*,*,#1977,.F.);
#938=ORIENTED_EDGE('',*,*,#1978,.F.);
#939=ORIENTED_EDGE('',*,*,#1979,.F.);
#940=ORIENTED_EDGE('',*,*,#1980,.F.);
#941=ORIENTED_EDGE('',*,*,#1981,.T.);
#942=ORIENTED_EDGE('',*,*,#1732,.F.);
#943=ORIENTED_EDGE('',*,*,#1982,.F.);
#944=ORIENTED_EDGE('',*,*,#1983,.F.);
#945=ORIENTED_EDGE('',*,*,#1984,.F.);
#946=ORIENTED_EDGE('',*,*,#1985,.F.);
#947=ORIENTED_EDGE('',*,*,#1986,.T.);
#948=ORIENTED_EDGE('',*,*,#1728,.F.);
#949=ORIENTED_EDGE('',*,*,#1987,.F.);
#950=ORIENTED_EDGE('',*,*,#1988,.F.);
#951=ORIENTED_EDGE('',*,*,#1989,.F.);
#952=ORIENTED_EDGE('',*,*,#1990,.F.);
#953=ORIENTED_EDGE('',*,*,#1991,.T.);
#954=ORIENTED_EDGE('',*,*,#1724,.F.);
#955=ORIENTED_EDGE('',*,*,#1992,.F.);
#956=ORIENTED_EDGE('',*,*,#1993,.F.);
#957=ORIENTED_EDGE('',*,*,#1994,.F.);
#958=ORIENTED_EDGE('',*,*,#1995,.F.);
#959=ORIENTED_EDGE('',*,*,#1996,.T.);
#960=ORIENTED_EDGE('',*,*,#1720,.F.);
#961=ORIENTED_EDGE('',*,*,#1997,.F.);
#962=ORIENTED_EDGE('',*,*,#1998,.F.);
#963=ORIENTED_EDGE('',*,*,#1999,.F.);
#964=ORIENTED_EDGE('',*,*,#2000,.F.);
#965=ORIENTED_EDGE('',*,*,#2001,.T.);
#966=ORIENTED_EDGE('',*,*,#1708,.F.);
#967=ORIENTED_EDGE('',*,*,#2002,.F.);
#968=ORIENTED_EDGE('',*,*,#2003,.F.);
#969=ORIENTED_EDGE('',*,*,#2004,.F.);
#970=ORIENTED_EDGE('',*,*,#2005,.F.);
#971=ORIENTED_EDGE('',*,*,#2006,.T.);
#972=ORIENTED_EDGE('',*,*,#1703,.F.);
#973=ORIENTED_EDGE('',*,*,#2007,.F.);
#974=ORIENTED_EDGE('',*,*,#2008,.F.);
#975=ORIENTED_EDGE('',*,*,#2009,.F.);
#976=ORIENTED_EDGE('',*,*,#2010,.F.);
#977=ORIENTED_EDGE('',*,*,#2011,.T.);
#978=ORIENTED_EDGE('',*,*,#1711,.F.);
#979=ORIENTED_EDGE('',*,*,#2012,.F.);
#980=ORIENTED_EDGE('',*,*,#2013,.F.);
#981=ORIENTED_EDGE('',*,*,#2014,.F.);
#982=ORIENTED_EDGE('',*,*,#2015,.F.);
#983=ORIENTED_EDGE('',*,*,#2016,.T.);
#984=ORIENTED_EDGE('',*,*,#1716,.F.);
#985=ORIENTED_EDGE('',*,*,#2017,.F.);
#986=ORIENTED_EDGE('',*,*,#2018,.F.);
#987=ORIENTED_EDGE('',*,*,#2019,.F.);
#988=ORIENTED_EDGE('',*,*,#2020,.F.);
#989=ORIENTED_EDGE('',*,*,#2021,.T.);
#990=ORIENTED_EDGE('',*,*,#1700,.F.);
#991=ORIENTED_EDGE('',*,*,#2022,.F.);
#992=ORIENTED_EDGE('',*,*,#2023,.F.);
#993=ORIENTED_EDGE('',*,*,#2024,.F.);
#994=ORIENTED_EDGE('',*,*,#2025,.F.);
#995=ORIENTED_EDGE('',*,*,#2026,.T.);
#996=ORIENTED_EDGE('',*,*,#1696,.F.);
#997=ORIENTED_EDGE('',*,*,#2027,.F.);
#998=ORIENTED_EDGE('',*,*,#2028,.F.);
#999=ORIENTED_EDGE('',*,*,#2029,.F.);
#1000=ORIENTED_EDGE('',*,*,#2030,.F.);
#1001=ORIENTED_EDGE('',*,*,#2031,.T.);
#1002=ORIENTED_EDGE('',*,*,#1692,.F.);
#1003=ORIENTED_EDGE('',*,*,#2032,.F.);
#1004=ORIENTED_EDGE('',*,*,#2033,.F.);
#1005=ORIENTED_EDGE('',*,*,#2034,.F.);
#1006=ORIENTED_EDGE('',*,*,#2035,.F.);
#1007=ORIENTED_EDGE('',*,*,#2036,.T.);
#1008=ORIENTED_EDGE('',*,*,#1688,.F.);
#1009=ORIENTED_EDGE('',*,*,#2037,.F.);
#1010=ORIENTED_EDGE('',*,*,#2038,.F.);
#1011=ORIENTED_EDGE('',*,*,#2039,.F.);
#1012=ORIENTED_EDGE('',*,*,#2040,.F.);
#1013=ORIENTED_EDGE('',*,*,#2041,.T.);
#1014=ORIENTED_EDGE('',*,*,#1676,.F.);
#1015=ORIENTED_EDGE('',*,*,#2042,.F.);
#1016=ORIENTED_EDGE('',*,*,#2043,.F.);
#1017=ORIENTED_EDGE('',*,*,#2044,.F.);
#1018=ORIENTED_EDGE('',*,*,#2045,.F.);
#1019=ORIENTED_EDGE('',*,*,#2046,.T.);
#1020=ORIENTED_EDGE('',*,*,#1671,.F.);
#1021=ORIENTED_EDGE('',*,*,#2047,.F.);
#1022=ORIENTED_EDGE('',*,*,#2048,.F.);
#1023=ORIENTED_EDGE('',*,*,#2049,.F.);
#1024=ORIENTED_EDGE('',*,*,#2050,.F.);
#1025=ORIENTED_EDGE('',*,*,#2051,.T.);
#1026=ORIENTED_EDGE('',*,*,#1679,.F.);
#1027=ORIENTED_EDGE('',*,*,#2052,.F.);
#1028=ORIENTED_EDGE('',*,*,#2053,.F.);
#1029=ORIENTED_EDGE('',*,*,#2054,.F.);
#1030=ORIENTED_EDGE('',*,*,#2055,.F.);
#1031=ORIENTED_EDGE('',*,*,#2056,.T.);
#1032=ORIENTED_EDGE('',*,*,#1684,.F.);
#1033=ORIENTED_EDGE('',*,*,#2057,.F.);
#1034=ORIENTED_EDGE('',*,*,#2058,.F.);
#1035=ORIENTED_EDGE('',*,*,#2059,.F.);
#1036=ORIENTED_EDGE('',*,*,#1867,.T.);
#1037=ORIENTED_EDGE('',*,*,#1757,.F.);
#1038=ORIENTED_EDGE('',*,*,#1951,.F.);
#1039=ORIENTED_EDGE('',*,*,#2060,.F.);
#1040=ORIENTED_EDGE('',*,*,#1947,.T.);
#1041=ORIENTED_EDGE('',*,*,#1670,.T.);
#1042=ORIENTED_EDGE('',*,*,#1871,.F.);
#1043=ORIENTED_EDGE('',*,*,#2061,.F.);
#1044=ORIENTED_EDGE('',*,*,#1949,.T.);
#1045=ORIENTED_EDGE('',*,*,#2062,.F.);
#1046=ORIENTED_EDGE('',*,*,#1869,.F.);
#1047=ORIENTED_EDGE('',*,*,#2063,.F.);
#1048=ORIENTED_EDGE('',*,*,#1950,.T.);
#1049=ORIENTED_EDGE('',*,*,#2063,.T.);
#1050=ORIENTED_EDGE('',*,*,#1868,.T.);
#1051=ORIENTED_EDGE('',*,*,#2060,.T.);
#1052=ORIENTED_EDGE('',*,*,#1948,.T.);
#1053=ORIENTED_EDGE('',*,*,#2061,.T.);
#1054=ORIENTED_EDGE('',*,*,#1870,.T.);
#1055=ORIENTED_EDGE('',*,*,#2062,.T.);
#1056=ORIENTED_EDGE('',*,*,#1862,.T.);
#1057=ORIENTED_EDGE('',*,*,#1753,.F.);
#1058=ORIENTED_EDGE('',*,*,#1956,.F.);
#1059=ORIENTED_EDGE('',*,*,#2064,.F.);
#1060=ORIENTED_EDGE('',*,*,#1952,.T.);
#1061=ORIENTED_EDGE('',*,*,#1755,.T.);
#1062=ORIENTED_EDGE('',*,*,#1866,.F.);
#1063=ORIENTED_EDGE('',*,*,#2065,.F.);
#1064=ORIENTED_EDGE('',*,*,#1954,.T.);
#1065=ORIENTED_EDGE('',*,*,#2066,.F.);
#1066=ORIENTED_EDGE('',*,*,#1864,.F.);
#1067=ORIENTED_EDGE('',*,*,#2067,.F.);
#1068=ORIENTED_EDGE('',*,*,#1955,.T.);
#1069=ORIENTED_EDGE('',*,*,#2067,.T.);
#1070=ORIENTED_EDGE('',*,*,#1863,.T.);
#1071=ORIENTED_EDGE('',*,*,#2064,.T.);
#1072=ORIENTED_EDGE('',*,*,#1953,.T.);
#1073=ORIENTED_EDGE('',*,*,#2065,.T.);
#1074=ORIENTED_EDGE('',*,*,#1865,.T.);
#1075=ORIENTED_EDGE('',*,*,#2066,.T.);
#1076=ORIENTED_EDGE('',*,*,#1847,.T.);
#1077=ORIENTED_EDGE('',*,*,#1749,.F.);
#1078=ORIENTED_EDGE('',*,*,#1971,.F.);
#1079=ORIENTED_EDGE('',*,*,#2068,.F.);
#1080=ORIENTED_EDGE('',*,*,#1967,.T.);
#1081=ORIENTED_EDGE('',*,*,#1742,.T.);
#1082=ORIENTED_EDGE('',*,*,#1851,.F.);
#1083=ORIENTED_EDGE('',*,*,#2069,.F.);
#1084=ORIENTED_EDGE('',*,*,#1969,.T.);
#1085=ORIENTED_EDGE('',*,*,#2070,.F.);
#1086=ORIENTED_EDGE('',*,*,#1849,.F.);
#1087=ORIENTED_EDGE('',*,*,#2071,.F.);
#1088=ORIENTED_EDGE('',*,*,#1970,.T.);
#1089=ORIENTED_EDGE('',*,*,#2071,.T.);
#1090=ORIENTED_EDGE('',*,*,#1848,.T.);
#1091=ORIENTED_EDGE('',*,*,#2068,.T.);
#1092=ORIENTED_EDGE('',*,*,#1968,.T.);
#1093=ORIENTED_EDGE('',*,*,#2069,.T.);
#1094=ORIENTED_EDGE('',*,*,#1850,.T.);
#1095=ORIENTED_EDGE('',*,*,#2070,.T.);
#1096=ORIENTED_EDGE('',*,*,#1842,.T.);
#1097=ORIENTED_EDGE('',*,*,#1745,.F.);
#1098=ORIENTED_EDGE('',*,*,#1976,.F.);
#1099=ORIENTED_EDGE('',*,*,#2072,.F.);
#1100=ORIENTED_EDGE('',*,*,#1972,.T.);
#1101=ORIENTED_EDGE('',*,*,#1747,.T.);
#1102=ORIENTED_EDGE('',*,*,#1846,.F.);
#1103=ORIENTED_EDGE('',*,*,#2073,.F.);
#1104=ORIENTED_EDGE('',*,*,#1974,.T.);
#1105=ORIENTED_EDGE('',*,*,#2074,.F.);
#1106=ORIENTED_EDGE('',*,*,#1844,.F.);
#1107=ORIENTED_EDGE('',*,*,#2075,.F.);
#1108=ORIENTED_EDGE('',*,*,#1975,.T.);
#1109=ORIENTED_EDGE('',*,*,#2075,.T.);
#1110=ORIENTED_EDGE('',*,*,#1843,.T.);
#1111=ORIENTED_EDGE('',*,*,#2072,.T.);
#1112=ORIENTED_EDGE('',*,*,#1973,.T.);
#1113=ORIENTED_EDGE('',*,*,#2073,.T.);
#1114=ORIENTED_EDGE('',*,*,#1845,.T.);
#1115=ORIENTED_EDGE('',*,*,#2074,.T.);
#1116=ORIENTED_EDGE('',*,*,#1852,.T.);
#1117=ORIENTED_EDGE('',*,*,#1740,.F.);
#1118=ORIENTED_EDGE('',*,*,#1966,.F.);
#1119=ORIENTED_EDGE('',*,*,#2076,.F.);
#1120=ORIENTED_EDGE('',*,*,#1962,.T.);
#1121=ORIENTED_EDGE('',*,*,#1738,.T.);
#1122=ORIENTED_EDGE('',*,*,#1856,.F.);
#1123=ORIENTED_EDGE('',*,*,#2077,.F.);
#1124=ORIENTED_EDGE('',*,*,#1964,.T.);
#1125=ORIENTED_EDGE('',*,*,#2078,.F.);
#1126=ORIENTED_EDGE('',*,*,#1854,.F.);
#1127=ORIENTED_EDGE('',*,*,#2079,.F.);
#1128=ORIENTED_EDGE('',*,*,#1965,.T.);
#1129=ORIENTED_EDGE('',*,*,#2079,.T.);
#1130=ORIENTED_EDGE('',*,*,#1853,.T.);
#1131=ORIENTED_EDGE('',*,*,#2076,.T.);
#1132=ORIENTED_EDGE('',*,*,#1963,.T.);
#1133=ORIENTED_EDGE('',*,*,#2077,.T.);
#1134=ORIENTED_EDGE('',*,*,#1855,.T.);
#1135=ORIENTED_EDGE('',*,*,#2078,.T.);
#1136=ORIENTED_EDGE('',*,*,#1857,.T.);
#1137=ORIENTED_EDGE('',*,*,#1736,.F.);
#1138=ORIENTED_EDGE('',*,*,#1961,.F.);
#1139=ORIENTED_EDGE('',*,*,#2080,.F.);
#1140=ORIENTED_EDGE('',*,*,#1957,.T.);
#1141=ORIENTED_EDGE('',*,*,#1751,.T.);
#1142=ORIENTED_EDGE('',*,*,#1861,.F.);
#1143=ORIENTED_EDGE('',*,*,#2081,.F.);
#1144=ORIENTED_EDGE('',*,*,#1959,.T.);
#1145=ORIENTED_EDGE('',*,*,#2082,.F.);
#1146=ORIENTED_EDGE('',*,*,#1859,.F.);
#1147=ORIENTED_EDGE('',*,*,#2083,.F.);
#1148=ORIENTED_EDGE('',*,*,#1960,.T.);
#1149=ORIENTED_EDGE('',*,*,#2083,.T.);
#1150=ORIENTED_EDGE('',*,*,#1858,.T.);
#1151=ORIENTED_EDGE('',*,*,#2080,.T.);
#1152=ORIENTED_EDGE('',*,*,#1958,.T.);
#1153=ORIENTED_EDGE('',*,*,#2081,.T.);
#1154=ORIENTED_EDGE('',*,*,#1860,.T.);
#1155=ORIENTED_EDGE('',*,*,#2082,.T.);
#1156=ORIENTED_EDGE('',*,*,#1837,.T.);
#1157=ORIENTED_EDGE('',*,*,#1733,.F.);
#1158=ORIENTED_EDGE('',*,*,#1981,.F.);
#1159=ORIENTED_EDGE('',*,*,#2084,.F.);
#1160=ORIENTED_EDGE('',*,*,#1977,.T.);
#1161=ORIENTED_EDGE('',*,*,#1743,.T.);
#1162=ORIENTED_EDGE('',*,*,#1841,.F.);
#1163=ORIENTED_EDGE('',*,*,#2085,.F.);
#1164=ORIENTED_EDGE('',*,*,#1979,.T.);
#1165=ORIENTED_EDGE('',*,*,#2086,.F.);
#1166=ORIENTED_EDGE('',*,*,#1839,.F.);
#1167=ORIENTED_EDGE('',*,*,#2087,.F.);
#1168=ORIENTED_EDGE('',*,*,#1980,.T.);
#1169=ORIENTED_EDGE('',*,*,#2087,.T.);
#1170=ORIENTED_EDGE('',*,*,#1838,.T.);
#1171=ORIENTED_EDGE('',*,*,#2084,.T.);
#1172=ORIENTED_EDGE('',*,*,#1978,.T.);
#1173=ORIENTED_EDGE('',*,*,#2085,.T.);
#1174=ORIENTED_EDGE('',*,*,#1840,.T.);
#1175=ORIENTED_EDGE('',*,*,#2086,.T.);
#1176=ORIENTED_EDGE('',*,*,#1832,.T.);
#1177=ORIENTED_EDGE('',*,*,#1729,.F.);
#1178=ORIENTED_EDGE('',*,*,#1986,.F.);
#1179=ORIENTED_EDGE('',*,*,#2088,.F.);
#1180=ORIENTED_EDGE('',*,*,#1982,.T.);
#1181=ORIENTED_EDGE('',*,*,#1731,.T.);
#1182=ORIENTED_EDGE('',*,*,#1836,.F.);
#1183=ORIENTED_EDGE('',*,*,#2089,.F.);
#1184=ORIENTED_EDGE('',*,*,#1984,.T.);
#1185=ORIENTED_EDGE('',*,*,#2090,.F.);
#1186=ORIENTED_EDGE('',*,*,#1834,.F.);
#1187=ORIENTED_EDGE('',*,*,#2091,.F.);
#1188=ORIENTED_EDGE('',*,*,#1985,.T.);
#1189=ORIENTED_EDGE('',*,*,#2091,.T.);
#1190=ORIENTED_EDGE('',*,*,#1833,.T.);
#1191=ORIENTED_EDGE('',*,*,#2088,.T.);
#1192=ORIENTED_EDGE('',*,*,#1983,.T.);
#1193=ORIENTED_EDGE('',*,*,#2089,.T.);
#1194=ORIENTED_EDGE('',*,*,#1835,.T.);
#1195=ORIENTED_EDGE('',*,*,#2090,.T.);
#1196=ORIENTED_EDGE('',*,*,#1827,.T.);
#1197=ORIENTED_EDGE('',*,*,#1725,.F.);
#1198=ORIENTED_EDGE('',*,*,#1991,.F.);
#1199=ORIENTED_EDGE('',*,*,#2092,.F.);
#1200=ORIENTED_EDGE('',*,*,#1987,.T.);
#1201=ORIENTED_EDGE('',*,*,#1727,.T.);
#1202=ORIENTED_EDGE('',*,*,#1831,.F.);
#1203=ORIENTED_EDGE('',*,*,#2093,.F.);
#1204=ORIENTED_EDGE('',*,*,#1989,.T.);
#1205=ORIENTED_EDGE('',*,*,#2094,.F.);
#1206=ORIENTED_EDGE('',*,*,#1829,.F.);
#1207=ORIENTED_EDGE('',*,*,#2095,.F.);
#1208=ORIENTED_EDGE('',*,*,#1990,.T.);
#1209=ORIENTED_EDGE('',*,*,#2095,.T.);
#1210=ORIENTED_EDGE('',*,*,#1828,.T.);
#1211=ORIENTED_EDGE('',*,*,#2092,.T.);
#1212=ORIENTED_EDGE('',*,*,#1988,.T.);
#1213=ORIENTED_EDGE('',*,*,#2093,.T.);
#1214=ORIENTED_EDGE('',*,*,#1830,.T.);
#1215=ORIENTED_EDGE('',*,*,#2094,.T.);
#1216=ORIENTED_EDGE('',*,*,#1822,.T.);
#1217=ORIENTED_EDGE('',*,*,#1721,.F.);
#1218=ORIENTED_EDGE('',*,*,#1996,.F.);
#1219=ORIENTED_EDGE('',*,*,#2096,.F.);
#1220=ORIENTED_EDGE('',*,*,#1992,.T.);
#1221=ORIENTED_EDGE('',*,*,#1723,.T.);
#1222=ORIENTED_EDGE('',*,*,#1826,.F.);
#1223=ORIENTED_EDGE('',*,*,#2097,.F.);
#1224=ORIENTED_EDGE('',*,*,#1994,.T.);
#1225=ORIENTED_EDGE('',*,*,#2098,.F.);
#1226=ORIENTED_EDGE('',*,*,#1824,.F.);
#1227=ORIENTED_EDGE('',*,*,#2099,.F.);
#1228=ORIENTED_EDGE('',*,*,#1995,.T.);
#1229=ORIENTED_EDGE('',*,*,#2099,.T.);
#1230=ORIENTED_EDGE('',*,*,#1823,.T.);
#1231=ORIENTED_EDGE('',*,*,#2096,.T.);
#1232=ORIENTED_EDGE('',*,*,#1993,.T.);
#1233=ORIENTED_EDGE('',*,*,#2097,.T.);
#1234=ORIENTED_EDGE('',*,*,#1825,.T.);
#1235=ORIENTED_EDGE('',*,*,#2098,.T.);
#1236=ORIENTED_EDGE('',*,*,#1802,.T.);
#1237=ORIENTED_EDGE('',*,*,#1717,.F.);
#1238=ORIENTED_EDGE('',*,*,#2016,.F.);
#1239=ORIENTED_EDGE('',*,*,#2100,.F.);
#1240=ORIENTED_EDGE('',*,*,#2012,.T.);
#1241=ORIENTED_EDGE('',*,*,#1714,.T.);
#1242=ORIENTED_EDGE('',*,*,#1806,.F.);
#1243=ORIENTED_EDGE('',*,*,#2101,.F.);
#1244=ORIENTED_EDGE('',*,*,#2014,.T.);
#1245=ORIENTED_EDGE('',*,*,#2102,.F.);
#1246=ORIENTED_EDGE('',*,*,#1804,.F.);
#1247=ORIENTED_EDGE('',*,*,#2103,.F.);
#1248=ORIENTED_EDGE('',*,*,#2015,.T.);
#1249=ORIENTED_EDGE('',*,*,#2103,.T.);
#1250=ORIENTED_EDGE('',*,*,#1803,.T.);
#1251=ORIENTED_EDGE('',*,*,#2100,.T.);
#1252=ORIENTED_EDGE('',*,*,#2013,.T.);
#1253=ORIENTED_EDGE('',*,*,#2101,.T.);
#1254=ORIENTED_EDGE('',*,*,#1805,.T.);
#1255=ORIENTED_EDGE('',*,*,#2102,.T.);
#1256=ORIENTED_EDGE('',*,*,#1807,.T.);
#1257=ORIENTED_EDGE('',*,*,#1712,.F.);
#1258=ORIENTED_EDGE('',*,*,#2011,.F.);
#1259=ORIENTED_EDGE('',*,*,#2104,.F.);
#1260=ORIENTED_EDGE('',*,*,#2007,.T.);
#1261=ORIENTED_EDGE('',*,*,#1706,.T.);
#1262=ORIENTED_EDGE('',*,*,#1811,.F.);
#1263=ORIENTED_EDGE('',*,*,#2105,.F.);
#1264=ORIENTED_EDGE('',*,*,#2009,.T.);
#1265=ORIENTED_EDGE('',*,*,#2106,.F.);
#1266=ORIENTED_EDGE('',*,*,#1809,.F.);
#1267=ORIENTED_EDGE('',*,*,#2107,.F.);
#1268=ORIENTED_EDGE('',*,*,#2010,.T.);
#1269=ORIENTED_EDGE('',*,*,#2107,.T.);
#1270=ORIENTED_EDGE('',*,*,#1808,.T.);
#1271=ORIENTED_EDGE('',*,*,#2104,.T.);
#1272=ORIENTED_EDGE('',*,*,#2008,.T.);
#1273=ORIENTED_EDGE('',*,*,#2105,.T.);
#1274=ORIENTED_EDGE('',*,*,#1810,.T.);
#1275=ORIENTED_EDGE('',*,*,#2106,.T.);
#1276=ORIENTED_EDGE('',*,*,#1817,.T.);
#1277=ORIENTED_EDGE('',*,*,#1709,.F.);
#1278=ORIENTED_EDGE('',*,*,#2001,.F.);
#1279=ORIENTED_EDGE('',*,*,#2108,.F.);
#1280=ORIENTED_EDGE('',*,*,#1997,.T.);
#1281=ORIENTED_EDGE('',*,*,#1719,.T.);
#1282=ORIENTED_EDGE('',*,*,#1821,.F.);
#1283=ORIENTED_EDGE('',*,*,#2109,.F.);
#1284=ORIENTED_EDGE('',*,*,#1999,.T.);
#1285=ORIENTED_EDGE('',*,*,#2110,.F.);
#1286=ORIENTED_EDGE('',*,*,#1819,.F.);
#1287=ORIENTED_EDGE('',*,*,#2111,.F.);
#1288=ORIENTED_EDGE('',*,*,#2000,.T.);
#1289=ORIENTED_EDGE('',*,*,#2111,.T.);
#1290=ORIENTED_EDGE('',*,*,#1818,.T.);
#1291=ORIENTED_EDGE('',*,*,#2108,.T.);
#1292=ORIENTED_EDGE('',*,*,#1998,.T.);
#1293=ORIENTED_EDGE('',*,*,#2109,.T.);
#1294=ORIENTED_EDGE('',*,*,#1820,.T.);
#1295=ORIENTED_EDGE('',*,*,#2110,.T.);
#1296=ORIENTED_EDGE('',*,*,#1812,.T.);
#1297=ORIENTED_EDGE('',*,*,#1704,.F.);
#1298=ORIENTED_EDGE('',*,*,#2006,.F.);
#1299=ORIENTED_EDGE('',*,*,#2112,.F.);
#1300=ORIENTED_EDGE('',*,*,#2002,.T.);
#1301=ORIENTED_EDGE('',*,*,#1707,.T.);
#1302=ORIENTED_EDGE('',*,*,#1816,.F.);
#1303=ORIENTED_EDGE('',*,*,#2113,.F.);
#1304=ORIENTED_EDGE('',*,*,#2004,.T.);
#1305=ORIENTED_EDGE('',*,*,#2114,.F.);
#1306=ORIENTED_EDGE('',*,*,#1814,.F.);
#1307=ORIENTED_EDGE('',*,*,#2115,.F.);
#1308=ORIENTED_EDGE('',*,*,#2005,.T.);
#1309=ORIENTED_EDGE('',*,*,#2115,.T.);
#1310=ORIENTED_EDGE('',*,*,#1813,.T.);
#1311=ORIENTED_EDGE('',*,*,#2112,.T.);
#1312=ORIENTED_EDGE('',*,*,#2003,.T.);
#1313=ORIENTED_EDGE('',*,*,#2113,.T.);
#1314=ORIENTED_EDGE('',*,*,#1815,.T.);
#1315=ORIENTED_EDGE('',*,*,#2114,.T.);
#1316=ORIENTED_EDGE('',*,*,#1797,.T.);
#1317=ORIENTED_EDGE('',*,*,#1701,.F.);
#1318=ORIENTED_EDGE('',*,*,#2021,.F.);
#1319=ORIENTED_EDGE('',*,*,#2116,.F.);
#1320=ORIENTED_EDGE('',*,*,#2017,.T.);
#1321=ORIENTED_EDGE('',*,*,#1715,.T.);
#1322=ORIENTED_EDGE('',*,*,#1801,.F.);
#1323=ORIENTED_EDGE('',*,*,#2117,.F.);
#1324=ORIENTED_EDGE('',*,*,#2019,.T.);
#1325=ORIENTED_EDGE('',*,*,#2118,.F.);
#1326=ORIENTED_EDGE('',*,*,#1799,.F.);
#1327=ORIENTED_EDGE('',*,*,#2119,.F.);
#1328=ORIENTED_EDGE('',*,*,#2020,.T.);
#1329=ORIENTED_EDGE('',*,*,#2119,.T.);
#1330=ORIENTED_EDGE('',*,*,#1798,.T.);
#1331=ORIENTED_EDGE('',*,*,#2116,.T.);
#1332=ORIENTED_EDGE('',*,*,#2018,.T.);
#1333=ORIENTED_EDGE('',*,*,#2117,.T.);
#1334=ORIENTED_EDGE('',*,*,#1800,.T.);
#1335=ORIENTED_EDGE('',*,*,#2118,.T.);
#1336=ORIENTED_EDGE('',*,*,#1792,.T.);
#1337=ORIENTED_EDGE('',*,*,#1697,.F.);
#1338=ORIENTED_EDGE('',*,*,#2026,.F.);
#1339=ORIENTED_EDGE('',*,*,#2120,.F.);
#1340=ORIENTED_EDGE('',*,*,#2022,.T.);
#1341=ORIENTED_EDGE('',*,*,#1699,.T.);
#1342=ORIENTED_EDGE('',*,*,#1796,.F.);
#1343=ORIENTED_EDGE('',*,*,#2121,.F.);
#1344=ORIENTED_EDGE('',*,*,#2024,.T.);
#1345=ORIENTED_EDGE('',*,*,#2122,.F.);
#1346=ORIENTED_EDGE('',*,*,#1794,.F.);
#1347=ORIENTED_EDGE('',*,*,#2123,.F.);
#1348=ORIENTED_EDGE('',*,*,#2025,.T.);
#1349=ORIENTED_EDGE('',*,*,#2123,.T.);
#1350=ORIENTED_EDGE('',*,*,#1793,.T.);
#1351=ORIENTED_EDGE('',*,*,#2120,.T.);
#1352=ORIENTED_EDGE('',*,*,#2023,.T.);
#1353=ORIENTED_EDGE('',*,*,#2121,.T.);
#1354=ORIENTED_EDGE('',*,*,#1795,.T.);
#1355=ORIENTED_EDGE('',*,*,#2122,.T.);
#1356=ORIENTED_EDGE('',*,*,#1787,.T.);
#1357=ORIENTED_EDGE('',*,*,#1693,.F.);
#1358=ORIENTED_EDGE('',*,*,#2031,.F.);
#1359=ORIENTED_EDGE('',*,*,#2124,.F.);
#1360=ORIENTED_EDGE('',*,*,#2027,.T.);
#1361=ORIENTED_EDGE('',*,*,#1695,.T.);
#1362=ORIENTED_EDGE('',*,*,#1791,.F.);
#1363=ORIENTED_EDGE('',*,*,#2125,.F.);
#1364=ORIENTED_EDGE('',*,*,#2029,.T.);
#1365=ORIENTED_EDGE('',*,*,#2126,.F.);
#1366=ORIENTED_EDGE('',*,*,#1789,.F.);
#1367=ORIENTED_EDGE('',*,*,#2127,.F.);
#1368=ORIENTED_EDGE('',*,*,#2030,.T.);
#1369=ORIENTED_EDGE('',*,*,#2127,.T.);
#1370=ORIENTED_EDGE('',*,*,#1788,.T.);
#1371=ORIENTED_EDGE('',*,*,#2124,.T.);
#1372=ORIENTED_EDGE('',*,*,#2028,.T.);
#1373=ORIENTED_EDGE('',*,*,#2125,.T.);
#1374=ORIENTED_EDGE('',*,*,#1790,.T.);
#1375=ORIENTED_EDGE('',*,*,#2126,.T.);
#1376=ORIENTED_EDGE('',*,*,#1782,.T.);
#1377=ORIENTED_EDGE('',*,*,#1689,.F.);
#1378=ORIENTED_EDGE('',*,*,#2036,.F.);
#1379=ORIENTED_EDGE('',*,*,#2128,.F.);
#1380=ORIENTED_EDGE('',*,*,#2032,.T.);
#1381=ORIENTED_EDGE('',*,*,#1691,.T.);
#1382=ORIENTED_EDGE('',*,*,#1786,.F.);
#1383=ORIENTED_EDGE('',*,*,#2129,.F.);
#1384=ORIENTED_EDGE('',*,*,#2034,.T.);
#1385=ORIENTED_EDGE('',*,*,#2130,.F.);
#1386=ORIENTED_EDGE('',*,*,#1784,.F.);
#1387=ORIENTED_EDGE('',*,*,#2131,.F.);
#1388=ORIENTED_EDGE('',*,*,#2035,.T.);
#1389=ORIENTED_EDGE('',*,*,#2131,.T.);
#1390=ORIENTED_EDGE('',*,*,#1783,.T.);
#1391=ORIENTED_EDGE('',*,*,#2128,.T.);
#1392=ORIENTED_EDGE('',*,*,#2033,.T.);
#1393=ORIENTED_EDGE('',*,*,#2129,.T.);
#1394=ORIENTED_EDGE('',*,*,#1785,.T.);
#1395=ORIENTED_EDGE('',*,*,#2130,.T.);
#1396=ORIENTED_EDGE('',*,*,#1762,.T.);
#1397=ORIENTED_EDGE('',*,*,#1685,.F.);
#1398=ORIENTED_EDGE('',*,*,#2056,.F.);
#1399=ORIENTED_EDGE('',*,*,#2132,.F.);
#1400=ORIENTED_EDGE('',*,*,#2052,.T.);
#1401=ORIENTED_EDGE('',*,*,#1682,.T.);
#1402=ORIENTED_EDGE('',*,*,#1766,.F.);
#1403=ORIENTED_EDGE('',*,*,#2133,.F.);
#1404=ORIENTED_EDGE('',*,*,#2054,.T.);
#1405=ORIENTED_EDGE('',*,*,#2134,.F.);
#1406=ORIENTED_EDGE('',*,*,#1764,.F.);
#1407=ORIENTED_EDGE('',*,*,#2135,.F.);
#1408=ORIENTED_EDGE('',*,*,#2055,.T.);
#1409=ORIENTED_EDGE('',*,*,#2135,.T.);
#1410=ORIENTED_EDGE('',*,*,#1763,.T.);
#1411=ORIENTED_EDGE('',*,*,#2132,.T.);
#1412=ORIENTED_EDGE('',*,*,#2053,.T.);
#1413=ORIENTED_EDGE('',*,*,#2133,.T.);
#1414=ORIENTED_EDGE('',*,*,#1765,.T.);
#1415=ORIENTED_EDGE('',*,*,#2134,.T.);
#1416=ORIENTED_EDGE('',*,*,#1767,.T.);
#1417=ORIENTED_EDGE('',*,*,#1680,.F.);
#1418=ORIENTED_EDGE('',*,*,#2051,.F.);
#1419=ORIENTED_EDGE('',*,*,#2136,.F.);
#1420=ORIENTED_EDGE('',*,*,#2047,.T.);
#1421=ORIENTED_EDGE('',*,*,#1674,.T.);
#1422=ORIENTED_EDGE('',*,*,#1771,.F.);
#1423=ORIENTED_EDGE('',*,*,#2137,.F.);
#1424=ORIENTED_EDGE('',*,*,#2049,.T.);
#1425=ORIENTED_EDGE('',*,*,#2138,.F.);
#1426=ORIENTED_EDGE('',*,*,#1769,.F.);
#1427=ORIENTED_EDGE('',*,*,#2139,.F.);
#1428=ORIENTED_EDGE('',*,*,#2050,.T.);
#1429=ORIENTED_EDGE('',*,*,#2139,.T.);
#1430=ORIENTED_EDGE('',*,*,#1768,.T.);
#1431=ORIENTED_EDGE('',*,*,#2136,.T.);
#1432=ORIENTED_EDGE('',*,*,#2048,.T.);
#1433=ORIENTED_EDGE('',*,*,#2137,.T.);
#1434=ORIENTED_EDGE('',*,*,#1770,.T.);
#1435=ORIENTED_EDGE('',*,*,#2138,.T.);
#1436=ORIENTED_EDGE('',*,*,#1777,.T.);
#1437=ORIENTED_EDGE('',*,*,#1677,.F.);
#1438=ORIENTED_EDGE('',*,*,#2041,.F.);
#1439=ORIENTED_EDGE('',*,*,#2140,.F.);
#1440=ORIENTED_EDGE('',*,*,#2037,.T.);
#1441=ORIENTED_EDGE('',*,*,#1687,.T.);
#1442=ORIENTED_EDGE('',*,*,#1781,.F.);
#1443=ORIENTED_EDGE('',*,*,#2141,.F.);
#1444=ORIENTED_EDGE('',*,*,#2039,.T.);
#1445=ORIENTED_EDGE('',*,*,#2142,.F.);
#1446=ORIENTED_EDGE('',*,*,#1779,.F.);
#1447=ORIENTED_EDGE('',*,*,#2143,.F.);
#1448=ORIENTED_EDGE('',*,*,#2040,.T.);
#1449=ORIENTED_EDGE('',*,*,#2143,.T.);
#1450=ORIENTED_EDGE('',*,*,#1778,.T.);
#1451=ORIENTED_EDGE('',*,*,#2140,.T.);
#1452=ORIENTED_EDGE('',*,*,#2038,.T.);
#1453=ORIENTED_EDGE('',*,*,#2141,.T.);
#1454=ORIENTED_EDGE('',*,*,#1780,.T.);
#1455=ORIENTED_EDGE('',*,*,#2142,.T.);
#1456=ORIENTED_EDGE('',*,*,#1772,.T.);
#1457=ORIENTED_EDGE('',*,*,#1672,.F.);
#1458=ORIENTED_EDGE('',*,*,#2046,.F.);
#1459=ORIENTED_EDGE('',*,*,#2144,.F.);
#1460=ORIENTED_EDGE('',*,*,#2042,.T.);
#1461=ORIENTED_EDGE('',*,*,#1675,.T.);
#1462=ORIENTED_EDGE('',*,*,#1776,.F.);
#1463=ORIENTED_EDGE('',*,*,#2145,.F.);
#1464=ORIENTED_EDGE('',*,*,#2044,.T.);
#1465=ORIENTED_EDGE('',*,*,#2146,.F.);
#1466=ORIENTED_EDGE('',*,*,#1774,.F.);
#1467=ORIENTED_EDGE('',*,*,#2147,.F.);
#1468=ORIENTED_EDGE('',*,*,#2045,.T.);
#1469=ORIENTED_EDGE('',*,*,#2147,.T.);
#1470=ORIENTED_EDGE('',*,*,#1773,.T.);
#1471=ORIENTED_EDGE('',*,*,#2144,.T.);
#1472=ORIENTED_EDGE('',*,*,#2043,.T.);
#1473=ORIENTED_EDGE('',*,*,#2145,.T.);
#1474=ORIENTED_EDGE('',*,*,#1775,.T.);
#1475=ORIENTED_EDGE('',*,*,#2146,.T.);
#1476=ORIENTED_EDGE('',*,*,#1872,.T.);
#1477=ORIENTED_EDGE('',*,*,#1668,.F.);
#1478=ORIENTED_EDGE('',*,*,#1946,.F.);
#1479=ORIENTED_EDGE('',*,*,#2148,.F.);
#1480=ORIENTED_EDGE('',*,*,#1942,.T.);
#1481=ORIENTED_EDGE('',*,*,#1666,.T.);
#1482=ORIENTED_EDGE('',*,*,#1876,.F.);
#1483=ORIENTED_EDGE('',*,*,#2149,.F.);
#1484=ORIENTED_EDGE('',*,*,#1944,.T.);
#1485=ORIENTED_EDGE('',*,*,#2150,.F.);
#1486=ORIENTED_EDGE('',*,*,#1874,.F.);
#1487=ORIENTED_EDGE('',*,*,#2151,.F.);
#1488=ORIENTED_EDGE('',*,*,#1945,.T.);
#1489=ORIENTED_EDGE('',*,*,#2151,.T.);
#1490=ORIENTED_EDGE('',*,*,#1873,.T.);
#1491=ORIENTED_EDGE('',*,*,#2148,.T.);
#1492=ORIENTED_EDGE('',*,*,#1943,.T.);
#1493=ORIENTED_EDGE('',*,*,#2149,.T.);
#1494=ORIENTED_EDGE('',*,*,#1875,.T.);
#1495=ORIENTED_EDGE('',*,*,#2150,.T.);
#1496=ORIENTED_EDGE('',*,*,#1877,.T.);
#1497=ORIENTED_EDGE('',*,*,#1664,.F.);
#1498=ORIENTED_EDGE('',*,*,#1941,.F.);
#1499=ORIENTED_EDGE('',*,*,#2152,.F.);
#1500=ORIENTED_EDGE('',*,*,#1937,.T.);
#1501=ORIENTED_EDGE('',*,*,#1658,.T.);
#1502=ORIENTED_EDGE('',*,*,#1881,.F.);
#1503=ORIENTED_EDGE('',*,*,#2153,.F.);
#1504=ORIENTED_EDGE('',*,*,#1939,.T.);
#1505=ORIENTED_EDGE('',*,*,#2154,.F.);
#1506=ORIENTED_EDGE('',*,*,#1879,.F.);
#1507=ORIENTED_EDGE('',*,*,#2155,.F.);
#1508=ORIENTED_EDGE('',*,*,#1940,.T.);
#1509=ORIENTED_EDGE('',*,*,#2155,.T.);
#1510=ORIENTED_EDGE('',*,*,#1878,.T.);
#1511=ORIENTED_EDGE('',*,*,#2152,.T.);
#1512=ORIENTED_EDGE('',*,*,#1938,.T.);
#1513=ORIENTED_EDGE('',*,*,#2153,.T.);
#1514=ORIENTED_EDGE('',*,*,#1880,.T.);
#1515=ORIENTED_EDGE('',*,*,#2154,.T.);
#1516=ORIENTED_EDGE('',*,*,#1887,.T.);
#1517=ORIENTED_EDGE('',*,*,#1661,.F.);
#1518=ORIENTED_EDGE('',*,*,#1931,.F.);
#1519=ORIENTED_EDGE('',*,*,#2156,.F.);
#1520=ORIENTED_EDGE('',*,*,#1927,.T.);
#1521=ORIENTED_EDGE('',*,*,#1654,.T.);
#1522=ORIENTED_EDGE('',*,*,#1891,.F.);
#1523=ORIENTED_EDGE('',*,*,#2157,.F.);
#1524=ORIENTED_EDGE('',*,*,#1929,.T.);
#1525=ORIENTED_EDGE('',*,*,#2158,.F.);
#1526=ORIENTED_EDGE('',*,*,#1889,.F.);
#1527=ORIENTED_EDGE('',*,*,#2159,.F.);
#1528=ORIENTED_EDGE('',*,*,#1930,.T.);
#1529=ORIENTED_EDGE('',*,*,#2159,.T.);
#1530=ORIENTED_EDGE('',*,*,#1888,.T.);
#1531=ORIENTED_EDGE('',*,*,#2156,.T.);
#1532=ORIENTED_EDGE('',*,*,#1928,.T.);
#1533=ORIENTED_EDGE('',*,*,#2157,.T.);
#1534=ORIENTED_EDGE('',*,*,#1890,.T.);
#1535=ORIENTED_EDGE('',*,*,#2158,.T.);
#1536=ORIENTED_EDGE('',*,*,#1882,.T.);
#1537=ORIENTED_EDGE('',*,*,#1656,.F.);
#1538=ORIENTED_EDGE('',*,*,#1936,.F.);
#1539=ORIENTED_EDGE('',*,*,#2160,.F.);
#1540=ORIENTED_EDGE('',*,*,#1932,.T.);
#1541=ORIENTED_EDGE('',*,*,#1659,.T.);
#1542=ORIENTED_EDGE('',*,*,#1886,.F.);
#1543=ORIENTED_EDGE('',*,*,#2161,.F.);
#1544=ORIENTED_EDGE('',*,*,#1934,.T.);
#1545=ORIENTED_EDGE('',*,*,#2162,.F.);
#1546=ORIENTED_EDGE('',*,*,#1884,.F.);
#1547=ORIENTED_EDGE('',*,*,#2163,.F.);
#1548=ORIENTED_EDGE('',*,*,#1935,.T.);
#1549=ORIENTED_EDGE('',*,*,#2163,.T.);
#1550=ORIENTED_EDGE('',*,*,#1883,.T.);
#1551=ORIENTED_EDGE('',*,*,#2160,.T.);
#1552=ORIENTED_EDGE('',*,*,#1933,.T.);
#1553=ORIENTED_EDGE('',*,*,#2161,.T.);
#1554=ORIENTED_EDGE('',*,*,#1885,.T.);
#1555=ORIENTED_EDGE('',*,*,#2162,.T.);
#1556=ORIENTED_EDGE('',*,*,#1892,.T.);
#1557=ORIENTED_EDGE('',*,*,#1652,.F.);
#1558=ORIENTED_EDGE('',*,*,#1926,.F.);
#1559=ORIENTED_EDGE('',*,*,#2164,.F.);
#1560=ORIENTED_EDGE('',*,*,#1922,.T.);
#1561=ORIENTED_EDGE('',*,*,#1650,.T.);
#1562=ORIENTED_EDGE('',*,*,#1896,.F.);
#1563=ORIENTED_EDGE('',*,*,#2165,.F.);
#1564=ORIENTED_EDGE('',*,*,#1924,.T.);
#1565=ORIENTED_EDGE('',*,*,#2166,.F.);
#1566=ORIENTED_EDGE('',*,*,#1894,.F.);
#1567=ORIENTED_EDGE('',*,*,#2167,.F.);
#1568=ORIENTED_EDGE('',*,*,#1925,.T.);
#1569=ORIENTED_EDGE('',*,*,#2167,.T.);
#1570=ORIENTED_EDGE('',*,*,#1893,.T.);
#1571=ORIENTED_EDGE('',*,*,#2164,.T.);
#1572=ORIENTED_EDGE('',*,*,#1923,.T.);
#1573=ORIENTED_EDGE('',*,*,#2165,.T.);
#1574=ORIENTED_EDGE('',*,*,#1895,.T.);
#1575=ORIENTED_EDGE('',*,*,#2166,.T.);
#1576=ORIENTED_EDGE('',*,*,#1897,.T.);
#1577=ORIENTED_EDGE('',*,*,#1648,.F.);
#1578=ORIENTED_EDGE('',*,*,#1921,.F.);
#1579=ORIENTED_EDGE('',*,*,#2168,.F.);
#1580=ORIENTED_EDGE('',*,*,#1917,.T.);
#1581=ORIENTED_EDGE('',*,*,#1646,.T.);
#1582=ORIENTED_EDGE('',*,*,#1901,.F.);
#1583=ORIENTED_EDGE('',*,*,#2169,.F.);
#1584=ORIENTED_EDGE('',*,*,#1919,.T.);
#1585=ORIENTED_EDGE('',*,*,#2170,.F.);
#1586=ORIENTED_EDGE('',*,*,#1899,.F.);
#1587=ORIENTED_EDGE('',*,*,#2171,.F.);
#1588=ORIENTED_EDGE('',*,*,#1920,.T.);
#1589=ORIENTED_EDGE('',*,*,#2171,.T.);
#1590=ORIENTED_EDGE('',*,*,#1898,.T.);
#1591=ORIENTED_EDGE('',*,*,#2168,.T.);
#1592=ORIENTED_EDGE('',*,*,#1918,.T.);
#1593=ORIENTED_EDGE('',*,*,#2169,.T.);
#1594=ORIENTED_EDGE('',*,*,#1900,.T.);
#1595=ORIENTED_EDGE('',*,*,#2170,.T.);
#1596=ORIENTED_EDGE('',*,*,#1902,.T.);
#1597=ORIENTED_EDGE('',*,*,#1644,.F.);
#1598=ORIENTED_EDGE('',*,*,#1916,.F.);
#1599=ORIENTED_EDGE('',*,*,#2172,.F.);
#1600=ORIENTED_EDGE('',*,*,#1912,.T.);
#1601=ORIENTED_EDGE('',*,*,#1642,.T.);
#1602=ORIENTED_EDGE('',*,*,#1906,.F.);
#1603=ORIENTED_EDGE('',*,*,#2173,.F.);
#1604=ORIENTED_EDGE('',*,*,#1914,.T.);
#1605=ORIENTED_EDGE('',*,*,#2174,.F.);
#1606=ORIENTED_EDGE('',*,*,#1904,.F.);
#1607=ORIENTED_EDGE('',*,*,#2175,.F.);
#1608=ORIENTED_EDGE('',*,*,#1915,.T.);
#1609=ORIENTED_EDGE('',*,*,#2175,.T.);
#1610=ORIENTED_EDGE('',*,*,#1903,.T.);
#1611=ORIENTED_EDGE('',*,*,#2172,.T.);
#1612=ORIENTED_EDGE('',*,*,#1913,.T.);
#1613=ORIENTED_EDGE('',*,*,#2173,.T.);
#1614=ORIENTED_EDGE('',*,*,#1905,.T.);
#1615=ORIENTED_EDGE('',*,*,#2174,.T.);
#1616=ORIENTED_EDGE('',*,*,#1907,.T.);
#1617=ORIENTED_EDGE('',*,*,#1640,.F.);
#1618=ORIENTED_EDGE('',*,*,#1911,.F.);
#1619=ORIENTED_EDGE('',*,*,#2176,.F.);
#1620=ORIENTED_EDGE('',*,*,#2057,.T.);
#1621=ORIENTED_EDGE('',*,*,#1683,.T.);
#1622=ORIENTED_EDGE('',*,*,#1761,.F.);
#1623=ORIENTED_EDGE('',*,*,#2177,.F.);
#1624=ORIENTED_EDGE('',*,*,#2059,.T.);
#1625=ORIENTED_EDGE('',*,*,#2178,.F.);
#1626=ORIENTED_EDGE('',*,*,#1909,.F.);
#1627=ORIENTED_EDGE('',*,*,#2179,.F.);
#1628=ORIENTED_EDGE('',*,*,#1910,.T.);
#1629=ORIENTED_EDGE('',*,*,#2179,.T.);
#1630=ORIENTED_EDGE('',*,*,#1908,.T.);
#1631=ORIENTED_EDGE('',*,*,#2176,.T.);
#1632=ORIENTED_EDGE('',*,*,#2058,.T.);
#1633=ORIENTED_EDGE('',*,*,#2177,.T.);
#1634=ORIENTED_EDGE('',*,*,#1760,.T.);
#1635=ORIENTED_EDGE('',*,*,#2178,.T.);
#1636=ORIENTED_EDGE('',*,*,#2180,.F.);
#1637=ORIENTED_EDGE('',*,*,#1759,.T.);
#1638=ORIENTED_EDGE('',*,*,#2180,.T.);
#1639=EDGE_CURVE('',#2181,#2182,#2543,.T.);
#1640=EDGE_CURVE('',#2182,#2183,#195,.T.);
#1641=EDGE_CURVE('',#2184,#2183,#2544,.T.);
#1642=EDGE_CURVE('',#2181,#2184,#196,.T.);
#1643=EDGE_CURVE('',#2185,#2186,#2545,.T.);
#1644=EDGE_CURVE('',#2186,#2187,#197,.T.);
#1645=EDGE_CURVE('',#2188,#2187,#2546,.T.);
#1646=EDGE_CURVE('',#2185,#2188,#198,.T.);
#1647=EDGE_CURVE('',#2189,#2190,#2547,.T.);
#1648=EDGE_CURVE('',#2190,#2191,#199,.T.);
#1649=EDGE_CURVE('',#2192,#2191,#2548,.T.);
#1650=EDGE_CURVE('',#2189,#2192,#200,.T.);
#1651=EDGE_CURVE('',#2193,#2194,#2549,.T.);
#1652=EDGE_CURVE('',#2194,#2195,#201,.T.);
#1653=EDGE_CURVE('',#2196,#2195,#2550,.T.);
#1654=EDGE_CURVE('',#2193,#2196,#202,.T.);
#1655=EDGE_CURVE('',#2197,#2198,#2551,.T.);
#1656=EDGE_CURVE('',#2198,#2199,#203,.T.);
#1657=EDGE_CURVE('',#2200,#2199,#2552,.T.);
#1658=EDGE_CURVE('',#2197,#2200,#204,.T.);
#1659=EDGE_CURVE('',#2201,#2202,#205,.T.);
#1660=EDGE_CURVE('',#2201,#2203,#2553,.T.);
#1661=EDGE_CURVE('',#2203,#2204,#206,.T.);
#1662=EDGE_CURVE('',#2202,#2204,#2554,.T.);
#1663=EDGE_CURVE('',#2205,#2206,#2555,.T.);
#1664=EDGE_CURVE('',#2206,#2207,#207,.T.);
#1665=EDGE_CURVE('',#2208,#2207,#2556,.T.);
#1666=EDGE_CURVE('',#2205,#2208,#208,.T.);
#1667=EDGE_CURVE('',#2209,#2210,#2557,.T.);
#1668=EDGE_CURVE('',#2210,#2211,#209,.T.);
#1669=EDGE_CURVE('',#2212,#2211,#2558,.T.);
#1670=EDGE_CURVE('',#2209,#2212,#210,.T.);
#1671=EDGE_CURVE('',#2213,#2214,#2559,.T.);
#1672=EDGE_CURVE('',#2214,#2215,#211,.T.);
#1673=EDGE_CURVE('',#2216,#2215,#2560,.T.);
#1674=EDGE_CURVE('',#2213,#2216,#212,.T.);
#1675=EDGE_CURVE('',#2217,#2218,#213,.T.);
#1676=EDGE_CURVE('',#2217,#2219,#2561,.T.);
#1677=EDGE_CURVE('',#2219,#2220,#214,.T.);
#1678=EDGE_CURVE('',#2218,#2220,#2562,.T.);
#1679=EDGE_CURVE('',#2221,#2222,#2563,.T.);
#1680=EDGE_CURVE('',#2222,#2223,#215,.T.);
#1681=EDGE_CURVE('',#2224,#2223,#2564,.T.);
#1682=EDGE_CURVE('',#2221,#2224,#216,.T.);
#1683=EDGE_CURVE('',#2225,#2226,#217,.T.);
#1684=EDGE_CURVE('',#2225,#2227,#2565,.T.);
#1685=EDGE_CURVE('',#2227,#2228,#218,.T.);
#1686=EDGE_CURVE('',#2226,#2228,#2566,.T.);
#1687=EDGE_CURVE('',#2229,#2230,#219,.T.);
#1688=EDGE_CURVE('',#2229,#2231,#2567,.T.);
#1689=EDGE_CURVE('',#2231,#2232,#220,.T.);
#1690=EDGE_CURVE('',#2230,#2232,#2568,.T.);
#1691=EDGE_CURVE('',#2233,#2234,#221,.T.);
#1692=EDGE_CURVE('',#2233,#2235,#2569,.T.);
#1693=EDGE_CURVE('',#2235,#2236,#222,.T.);
#1694=EDGE_CURVE('',#2234,#2236,#2570,.T.);
#1695=EDGE_CURVE('',#2237,#2238,#223,.T.);
#1696=EDGE_CURVE('',#2237,#2239,#2571,.T.);
#1697=EDGE_CURVE('',#2239,#2240,#224,.T.);
#1698=EDGE_CURVE('',#2238,#2240,#2572,.T.);
#1699=EDGE_CURVE('',#2241,#2242,#225,.T.);
#1700=EDGE_CURVE('',#2241,#2243,#2573,.T.);
#1701=EDGE_CURVE('',#2243,#2244,#226,.T.);
#1702=EDGE_CURVE('',#2242,#2244,#2574,.T.);
#1703=EDGE_CURVE('',#2245,#2246,#2575,.T.);
#1704=EDGE_CURVE('',#2246,#2247,#227,.T.);
#1705=EDGE_CURVE('',#2248,#2247,#2576,.T.);
#1706=EDGE_CURVE('',#2245,#2248,#228,.T.);
#1707=EDGE_CURVE('',#2249,#2250,#229,.T.);
#1708=EDGE_CURVE('',#2249,#2251,#2577,.T.);
#1709=EDGE_CURVE('',#2251,#2252,#230,.T.);
#1710=EDGE_CURVE('',#2250,#2252,#2578,.T.);
#1711=EDGE_CURVE('',#2253,#2254,#2579,.T.);
#1712=EDGE_CURVE('',#2254,#2255,#231,.T.);
#1713=EDGE_CURVE('',#2256,#2255,#2580,.T.);
#1714=EDGE_CURVE('',#2253,#2256,#232,.T.);
#1715=EDGE_CURVE('',#2257,#2258,#233,.T.);
#1716=EDGE_CURVE('',#2257,#2259,#2581,.T.);
#1717=EDGE_CURVE('',#2259,#2260,#234,.T.);
#1718=EDGE_CURVE('',#2258,#2260,#2582,.T.);
#1719=EDGE_CURVE('',#2261,#2262,#235,.T.);
#1720=EDGE_CURVE('',#2261,#2263,#2583,.T.);
#1721=EDGE_CURVE('',#2263,#2264,#236,.T.);
#1722=EDGE_CURVE('',#2262,#2264,#2584,.T.);
#1723=EDGE_CURVE('',#2265,#2266,#237,.T.);
#1724=EDGE_CURVE('',#2265,#2267,#2585,.T.);
#1725=EDGE_CURVE('',#2267,#2268,#238,.T.);
#1726=EDGE_CURVE('',#2266,#2268,#2586,.T.);
#1727=EDGE_CURVE('',#2269,#2270,#239,.T.);
#1728=EDGE_CURVE('',#2269,#2271,#2587,.T.);
#1729=EDGE_CURVE('',#2271,#2272,#240,.T.);
#1730=EDGE_CURVE('',#2270,#2272,#2588,.T.);
#1731=EDGE_CURVE('',#2273,#2274,#241,.T.);
#1732=EDGE_CURVE('',#2273,#2275,#2589,.T.);
#1733=EDGE_CURVE('',#2275,#2276,#242,.T.);
#1734=EDGE_CURVE('',#2274,#2276,#2590,.T.);
#1735=EDGE_CURVE('',#2277,#2278,#2591,.T.);
#1736=EDGE_CURVE('',#2278,#2279,#243,.T.);
#1737=EDGE_CURVE('',#2280,#2279,#2592,.T.);
#1738=EDGE_CURVE('',#2277,#2280,#244,.T.);
#1739=EDGE_CURVE('',#2281,#2282,#2593,.T.);
#1740=EDGE_CURVE('',#2282,#2283,#245,.T.);
#1741=EDGE_CURVE('',#2284,#2283,#2594,.T.);
#1742=EDGE_CURVE('',#2281,#2284,#246,.T.);
#1743=EDGE_CURVE('',#2285,#2286,#247,.T.);
#1744=EDGE_CURVE('',#2285,#2287,#2595,.T.);
#1745=EDGE_CURVE('',#2287,#2288,#248,.T.);
#1746=EDGE_CURVE('',#2286,#2288,#2596,.T.);
#1747=EDGE_CURVE('',#2289,#2290,#249,.T.);
#1748=EDGE_CURVE('',#2289,#2291,#2597,.T.);
#1749=EDGE_CURVE('',#2291,#2292,#250,.T.);
#1750=EDGE_CURVE('',#2290,#2292,#2598,.T.);
#1751=EDGE_CURVE('',#2293,#2294,#251,.T.);
#1752=EDGE_CURVE('',#2293,#2295,#2599,.T.);
#1753=EDGE_CURVE('',#2295,#2296,#252,.T.);
#1754=EDGE_CURVE('',#2294,#2296,#2600,.T.);
#1755=EDGE_CURVE('',#2297,#2298,#253,.T.);
#1756=EDGE_CURVE('',#2297,#2299,#2601,.T.);
#1757=EDGE_CURVE('',#2299,#2300,#254,.T.);
#1758=EDGE_CURVE('',#2298,#2300,#2602,.T.);
#1759=EDGE_CURVE('',#2301,#2301,#2603,.T.);
#1760=EDGE_CURVE('',#2302,#2303,#2604,.T.);
#1761=EDGE_CURVE('',#2302,#2226,#72,.T.);
#1762=EDGE_CURVE('',#2304,#2228,#73,.T.);
#1763=EDGE_CURVE('',#2305,#2304,#2605,.T.);
#1764=EDGE_CURVE('',#2305,#2306,#2606,.T.);
#1765=EDGE_CURVE('',#2307,#2306,#2607,.T.);
#1766=EDGE_CURVE('',#2307,#2224,#74,.T.);
#1767=EDGE_CURVE('',#2308,#2223,#75,.T.);
#1768=EDGE_CURVE('',#2309,#2308,#2608,.T.);
#1769=EDGE_CURVE('',#2309,#2310,#2609,.T.);
#1770=EDGE_CURVE('',#2311,#2310,#2610,.T.);
#1771=EDGE_CURVE('',#2311,#2216,#76,.T.);
#1772=EDGE_CURVE('',#2312,#2215,#77,.T.);
#1773=EDGE_CURVE('',#2313,#2312,#2611,.T.);
#1774=EDGE_CURVE('',#2313,#2314,#2612,.T.);
#1775=EDGE_CURVE('',#2315,#2314,#2613,.T.);
#1776=EDGE_CURVE('',#2315,#2218,#78,.T.);
#1777=EDGE_CURVE('',#2316,#2220,#79,.T.);
#1778=EDGE_CURVE('',#2317,#2316,#2614,.T.);
#1779=EDGE_CURVE('',#2317,#2318,#2615,.T.);
#1780=EDGE_CURVE('',#2319,#2318,#2616,.T.);
#1781=EDGE_CURVE('',#2319,#2230,#80,.T.);
#1782=EDGE_CURVE('',#2320,#2232,#81,.T.);
#1783=EDGE_CURVE('',#2321,#2320,#2617,.T.);
#1784=EDGE_CURVE('',#2321,#2322,#2618,.T.);
#1785=EDGE_CURVE('',#2323,#2322,#2619,.T.);
#1786=EDGE_CURVE('',#2323,#2234,#82,.T.);
#1787=EDGE_CURVE('',#2324,#2236,#83,.T.);
#1788=EDGE_CURVE('',#2325,#2324,#2620,.T.);
#1789=EDGE_CURVE('',#2325,#2326,#2621,.T.);
#1790=EDGE_CURVE('',#2327,#2326,#2622,.T.);
#1791=EDGE_CURVE('',#2327,#2238,#84,.T.);
#1792=EDGE_CURVE('',#2328,#2240,#85,.T.);
#1793=EDGE_CURVE('',#2329,#2328,#2623,.T.);
#1794=EDGE_CURVE('',#2329,#2330,#2624,.T.);
#1795=EDGE_CURVE('',#2331,#2330,#2625,.T.);
#1796=EDGE_CURVE('',#2331,#2242,#86,.T.);
#1797=EDGE_CURVE('',#2332,#2244,#87,.T.);
#1798=EDGE_CURVE('',#2333,#2332,#2626,.T.);
#1799=EDGE_CURVE('',#2333,#2334,#2627,.T.);
#1800=EDGE_CURVE('',#2335,#2334,#2628,.T.);
#1801=EDGE_CURVE('',#2335,#2258,#88,.T.);
#1802=EDGE_CURVE('',#2336,#2260,#89,.T.);
#1803=EDGE_CURVE('',#2337,#2336,#2629,.T.);
#1804=EDGE_CURVE('',#2337,#2338,#2630,.T.);
#1805=EDGE_CURVE('',#2339,#2338,#2631,.T.);
#1806=EDGE_CURVE('',#2339,#2256,#90,.T.);
#1807=EDGE_CURVE('',#2340,#2255,#91,.T.);
#1808=EDGE_CURVE('',#2341,#2340,#2632,.T.);
#1809=EDGE_CURVE('',#2341,#2342,#2633,.T.);
#1810=EDGE_CURVE('',#2343,#2342,#2634,.T.);
#1811=EDGE_CURVE('',#2343,#2248,#92,.T.);
#1812=EDGE_CURVE('',#2344,#2247,#93,.T.);
#1813=EDGE_CURVE('',#2345,#2344,#2635,.T.);
#1814=EDGE_CURVE('',#2345,#2346,#2636,.T.);
#1815=EDGE_CURVE('',#2347,#2346,#2637,.T.);
#1816=EDGE_CURVE('',#2347,#2250,#94,.T.);
#1817=EDGE_CURVE('',#2348,#2252,#95,.T.);
#1818=EDGE_CURVE('',#2349,#2348,#2638,.T.);
#1819=EDGE_CURVE('',#2349,#2350,#2639,.T.);
#1820=EDGE_CURVE('',#2351,#2350,#2640,.T.);
#1821=EDGE_CURVE('',#2351,#2262,#96,.T.);
#1822=EDGE_CURVE('',#2352,#2264,#97,.T.);
#1823=EDGE_CURVE('',#2353,#2352,#2641,.T.);
#1824=EDGE_CURVE('',#2353,#2354,#2642,.T.);
#1825=EDGE_CURVE('',#2355,#2354,#2643,.T.);
#1826=EDGE_CURVE('',#2355,#2266,#98,.T.);
#1827=EDGE_CURVE('',#2356,#2268,#99,.T.);
#1828=EDGE_CURVE('',#2357,#2356,#2644,.T.);
#1829=EDGE_CURVE('',#2357,#2358,#2645,.T.);
#1830=EDGE_CURVE('',#2359,#2358,#2646,.T.);
#1831=EDGE_CURVE('',#2359,#2270,#100,.T.);
#1832=EDGE_CURVE('',#2360,#2272,#101,.T.);
#1833=EDGE_CURVE('',#2361,#2360,#2647,.T.);
#1834=EDGE_CURVE('',#2361,#2362,#2648,.T.);
#1835=EDGE_CURVE('',#2363,#2362,#2649,.T.);
#1836=EDGE_CURVE('',#2363,#2274,#102,.T.);
#1837=EDGE_CURVE('',#2364,#2276,#103,.T.);
#1838=EDGE_CURVE('',#2365,#2364,#2650,.T.);
#1839=EDGE_CURVE('',#2365,#2366,#2651,.T.);
#1840=EDGE_CURVE('',#2367,#2366,#2652,.T.);
#1841=EDGE_CURVE('',#2367,#2286,#104,.T.);
#1842=EDGE_CURVE('',#2368,#2288,#105,.T.);
#1843=EDGE_CURVE('',#2369,#2368,#2653,.T.);
#1844=EDGE_CURVE('',#2369,#2370,#2654,.T.);
#1845=EDGE_CURVE('',#2371,#2370,#2655,.T.);
#1846=EDGE_CURVE('',#2371,#2290,#106,.T.);
#1847=EDGE_CURVE('',#2372,#2292,#107,.T.);
#1848=EDGE_CURVE('',#2373,#2372,#2656,.T.);
#1849=EDGE_CURVE('',#2373,#2374,#2657,.T.);
#1850=EDGE_CURVE('',#2375,#2374,#2658,.T.);
#1851=EDGE_CURVE('',#2375,#2284,#108,.T.);
#1852=EDGE_CURVE('',#2376,#2283,#109,.T.);
#1853=EDGE_CURVE('',#2377,#2376,#2659,.T.);
#1854=EDGE_CURVE('',#2377,#2378,#2660,.T.);
#1855=EDGE_CURVE('',#2379,#2378,#2661,.T.);
#1856=EDGE_CURVE('',#2379,#2280,#110,.T.);
#1857=EDGE_CURVE('',#2380,#2279,#111,.T.);
#1858=EDGE_CURVE('',#2381,#2380,#2662,.T.);
#1859=EDGE_CURVE('',#2381,#2382,#2663,.T.);
#1860=EDGE_CURVE('',#2383,#2382,#2664,.T.);
#1861=EDGE_CURVE('',#2383,#2294,#112,.T.);
#1862=EDGE_CURVE('',#2384,#2296,#113,.T.);
#1863=EDGE_CURVE('',#2385,#2384,#2665,.T.);
#1864=EDGE_CURVE('',#2385,#2386,#2666,.T.);
#1865=EDGE_CURVE('',#2387,#2386,#2667,.T.);
#1866=EDGE_CURVE('',#2387,#2298,#114,.T.);
#1867=EDGE_CURVE('',#2388,#2300,#115,.T.);
#1868=EDGE_CURVE('',#2389,#2388,#2668,.T.);
#1869=EDGE_CURVE('',#2389,#2390,#2669,.T.);
#1870=EDGE_CURVE('',#2391,#2390,#2670,.T.);
#1871=EDGE_CURVE('',#2391,#2212,#116,.T.);
#1872=EDGE_CURVE('',#2392,#2211,#117,.T.);
#1873=EDGE_CURVE('',#2393,#2392,#2671,.T.);
#1874=EDGE_CURVE('',#2393,#2394,#2672,.T.);
#1875=EDGE_CURVE('',#2395,#2394,#2673,.T.);
#1876=EDGE_CURVE('',#2395,#2208,#118,.T.);
#1877=EDGE_CURVE('',#2396,#2207,#119,.T.);
#1878=EDGE_CURVE('',#2397,#2396,#2674,.T.);
#1879=EDGE_CURVE('',#2397,#2398,#2675,.T.);
#1880=EDGE_CURVE('',#2399,#2398,#2676,.T.);
#1881=EDGE_CURVE('',#2399,#2200,#120,.T.);
#1882=EDGE_CURVE('',#2400,#2199,#121,.T.);
#1883=EDGE_CURVE('',#2401,#2400,#2677,.T.);
#1884=EDGE_CURVE('',#2401,#2402,#2678,.T.);
#1885=EDGE_CURVE('',#2403,#2402,#2679,.T.);
#1886=EDGE_CURVE('',#2403,#2202,#122,.T.);
#1887=EDGE_CURVE('',#2404,#2204,#123,.T.);
#1888=EDGE_CURVE('',#2405,#2404,#2680,.T.);
#1889=EDGE_CURVE('',#2405,#2406,#2681,.T.);
#1890=EDGE_CURVE('',#2407,#2406,#2682,.T.);
#1891=EDGE_CURVE('',#2407,#2196,#124,.T.);
#1892=EDGE_CURVE('',#2408,#2195,#125,.T.);
#1893=EDGE_CURVE('',#2409,#2408,#2683,.T.);
#1894=EDGE_CURVE('',#2409,#2410,#2684,.T.);
#1895=EDGE_CURVE('',#2411,#2410,#2685,.T.);
#1896=EDGE_CURVE('',#2411,#2192,#126,.T.);
#1897=EDGE_CURVE('',#2412,#2191,#127,.T.);
#1898=EDGE_CURVE('',#2413,#2412,#2686,.T.);
#1899=EDGE_CURVE('',#2413,#2414,#2687,.T.);
#1900=EDGE_CURVE('',#2415,#2414,#2688,.T.);
#1901=EDGE_CURVE('',#2415,#2188,#128,.T.);
#1902=EDGE_CURVE('',#2416,#2187,#129,.T.);
#1903=EDGE_CURVE('',#2417,#2416,#2689,.T.);
#1904=EDGE_CURVE('',#2417,#2418,#2690,.T.);
#1905=EDGE_CURVE('',#2419,#2418,#2691,.T.);
#1906=EDGE_CURVE('',#2419,#2184,#130,.T.);
#1907=EDGE_CURVE('',#2420,#2183,#131,.T.);
#1908=EDGE_CURVE('',#2421,#2420,#2692,.T.);
#1909=EDGE_CURVE('',#2421,#2303,#2693,.T.);
#1910=EDGE_CURVE('',#2422,#2423,#2694,.F.);
#1911=EDGE_CURVE('',#2422,#2182,#132,.T.);
#1912=EDGE_CURVE('',#2424,#2181,#133,.T.);
#1913=EDGE_CURVE('',#2425,#2424,#2695,.F.);
#1914=EDGE_CURVE('',#2426,#2425,#2696,.T.);
#1915=EDGE_CURVE('',#2427,#2426,#2697,.F.);
#1916=EDGE_CURVE('',#2427,#2186,#134,.T.);
#1917=EDGE_CURVE('',#2428,#2185,#135,.T.);
#1918=EDGE_CURVE('',#2429,#2428,#2698,.F.);
#1919=EDGE_CURVE('',#2430,#2429,#2699,.T.);
#1920=EDGE_CURVE('',#2431,#2430,#2700,.F.);
#1921=EDGE_CURVE('',#2431,#2190,#136,.T.);
#1922=EDGE_CURVE('',#2432,#2189,#137,.T.);
#1923=EDGE_CURVE('',#2433,#2432,#2701,.F.);
#1924=EDGE_CURVE('',#2434,#2433,#2702,.T.);
#1925=EDGE_CURVE('',#2435,#2434,#2703,.F.);
#1926=EDGE_CURVE('',#2435,#2194,#138,.T.);
#1927=EDGE_CURVE('',#2436,#2193,#139,.T.);
#1928=EDGE_CURVE('',#2437,#2436,#2704,.F.);
#1929=EDGE_CURVE('',#2438,#2437,#2705,.T.);
#1930=EDGE_CURVE('',#2439,#2438,#2706,.F.);
#1931=EDGE_CURVE('',#2439,#2203,#140,.T.);
#1932=EDGE_CURVE('',#2440,#2201,#141,.T.);
#1933=EDGE_CURVE('',#2441,#2440,#2707,.F.);
#1934=EDGE_CURVE('',#2442,#2441,#2708,.T.);
#1935=EDGE_CURVE('',#2443,#2442,#2709,.F.);
#1936=EDGE_CURVE('',#2443,#2198,#142,.T.);
#1937=EDGE_CURVE('',#2444,#2197,#143,.T.);
#1938=EDGE_CURVE('',#2445,#2444,#2710,.F.);
#1939=EDGE_CURVE('',#2446,#2445,#2711,.T.);
#1940=EDGE_CURVE('',#2447,#2446,#2712,.F.);
#1941=EDGE_CURVE('',#2447,#2206,#144,.T.);
#1942=EDGE_CURVE('',#2448,#2205,#145,.T.);
#1943=EDGE_CURVE('',#2449,#2448,#2713,.F.);
#1944=EDGE_CURVE('',#2450,#2449,#2714,.T.);
#1945=EDGE_CURVE('',#2451,#2450,#2715,.F.);
#1946=EDGE_CURVE('',#2451,#2210,#146,.T.);
#1947=EDGE_CURVE('',#2452,#2209,#147,.T.);
#1948=EDGE_CURVE('',#2453,#2452,#2716,.F.);
#1949=EDGE_CURVE('',#2454,#2453,#2717,.T.);
#1950=EDGE_CURVE('',#2455,#2454,#2718,.F.);
#1951=EDGE_CURVE('',#2455,#2299,#148,.T.);
#1952=EDGE_CURVE('',#2456,#2297,#149,.T.);
#1953=EDGE_CURVE('',#2457,#2456,#2719,.F.);
#1954=EDGE_CURVE('',#2458,#2457,#2720,.T.);
#1955=EDGE_CURVE('',#2459,#2458,#2721,.F.);
#1956=EDGE_CURVE('',#2459,#2295,#150,.T.);
#1957=EDGE_CURVE('',#2460,#2293,#151,.T.);
#1958=EDGE_CURVE('',#2461,#2460,#2722,.F.);
#1959=EDGE_CURVE('',#2462,#2461,#2723,.T.);
#1960=EDGE_CURVE('',#2463,#2462,#2724,.F.);
#1961=EDGE_CURVE('',#2463,#2278,#152,.T.);
#1962=EDGE_CURVE('',#2464,#2277,#153,.T.);
#1963=EDGE_CURVE('',#2465,#2464,#2725,.F.);
#1964=EDGE_CURVE('',#2466,#2465,#2726,.T.);
#1965=EDGE_CURVE('',#2467,#2466,#2727,.F.);
#1966=EDGE_CURVE('',#2467,#2282,#154,.T.);
#1967=EDGE_CURVE('',#2468,#2281,#155,.T.);
#1968=EDGE_CURVE('',#2469,#2468,#2728,.F.);
#1969=EDGE_CURVE('',#2470,#2469,#2729,.T.);
#1970=EDGE_CURVE('',#2471,#2470,#2730,.F.);
#1971=EDGE_CURVE('',#2471,#2291,#156,.T.);
#1972=EDGE_CURVE('',#2472,#2289,#157,.T.);
#1973=EDGE_CURVE('',#2473,#2472,#2731,.F.);
#1974=EDGE_CURVE('',#2474,#2473,#2732,.T.);
#1975=EDGE_CURVE('',#2475,#2474,#2733,.F.);
#1976=EDGE_CURVE('',#2475,#2287,#158,.T.);
#1977=EDGE_CURVE('',#2476,#2285,#159,.T.);
#1978=EDGE_CURVE('',#2477,#2476,#2734,.F.);
#1979=EDGE_CURVE('',#2478,#2477,#2735,.T.);
#1980=EDGE_CURVE('',#2479,#2478,#2736,.F.);
#1981=EDGE_CURVE('',#2479,#2275,#160,.T.);
#1982=EDGE_CURVE('',#2480,#2273,#161,.T.);
#1983=EDGE_CURVE('',#2481,#2480,#2737,.F.);
#1984=EDGE_CURVE('',#2482,#2481,#2738,.T.);
#1985=EDGE_CURVE('',#2483,#2482,#2739,.F.);
#1986=EDGE_CURVE('',#2483,#2271,#162,.T.);
#1987=EDGE_CURVE('',#2484,#2269,#163,.T.);
#1988=EDGE_CURVE('',#2485,#2484,#2740,.F.);
#1989=EDGE_CURVE('',#2486,#2485,#2741,.T.);
#1990=EDGE_CURVE('',#2487,#2486,#2742,.F.);
#1991=EDGE_CURVE('',#2487,#2267,#164,.T.);
#1992=EDGE_CURVE('',#2488,#2265,#165,.T.);
#1993=EDGE_CURVE('',#2489,#2488,#2743,.F.);
#1994=EDGE_CURVE('',#2490,#2489,#2744,.T.);
#1995=EDGE_CURVE('',#2491,#2490,#2745,.F.);
#1996=EDGE_CURVE('',#2491,#2263,#166,.T.);
#1997=EDGE_CURVE('',#2492,#2261,#167,.T.);
#1998=EDGE_CURVE('',#2493,#2492,#2746,.F.);
#1999=EDGE_CURVE('',#2494,#2493,#2747,.T.);
#2000=EDGE_CURVE('',#2495,#2494,#2748,.F.);
#2001=EDGE_CURVE('',#2495,#2251,#168,.T.);
#2002=EDGE_CURVE('',#2496,#2249,#169,.T.);
#2003=EDGE_CURVE('',#2497,#2496,#2749,.F.);
#2004=EDGE_CURVE('',#2498,#2497,#2750,.T.);
#2005=EDGE_CURVE('',#2499,#2498,#2751,.F.);
#2006=EDGE_CURVE('',#2499,#2246,#170,.T.);
#2007=EDGE_CURVE('',#2500,#2245,#171,.T.);
#2008=EDGE_CURVE('',#2501,#2500,#2752,.F.);
#2009=EDGE_CURVE('',#2502,#2501,#2753,.T.);
#2010=EDGE_CURVE('',#2503,#2502,#2754,.F.);
#2011=EDGE_CURVE('',#2503,#2254,#172,.T.);
#2012=EDGE_CURVE('',#2504,#2253,#173,.T.);
#2013=EDGE_CURVE('',#2505,#2504,#2755,.F.);
#2014=EDGE_CURVE('',#2506,#2505,#2756,.T.);
#2015=EDGE_CURVE('',#2507,#2506,#2757,.F.);
#2016=EDGE_CURVE('',#2507,#2259,#174,.T.);
#2017=EDGE_CURVE('',#2508,#2257,#175,.T.);
#2018=EDGE_CURVE('',#2509,#2508,#2758,.F.);
#2019=EDGE_CURVE('',#2510,#2509,#2759,.T.);
#2020=EDGE_CURVE('',#2511,#2510,#2760,.F.);
#2021=EDGE_CURVE('',#2511,#2243,#176,.T.);
#2022=EDGE_CURVE('',#2512,#2241,#177,.T.);
#2023=EDGE_CURVE('',#2513,#2512,#2761,.F.);
#2024=EDGE_CURVE('',#2514,#2513,#2762,.T.);
#2025=EDGE_CURVE('',#2515,#2514,#2763,.F.);
#2026=EDGE_CURVE('',#2515,#2239,#178,.T.);
#2027=EDGE_CURVE('',#2516,#2237,#179,.T.);
#2028=EDGE_CURVE('',#2517,#2516,#2764,.F.);
#2029=EDGE_CURVE('',#2518,#2517,#2765,.T.);
#2030=EDGE_CURVE('',#2519,#2518,#2766,.F.);
#2031=EDGE_CURVE('',#2519,#2235,#180,.T.);
#2032=EDGE_CURVE('',#2520,#2233,#181,.T.);
#2033=EDGE_CURVE('',#2521,#2520,#2767,.F.);
#2034=EDGE_CURVE('',#2522,#2521,#2768,.T.);
#2035=EDGE_CURVE('',#2523,#2522,#2769,.F.);
#2036=EDGE_CURVE('',#2523,#2231,#182,.T.);
#2037=EDGE_CURVE('',#2524,#2229,#183,.T.);
#2038=EDGE_CURVE('',#2525,#2524,#2770,.F.);
#2039=EDGE_CURVE('',#2526,#2525,#2771,.T.);
#2040=EDGE_CURVE('',#2527,#2526,#2772,.F.);
#2041=EDGE_CURVE('',#2527,#2219,#184,.T.);
#2042=EDGE_CURVE('',#2528,#2217,#185,.T.);
#2043=EDGE_CURVE('',#2529,#2528,#2773,.F.);
#2044=EDGE_CURVE('',#2530,#2529,#2774,.T.);
#2045=EDGE_CURVE('',#2531,#2530,#2775,.F.);
#2046=EDGE_CURVE('',#2531,#2214,#186,.T.);
#2047=EDGE_CURVE('',#2532,#2213,#187,.T.);
#2048=EDGE_CURVE('',#2533,#2532,#2776,.F.);
#2049=EDGE_CURVE('',#2534,#2533,#2777,.T.);
#2050=EDGE_CURVE('',#2535,#2534,#2778,.F.);
#2051=EDGE_CURVE('',#2535,#2222,#188,.T.);
#2052=EDGE_CURVE('',#2536,#2221,#189,.T.);
#2053=EDGE_CURVE('',#2537,#2536,#2779,.F.);
#2054=EDGE_CURVE('',#2538,#2537,#2780,.T.);
#2055=EDGE_CURVE('',#2539,#2538,#2781,.F.);
#2056=EDGE_CURVE('',#2539,#2227,#190,.T.);
#2057=EDGE_CURVE('',#2540,#2225,#191,.T.);
#2058=EDGE_CURVE('',#2541,#2540,#2782,.F.);
#2059=EDGE_CURVE('',#2423,#2541,#2783,.T.);
#2060=EDGE_CURVE('',#2388,#2455,#255,.F.);
#2061=EDGE_CURVE('',#2452,#2391,#256,.T.);
#2062=EDGE_CURVE('',#2390,#2453,#257,.F.);
#2063=EDGE_CURVE('',#2454,#2389,#258,.T.);
#2064=EDGE_CURVE('',#2384,#2459,#259,.F.);
#2065=EDGE_CURVE('',#2456,#2387,#260,.T.);
#2066=EDGE_CURVE('',#2386,#2457,#261,.F.);
#2067=EDGE_CURVE('',#2458,#2385,#262,.T.);
#2068=EDGE_CURVE('',#2372,#2471,#263,.F.);
#2069=EDGE_CURVE('',#2468,#2375,#264,.T.);
#2070=EDGE_CURVE('',#2374,#2469,#265,.F.);
#2071=EDGE_CURVE('',#2470,#2373,#266,.T.);
#2072=EDGE_CURVE('',#2368,#2475,#267,.F.);
#2073=EDGE_CURVE('',#2472,#2371,#268,.T.);
#2074=EDGE_CURVE('',#2370,#2473,#269,.F.);
#2075=EDGE_CURVE('',#2474,#2369,#270,.T.);
#2076=EDGE_CURVE('',#2376,#2467,#271,.F.);
#2077=EDGE_CURVE('',#2464,#2379,#272,.T.);
#2078=EDGE_CURVE('',#2378,#2465,#273,.F.);
#2079=EDGE_CURVE('',#2466,#2377,#274,.T.);
#2080=EDGE_CURVE('',#2380,#2463,#275,.F.);
#2081=EDGE_CURVE('',#2460,#2383,#276,.T.);
#2082=EDGE_CURVE('',#2382,#2461,#277,.F.);
#2083=EDGE_CURVE('',#2462,#2381,#278,.T.);
#2084=EDGE_CURVE('',#2364,#2479,#279,.F.);
#2085=EDGE_CURVE('',#2476,#2367,#280,.T.);
#2086=EDGE_CURVE('',#2366,#2477,#281,.F.);
#2087=EDGE_CURVE('',#2478,#2365,#282,.T.);
#2088=EDGE_CURVE('',#2360,#2483,#283,.F.);
#2089=EDGE_CURVE('',#2480,#2363,#284,.T.);
#2090=EDGE_CURVE('',#2362,#2481,#285,.F.);
#2091=EDGE_CURVE('',#2482,#2361,#286,.T.);
#2092=EDGE_CURVE('',#2356,#2487,#287,.F.);
#2093=EDGE_CURVE('',#2484,#2359,#288,.T.);
#2094=EDGE_CURVE('',#2358,#2485,#289,.F.);
#2095=EDGE_CURVE('',#2486,#2357,#290,.T.);
#2096=EDGE_CURVE('',#2352,#2491,#291,.F.);
#2097=EDGE_CURVE('',#2488,#2355,#292,.T.);
#2098=EDGE_CURVE('',#2354,#2489,#293,.F.);
#2099=EDGE_CURVE('',#2490,#2353,#294,.T.);
#2100=EDGE_CURVE('',#2336,#2507,#295,.F.);
#2101=EDGE_CURVE('',#2504,#2339,#296,.T.);
#2102=EDGE_CURVE('',#2338,#2505,#297,.F.);
#2103=EDGE_CURVE('',#2506,#2337,#298,.T.);
#2104=EDGE_CURVE('',#2340,#2503,#299,.F.);
#2105=EDGE_CURVE('',#2500,#2343,#300,.T.);
#2106=EDGE_CURVE('',#2342,#2501,#301,.F.);
#2107=EDGE_CURVE('',#2502,#2341,#302,.T.);
#2108=EDGE_CURVE('',#2348,#2495,#303,.F.);
#2109=EDGE_CURVE('',#2492,#2351,#304,.T.);
#2110=EDGE_CURVE('',#2350,#2493,#305,.F.);
#2111=EDGE_CURVE('',#2494,#2349,#306,.T.);
#2112=EDGE_CURVE('',#2344,#2499,#307,.F.);
#2113=EDGE_CURVE('',#2496,#2347,#308,.T.);
#2114=EDGE_CURVE('',#2346,#2497,#309,.F.);
#2115=EDGE_CURVE('',#2498,#2345,#310,.T.);
#2116=EDGE_CURVE('',#2332,#2511,#311,.F.);
#2117=EDGE_CURVE('',#2508,#2335,#312,.T.);
#2118=EDGE_CURVE('',#2334,#2509,#313,.F.);
#2119=EDGE_CURVE('',#2510,#2333,#314,.T.);
#2120=EDGE_CURVE('',#2328,#2515,#315,.F.);
#2121=EDGE_CURVE('',#2512,#2331,#316,.T.);
#2122=EDGE_CURVE('',#2330,#2513,#317,.F.);
#2123=EDGE_CURVE('',#2514,#2329,#318,.T.);
#2124=EDGE_CURVE('',#2324,#2519,#319,.F.);
#2125=EDGE_CURVE('',#2516,#2327,#320,.T.);
#2126=EDGE_CURVE('',#2326,#2517,#321,.F.);
#2127=EDGE_CURVE('',#2518,#2325,#322,.T.);
#2128=EDGE_CURVE('',#2320,#2523,#323,.F.);
#2129=EDGE_CURVE('',#2520,#2323,#324,.T.);
#2130=EDGE_CURVE('',#2322,#2521,#325,.F.);
#2131=EDGE_CURVE('',#2522,#2321,#326,.T.);
#2132=EDGE_CURVE('',#2304,#2539,#327,.F.);
#2133=EDGE_CURVE('',#2536,#2307,#328,.T.);
#2134=EDGE_CURVE('',#2306,#2537,#329,.F.);
#2135=EDGE_CURVE('',#2538,#2305,#330,.T.);
#2136=EDGE_CURVE('',#2308,#2535,#331,.F.);
#2137=EDGE_CURVE('',#2532,#2311,#332,.T.);
#2138=EDGE_CURVE('',#2310,#2533,#333,.F.);
#2139=EDGE_CURVE('',#2534,#2309,#334,.T.);
#2140=EDGE_CURVE('',#2316,#2527,#335,.F.);
#2141=EDGE_CURVE('',#2524,#2319,#336,.T.);
#2142=EDGE_CURVE('',#2318,#2525,#337,.F.);
#2143=EDGE_CURVE('',#2526,#2317,#338,.T.);
#2144=EDGE_CURVE('',#2312,#2531,#339,.F.);
#2145=EDGE_CURVE('',#2528,#2315,#340,.T.);
#2146=EDGE_CURVE('',#2314,#2529,#341,.F.);
#2147=EDGE_CURVE('',#2530,#2313,#342,.T.);
#2148=EDGE_CURVE('',#2392,#2451,#343,.F.);
#2149=EDGE_CURVE('',#2448,#2395,#344,.T.);
#2150=EDGE_CURVE('',#2394,#2449,#345,.F.);
#2151=EDGE_CURVE('',#2450,#2393,#346,.T.);
#2152=EDGE_CURVE('',#2396,#2447,#347,.F.);
#2153=EDGE_CURVE('',#2444,#2399,#348,.T.);
#2154=EDGE_CURVE('',#2398,#2445,#349,.F.);
#2155=EDGE_CURVE('',#2446,#2397,#350,.T.);
#2156=EDGE_CURVE('',#2404,#2439,#351,.F.);
#2157=EDGE_CURVE('',#2436,#2407,#352,.T.);
#2158=EDGE_CURVE('',#2406,#2437,#353,.F.);
#2159=EDGE_CURVE('',#2438,#2405,#354,.T.);
#2160=EDGE_CURVE('',#2400,#2443,#355,.F.);
#2161=EDGE_CURVE('',#2440,#2403,#356,.T.);
#2162=EDGE_CURVE('',#2402,#2441,#357,.F.);
#2163=EDGE_CURVE('',#2442,#2401,#358,.T.);
#2164=EDGE_CURVE('',#2408,#2435,#359,.F.);
#2165=EDGE_CURVE('',#2432,#2411,#360,.T.);
#2166=EDGE_CURVE('',#2410,#2433,#361,.F.);
#2167=EDGE_CURVE('',#2434,#2409,#362,.T.);
#2168=EDGE_CURVE('',#2412,#2431,#363,.F.);
#2169=EDGE_CURVE('',#2428,#2415,#364,.T.);
#2170=EDGE_CURVE('',#2414,#2429,#365,.F.);
#2171=EDGE_CURVE('',#2430,#2413,#366,.T.);
#2172=EDGE_CURVE('',#2416,#2427,#367,.F.);
#2173=EDGE_CURVE('',#2424,#2419,#368,.T.);
#2174=EDGE_CURVE('',#2418,#2425,#369,.F.);
#2175=EDGE_CURVE('',#2426,#2417,#370,.T.);
#2176=EDGE_CURVE('',#2420,#2422,#371,.F.);
#2177=EDGE_CURVE('',#2540,#2302,#372,.T.);
#2178=EDGE_CURVE('',#2303,#2541,#373,.F.);
#2179=EDGE_CURVE('',#2423,#2421,#374,.T.);
#2180=EDGE_CURVE('',#2542,#2542,#2784,.T.);
#2181=VERTEX_POINT('',#4758);
#2182=VERTEX_POINT('',#4759);
#2183=VERTEX_POINT('',#4761);
#2184=VERTEX_POINT('',#4763);
#2185=VERTEX_POINT('',#4767);
#2186=VERTEX_POINT('',#4768);
#2187=VERTEX_POINT('',#4770);
#2188=VERTEX_POINT('',#4772);
#2189=VERTEX_POINT('',#4776);
#2190=VERTEX_POINT('',#4777);
#2191=VERTEX_POINT('',#4779);
#2192=VERTEX_POINT('',#4781);
#2193=VERTEX_POINT('',#4785);
#2194=VERTEX_POINT('',#4786);
#2195=VERTEX_POINT('',#4788);
#2196=VERTEX_POINT('',#4790);
#2197=VERTEX_POINT('',#4794);
#2198=VERTEX_POINT('',#4795);
#2199=VERTEX_POINT('',#4797);
#2200=VERTEX_POINT('',#4799);
#2201=VERTEX_POINT('',#4803);
#2202=VERTEX_POINT('',#4804);
#2203=VERTEX_POINT('',#4806);
#2204=VERTEX_POINT('',#4808);
#2205=VERTEX_POINT('',#4812);
#2206=VERTEX_POINT('',#4813);
#2207=VERTEX_POINT('',#4815);
#2208=VERTEX_POINT('',#4817);
#2209=VERTEX_POINT('',#4821);
#2210=VERTEX_POINT('',#4822);
#2211=VERTEX_POINT('',#4824);
#2212=VERTEX_POINT('',#4826);
#2213=VERTEX_POINT('',#4830);
#2214=VERTEX_POINT('',#4831);
#2215=VERTEX_POINT('',#4833);
#2216=VERTEX_POINT('',#4835);
#2217=VERTEX_POINT('',#4839);
#2218=VERTEX_POINT('',#4840);
#2219=VERTEX_POINT('',#4842);
#2220=VERTEX_POINT('',#4844);
#2221=VERTEX_POINT('',#4848);
#2222=VERTEX_POINT('',#4849);
#2223=VERTEX_POINT('',#4851);
#2224=VERTEX_POINT('',#4853);
#2225=VERTEX_POINT('',#4857);
#2226=VERTEX_POINT('',#4858);
#2227=VERTEX_POINT('',#4860);
#2228=VERTEX_POINT('',#4862);
#2229=VERTEX_POINT('',#4866);
#2230=VERTEX_POINT('',#4867);
#2231=VERTEX_POINT('',#4869);
#2232=VERTEX_POINT('',#4871);
#2233=VERTEX_POINT('',#4875);
#2234=VERTEX_POINT('',#4876);
#2235=VERTEX_POINT('',#4878);
#2236=VERTEX_POINT('',#4880);
#2237=VERTEX_POINT('',#4884);
#2238=VERTEX_POINT('',#4885);
#2239=VERTEX_POINT('',#4887);
#2240=VERTEX_POINT('',#4889);
#2241=VERTEX_POINT('',#4893);
#2242=VERTEX_POINT('',#4894);
#2243=VERTEX_POINT('',#4896);
#2244=VERTEX_POINT('',#4898);
#2245=VERTEX_POINT('',#4902);
#2246=VERTEX_POINT('',#4903);
#2247=VERTEX_POINT('',#4905);
#2248=VERTEX_POINT('',#4907);
#2249=VERTEX_POINT('',#4911);
#2250=VERTEX_POINT('',#4912);
#2251=VERTEX_POINT('',#4914);
#2252=VERTEX_POINT('',#4916);
#2253=VERTEX_POINT('',#4920);
#2254=VERTEX_POINT('',#4921);
#2255=VERTEX_POINT('',#4923);
#2256=VERTEX_POINT('',#4925);
#2257=VERTEX_POINT('',#4929);
#2258=VERTEX_POINT('',#4930);
#2259=VERTEX_POINT('',#4932);
#2260=VERTEX_POINT('',#4934);
#2261=VERTEX_POINT('',#4938);
#2262=VERTEX_POINT('',#4939);
#2263=VERTEX_POINT('',#4941);
#2264=VERTEX_POINT('',#4943);
#2265=VERTEX_POINT('',#4947);
#2266=VERTEX_POINT('',#4948);
#2267=VERTEX_POINT('',#4950);
#2268=VERTEX_POINT('',#4952);
#2269=VERTEX_POINT('',#4956);
#2270=VERTEX_POINT('',#4957);
#2271=VERTEX_POINT('',#4959);
#2272=VERTEX_POINT('',#4961);
#2273=VERTEX_POINT('',#4965);
#2274=VERTEX_POINT('',#4966);
#2275=VERTEX_POINT('',#4968);
#2276=VERTEX_POINT('',#4970);
#2277=VERTEX_POINT('',#4974);
#2278=VERTEX_POINT('',#4975);
#2279=VERTEX_POINT('',#4977);
#2280=VERTEX_POINT('',#4979);
#2281=VERTEX_POINT('',#4983);
#2282=VERTEX_POINT('',#4984);
#2283=VERTEX_POINT('',#4986);
#2284=VERTEX_POINT('',#4988);
#2285=VERTEX_POINT('',#4992);
#2286=VERTEX_POINT('',#4993);
#2287=VERTEX_POINT('',#4995);
#2288=VERTEX_POINT('',#4997);
#2289=VERTEX_POINT('',#5001);
#2290=VERTEX_POINT('',#5002);
#2291=VERTEX_POINT('',#5004);
#2292=VERTEX_POINT('',#5006);
#2293=VERTEX_POINT('',#5010);
#2294=VERTEX_POINT('',#5011);
#2295=VERTEX_POINT('',#5013);
#2296=VERTEX_POINT('',#5015);
#2297=VERTEX_POINT('',#5019);
#2298=VERTEX_POINT('',#5020);
#2299=VERTEX_POINT('',#5022);
#2300=VERTEX_POINT('',#5024);
#2301=VERTEX_POINT('',#5028);
#2302=VERTEX_POINT('',#5030);
#2303=VERTEX_POINT('',#5031);
#2304=VERTEX_POINT('',#5092);
#2305=VERTEX_POINT('',#5094);
#2306=VERTEX_POINT('',#5096);
#2307=VERTEX_POINT('',#5098);
#2308=VERTEX_POINT('',#5159);
#2309=VERTEX_POINT('',#5161);
#2310=VERTEX_POINT('',#5163);
#2311=VERTEX_POINT('',#5165);
#2312=VERTEX_POINT('',#5226);
#2313=VERTEX_POINT('',#5228);
#2314=VERTEX_POINT('',#5230);
#2315=VERTEX_POINT('',#5232);
#2316=VERTEX_POINT('',#5293);
#2317=VERTEX_POINT('',#5295);
#2318=VERTEX_POINT('',#5297);
#2319=VERTEX_POINT('',#5299);
#2320=VERTEX_POINT('',#5360);
#2321=VERTEX_POINT('',#5362);
#2322=VERTEX_POINT('',#5364);
#2323=VERTEX_POINT('',#5366);
#2324=VERTEX_POINT('',#5427);
#2325=VERTEX_POINT('',#5429);
#2326=VERTEX_POINT('',#5431);
#2327=VERTEX_POINT('',#5433);
#2328=VERTEX_POINT('',#5494);
#2329=VERTEX_POINT('',#5496);
#2330=VERTEX_POINT('',#5498);
#2331=VERTEX_POINT('',#5500);
#2332=VERTEX_POINT('',#5561);
#2333=VERTEX_POINT('',#5563);
#2334=VERTEX_POINT('',#5565);
#2335=VERTEX_POINT('',#5567);
#2336=VERTEX_POINT('',#5628);
#2337=VERTEX_POINT('',#5630);
#2338=VERTEX_POINT('',#5632);
#2339=VERTEX_POINT('',#5634);
#2340=VERTEX_POINT('',#5695);
#2341=VERTEX_POINT('',#5697);
#2342=VERTEX_POINT('',#5699);
#2343=VERTEX_POINT('',#5701);
#2344=VERTEX_POINT('',#5762);
#2345=VERTEX_POINT('',#5764);
#2346=VERTEX_POINT('',#5766);
#2347=VERTEX_POINT('',#5768);
#2348=VERTEX_POINT('',#5829);
#2349=VERTEX_POINT('',#5831);
#2350=VERTEX_POINT('',#5833);
#2351=VERTEX_POINT('',#5835);
#2352=VERTEX_POINT('',#5896);
#2353=VERTEX_POINT('',#5898);
#2354=VERTEX_POINT('',#5900);
#2355=VERTEX_POINT('',#5902);
#2356=VERTEX_POINT('',#5963);
#2357=VERTEX_POINT('',#5965);
#2358=VERTEX_POINT('',#5967);
#2359=VERTEX_POINT('',#5969);
#2360=VERTEX_POINT('',#6030);
#2361=VERTEX_POINT('',#6032);
#2362=VERTEX_POINT('',#6034);
#2363=VERTEX_POINT('',#6036);
#2364=VERTEX_POINT('',#6097);
#2365=VERTEX_POINT('',#6099);
#2366=VERTEX_POINT('',#6101);
#2367=VERTEX_POINT('',#6103);
#2368=VERTEX_POINT('',#6164);
#2369=VERTEX_POINT('',#6166);
#2370=VERTEX_POINT('',#6168);
#2371=VERTEX_POINT('',#6170);
#2372=VERTEX_POINT('',#6231);
#2373=VERTEX_POINT('',#6233);
#2374=VERTEX_POINT('',#6235);
#2375=VERTEX_POINT('',#6237);
#2376=VERTEX_POINT('',#6298);
#2377=VERTEX_POINT('',#6300);
#2378=VERTEX_POINT('',#6302);
#2379=VERTEX_POINT('',#6304);
#2380=VERTEX_POINT('',#6365);
#2381=VERTEX_POINT('',#6367);
#2382=VERTEX_POINT('',#6369);
#2383=VERTEX_POINT('',#6371);
#2384=VERTEX_POINT('',#6432);
#2385=VERTEX_POINT('',#6434);
#2386=VERTEX_POINT('',#6436);
#2387=VERTEX_POINT('',#6438);
#2388=VERTEX_POINT('',#6499);
#2389=VERTEX_POINT('',#6501);
#2390=VERTEX_POINT('',#6503);
#2391=VERTEX_POINT('',#6505);
#2392=VERTEX_POINT('',#6566);
#2393=VERTEX_POINT('',#6568);
#2394=VERTEX_POINT('',#6570);
#2395=VERTEX_POINT('',#6572);
#2396=VERTEX_POINT('',#6633);
#2397=VERTEX_POINT('',#6635);
#2398=VERTEX_POINT('',#6637);
#2399=VERTEX_POINT('',#6639);
#2400=VERTEX_POINT('',#6700);
#2401=VERTEX_POINT('',#6702);
#2402=VERTEX_POINT('',#6704);
#2403=VERTEX_POINT('',#6706);
#2404=VERTEX_POINT('',#6767);
#2405=VERTEX_POINT('',#6769);
#2406=VERTEX_POINT('',#6771);
#2407=VERTEX_POINT('',#6773);
#2408=VERTEX_POINT('',#6834);
#2409=VERTEX_POINT('',#6836);
#2410=VERTEX_POINT('',#6838);
#2411=VERTEX_POINT('',#6840);
#2412=VERTEX_POINT('',#6901);
#2413=VERTEX_POINT('',#6903);
#2414=VERTEX_POINT('',#6905);
#2415=VERTEX_POINT('',#6907);
#2416=VERTEX_POINT('',#6968);
#2417=VERTEX_POINT('',#6970);
#2418=VERTEX_POINT('',#6972);
#2419=VERTEX_POINT('',#6974);
#2420=VERTEX_POINT('',#7035);
#2421=VERTEX_POINT('',#7037);
#2422=VERTEX_POINT('',#7041);
#2423=VERTEX_POINT('',#7042);
#2424=VERTEX_POINT('',#7103);
#2425=VERTEX_POINT('',#7105);
#2426=VERTEX_POINT('',#7107);
#2427=VERTEX_POINT('',#7109);
#2428=VERTEX_POINT('',#7170);
#2429=VERTEX_POINT('',#7172);
#2430=VERTEX_POINT('',#7174);
#2431=VERTEX_POINT('',#7176);
#2432=VERTEX_POINT('',#7237);
#2433=VERTEX_POINT('',#7239);
#2434=VERTEX_POINT('',#7241);
#2435=VERTEX_POINT('',#7243);
#2436=VERTEX_POINT('',#7304);
#2437=VERTEX_POINT('',#7306);
#2438=VERTEX_POINT('',#7308);
#2439=VERTEX_POINT('',#7310);
#2440=VERTEX_POINT('',#7371);
#2441=VERTEX_POINT('',#7373);
#2442=VERTEX_POINT('',#7375);
#2443=VERTEX_POINT('',#7377);
#2444=VERTEX_POINT('',#7438);
#2445=VERTEX_POINT('',#7440);
#2446=VERTEX_POINT('',#7442);
#2447=VERTEX_POINT('',#7444);
#2448=VERTEX_POINT('',#7505);
#2449=VERTEX_POINT('',#7507);
#2450=VERTEX_POINT('',#7509);
#2451=VERTEX_POINT('',#7511);
#2452=VERTEX_POINT('',#7572);
#2453=VERTEX_POINT('',#7574);
#2454=VERTEX_POINT('',#7576);
#2455=VERTEX_POINT('',#7578);
#2456=VERTEX_POINT('',#7639);
#2457=VERTEX_POINT('',#7641);
#2458=VERTEX_POINT('',#7643);
#2459=VERTEX_POINT('',#7645);
#2460=VERTEX_POINT('',#7706);
#2461=VERTEX_POINT('',#7708);
#2462=VERTEX_POINT('',#7710);
#2463=VERTEX_POINT('',#7712);
#2464=VERTEX_POINT('',#7773);
#2465=VERTEX_POINT('',#7775);
#2466=VERTEX_POINT('',#7777);
#2467=VERTEX_POINT('',#7779);
#2468=VERTEX_POINT('',#7840);
#2469=VERTEX_POINT('',#7842);
#2470=VERTEX_POINT('',#7844);
#2471=VERTEX_POINT('',#7846);
#2472=VERTEX_POINT('',#7907);
#2473=VERTEX_POINT('',#7909);
#2474=VERTEX_POINT('',#7911);
#2475=VERTEX_POINT('',#7913);
#2476=VERTEX_POINT('',#7974);
#2477=VERTEX_POINT('',#7976);
#2478=VERTEX_POINT('',#7978);
#2479=VERTEX_POINT('',#7980);
#2480=VERTEX_POINT('',#8041);
#2481=VERTEX_POINT('',#8043);
#2482=VERTEX_POINT('',#8045);
#2483=VERTEX_POINT('',#8047);
#2484=VERTEX_POINT('',#8108);
#2485=VERTEX_POINT('',#8110);
#2486=VERTEX_POINT('',#8112);
#2487=VERTEX_POINT('',#8114);
#2488=VERTEX_POINT('',#8175);
#2489=VERTEX_POINT('',#8177);
#2490=VERTEX_POINT('',#8179);
#2491=VERTEX_POINT('',#8181);
#2492=VERTEX_POINT('',#8242);
#2493=VERTEX_POINT('',#8244);
#2494=VERTEX_POINT('',#8246);
#2495=VERTEX_POINT('',#8248);
#2496=VERTEX_POINT('',#8309);
#2497=VERTEX_POINT('',#8311);
#2498=VERTEX_POINT('',#8313);
#2499=VERTEX_POINT('',#8315);
#2500=VERTEX_POINT('',#8376);
#2501=VERTEX_POINT('',#8378);
#2502=VERTEX_POINT('',#8380);
#2503=VERTEX_POINT('',#8382);
#2504=VERTEX_POINT('',#8443);
#2505=VERTEX_POINT('',#8445);
#2506=VERTEX_POINT('',#8447);
#2507=VERTEX_POINT('',#8449);
#2508=VERTEX_POINT('',#8510);
#2509=VERTEX_POINT('',#8512);
#2510=VERTEX_POINT('',#8514);
#2511=VERTEX_POINT('',#8516);
#2512=VERTEX_POINT('',#8577);
#2513=VERTEX_POINT('',#8579);
#2514=VERTEX_POINT('',#8581);
#2515=VERTEX_POINT('',#8583);
#2516=VERTEX_POINT('',#8644);
#2517=VERTEX_POINT('',#8646);
#2518=VERTEX_POINT('',#8648);
#2519=VERTEX_POINT('',#8650);
#2520=VERTEX_POINT('',#8711);
#2521=VERTEX_POINT('',#8713);
#2522=VERTEX_POINT('',#8715);
#2523=VERTEX_POINT('',#8717);
#2524=VERTEX_POINT('',#8778);
#2525=VERTEX_POINT('',#8780);
#2526=VERTEX_POINT('',#8782);
#2527=VERTEX_POINT('',#8784);
#2528=VERTEX_POINT('',#8845);
#2529=VERTEX_POINT('',#8847);
#2530=VERTEX_POINT('',#8849);
#2531=VERTEX_POINT('',#8851);
#2532=VERTEX_POINT('',#8912);
#2533=VERTEX_POINT('',#8914);
#2534=VERTEX_POINT('',#8916);
#2535=VERTEX_POINT('',#8918);
#2536=VERTEX_POINT('',#8979);
#2537=VERTEX_POINT('',#8981);
#2538=VERTEX_POINT('',#8983);
#2539=VERTEX_POINT('',#8985);
#2540=VERTEX_POINT('',#9046);
#2541=VERTEX_POINT('',#9048);
#2542=VERTEX_POINT('',#9982);
#2543=CIRCLE('',#3476,0.016256);
#2544=CIRCLE('',#3477,0.016256);
#2545=CIRCLE('',#3479,0.016256);
#2546=CIRCLE('',#3480,0.016256);
#2547=CIRCLE('',#3482,0.016256);
#2548=CIRCLE('',#3483,0.016256);
#2549=CIRCLE('',#3485,0.016256);
#2550=CIRCLE('',#3486,0.016256);
#2551=CIRCLE('',#3488,0.016256);
#2552=CIRCLE('',#3489,0.016256);
#2553=CIRCLE('',#3491,0.016256);
#2554=CIRCLE('',#3492,0.016256);
#2555=CIRCLE('',#3494,0.016256);
#2556=CIRCLE('',#3495,0.016256);
#2557=CIRCLE('',#3497,0.016256);
#2558=CIRCLE('',#3498,0.016256);
#2559=CIRCLE('',#3500,0.016256);
#2560=CIRCLE('',#3501,0.016256);
#2561=CIRCLE('',#3503,0.016256);
#2562=CIRCLE('',#3504,0.016256);
#2563=CIRCLE('',#3506,0.016256);
#2564=CIRCLE('',#3507,0.016256);
#2565=CIRCLE('',#3509,0.016256);
#2566=CIRCLE('',#3510,0.016256);
#2567=CIRCLE('',#3512,0.016256);
#2568=CIRCLE('',#3513,0.016256);
#2569=CIRCLE('',#3515,0.016256);
#2570=CIRCLE('',#3516,0.016256);
#2571=CIRCLE('',#3518,0.016256);
#2572=CIRCLE('',#3519,0.016256);
#2573=CIRCLE('',#3521,0.016256);
#2574=CIRCLE('',#3522,0.016256);
#2575=CIRCLE('',#3524,0.016256);
#2576=CIRCLE('',#3525,0.016256);
#2577=CIRCLE('',#3527,0.016256);
#2578=CIRCLE('',#3528,0.016256);
#2579=CIRCLE('',#3530,0.016256);
#2580=CIRCLE('',#3531,0.016256);
#2581=CIRCLE('',#3533,0.016256);
#2582=CIRCLE('',#3534,0.016256);
#2583=CIRCLE('',#3536,0.016256);
#2584=CIRCLE('',#3537,0.016256);
#2585=CIRCLE('',#3539,0.016256);
#2586=CIRCLE('',#3540,0.016256);
#2587=CIRCLE('',#3542,0.016256);
#2588=CIRCLE('',#3543,0.016256);
#2589=CIRCLE('',#3545,0.016256);
#2590=CIRCLE('',#3546,0.016256);
#2591=CIRCLE('',#3548,0.016256);
#2592=CIRCLE('',#3549,0.016256);
#2593=CIRCLE('',#3551,0.016256);
#2594=CIRCLE('',#3552,0.016256);
#2595=CIRCLE('',#3554,0.016256);
#2596=CIRCLE('',#3555,0.016256);
#2597=CIRCLE('',#3557,0.016256);
#2598=CIRCLE('',#3558,0.016256);
#2599=CIRCLE('',#3560,0.016256);
#2600=CIRCLE('',#3561,0.016256);
#2601=CIRCLE('',#3563,0.016256);
#2602=CIRCLE('',#3564,0.016256);
#2603=CIRCLE('',#3566,0.0014605);
#2604=CIRCLE('',#3567,0.000373382582708228);
#2605=CIRCLE('',#3568,0.000373382582708228);
#2606=CIRCLE('',#3569,0.013970000000002);
#2607=CIRCLE('',#3570,0.000373382582708228);
#2608=CIRCLE('',#3571,0.000373382582708228);
#2609=CIRCLE('',#3572,0.013970000000002);
#2610=CIRCLE('',#3573,0.000373382582708228);
#2611=CIRCLE('',#3574,0.000373382582708228);
#2612=CIRCLE('',#3575,0.013970000000002);
#2613=CIRCLE('',#3576,0.000373382582708228);
#2614=CIRCLE('',#3577,0.000373382582708228);
#2615=CIRCLE('',#3578,0.013970000000002);
#2616=CIRCLE('',#3579,0.000373382582708228);
#2617=CIRCLE('',#3580,0.000373382582708228);
#2618=CIRCLE('',#3581,0.013970000000002);
#2619=CIRCLE('',#3582,0.000373382582708228);
#2620=CIRCLE('',#3583,0.000373382582708228);
#2621=CIRCLE('',#3584,0.013970000000002);
#2622=CIRCLE('',#3585,0.000373382582708228);
#2623=CIRCLE('',#3586,0.000373382582708228);
#2624=CIRCLE('',#3587,0.013970000000002);
#2625=CIRCLE('',#3588,0.000373382582708228);
#2626=CIRCLE('',#3589,0.000373382582708228);
#2627=CIRCLE('',#3590,0.013970000000002);
#2628=CIRCLE('',#3591,0.000373382582708228);
#2629=CIRCLE('',#3592,0.000373382582708228);
#2630=CIRCLE('',#3593,0.013970000000002);
#2631=CIRCLE('',#3594,0.000373382582708228);
#2632=CIRCLE('',#3595,0.000373382582708228);
#2633=CIRCLE('',#3596,0.013970000000002);
#2634=CIRCLE('',#3597,0.000373382582708228);
#2635=CIRCLE('',#3598,0.000373382582708228);
#2636=CIRCLE('',#3599,0.013970000000002);
#2637=CIRCLE('',#3600,0.000373382582708228);
#2638=CIRCLE('',#3601,0.000373382582708228);
#2639=CIRCLE('',#3602,0.013970000000002);
#2640=CIRCLE('',#3603,0.000373382582708228);
#2641=CIRCLE('',#3604,0.000373382582708228);
#2642=CIRCLE('',#3605,0.013970000000002);
#2643=CIRCLE('',#3606,0.000373382582708228);
#2644=CIRCLE('',#3607,0.000373382582708228);
#2645=CIRCLE('',#3608,0.013970000000002);
#2646=CIRCLE('',#3609,0.000373382582708228);
#2647=CIRCLE('',#3610,0.000373382582708228);
#2648=CIRCLE('',#3611,0.013970000000002);
#2649=CIRCLE('',#3612,0.000373382582708228);
#2650=CIRCLE('',#3613,0.000373382582708228);
#2651=CIRCLE('',#3614,0.013970000000002);
#2652=CIRCLE('',#3615,0.000373382582708228);
#2653=CIRCLE('',#3616,0.000373382582708228);
#2654=CIRCLE('',#3617,0.013970000000002);
#2655=CIRCLE('',#3618,0.000373382582708228);
#2656=CIRCLE('',#3619,0.000373382582708228);
#2657=CIRCLE('',#3620,0.013970000000002);
#2658=CIRCLE('',#3621,0.000373382582708228);
#2659=CIRCLE('',#3622,0.000373382582708228);
#2660=CIRCLE('',#3623,0.013970000000002);
#2661=CIRCLE('',#3624,0.000373382582708228);
#2662=CIRCLE('',#3625,0.000373382582708228);
#2663=CIRCLE('',#3626,0.013970000000002);
#2664=CIRCLE('',#3627,0.000373382582708228);
#2665=CIRCLE('',#3628,0.000373382582708228);
#2666=CIRCLE('',#3629,0.013970000000002);
#2667=CIRCLE('',#3630,0.000373382582708228);
#2668=CIRCLE('',#3631,0.000373382582708228);
#2669=CIRCLE('',#3632,0.013970000000002);
#2670=CIRCLE('',#3633,0.000373382582708228);
#2671=CIRCLE('',#3634,0.000373382582708228);
#2672=CIRCLE('',#3635,0.013970000000002);
#2673=CIRCLE('',#3636,0.000373382582708228);
#2674=CIRCLE('',#3637,0.000373382582708228);
#2675=CIRCLE('',#3638,0.013970000000002);
#2676=CIRCLE('',#3639,0.000373382582708228);
#2677=CIRCLE('',#3640,0.000373382582708228);
#2678=CIRCLE('',#3641,0.013970000000002);
#2679=CIRCLE('',#3642,0.000373382582708228);
#2680=CIRCLE('',#3643,0.000373382582708228);
#2681=CIRCLE('',#3644,0.013970000000002);
#2682=CIRCLE('',#3645,0.000373382582708228);
#2683=CIRCLE('',#3646,0.000373382582708228);
#2684=CIRCLE('',#3647,0.013970000000002);
#2685=CIRCLE('',#3648,0.000373382582708228);
#2686=CIRCLE('',#3649,0.000373382582708228);
#2687=CIRCLE('',#3650,0.013970000000002);
#2688=CIRCLE('',#3651,0.000373382582708228);
#2689=CIRCLE('',#3652,0.000373382582708228);
#2690=CIRCLE('',#3653,0.013970000000002);
#2691=CIRCLE('',#3654,0.000373382582708228);
#2692=CIRCLE('',#3655,0.000373382582708228);
#2693=CIRCLE('',#3656,0.013970000000002);
#2694=CIRCLE('',#3658,0.000373382582708228);
#2695=CIRCLE('',#3659,0.000373382582708228);
#2696=CIRCLE('',#3660,0.013970000000002);
#2697=CIRCLE('',#3661,0.000373382582708228);
#2698=CIRCLE('',#3662,0.000373382582708228);
#2699=CIRCLE('',#3663,0.013970000000002);
#2700=CIRCLE('',#3664,0.000373382582708228);
#2701=CIRCLE('',#3665,0.000373382582708228);
#2702=CIRCLE('',#3666,0.013970000000002);
#2703=CIRCLE('',#3667,0.000373382582708228);
#2704=CIRCLE('',#3668,0.000373382582708228);
#2705=CIRCLE('',#3669,0.013970000000002);
#2706=CIRCLE('',#3670,0.000373382582708228);
#2707=CIRCLE('',#3671,0.000373382582708228);
#2708=CIRCLE('',#3672,0.013970000000002);
#2709=CIRCLE('',#3673,0.000373382582708228);
#2710=CIRCLE('',#3674,0.000373382582708228);
#2711=CIRCLE('',#3675,0.013970000000002);
#2712=CIRCLE('',#3676,0.000373382582708228);
#2713=CIRCLE('',#3677,0.000373382582708228);
#2714=CIRCLE('',#3678,0.013970000000002);
#2715=CIRCLE('',#3679,0.000373382582708228);
#2716=CIRCLE('',#3680,0.000373382582708228);
#2717=CIRCLE('',#3681,0.013970000000002);
#2718=CIRCLE('',#3682,0.000373382582708228);
#2719=CIRCLE('',#3683,0.000373382582708228);
#2720=CIRCLE('',#3684,0.013970000000002);
#2721=CIRCLE('',#3685,0.000373382582708228);
#2722=CIRCLE('',#3686,0.000373382582708228);
#2723=CIRCLE('',#3687,0.013970000000002);
#2724=CIRCLE('',#3688,0.000373382582708228);
#2725=CIRCLE('',#3689,0.000373382582708228);
#2726=CIRCLE('',#3690,0.013970000000002);
#2727=CIRCLE('',#3691,0.000373382582708228);
#2728=CIRCLE('',#3692,0.000373382582708228);
#2729=CIRCLE('',#3693,0.013970000000002);
#2730=CIRCLE('',#3694,0.000373382582708228);
#2731=CIRCLE('',#3695,0.000373382582708228);
#2732=CIRCLE('',#3696,0.013970000000002);
#2733=CIRCLE('',#3697,0.000373382582708228);
#2734=CIRCLE('',#3698,0.000373382582708228);
#2735=CIRCLE('',#3699,0.013970000000002);
#2736=CIRCLE('',#3700,0.000373382582708228);
#2737=CIRCLE('',#3701,0.000373382582708228);
#2738=CIRCLE('',#3702,0.013970000000002);
#2739=CIRCLE('',#3703,0.000373382582708228);
#2740=CIRCLE('',#3704,0.000373382582708228);
#2741=CIRCLE('',#3705,0.013970000000002);
#2742=CIRCLE('',#3706,0.000373382582708228);
#2743=CIRCLE('',#3707,0.000373382582708228);
#2744=CIRCLE('',#3708,0.013970000000002);
#2745=CIRCLE('',#3709,0.000373382582708228);
#2746=CIRCLE('',#3710,0.000373382582708228);
#2747=CIRCLE('',#3711,0.013970000000002);
#2748=CIRCLE('',#3712,0.000373382582708228);
#2749=CIRCLE('',#3713,0.000373382582708228);
#2750=CIRCLE('',#3714,0.013970000000002);
#2751=CIRCLE('',#3715,0.000373382582708228);
#2752=CIRCLE('',#3716,0.000373382582708228);
#2753=CIRCLE('',#3717,0.013970000000002);
#2754=CIRCLE('',#3718,0.000373382582708228);
#2755=CIRCLE('',#3719,0.000373382582708228);
#2756=CIRCLE('',#3720,0.013970000000002);
#2757=CIRCLE('',#3721,0.000373382582708228);
#2758=CIRCLE('',#3722,0.000373382582708228);
#2759=CIRCLE('',#3723,0.013970000000002);
#2760=CIRCLE('',#3724,0.000373382582708228);
#2761=CIRCLE('',#3725,0.000373382582708228);
#2762=CIRCLE('',#3726,0.013970000000002);
#2763=CIRCLE('',#3727,0.000373382582708228);
#2764=CIRCLE('',#3728,0.000373382582708228);
#2765=CIRCLE('',#3729,0.013970000000002);
#2766=CIRCLE('',#3730,0.000373382582708228);
#2767=CIRCLE('',#3731,0.000373382582708228);
#2768=CIRCLE('',#3732,0.013970000000002);
#2769=CIRCLE('',#3733,0.000373382582708228);
#2770=CIRCLE('',#3734,0.000373382582708228);
#2771=CIRCLE('',#3735,0.013970000000002);
#2772=CIRCLE('',#3736,0.000373382582708228);
#2773=CIRCLE('',#3737,0.000373382582708228);
#2774=CIRCLE('',#3738,0.013970000000002);
#2775=CIRCLE('',#3739,0.000373382582708228);
#2776=CIRCLE('',#3740,0.000373382582708228);
#2777=CIRCLE('',#3741,0.013970000000002);
#2778=CIRCLE('',#3742,0.000373382582708228);
#2779=CIRCLE('',#3743,0.000373382582708228);
#2780=CIRCLE('',#3744,0.013970000000002);
#2781=CIRCLE('',#3745,0.000373382582708228);
#2782=CIRCLE('',#3746,0.000373382582708228);
#2783=CIRCLE('',#3747,0.013970000000002);
#2784=CIRCLE('',#3839,0.0014605);
#2785=EDGE_LOOP('',(#555,#556,#557,#558));
#2786=EDGE_LOOP('',(#559,#560,#561,#562));
#2787=EDGE_LOOP('',(#563,#564,#565,#566));
#2788=EDGE_LOOP('',(#567,#568,#569,#570));
#2789=EDGE_LOOP('',(#571,#572,#573,#574));
#2790=EDGE_LOOP('',(#575,#576,#577,#578));
#2791=EDGE_LOOP('',(#579,#580,#581,#582));
#2792=EDGE_LOOP('',(#583,#584,#585,#586));
#2793=EDGE_LOOP('',(#587,#588,#589,#590));
#2794=EDGE_LOOP('',(#591,#592,#593,#594));
#2795=EDGE_LOOP('',(#595,#596,#597,#598));
#2796=EDGE_LOOP('',(#599,#600,#601,#602));
#2797=EDGE_LOOP('',(#603,#604,#605,#606));
#2798=EDGE_LOOP('',(#607,#608,#609,#610));
#2799=EDGE_LOOP('',(#611,#612,#613,#614));
#2800=EDGE_LOOP('',(#615,#616,#617,#618));
#2801=EDGE_LOOP('',(#619,#620,#621,#622));
#2802=EDGE_LOOP('',(#623,#624,#625,#626));
#2803=EDGE_LOOP('',(#627,#628,#629,#630));
#2804=EDGE_LOOP('',(#631,#632,#633,#634));
#2805=EDGE_LOOP('',(#635,#636,#637,#638));
#2806=EDGE_LOOP('',(#639,#640,#641,#642));
#2807=EDGE_LOOP('',(#643,#644,#645,#646));
#2808=EDGE_LOOP('',(#647,#648,#649,#650));
#2809=EDGE_LOOP('',(#651,#652,#653,#654));
#2810=EDGE_LOOP('',(#655,#656,#657,#658));
#2811=EDGE_LOOP('',(#659,#660,#661,#662));
#2812=EDGE_LOOP('',(#663,#664,#665,#666));
#2813=EDGE_LOOP('',(#667,#668,#669,#670));
#2814=EDGE_LOOP('',(#671,#672,#673,#674));
#2815=EDGE_LOOP('',(#675));
#2816=EDGE_LOOP('',(#676,#677,#678,#679,#680,#681,#682,#683,#684,#685,#686,
#687,#688,#689,#690,#691,#692,#693,#694,#695,#696,#697,#698,#699,#700,#701,
#702,#703,#704,#705,#706,#707,#708,#709,#710,#711,#712,#713,#714,#715,#716,
#717,#718,#719,#720,#721,#722,#723,#724,#725,#726,#727,#728,#729,#730,#731,
#732,#733,#734,#735,#736,#737,#738,#739,#740,#741,#742,#743,#744,#745,#746,
#747,#748,#749,#750,#751,#752,#753,#754,#755,#756,#757,#758,#759,#760,#761,
#762,#763,#764,#765,#766,#767,#768,#769,#770,#771,#772,#773,#774,#775,#776,
#777,#778,#779,#780,#781,#782,#783,#784,#785,#786,#787,#788,#789,#790,#791,
#792,#793,#794,#795,#796,#797,#798,#799,#800,#801,#802,#803,#804,#805,#806,
#807,#808,#809,#810,#811,#812,#813,#814,#815,#816,#817,#818,#819,#820,#821,
#822,#823,#824,#825,#826,#827,#828,#829,#830,#831,#832,#833,#834,#835,#836,
#837,#838,#839,#840,#841,#842,#843,#844,#845,#846,#847,#848,#849,#850,#851,
#852,#853,#854,#855));
#2817=EDGE_LOOP('',(#856,#857,#858,#859,#860,#861,#862,#863,#864,#865,#866,
#867,#868,#869,#870,#871,#872,#873,#874,#875,#876,#877,#878,#879,#880,#881,
#882,#883,#884,#885,#886,#887,#888,#889,#890,#891,#892,#893,#894,#895,#896,
#897,#898,#899,#900,#901,#902,#903,#904,#905,#906,#907,#908,#909,#910,#911,
#912,#913,#914,#915,#916,#917,#918,#919,#920,#921,#922,#923,#924,#925,#926,
#927,#928,#929,#930,#931,#932,#933,#934,#935,#936,#937,#938,#939,#940,#941,
#942,#943,#944,#945,#946,#947,#948,#949,#950,#951,#952,#953,#954,#955,#956,
#957,#958,#959,#960,#961,#962,#963,#964,#965,#966,#967,#968,#969,#970,#971,
#972,#973,#974,#975,#976,#977,#978,#979,#980,#981,#982,#983,#984,#985,#986,
#987,#988,#989,#990,#991,#992,#993,#994,#995,#996,#997,#998,#999,#1000,
#1001,#1002,#1003,#1004,#1005,#1006,#1007,#1008,#1009,#1010,#1011,#1012,
#1013,#1014,#1015,#1016,#1017,#1018,#1019,#1020,#1021,#1022,#1023,#1024,
#1025,#1026,#1027,#1028,#1029,#1030,#1031,#1032,#1033,#1034,#1035));
#2818=EDGE_LOOP('',(#1036,#1037,#1038,#1039));
#2819=EDGE_LOOP('',(#1040,#1041,#1042,#1043));
#2820=EDGE_LOOP('',(#1044,#1045,#1046,#1047));
#2821=EDGE_LOOP('',(#1048,#1049,#1050,#1051));
#2822=EDGE_LOOP('',(#1052,#1053,#1054,#1055));
#2823=EDGE_LOOP('',(#1056,#1057,#1058,#1059));
#2824=EDGE_LOOP('',(#1060,#1061,#1062,#1063));
#2825=EDGE_LOOP('',(#1064,#1065,#1066,#1067));
#2826=EDGE_LOOP('',(#1068,#1069,#1070,#1071));
#2827=EDGE_LOOP('',(#1072,#1073,#1074,#1075));
#2828=EDGE_LOOP('',(#1076,#1077,#1078,#1079));
#2829=EDGE_LOOP('',(#1080,#1081,#1082,#1083));
#2830=EDGE_LOOP('',(#1084,#1085,#1086,#1087));
#2831=EDGE_LOOP('',(#1088,#1089,#1090,#1091));
#2832=EDGE_LOOP('',(#1092,#1093,#1094,#1095));
#2833=EDGE_LOOP('',(#1096,#1097,#1098,#1099));
#2834=EDGE_LOOP('',(#1100,#1101,#1102,#1103));
#2835=EDGE_LOOP('',(#1104,#1105,#1106,#1107));
#2836=EDGE_LOOP('',(#1108,#1109,#1110,#1111));
#2837=EDGE_LOOP('',(#1112,#1113,#1114,#1115));
#2838=EDGE_LOOP('',(#1116,#1117,#1118,#1119));
#2839=EDGE_LOOP('',(#1120,#1121,#1122,#1123));
#2840=EDGE_LOOP('',(#1124,#1125,#1126,#1127));
#2841=EDGE_LOOP('',(#1128,#1129,#1130,#1131));
#2842=EDGE_LOOP('',(#1132,#1133,#1134,#1135));
#2843=EDGE_LOOP('',(#1136,#1137,#1138,#1139));
#2844=EDGE_LOOP('',(#1140,#1141,#1142,#1143));
#2845=EDGE_LOOP('',(#1144,#1145,#1146,#1147));
#2846=EDGE_LOOP('',(#1148,#1149,#1150,#1151));
#2847=EDGE_LOOP('',(#1152,#1153,#1154,#1155));
#2848=EDGE_LOOP('',(#1156,#1157,#1158,#1159));
#2849=EDGE_LOOP('',(#1160,#1161,#1162,#1163));
#2850=EDGE_LOOP('',(#1164,#1165,#1166,#1167));
#2851=EDGE_LOOP('',(#1168,#1169,#1170,#1171));
#2852=EDGE_LOOP('',(#1172,#1173,#1174,#1175));
#2853=EDGE_LOOP('',(#1176,#1177,#1178,#1179));
#2854=EDGE_LOOP('',(#1180,#1181,#1182,#1183));
#2855=EDGE_LOOP('',(#1184,#1185,#1186,#1187));
#2856=EDGE_LOOP('',(#1188,#1189,#1190,#1191));
#2857=EDGE_LOOP('',(#1192,#1193,#1194,#1195));
#2858=EDGE_LOOP('',(#1196,#1197,#1198,#1199));
#2859=EDGE_LOOP('',(#1200,#1201,#1202,#1203));
#2860=EDGE_LOOP('',(#1204,#1205,#1206,#1207));
#2861=EDGE_LOOP('',(#1208,#1209,#1210,#1211));
#2862=EDGE_LOOP('',(#1212,#1213,#1214,#1215));
#2863=EDGE_LOOP('',(#1216,#1217,#1218,#1219));
#2864=EDGE_LOOP('',(#1220,#1221,#1222,#1223));
#2865=EDGE_LOOP('',(#1224,#1225,#1226,#1227));
#2866=EDGE_LOOP('',(#1228,#1229,#1230,#1231));
#2867=EDGE_LOOP('',(#1232,#1233,#1234,#1235));
#2868=EDGE_LOOP('',(#1236,#1237,#1238,#1239));
#2869=EDGE_LOOP('',(#1240,#1241,#1242,#1243));
#2870=EDGE_LOOP('',(#1244,#1245,#1246,#1247));
#2871=EDGE_LOOP('',(#1248,#1249,#1250,#1251));
#2872=EDGE_LOOP('',(#1252,#1253,#1254,#1255));
#2873=EDGE_LOOP('',(#1256,#1257,#1258,#1259));
#2874=EDGE_LOOP('',(#1260,#1261,#1262,#1263));
#2875=EDGE_LOOP('',(#1264,#1265,#1266,#1267));
#2876=EDGE_LOOP('',(#1268,#1269,#1270,#1271));
#2877=EDGE_LOOP('',(#1272,#1273,#1274,#1275));
#2878=EDGE_LOOP('',(#1276,#1277,#1278,#1279));
#2879=EDGE_LOOP('',(#1280,#1281,#1282,#1283));
#2880=EDGE_LOOP('',(#1284,#1285,#1286,#1287));
#2881=EDGE_LOOP('',(#1288,#1289,#1290,#1291));
#2882=EDGE_LOOP('',(#1292,#1293,#1294,#1295));
#2883=EDGE_LOOP('',(#1296,#1297,#1298,#1299));
#2884=EDGE_LOOP('',(#1300,#1301,#1302,#1303));
#2885=EDGE_LOOP('',(#1304,#1305,#1306,#1307));
#2886=EDGE_LOOP('',(#1308,#1309,#1310,#1311));
#2887=EDGE_LOOP('',(#1312,#1313,#1314,#1315));
#2888=EDGE_LOOP('',(#1316,#1317,#1318,#1319));
#2889=EDGE_LOOP('',(#1320,#1321,#1322,#1323));
#2890=EDGE_LOOP('',(#1324,#1325,#1326,#1327));
#2891=EDGE_LOOP('',(#1328,#1329,#1330,#1331));
#2892=EDGE_LOOP('',(#1332,#1333,#1334,#1335));
#2893=EDGE_LOOP('',(#1336,#1337,#1338,#1339));
#2894=EDGE_LOOP('',(#1340,#1341,#1342,#1343));
#2895=EDGE_LOOP('',(#1344,#1345,#1346,#1347));
#2896=EDGE_LOOP('',(#1348,#1349,#1350,#1351));
#2897=EDGE_LOOP('',(#1352,#1353,#1354,#1355));
#2898=EDGE_LOOP('',(#1356,#1357,#1358,#1359));
#2899=EDGE_LOOP('',(#1360,#1361,#1362,#1363));
#2900=EDGE_LOOP('',(#1364,#1365,#1366,#1367));
#2901=EDGE_LOOP('',(#1368,#1369,#1370,#1371));
#2902=EDGE_LOOP('',(#1372,#1373,#1374,#1375));
#2903=EDGE_LOOP('',(#1376,#1377,#1378,#1379));
#2904=EDGE_LOOP('',(#1380,#1381,#1382,#1383));
#2905=EDGE_LOOP('',(#1384,#1385,#1386,#1387));
#2906=EDGE_LOOP('',(#1388,#1389,#1390,#1391));
#2907=EDGE_LOOP('',(#1392,#1393,#1394,#1395));
#2908=EDGE_LOOP('',(#1396,#1397,#1398,#1399));
#2909=EDGE_LOOP('',(#1400,#1401,#1402,#1403));
#2910=EDGE_LOOP('',(#1404,#1405,#1406,#1407));
#2911=EDGE_LOOP('',(#1408,#1409,#1410,#1411));
#2912=EDGE_LOOP('',(#1412,#1413,#1414,#1415));
#2913=EDGE_LOOP('',(#1416,#1417,#1418,#1419));
#2914=EDGE_LOOP('',(#1420,#1421,#1422,#1423));
#2915=EDGE_LOOP('',(#1424,#1425,#1426,#1427));
#2916=EDGE_LOOP('',(#1428,#1429,#1430,#1431));
#2917=EDGE_LOOP('',(#1432,#1433,#1434,#1435));
#2918=EDGE_LOOP('',(#1436,#1437,#1438,#1439));
#2919=EDGE_LOOP('',(#1440,#1441,#1442,#1443));
#2920=EDGE_LOOP('',(#1444,#1445,#1446,#1447));
#2921=EDGE_LOOP('',(#1448,#1449,#1450,#1451));
#2922=EDGE_LOOP('',(#1452,#1453,#1454,#1455));
#2923=EDGE_LOOP('',(#1456,#1457,#1458,#1459));
#2924=EDGE_LOOP('',(#1460,#1461,#1462,#1463));
#2925=EDGE_LOOP('',(#1464,#1465,#1466,#1467));
#2926=EDGE_LOOP('',(#1468,#1469,#1470,#1471));
#2927=EDGE_LOOP('',(#1472,#1473,#1474,#1475));
#2928=EDGE_LOOP('',(#1476,#1477,#1478,#1479));
#2929=EDGE_LOOP('',(#1480,#1481,#1482,#1483));
#2930=EDGE_LOOP('',(#1484,#1485,#1486,#1487));
#2931=EDGE_LOOP('',(#1488,#1489,#1490,#1491));
#2932=EDGE_LOOP('',(#1492,#1493,#1494,#1495));
#2933=EDGE_LOOP('',(#1496,#1497,#1498,#1499));
#2934=EDGE_LOOP('',(#1500,#1501,#1502,#1503));
#2935=EDGE_LOOP('',(#1504,#1505,#1506,#1507));
#2936=EDGE_LOOP('',(#1508,#1509,#1510,#1511));
#2937=EDGE_LOOP('',(#1512,#1513,#1514,#1515));
#2938=EDGE_LOOP('',(#1516,#1517,#1518,#1519));
#2939=EDGE_LOOP('',(#1520,#1521,#1522,#1523));
#2940=EDGE_LOOP('',(#1524,#1525,#1526,#1527));
#2941=EDGE_LOOP('',(#1528,#1529,#1530,#1531));
#2942=EDGE_LOOP('',(#1532,#1533,#1534,#1535));
#2943=EDGE_LOOP('',(#1536,#1537,#1538,#1539));
#2944=EDGE_LOOP('',(#1540,#1541,#1542,#1543));
#2945=EDGE_LOOP('',(#1544,#1545,#1546,#1547));
#2946=EDGE_LOOP('',(#1548,#1549,#1550,#1551));
#2947=EDGE_LOOP('',(#1552,#1553,#1554,#1555));
#2948=EDGE_LOOP('',(#1556,#1557,#1558,#1559));
#2949=EDGE_LOOP('',(#1560,#1561,#1562,#1563));
#2950=EDGE_LOOP('',(#1564,#1565,#1566,#1567));
#2951=EDGE_LOOP('',(#1568,#1569,#1570,#1571));
#2952=EDGE_LOOP('',(#1572,#1573,#1574,#1575));
#2953=EDGE_LOOP('',(#1576,#1577,#1578,#1579));
#2954=EDGE_LOOP('',(#1580,#1581,#1582,#1583));
#2955=EDGE_LOOP('',(#1584,#1585,#1586,#1587));
#2956=EDGE_LOOP('',(#1588,#1589,#1590,#1591));
#2957=EDGE_LOOP('',(#1592,#1593,#1594,#1595));
#2958=EDGE_LOOP('',(#1596,#1597,#1598,#1599));
#2959=EDGE_LOOP('',(#1600,#1601,#1602,#1603));
#2960=EDGE_LOOP('',(#1604,#1605,#1606,#1607));
#2961=EDGE_LOOP('',(#1608,#1609,#1610,#1611));
#2962=EDGE_LOOP('',(#1612,#1613,#1614,#1615));
#2963=EDGE_LOOP('',(#1616,#1617,#1618,#1619));
#2964=EDGE_LOOP('',(#1620,#1621,#1622,#1623));
#2965=EDGE_LOOP('',(#1624,#1625,#1626,#1627));
#2966=EDGE_LOOP('',(#1628,#1629,#1630,#1631));
#2967=EDGE_LOOP('',(#1632,#1633,#1634,#1635));
#2968=EDGE_LOOP('',(#1636));
#2969=EDGE_LOOP('',(#1637));
#2970=EDGE_LOOP('',(#1638));
#2971=FACE_BOUND('',#2785,.T.);
#2972=FACE_BOUND('',#2786,.T.);
#2973=FACE_BOUND('',#2787,.T.);
#2974=FACE_BOUND('',#2788,.T.);
#2975=FACE_BOUND('',#2789,.T.);
#2976=FACE_BOUND('',#2790,.T.);
#2977=FACE_BOUND('',#2791,.T.);
#2978=FACE_BOUND('',#2792,.T.);
#2979=FACE_BOUND('',#2793,.T.);
#2980=FACE_BOUND('',#2794,.T.);
#2981=FACE_BOUND('',#2795,.T.);
#2982=FACE_BOUND('',#2796,.T.);
#2983=FACE_BOUND('',#2797,.T.);
#2984=FACE_BOUND('',#2798,.T.);
#2985=FACE_BOUND('',#2799,.T.);
#2986=FACE_BOUND('',#2800,.T.);
#2987=FACE_BOUND('',#2801,.T.);
#2988=FACE_BOUND('',#2802,.T.);
#2989=FACE_BOUND('',#2803,.T.);
#2990=FACE_BOUND('',#2804,.T.);
#2991=FACE_BOUND('',#2805,.T.);
#2992=FACE_BOUND('',#2806,.T.);
#2993=FACE_BOUND('',#2807,.T.);
#2994=FACE_BOUND('',#2808,.T.);
#2995=FACE_BOUND('',#2809,.T.);
#2996=FACE_BOUND('',#2810,.T.);
#2997=FACE_BOUND('',#2811,.T.);
#2998=FACE_BOUND('',#2812,.T.);
#2999=FACE_BOUND('',#2813,.T.);
#3000=FACE_BOUND('',#2814,.T.);
#3001=FACE_BOUND('',#2815,.T.);
#3002=FACE_BOUND('',#2816,.T.);
#3003=FACE_BOUND('',#2817,.T.);
#3004=FACE_BOUND('',#2818,.T.);
#3005=FACE_BOUND('',#2819,.T.);
#3006=FACE_BOUND('',#2820,.T.);
#3007=FACE_BOUND('',#2821,.T.);
#3008=FACE_BOUND('',#2822,.T.);
#3009=FACE_BOUND('',#2823,.T.);
#3010=FACE_BOUND('',#2824,.T.);
#3011=FACE_BOUND('',#2825,.T.);
#3012=FACE_BOUND('',#2826,.T.);
#3013=FACE_BOUND('',#2827,.T.);
#3014=FACE_BOUND('',#2828,.T.);
#3015=FACE_BOUND('',#2829,.T.);
#3016=FACE_BOUND('',#2830,.T.);
#3017=FACE_BOUND('',#2831,.T.);
#3018=FACE_BOUND('',#2832,.T.);
#3019=FACE_BOUND('',#2833,.T.);
#3020=FACE_BOUND('',#2834,.T.);
#3021=FACE_BOUND('',#2835,.T.);
#3022=FACE_BOUND('',#2836,.T.);
#3023=FACE_BOUND('',#2837,.T.);
#3024=FACE_BOUND('',#2838,.T.);
#3025=FACE_BOUND('',#2839,.T.);
#3026=FACE_BOUND('',#2840,.T.);
#3027=FACE_BOUND('',#2841,.T.);
#3028=FACE_BOUND('',#2842,.T.);
#3029=FACE_BOUND('',#2843,.T.);
#3030=FACE_BOUND('',#2844,.T.);
#3031=FACE_BOUND('',#2845,.T.);
#3032=FACE_BOUND('',#2846,.T.);
#3033=FACE_BOUND('',#2847,.T.);
#3034=FACE_BOUND('',#2848,.T.);
#3035=FACE_BOUND('',#2849,.T.);
#3036=FACE_BOUND('',#2850,.T.);
#3037=FACE_BOUND('',#2851,.T.);
#3038=FACE_BOUND('',#2852,.T.);
#3039=FACE_BOUND('',#2853,.T.);
#3040=FACE_BOUND('',#2854,.T.);
#3041=FACE_BOUND('',#2855,.T.);
#3042=FACE_BOUND('',#2856,.T.);
#3043=FACE_BOUND('',#2857,.T.);
#3044=FACE_BOUND('',#2858,.T.);
#3045=FACE_BOUND('',#2859,.T.);
#3046=FACE_BOUND('',#2860,.T.);
#3047=FACE_BOUND('',#2861,.T.);
#3048=FACE_BOUND('',#2862,.T.);
#3049=FACE_BOUND('',#2863,.T.);
#3050=FACE_BOUND('',#2864,.T.);
#3051=FACE_BOUND('',#2865,.T.);
#3052=FACE_BOUND('',#2866,.T.);
#3053=FACE_BOUND('',#2867,.T.);
#3054=FACE_BOUND('',#2868,.T.);
#3055=FACE_BOUND('',#2869,.T.);
#3056=FACE_BOUND('',#2870,.T.);
#3057=FACE_BOUND('',#2871,.T.);
#3058=FACE_BOUND('',#2872,.T.);
#3059=FACE_BOUND('',#2873,.T.);
#3060=FACE_BOUND('',#2874,.T.);
#3061=FACE_BOUND('',#2875,.T.);
#3062=FACE_BOUND('',#2876,.T.);
#3063=FACE_BOUND('',#2877,.T.);
#3064=FACE_BOUND('',#2878,.T.);
#3065=FACE_BOUND('',#2879,.T.);
#3066=FACE_BOUND('',#2880,.T.);
#3067=FACE_BOUND('',#2881,.T.);
#3068=FACE_BOUND('',#2882,.T.);
#3069=FACE_BOUND('',#2883,.T.);
#3070=FACE_BOUND('',#2884,.T.);
#3071=FACE_BOUND('',#2885,.T.);
#3072=FACE_BOUND('',#2886,.T.);
#3073=FACE_BOUND('',#2887,.T.);
#3074=FACE_BOUND('',#2888,.T.);
#3075=FACE_BOUND('',#2889,.T.);
#3076=FACE_BOUND('',#2890,.T.);
#3077=FACE_BOUND('',#2891,.T.);
#3078=FACE_BOUND('',#2892,.T.);
#3079=FACE_BOUND('',#2893,.T.);
#3080=FACE_BOUND('',#2894,.T.);
#3081=FACE_BOUND('',#2895,.T.);
#3082=FACE_BOUND('',#2896,.T.);
#3083=FACE_BOUND('',#2897,.T.);
#3084=FACE_BOUND('',#2898,.T.);
#3085=FACE_BOUND('',#2899,.T.);
#3086=FACE_BOUND('',#2900,.T.);
#3087=FACE_BOUND('',#2901,.T.);
#3088=FACE_BOUND('',#2902,.T.);
#3089=FACE_BOUND('',#2903,.T.);
#3090=FACE_BOUND('',#2904,.T.);
#3091=FACE_BOUND('',#2905,.T.);
#3092=FACE_BOUND('',#2906,.T.);
#3093=FACE_BOUND('',#2907,.T.);
#3094=FACE_BOUND('',#2908,.T.);
#3095=FACE_BOUND('',#2909,.T.);
#3096=FACE_BOUND('',#2910,.T.);
#3097=FACE_BOUND('',#2911,.T.);
#3098=FACE_BOUND('',#2912,.T.);
#3099=FACE_BOUND('',#2913,.T.);
#3100=FACE_BOUND('',#2914,.T.);
#3101=FACE_BOUND('',#2915,.T.);
#3102=FACE_BOUND('',#2916,.T.);
#3103=FACE_BOUND('',#2917,.T.);
#3104=FACE_BOUND('',#2918,.T.);
#3105=FACE_BOUND('',#2919,.T.);
#3106=FACE_BOUND('',#2920,.T.);
#3107=FACE_BOUND('',#2921,.T.);
#3108=FACE_BOUND('',#2922,.T.);
#3109=FACE_BOUND('',#2923,.T.);
#3110=FACE_BOUND('',#2924,.T.);
#3111=FACE_BOUND('',#2925,.T.);
#3112=FACE_BOUND('',#2926,.T.);
#3113=FACE_BOUND('',#2927,.T.);
#3114=FACE_BOUND('',#2928,.T.);
#3115=FACE_BOUND('',#2929,.T.);
#3116=FACE_BOUND('',#2930,.T.);
#3117=FACE_BOUND('',#2931,.T.);
#3118=FACE_BOUND('',#2932,.T.);
#3119=FACE_BOUND('',#2933,.T.);
#3120=FACE_BOUND('',#2934,.T.);
#3121=FACE_BOUND('',#2935,.T.);
#3122=FACE_BOUND('',#2936,.T.);
#3123=FACE_BOUND('',#2937,.T.);
#3124=FACE_BOUND('',#2938,.T.);
#3125=FACE_BOUND('',#2939,.T.);
#3126=FACE_BOUND('',#2940,.T.);
#3127=FACE_BOUND('',#2941,.T.);
#3128=FACE_BOUND('',#2942,.T.);
#3129=FACE_BOUND('',#2943,.T.);
#3130=FACE_BOUND('',#2944,.T.);
#3131=FACE_BOUND('',#2945,.T.);
#3132=FACE_BOUND('',#2946,.T.);
#3133=FACE_BOUND('',#2947,.T.);
#3134=FACE_BOUND('',#2948,.T.);
#3135=FACE_BOUND('',#2949,.T.);
#3136=FACE_BOUND('',#2950,.T.);
#3137=FACE_BOUND('',#2951,.T.);
#3138=FACE_BOUND('',#2952,.T.);
#3139=FACE_BOUND('',#2953,.T.);
#3140=FACE_BOUND('',#2954,.T.);
#3141=FACE_BOUND('',#2955,.T.);
#3142=FACE_BOUND('',#2956,.T.);
#3143=FACE_BOUND('',#2957,.T.);
#3144=FACE_BOUND('',#2958,.T.);
#3145=FACE_BOUND('',#2959,.T.);
#3146=FACE_BOUND('',#2960,.T.);
#3147=FACE_BOUND('',#2961,.T.);
#3148=FACE_BOUND('',#2962,.T.);
#3149=FACE_BOUND('',#2963,.T.);
#3150=FACE_BOUND('',#2964,.T.);
#3151=FACE_BOUND('',#2965,.T.);
#3152=FACE_BOUND('',#2966,.T.);
#3153=FACE_BOUND('',#2967,.T.);
#3154=FACE_BOUND('',#2968,.T.);
#3155=FACE_BOUND('',#2969,.T.);
#3156=FACE_BOUND('',#2970,.T.);
#3157=CYLINDRICAL_SURFACE('',#3475,0.016256);
#3158=CYLINDRICAL_SURFACE('',#3478,0.016256);
#3159=CYLINDRICAL_SURFACE('',#3481,0.016256);
#3160=CYLINDRICAL_SURFACE('',#3484,0.016256);
#3161=CYLINDRICAL_SURFACE('',#3487,0.016256);
#3162=CYLINDRICAL_SURFACE('',#3490,0.016256);
#3163=CYLINDRICAL_SURFACE('',#3493,0.016256);
#3164=CYLINDRICAL_SURFACE('',#3496,0.016256);
#3165=CYLINDRICAL_SURFACE('',#3499,0.016256);
#3166=CYLINDRICAL_SURFACE('',#3502,0.016256);
#3167=CYLINDRICAL_SURFACE('',#3505,0.016256);
#3168=CYLINDRICAL_SURFACE('',#3508,0.016256);
#3169=CYLINDRICAL_SURFACE('',#3511,0.016256);
#3170=CYLINDRICAL_SURFACE('',#3514,0.016256);
#3171=CYLINDRICAL_SURFACE('',#3517,0.016256);
#3172=CYLINDRICAL_SURFACE('',#3520,0.016256);
#3173=CYLINDRICAL_SURFACE('',#3523,0.016256);
#3174=CYLINDRICAL_SURFACE('',#3526,0.016256);
#3175=CYLINDRICAL_SURFACE('',#3529,0.016256);
#3176=CYLINDRICAL_SURFACE('',#3532,0.016256);
#3177=CYLINDRICAL_SURFACE('',#3535,0.016256);
#3178=CYLINDRICAL_SURFACE('',#3538,0.016256);
#3179=CYLINDRICAL_SURFACE('',#3541,0.016256);
#3180=CYLINDRICAL_SURFACE('',#3544,0.016256);
#3181=CYLINDRICAL_SURFACE('',#3547,0.016256);
#3182=CYLINDRICAL_SURFACE('',#3550,0.016256);
#3183=CYLINDRICAL_SURFACE('',#3553,0.016256);
#3184=CYLINDRICAL_SURFACE('',#3556,0.016256);
#3185=CYLINDRICAL_SURFACE('',#3559,0.016256);
#3186=CYLINDRICAL_SURFACE('',#3562,0.016256);
#3187=CYLINDRICAL_SURFACE('',#3748,0.013970000000002);
#3188=CYLINDRICAL_SURFACE('',#3749,0.000373382582708228);
#3189=CYLINDRICAL_SURFACE('',#3750,0.000373382582708228);
#3190=CYLINDRICAL_SURFACE('',#3751,0.013970000000002);
#3191=CYLINDRICAL_SURFACE('',#3752,0.000373382582708228);
#3192=CYLINDRICAL_SURFACE('',#3753,0.000373382582708228);
#3193=CYLINDRICAL_SURFACE('',#3754,0.013970000000002);
#3194=CYLINDRICAL_SURFACE('',#3755,0.000373382582708228);
#3195=CYLINDRICAL_SURFACE('',#3756,0.000373382582708228);
#3196=CYLINDRICAL_SURFACE('',#3757,0.013970000000002);
#3197=CYLINDRICAL_SURFACE('',#3758,0.000373382582708228);
#3198=CYLINDRICAL_SURFACE('',#3759,0.000373382582708228);
#3199=CYLINDRICAL_SURFACE('',#3760,0.013970000000002);
#3200=CYLINDRICAL_SURFACE('',#3761,0.000373382582708228);
#3201=CYLINDRICAL_SURFACE('',#3762,0.000373382582708228);
#3202=CYLINDRICAL_SURFACE('',#3763,0.013970000000002);
#3203=CYLINDRICAL_SURFACE('',#3764,0.000373382582708228);
#3204=CYLINDRICAL_SURFACE('',#3765,0.000373382582708228);
#3205=CYLINDRICAL_SURFACE('',#3766,0.013970000000002);
#3206=CYLINDRICAL_SURFACE('',#3767,0.000373382582708228);
#3207=CYLINDRICAL_SURFACE('',#3768,0.000373382582708228);
#3208=CYLINDRICAL_SURFACE('',#3769,0.013970000000002);
#3209=CYLINDRICAL_SURFACE('',#3770,0.000373382582708228);
#3210=CYLINDRICAL_SURFACE('',#3771,0.000373382582708228);
#3211=CYLINDRICAL_SURFACE('',#3772,0.013970000000002);
#3212=CYLINDRICAL_SURFACE('',#3773,0.000373382582708228);
#3213=CYLINDRICAL_SURFACE('',#3774,0.000373382582708228);
#3214=CYLINDRICAL_SURFACE('',#3775,0.013970000000002);
#3215=CYLINDRICAL_SURFACE('',#3776,0.000373382582708228);
#3216=CYLINDRICAL_SURFACE('',#3777,0.000373382582708228);
#3217=CYLINDRICAL_SURFACE('',#3778,0.013970000000002);
#3218=CYLINDRICAL_SURFACE('',#3779,0.000373382582708228);
#3219=CYLINDRICAL_SURFACE('',#3780,0.000373382582708228);
#3220=CYLINDRICAL_SURFACE('',#3781,0.013970000000002);
#3221=CYLINDRICAL_SURFACE('',#3782,0.000373382582708228);
#3222=CYLINDRICAL_SURFACE('',#3783,0.000373382582708228);
#3223=CYLINDRICAL_SURFACE('',#3784,0.013970000000002);
#3224=CYLINDRICAL_SURFACE('',#3785,0.000373382582708228);
#3225=CYLINDRICAL_SURFACE('',#3786,0.000373382582708228);
#3226=CYLINDRICAL_SURFACE('',#3787,0.013970000000002);
#3227=CYLINDRICAL_SURFACE('',#3788,0.000373382582708228);
#3228=CYLINDRICAL_SURFACE('',#3789,0.000373382582708228);
#3229=CYLINDRICAL_SURFACE('',#3790,0.013970000000002);
#3230=CYLINDRICAL_SURFACE('',#3791,0.000373382582708228);
#3231=CYLINDRICAL_SURFACE('',#3792,0.000373382582708228);
#3232=CYLINDRICAL_SURFACE('',#3793,0.013970000000002);
#3233=CYLINDRICAL_SURFACE('',#3794,0.000373382582708228);
#3234=CYLINDRICAL_SURFACE('',#3795,0.000373382582708228);
#3235=CYLINDRICAL_SURFACE('',#3796,0.013970000000002);
#3236=CYLINDRICAL_SURFACE('',#3797,0.000373382582708228);
#3237=CYLINDRICAL_SURFACE('',#3798,0.000373382582708228);
#3238=CYLINDRICAL_SURFACE('',#3799,0.013970000000002);
#3239=CYLINDRICAL_SURFACE('',#3800,0.000373382582708228);
#3240=CYLINDRICAL_SURFACE('',#3801,0.000373382582708228);
#3241=CYLINDRICAL_SURFACE('',#3802,0.013970000000002);
#3242=CYLINDRICAL_SURFACE('',#3803,0.000373382582708228);
#3243=CYLINDRICAL_SURFACE('',#3804,0.000373382582708228);
#3244=CYLINDRICAL_SURFACE('',#3805,0.013970000000002);
#3245=CYLINDRICAL_SURFACE('',#3806,0.000373382582708228);
#3246=CYLINDRICAL_SURFACE('',#3807,0.000373382582708228);
#3247=CYLINDRICAL_SURFACE('',#3808,0.013970000000002);
#3248=CYLINDRICAL_SURFACE('',#3809,0.000373382582708228);
#3249=CYLINDRICAL_SURFACE('',#3810,0.000373382582708228);
#3250=CYLINDRICAL_SURFACE('',#3811,0.013970000000002);
#3251=CYLINDRICAL_SURFACE('',#3812,0.000373382582708228);
#3252=CYLINDRICAL_SURFACE('',#3813,0.000373382582708228);
#3253=CYLINDRICAL_SURFACE('',#3814,0.013970000000002);
#3254=CYLINDRICAL_SURFACE('',#3815,0.000373382582708228);
#3255=CYLINDRICAL_SURFACE('',#3816,0.000373382582708228);
#3256=CYLINDRICAL_SURFACE('',#3817,0.013970000000002);
#3257=CYLINDRICAL_SURFACE('',#3818,0.000373382582708228);
#3258=CYLINDRICAL_SURFACE('',#3819,0.000373382582708228);
#3259=CYLINDRICAL_SURFACE('',#3820,0.013970000000002);
#3260=CYLINDRICAL_SURFACE('',#3821,0.000373382582708228);
#3261=CYLINDRICAL_SURFACE('',#3822,0.000373382582708228);
#3262=CYLINDRICAL_SURFACE('',#3823,0.013970000000002);
#3263=CYLINDRICAL_SURFACE('',#3824,0.000373382582708228);
#3264=CYLINDRICAL_SURFACE('',#3825,0.000373382582708228);
#3265=CYLINDRICAL_SURFACE('',#3826,0.013970000000002);
#3266=CYLINDRICAL_SURFACE('',#3827,0.000373382582708228);
#3267=CYLINDRICAL_SURFACE('',#3828,0.000373382582708228);
#3268=CYLINDRICAL_SURFACE('',#3829,0.013970000000002);
#3269=CYLINDRICAL_SURFACE('',#3830,0.000373382582708228);
#3270=CYLINDRICAL_SURFACE('',#3831,0.000373382582708228);
#3271=CYLINDRICAL_SURFACE('',#3832,0.013970000000002);
#3272=CYLINDRICAL_SURFACE('',#3833,0.000373382582708228);
#3273=CYLINDRICAL_SURFACE('',#3834,0.000373382582708228);
#3274=CYLINDRICAL_SURFACE('',#3835,0.013970000000002);
#3275=CYLINDRICAL_SURFACE('',#3836,0.000373382582708228);
#3276=CYLINDRICAL_SURFACE('',#3837,0.000373382582708228);
#3277=CYLINDRICAL_SURFACE('',#3838,0.0014605);
#3278=ADVANCED_FACE('',(#2971),#3157,.T.);
#3279=ADVANCED_FACE('',(#2972),#3158,.T.);
#3280=ADVANCED_FACE('',(#2973),#3159,.T.);
#3281=ADVANCED_FACE('',(#2974),#3160,.T.);
#3282=ADVANCED_FACE('',(#2975),#3161,.T.);
#3283=ADVANCED_FACE('',(#2976),#3162,.T.);
#3284=ADVANCED_FACE('',(#2977),#3163,.T.);
#3285=ADVANCED_FACE('',(#2978),#3164,.T.);
#3286=ADVANCED_FACE('',(#2979),#3165,.T.);
#3287=ADVANCED_FACE('',(#2980),#3166,.T.);
#3288=ADVANCED_FACE('',(#2981),#3167,.T.);
#3289=ADVANCED_FACE('',(#2982),#3168,.T.);
#3290=ADVANCED_FACE('',(#2983),#3169,.T.);
#3291=ADVANCED_FACE('',(#2984),#3170,.T.);
#3292=ADVANCED_FACE('',(#2985),#3171,.T.);
#3293=ADVANCED_FACE('',(#2986),#3172,.T.);
#3294=ADVANCED_FACE('',(#2987),#3173,.T.);
#3295=ADVANCED_FACE('',(#2988),#3174,.T.);
#3296=ADVANCED_FACE('',(#2989),#3175,.T.);
#3297=ADVANCED_FACE('',(#2990),#3176,.T.);
#3298=ADVANCED_FACE('',(#2991),#3177,.T.);
#3299=ADVANCED_FACE('',(#2992),#3178,.T.);
#3300=ADVANCED_FACE('',(#2993),#3179,.T.);
#3301=ADVANCED_FACE('',(#2994),#3180,.T.);
#3302=ADVANCED_FACE('',(#2995),#3181,.T.);
#3303=ADVANCED_FACE('',(#2996),#3182,.T.);
#3304=ADVANCED_FACE('',(#2997),#3183,.T.);
#3305=ADVANCED_FACE('',(#2998),#3184,.T.);
#3306=ADVANCED_FACE('',(#2999),#3185,.T.);
#3307=ADVANCED_FACE('',(#3000),#3186,.T.);
#3308=ADVANCED_FACE('',(#3001,#3002),#192,.T.);
#3309=ADVANCED_FACE('',(#3003),#193,.F.);
#3310=ADVANCED_FACE('',(#3004),#12,.F.);
#3311=ADVANCED_FACE('',(#3005),#13,.T.);
#3312=ADVANCED_FACE('',(#3006),#3187,.T.);
#3313=ADVANCED_FACE('',(#3007),#3188,.F.);
#3314=ADVANCED_FACE('',(#3008),#3189,.F.);
#3315=ADVANCED_FACE('',(#3009),#14,.F.);
#3316=ADVANCED_FACE('',(#3010),#15,.T.);
#3317=ADVANCED_FACE('',(#3011),#3190,.T.);
#3318=ADVANCED_FACE('',(#3012),#3191,.F.);
#3319=ADVANCED_FACE('',(#3013),#3192,.F.);
#3320=ADVANCED_FACE('',(#3014),#16,.F.);
#3321=ADVANCED_FACE('',(#3015),#17,.T.);
#3322=ADVANCED_FACE('',(#3016),#3193,.T.);
#3323=ADVANCED_FACE('',(#3017),#3194,.F.);
#3324=ADVANCED_FACE('',(#3018),#3195,.F.);
#3325=ADVANCED_FACE('',(#3019),#18,.F.);
#3326=ADVANCED_FACE('',(#3020),#19,.T.);
#3327=ADVANCED_FACE('',(#3021),#3196,.T.);
#3328=ADVANCED_FACE('',(#3022),#3197,.F.);
#3329=ADVANCED_FACE('',(#3023),#3198,.F.);
#3330=ADVANCED_FACE('',(#3024),#20,.F.);
#3331=ADVANCED_FACE('',(#3025),#21,.T.);
#3332=ADVANCED_FACE('',(#3026),#3199,.T.);
#3333=ADVANCED_FACE('',(#3027),#3200,.F.);
#3334=ADVANCED_FACE('',(#3028),#3201,.F.);
#3335=ADVANCED_FACE('',(#3029),#22,.F.);
#3336=ADVANCED_FACE('',(#3030),#23,.T.);
#3337=ADVANCED_FACE('',(#3031),#3202,.T.);
#3338=ADVANCED_FACE('',(#3032),#3203,.F.);
#3339=ADVANCED_FACE('',(#3033),#3204,.F.);
#3340=ADVANCED_FACE('',(#3034),#24,.F.);
#3341=ADVANCED_FACE('',(#3035),#25,.T.);
#3342=ADVANCED_FACE('',(#3036),#3205,.T.);
#3343=ADVANCED_FACE('',(#3037),#3206,.F.);
#3344=ADVANCED_FACE('',(#3038),#3207,.F.);
#3345=ADVANCED_FACE('',(#3039),#26,.F.);
#3346=ADVANCED_FACE('',(#3040),#27,.T.);
#3347=ADVANCED_FACE('',(#3041),#3208,.T.);
#3348=ADVANCED_FACE('',(#3042),#3209,.F.);
#3349=ADVANCED_FACE('',(#3043),#3210,.F.);
#3350=ADVANCED_FACE('',(#3044),#28,.F.);
#3351=ADVANCED_FACE('',(#3045),#29,.T.);
#3352=ADVANCED_FACE('',(#3046),#3211,.T.);
#3353=ADVANCED_FACE('',(#3047),#3212,.F.);
#3354=ADVANCED_FACE('',(#3048),#3213,.F.);
#3355=ADVANCED_FACE('',(#3049),#30,.F.);
#3356=ADVANCED_FACE('',(#3050),#31,.T.);
#3357=ADVANCED_FACE('',(#3051),#3214,.T.);
#3358=ADVANCED_FACE('',(#3052),#3215,.F.);
#3359=ADVANCED_FACE('',(#3053),#3216,.F.);
#3360=ADVANCED_FACE('',(#3054),#32,.F.);
#3361=ADVANCED_FACE('',(#3055),#33,.T.);
#3362=ADVANCED_FACE('',(#3056),#3217,.T.);
#3363=ADVANCED_FACE('',(#3057),#3218,.F.);
#3364=ADVANCED_FACE('',(#3058),#3219,.F.);
#3365=ADVANCED_FACE('',(#3059),#34,.F.);
#3366=ADVANCED_FACE('',(#3060),#35,.T.);
#3367=ADVANCED_FACE('',(#3061),#3220,.T.);
#3368=ADVANCED_FACE('',(#3062),#3221,.F.);
#3369=ADVANCED_FACE('',(#3063),#3222,.F.);
#3370=ADVANCED_FACE('',(#3064),#36,.F.);
#3371=ADVANCED_FACE('',(#3065),#37,.T.);
#3372=ADVANCED_FACE('',(#3066),#3223,.T.);
#3373=ADVANCED_FACE('',(#3067),#3224,.F.);
#3374=ADVANCED_FACE('',(#3068),#3225,.F.);
#3375=ADVANCED_FACE('',(#3069),#38,.F.);
#3376=ADVANCED_FACE('',(#3070),#39,.T.);
#3377=ADVANCED_FACE('',(#3071),#3226,.T.);
#3378=ADVANCED_FACE('',(#3072),#3227,.F.);
#3379=ADVANCED_FACE('',(#3073),#3228,.F.);
#3380=ADVANCED_FACE('',(#3074),#40,.F.);
#3381=ADVANCED_FACE('',(#3075),#41,.T.);
#3382=ADVANCED_FACE('',(#3076),#3229,.T.);
#3383=ADVANCED_FACE('',(#3077),#3230,.F.);
#3384=ADVANCED_FACE('',(#3078),#3231,.F.);
#3385=ADVANCED_FACE('',(#3079),#42,.F.);
#3386=ADVANCED_FACE('',(#3080),#43,.T.);
#3387=ADVANCED_FACE('',(#3081),#3232,.T.);
#3388=ADVANCED_FACE('',(#3082),#3233,.F.);
#3389=ADVANCED_FACE('',(#3083),#3234,.F.);
#3390=ADVANCED_FACE('',(#3084),#44,.F.);
#3391=ADVANCED_FACE('',(#3085),#45,.T.);
#3392=ADVANCED_FACE('',(#3086),#3235,.T.);
#3393=ADVANCED_FACE('',(#3087),#3236,.F.);
#3394=ADVANCED_FACE('',(#3088),#3237,.F.);
#3395=ADVANCED_FACE('',(#3089),#46,.F.);
#3396=ADVANCED_FACE('',(#3090),#47,.T.);
#3397=ADVANCED_FACE('',(#3091),#3238,.T.);
#3398=ADVANCED_FACE('',(#3092),#3239,.F.);
#3399=ADVANCED_FACE('',(#3093),#3240,.F.);
#3400=ADVANCED_FACE('',(#3094),#48,.F.);
#3401=ADVANCED_FACE('',(#3095),#49,.T.);
#3402=ADVANCED_FACE('',(#3096),#3241,.T.);
#3403=ADVANCED_FACE('',(#3097),#3242,.F.);
#3404=ADVANCED_FACE('',(#3098),#3243,.F.);
#3405=ADVANCED_FACE('',(#3099),#50,.F.);
#3406=ADVANCED_FACE('',(#3100),#51,.T.);
#3407=ADVANCED_FACE('',(#3101),#3244,.T.);
#3408=ADVANCED_FACE('',(#3102),#3245,.F.);
#3409=ADVANCED_FACE('',(#3103),#3246,.F.);
#3410=ADVANCED_FACE('',(#3104),#52,.F.);
#3411=ADVANCED_FACE('',(#3105),#53,.T.);
#3412=ADVANCED_FACE('',(#3106),#3247,.T.);
#3413=ADVANCED_FACE('',(#3107),#3248,.F.);
#3414=ADVANCED_FACE('',(#3108),#3249,.F.);
#3415=ADVANCED_FACE('',(#3109),#54,.F.);
#3416=ADVANCED_FACE('',(#3110),#55,.T.);
#3417=ADVANCED_FACE('',(#3111),#3250,.T.);
#3418=ADVANCED_FACE('',(#3112),#3251,.F.);
#3419=ADVANCED_FACE('',(#3113),#3252,.F.);
#3420=ADVANCED_FACE('',(#3114),#56,.F.);
#3421=ADVANCED_FACE('',(#3115),#57,.T.);
#3422=ADVANCED_FACE('',(#3116),#3253,.T.);
#3423=ADVANCED_FACE('',(#3117),#3254,.F.);
#3424=ADVANCED_FACE('',(#3118),#3255,.F.);
#3425=ADVANCED_FACE('',(#3119),#58,.F.);
#3426=ADVANCED_FACE('',(#3120),#59,.T.);
#3427=ADVANCED_FACE('',(#3121),#3256,.T.);
#3428=ADVANCED_FACE('',(#3122),#3257,.F.);
#3429=ADVANCED_FACE('',(#3123),#3258,.F.);
#3430=ADVANCED_FACE('',(#3124),#60,.F.);
#3431=ADVANCED_FACE('',(#3125),#61,.T.);
#3432=ADVANCED_FACE('',(#3126),#3259,.T.);
#3433=ADVANCED_FACE('',(#3127),#3260,.F.);
#3434=ADVANCED_FACE('',(#3128),#3261,.F.);
#3435=ADVANCED_FACE('',(#3129),#62,.F.);
#3436=ADVANCED_FACE('',(#3130),#63,.T.);
#3437=ADVANCED_FACE('',(#3131),#3262,.T.);
#3438=ADVANCED_FACE('',(#3132),#3263,.F.);
#3439=ADVANCED_FACE('',(#3133),#3264,.F.);
#3440=ADVANCED_FACE('',(#3134),#64,.F.);
#3441=ADVANCED_FACE('',(#3135),#65,.T.);
#3442=ADVANCED_FACE('',(#3136),#3265,.T.);
#3443=ADVANCED_FACE('',(#3137),#3266,.F.);
#3444=ADVANCED_FACE('',(#3138),#3267,.F.);
#3445=ADVANCED_FACE('',(#3139),#66,.F.);
#3446=ADVANCED_FACE('',(#3140),#67,.T.);
#3447=ADVANCED_FACE('',(#3141),#3268,.T.);
#3448=ADVANCED_FACE('',(#3142),#3269,.F.);
#3449=ADVANCED_FACE('',(#3143),#3270,.F.);
#3450=ADVANCED_FACE('',(#3144),#68,.F.);
#3451=ADVANCED_FACE('',(#3145),#69,.T.);
#3452=ADVANCED_FACE('',(#3146),#3271,.T.);
#3453=ADVANCED_FACE('',(#3147),#3272,.F.);
#3454=ADVANCED_FACE('',(#3148),#3273,.F.);
#3455=ADVANCED_FACE('',(#3149),#70,.F.);
#3456=ADVANCED_FACE('',(#3150),#71,.T.);
#3457=ADVANCED_FACE('',(#3151),#3274,.T.);
#3458=ADVANCED_FACE('',(#3152),#3275,.F.);
#3459=ADVANCED_FACE('',(#3153),#3276,.F.);
#3460=ADVANCED_FACE('',(#3154,#3155),#3277,.T.);
#3461=ADVANCED_FACE('',(#3156),#194,.T.);
#3462=CLOSED_SHELL('',(#3278,#3279,#3280,#3281,#3282,#3283,#3284,#3285,
#3286,#3287,#3288,#3289,#3290,#3291,#3292,#3293,#3294,#3295,#3296,#3297,
#3298,#3299,#3300,#3301,#3302,#3303,#3304,#3305,#3306,#3307,#3308,#3309,
#3310,#3311,#3312,#3313,#3314,#3315,#3316,#3317,#3318,#3319,#3320,#3321,
#3322,#3323,#3324,#3325,#3326,#3327,#3328,#3329,#3330,#3331,#3332,#3333,
#3334,#3335,#3336,#3337,#3338,#3339,#3340,#3341,#3342,#3343,#3344,#3345,
#3346,#3347,#3348,#3349,#3350,#3351,#3352,#3353,#3354,#3355,#3356,#3357,
#3358,#3359,#3360,#3361,#3362,#3363,#3364,#3365,#3366,#3367,#3368,#3369,
#3370,#3371,#3372,#3373,#3374,#3375,#3376,#3377,#3378,#3379,#3380,#3381,
#3382,#3383,#3384,#3385,#3386,#3387,#3388,#3389,#3390,#3391,#3392,#3393,
#3394,#3395,#3396,#3397,#3398,#3399,#3400,#3401,#3402,#3403,#3404,#3405,
#3406,#3407,#3408,#3409,#3410,#3411,#3412,#3413,#3414,#3415,#3416,#3417,
#3418,#3419,#3420,#3421,#3422,#3423,#3424,#3425,#3426,#3427,#3428,#3429,
#3430,#3431,#3432,#3433,#3434,#3435,#3436,#3437,#3438,#3439,#3440,#3441,
#3442,#3443,#3444,#3445,#3446,#3447,#3448,#3449,#3450,#3451,#3452,#3453,
#3454,#3455,#3456,#3457,#3458,#3459,#3460,#3461));
#3463=STYLED_ITEM('',(#3464),#3471);
#3464=PRESENTATION_STYLE_ASSIGNMENT((#3465));
#3465=SURFACE_STYLE_USAGE(.BOTH.,#3466);
#3466=SURFACE_SIDE_STYLE('',(#3467));
#3467=SURFACE_STYLE_FILL_AREA(#3468);
#3468=FILL_AREA_STYLE('',(#3469));
#3469=FILL_AREA_STYLE_COLOUR('',#3470);
#3470=COLOUR_RGB('',0.768627450980392,0.886274509803922,0.952941176470588);
#3471=MANIFOLD_SOLID_BREP('Spur gear (30 teeth)',#3462);
#3472=SHAPE_DEFINITION_REPRESENTATION(#9990,#3473);
#3473=SHAPE_REPRESENTATION('Spur gear (30 teeth)',(#3474),#9985);
#3474=AXIS2_PLACEMENT_3D('',#4755,#3841,#3842);
#3475=AXIS2_PLACEMENT_3D('',#4756,#3843,#3844);
#3476=AXIS2_PLACEMENT_3D('',#4757,#3845,#3846);
#3477=AXIS2_PLACEMENT_3D('',#4762,#3848,#3849);
#3478=AXIS2_PLACEMENT_3D('',#4765,#3851,#3852);
#3479=AXIS2_PLACEMENT_3D('',#4766,#3853,#3854);
#3480=AXIS2_PLACEMENT_3D('',#4771,#3856,#3857);
#3481=AXIS2_PLACEMENT_3D('',#4774,#3859,#3860);
#3482=AXIS2_PLACEMENT_3D('',#4775,#3861,#3862);
#3483=AXIS2_PLACEMENT_3D('',#4780,#3864,#3865);
#3484=AXIS2_PLACEMENT_3D('',#4783,#3867,#3868);
#3485=AXIS2_PLACEMENT_3D('',#4784,#3869,#3870);
#3486=AXIS2_PLACEMENT_3D('',#4789,#3872,#3873);
#3487=AXIS2_PLACEMENT_3D('',#4792,#3875,#3876);
#3488=AXIS2_PLACEMENT_3D('',#4793,#3877,#3878);
#3489=AXIS2_PLACEMENT_3D('',#4798,#3880,#3881);
#3490=AXIS2_PLACEMENT_3D('',#4801,#3883,#3884);
#3491=AXIS2_PLACEMENT_3D('',#4805,#3886,#3887);
#3492=AXIS2_PLACEMENT_3D('',#4809,#3889,#3890);
#3493=AXIS2_PLACEMENT_3D('',#4810,#3891,#3892);
#3494=AXIS2_PLACEMENT_3D('',#4811,#3893,#3894);
#3495=AXIS2_PLACEMENT_3D('',#4816,#3896,#3897);
#3496=AXIS2_PLACEMENT_3D('',#4819,#3899,#3900);
#3497=AXIS2_PLACEMENT_3D('',#4820,#3901,#3902);
#3498=AXIS2_PLACEMENT_3D('',#4825,#3904,#3905);
#3499=AXIS2_PLACEMENT_3D('',#4828,#3907,#3908);
#3500=AXIS2_PLACEMENT_3D('',#4829,#3909,#3910);
#3501=AXIS2_PLACEMENT_3D('',#4834,#3912,#3913);
#3502=AXIS2_PLACEMENT_3D('',#4837,#3915,#3916);
#3503=AXIS2_PLACEMENT_3D('',#4841,#3918,#3919);
#3504=AXIS2_PLACEMENT_3D('',#4845,#3921,#3922);
#3505=AXIS2_PLACEMENT_3D('',#4846,#3923,#3924);
#3506=AXIS2_PLACEMENT_3D('',#4847,#3925,#3926);
#3507=AXIS2_PLACEMENT_3D('',#4852,#3928,#3929);
#3508=AXIS2_PLACEMENT_3D('',#4855,#3931,#3932);
#3509=AXIS2_PLACEMENT_3D('',#4859,#3934,#3935);
#3510=AXIS2_PLACEMENT_3D('',#4863,#3937,#3938);
#3511=AXIS2_PLACEMENT_3D('',#4864,#3939,#3940);
#3512=AXIS2_PLACEMENT_3D('',#4868,#3942,#3943);
#3513=AXIS2_PLACEMENT_3D('',#4872,#3945,#3946);
#3514=AXIS2_PLACEMENT_3D('',#4873,#3947,#3948);
#3515=AXIS2_PLACEMENT_3D('',#4877,#3950,#3951);
#3516=AXIS2_PLACEMENT_3D('',#4881,#3953,#3954);
#3517=AXIS2_PLACEMENT_3D('',#4882,#3955,#3956);
#3518=AXIS2_PLACEMENT_3D('',#4886,#3958,#3959);
#3519=AXIS2_PLACEMENT_3D('',#4890,#3961,#3962);
#3520=AXIS2_PLACEMENT_3D('',#4891,#3963,#3964);
#3521=AXIS2_PLACEMENT_3D('',#4895,#3966,#3967);
#3522=AXIS2_PLACEMENT_3D('',#4899,#3969,#3970);
#3523=AXIS2_PLACEMENT_3D('',#4900,#3971,#3972);
#3524=AXIS2_PLACEMENT_3D('',#4901,#3973,#3974);
#3525=AXIS2_PLACEMENT_3D('',#4906,#3976,#3977);
#3526=AXIS2_PLACEMENT_3D('',#4909,#3979,#3980);
#3527=AXIS2_PLACEMENT_3D('',#4913,#3982,#3983);
#3528=AXIS2_PLACEMENT_3D('',#4917,#3985,#3986);
#3529=AXIS2_PLACEMENT_3D('',#4918,#3987,#3988);
#3530=AXIS2_PLACEMENT_3D('',#4919,#3989,#3990);
#3531=AXIS2_PLACEMENT_3D('',#4924,#3992,#3993);
#3532=AXIS2_PLACEMENT_3D('',#4927,#3995,#3996);
#3533=AXIS2_PLACEMENT_3D('',#4931,#3998,#3999);
#3534=AXIS2_PLACEMENT_3D('',#4935,#4001,#4002);
#3535=AXIS2_PLACEMENT_3D('',#4936,#4003,#4004);
#3536=AXIS2_PLACEMENT_3D('',#4940,#4006,#4007);
#3537=AXIS2_PLACEMENT_3D('',#4944,#4009,#4010);
#3538=AXIS2_PLACEMENT_3D('',#4945,#4011,#4012);
#3539=AXIS2_PLACEMENT_3D('',#4949,#4014,#4015);
#3540=AXIS2_PLACEMENT_3D('',#4953,#4017,#4018);
#3541=AXIS2_PLACEMENT_3D('',#4954,#4019,#4020);
#3542=AXIS2_PLACEMENT_3D('',#4958,#4022,#4023);
#3543=AXIS2_PLACEMENT_3D('',#4962,#4025,#4026);
#3544=AXIS2_PLACEMENT_3D('',#4963,#4027,#4028);
#3545=AXIS2_PLACEMENT_3D('',#4967,#4030,#4031);
#3546=AXIS2_PLACEMENT_3D('',#4971,#4033,#4034);
#3547=AXIS2_PLACEMENT_3D('',#4972,#4035,#4036);
#3548=AXIS2_PLACEMENT_3D('',#4973,#4037,#4038);
#3549=AXIS2_PLACEMENT_3D('',#4978,#4040,#4041);
#3550=AXIS2_PLACEMENT_3D('',#4981,#4043,#4044);
#3551=AXIS2_PLACEMENT_3D('',#4982,#4045,#4046);
#3552=AXIS2_PLACEMENT_3D('',#4987,#4048,#4049);
#3553=AXIS2_PLACEMENT_3D('',#4990,#4051,#4052);
#3554=AXIS2_PLACEMENT_3D('',#4994,#4054,#4055);
#3555=AXIS2_PLACEMENT_3D('',#4998,#4057,#4058);
#3556=AXIS2_PLACEMENT_3D('',#4999,#4059,#4060);
#3557=AXIS2_PLACEMENT_3D('',#5003,#4062,#4063);
#3558=AXIS2_PLACEMENT_3D('',#5007,#4065,#4066);
#3559=AXIS2_PLACEMENT_3D('',#5008,#4067,#4068);
#3560=AXIS2_PLACEMENT_3D('',#5012,#4070,#4071);
#3561=AXIS2_PLACEMENT_3D('',#5016,#4073,#4074);
#3562=AXIS2_PLACEMENT_3D('',#5017,#4075,#4076);
#3563=AXIS2_PLACEMENT_3D('',#5021,#4078,#4079);
#3564=AXIS2_PLACEMENT_3D('',#5025,#4081,#4082);
#3565=AXIS2_PLACEMENT_3D('',#5026,#4083,#4084);
#3566=AXIS2_PLACEMENT_3D('',#5027,#4085,#4086);
#3567=AXIS2_PLACEMENT_3D('',#5029,#4087,#4088);
#3568=AXIS2_PLACEMENT_3D('',#5093,#4089,#4090);
#3569=AXIS2_PLACEMENT_3D('',#5095,#4091,#4092);
#3570=AXIS2_PLACEMENT_3D('',#5097,#4093,#4094);
#3571=AXIS2_PLACEMENT_3D('',#5160,#4095,#4096);
#3572=AXIS2_PLACEMENT_3D('',#5162,#4097,#4098);
#3573=AXIS2_PLACEMENT_3D('',#5164,#4099,#4100);
#3574=AXIS2_PLACEMENT_3D('',#5227,#4101,#4102);
#3575=AXIS2_PLACEMENT_3D('',#5229,#4103,#4104);
#3576=AXIS2_PLACEMENT_3D('',#5231,#4105,#4106);
#3577=AXIS2_PLACEMENT_3D('',#5294,#4107,#4108);
#3578=AXIS2_PLACEMENT_3D('',#5296,#4109,#4110);
#3579=AXIS2_PLACEMENT_3D('',#5298,#4111,#4112);
#3580=AXIS2_PLACEMENT_3D('',#5361,#4113,#4114);
#3581=AXIS2_PLACEMENT_3D('',#5363,#4115,#4116);
#3582=AXIS2_PLACEMENT_3D('',#5365,#4117,#4118);
#3583=AXIS2_PLACEMENT_3D('',#5428,#4119,#4120);
#3584=AXIS2_PLACEMENT_3D('',#5430,#4121,#4122);
#3585=AXIS2_PLACEMENT_3D('',#5432,#4123,#4124);
#3586=AXIS2_PLACEMENT_3D('',#5495,#4125,#4126);
#3587=AXIS2_PLACEMENT_3D('',#5497,#4127,#4128);
#3588=AXIS2_PLACEMENT_3D('',#5499,#4129,#4130);
#3589=AXIS2_PLACEMENT_3D('',#5562,#4131,#4132);
#3590=AXIS2_PLACEMENT_3D('',#5564,#4133,#4134);
#3591=AXIS2_PLACEMENT_3D('',#5566,#4135,#4136);
#3592=AXIS2_PLACEMENT_3D('',#5629,#4137,#4138);
#3593=AXIS2_PLACEMENT_3D('',#5631,#4139,#4140);
#3594=AXIS2_PLACEMENT_3D('',#5633,#4141,#4142);
#3595=AXIS2_PLACEMENT_3D('',#5696,#4143,#4144);
#3596=AXIS2_PLACEMENT_3D('',#5698,#4145,#4146);
#3597=AXIS2_PLACEMENT_3D('',#5700,#4147,#4148);
#3598=AXIS2_PLACEMENT_3D('',#5763,#4149,#4150);
#3599=AXIS2_PLACEMENT_3D('',#5765,#4151,#4152);
#3600=AXIS2_PLACEMENT_3D('',#5767,#4153,#4154);
#3601=AXIS2_PLACEMENT_3D('',#5830,#4155,#4156);
#3602=AXIS2_PLACEMENT_3D('',#5832,#4157,#4158);
#3603=AXIS2_PLACEMENT_3D('',#5834,#4159,#4160);
#3604=AXIS2_PLACEMENT_3D('',#5897,#4161,#4162);
#3605=AXIS2_PLACEMENT_3D('',#5899,#4163,#4164);
#3606=AXIS2_PLACEMENT_3D('',#5901,#4165,#4166);
#3607=AXIS2_PLACEMENT_3D('',#5964,#4167,#4168);
#3608=AXIS2_PLACEMENT_3D('',#5966,#4169,#4170);
#3609=AXIS2_PLACEMENT_3D('',#5968,#4171,#4172);
#3610=AXIS2_PLACEMENT_3D('',#6031,#4173,#4174);
#3611=AXIS2_PLACEMENT_3D('',#6033,#4175,#4176);
#3612=AXIS2_PLACEMENT_3D('',#6035,#4177,#4178);
#3613=AXIS2_PLACEMENT_3D('',#6098,#4179,#4180);
#3614=AXIS2_PLACEMENT_3D('',#6100,#4181,#4182);
#3615=AXIS2_PLACEMENT_3D('',#6102,#4183,#4184);
#3616=AXIS2_PLACEMENT_3D('',#6165,#4185,#4186);
#3617=AXIS2_PLACEMENT_3D('',#6167,#4187,#4188);
#3618=AXIS2_PLACEMENT_3D('',#6169,#4189,#4190);
#3619=AXIS2_PLACEMENT_3D('',#6232,#4191,#4192);
#3620=AXIS2_PLACEMENT_3D('',#6234,#4193,#4194);
#3621=AXIS2_PLACEMENT_3D('',#6236,#4195,#4196);
#3622=AXIS2_PLACEMENT_3D('',#6299,#4197,#4198);
#3623=AXIS2_PLACEMENT_3D('',#6301,#4199,#4200);
#3624=AXIS2_PLACEMENT_3D('',#6303,#4201,#4202);
#3625=AXIS2_PLACEMENT_3D('',#6366,#4203,#4204);
#3626=AXIS2_PLACEMENT_3D('',#6368,#4205,#4206);
#3627=AXIS2_PLACEMENT_3D('',#6370,#4207,#4208);
#3628=AXIS2_PLACEMENT_3D('',#6433,#4209,#4210);
#3629=AXIS2_PLACEMENT_3D('',#6435,#4211,#4212);
#3630=AXIS2_PLACEMENT_3D('',#6437,#4213,#4214);
#3631=AXIS2_PLACEMENT_3D('',#6500,#4215,#4216);
#3632=AXIS2_PLACEMENT_3D('',#6502,#4217,#4218);
#3633=AXIS2_PLACEMENT_3D('',#6504,#4219,#4220);
#3634=AXIS2_PLACEMENT_3D('',#6567,#4221,#4222);
#3635=AXIS2_PLACEMENT_3D('',#6569,#4223,#4224);
#3636=AXIS2_PLACEMENT_3D('',#6571,#4225,#4226);
#3637=AXIS2_PLACEMENT_3D('',#6634,#4227,#4228);
#3638=AXIS2_PLACEMENT_3D('',#6636,#4229,#4230);
#3639=AXIS2_PLACEMENT_3D('',#6638,#4231,#4232);
#3640=AXIS2_PLACEMENT_3D('',#6701,#4233,#4234);
#3641=AXIS2_PLACEMENT_3D('',#6703,#4235,#4236);
#3642=AXIS2_PLACEMENT_3D('',#6705,#4237,#4238);
#3643=AXIS2_PLACEMENT_3D('',#6768,#4239,#4240);
#3644=AXIS2_PLACEMENT_3D('',#6770,#4241,#4242);
#3645=AXIS2_PLACEMENT_3D('',#6772,#4243,#4244);
#3646=AXIS2_PLACEMENT_3D('',#6835,#4245,#4246);
#3647=AXIS2_PLACEMENT_3D('',#6837,#4247,#4248);
#3648=AXIS2_PLACEMENT_3D('',#6839,#4249,#4250);
#3649=AXIS2_PLACEMENT_3D('',#6902,#4251,#4252);
#3650=AXIS2_PLACEMENT_3D('',#6904,#4253,#4254);
#3651=AXIS2_PLACEMENT_3D('',#6906,#4255,#4256);
#3652=AXIS2_PLACEMENT_3D('',#6969,#4257,#4258);
#3653=AXIS2_PLACEMENT_3D('',#6971,#4259,#4260);
#3654=AXIS2_PLACEMENT_3D('',#6973,#4261,#4262);
#3655=AXIS2_PLACEMENT_3D('',#7036,#4263,#4264);
#3656=AXIS2_PLACEMENT_3D('',#7038,#4265,#4266);
#3657=AXIS2_PLACEMENT_3D('',#7039,#4267,#4268);
#3658=AXIS2_PLACEMENT_3D('',#7040,#4269,#4270);
#3659=AXIS2_PLACEMENT_3D('',#7104,#4271,#4272);
#3660=AXIS2_PLACEMENT_3D('',#7106,#4273,#4274);
#3661=AXIS2_PLACEMENT_3D('',#7108,#4275,#4276);
#3662=AXIS2_PLACEMENT_3D('',#7171,#4277,#4278);
#3663=AXIS2_PLACEMENT_3D('',#7173,#4279,#4280);
#3664=AXIS2_PLACEMENT_3D('',#7175,#4281,#4282);
#3665=AXIS2_PLACEMENT_3D('',#7238,#4283,#4284);
#3666=AXIS2_PLACEMENT_3D('',#7240,#4285,#4286);
#3667=AXIS2_PLACEMENT_3D('',#7242,#4287,#4288);
#3668=AXIS2_PLACEMENT_3D('',#7305,#4289,#4290);
#3669=AXIS2_PLACEMENT_3D('',#7307,#4291,#4292);
#3670=AXIS2_PLACEMENT_3D('',#7309,#4293,#4294);
#3671=AXIS2_PLACEMENT_3D('',#7372,#4295,#4296);
#3672=AXIS2_PLACEMENT_3D('',#7374,#4297,#4298);
#3673=AXIS2_PLACEMENT_3D('',#7376,#4299,#4300);
#3674=AXIS2_PLACEMENT_3D('',#7439,#4301,#4302);
#3675=AXIS2_PLACEMENT_3D('',#7441,#4303,#4304);
#3676=AXIS2_PLACEMENT_3D('',#7443,#4305,#4306);
#3677=AXIS2_PLACEMENT_3D('',#7506,#4307,#4308);
#3678=AXIS2_PLACEMENT_3D('',#7508,#4309,#4310);
#3679=AXIS2_PLACEMENT_3D('',#7510,#4311,#4312);
#3680=AXIS2_PLACEMENT_3D('',#7573,#4313,#4314);
#3681=AXIS2_PLACEMENT_3D('',#7575,#4315,#4316);
#3682=AXIS2_PLACEMENT_3D('',#7577,#4317,#4318);
#3683=AXIS2_PLACEMENT_3D('',#7640,#4319,#4320);
#3684=AXIS2_PLACEMENT_3D('',#7642,#4321,#4322);
#3685=AXIS2_PLACEMENT_3D('',#7644,#4323,#4324);
#3686=AXIS2_PLACEMENT_3D('',#7707,#4325,#4326);
#3687=AXIS2_PLACEMENT_3D('',#7709,#4327,#4328);
#3688=AXIS2_PLACEMENT_3D('',#7711,#4329,#4330);
#3689=AXIS2_PLACEMENT_3D('',#7774,#4331,#4332);
#3690=AXIS2_PLACEMENT_3D('',#7776,#4333,#4334);
#3691=AXIS2_PLACEMENT_3D('',#7778,#4335,#4336);
#3692=AXIS2_PLACEMENT_3D('',#7841,#4337,#4338);
#3693=AXIS2_PLACEMENT_3D('',#7843,#4339,#4340);
#3694=AXIS2_PLACEMENT_3D('',#7845,#4341,#4342);
#3695=AXIS2_PLACEMENT_3D('',#7908,#4343,#4344);
#3696=AXIS2_PLACEMENT_3D('',#7910,#4345,#4346);
#3697=AXIS2_PLACEMENT_3D('',#7912,#4347,#4348);
#3698=AXIS2_PLACEMENT_3D('',#7975,#4349,#4350);
#3699=AXIS2_PLACEMENT_3D('',#7977,#4351,#4352);
#3700=AXIS2_PLACEMENT_3D('',#7979,#4353,#4354);
#3701=AXIS2_PLACEMENT_3D('',#8042,#4355,#4356);
#3702=AXIS2_PLACEMENT_3D('',#8044,#4357,#4358);
#3703=AXIS2_PLACEMENT_3D('',#8046,#4359,#4360);
#3704=AXIS2_PLACEMENT_3D('',#8109,#4361,#4362);
#3705=AXIS2_PLACEMENT_3D('',#8111,#4363,#4364);
#3706=AXIS2_PLACEMENT_3D('',#8113,#4365,#4366);
#3707=AXIS2_PLACEMENT_3D('',#8176,#4367,#4368);
#3708=AXIS2_PLACEMENT_3D('',#8178,#4369,#4370);
#3709=AXIS2_PLACEMENT_3D('',#8180,#4371,#4372);
#3710=AXIS2_PLACEMENT_3D('',#8243,#4373,#4374);
#3711=AXIS2_PLACEMENT_3D('',#8245,#4375,#4376);
#3712=AXIS2_PLACEMENT_3D('',#8247,#4377,#4378);
#3713=AXIS2_PLACEMENT_3D('',#8310,#4379,#4380);
#3714=AXIS2_PLACEMENT_3D('',#8312,#4381,#4382);
#3715=AXIS2_PLACEMENT_3D('',#8314,#4383,#4384);
#3716=AXIS2_PLACEMENT_3D('',#8377,#4385,#4386);
#3717=AXIS2_PLACEMENT_3D('',#8379,#4387,#4388);
#3718=AXIS2_PLACEMENT_3D('',#8381,#4389,#4390);
#3719=AXIS2_PLACEMENT_3D('',#8444,#4391,#4392);
#3720=AXIS2_PLACEMENT_3D('',#8446,#4393,#4394);
#3721=AXIS2_PLACEMENT_3D('',#8448,#4395,#4396);
#3722=AXIS2_PLACEMENT_3D('',#8511,#4397,#4398);
#3723=AXIS2_PLACEMENT_3D('',#8513,#4399,#4400);
#3724=AXIS2_PLACEMENT_3D('',#8515,#4401,#4402);
#3725=AXIS2_PLACEMENT_3D('',#8578,#4403,#4404);
#3726=AXIS2_PLACEMENT_3D('',#8580,#4405,#4406);
#3727=AXIS2_PLACEMENT_3D('',#8582,#4407,#4408);
#3728=AXIS2_PLACEMENT_3D('',#8645,#4409,#4410);
#3729=AXIS2_PLACEMENT_3D('',#8647,#4411,#4412);
#3730=AXIS2_PLACEMENT_3D('',#8649,#4413,#4414);
#3731=AXIS2_PLACEMENT_3D('',#8712,#4415,#4416);
#3732=AXIS2_PLACEMENT_3D('',#8714,#4417,#4418);
#3733=AXIS2_PLACEMENT_3D('',#8716,#4419,#4420);
#3734=AXIS2_PLACEMENT_3D('',#8779,#4421,#4422);
#3735=AXIS2_PLACEMENT_3D('',#8781,#4423,#4424);
#3736=AXIS2_PLACEMENT_3D('',#8783,#4425,#4426);
#3737=AXIS2_PLACEMENT_3D('',#8846,#4427,#4428);
#3738=AXIS2_PLACEMENT_3D('',#8848,#4429,#4430);
#3739=AXIS2_PLACEMENT_3D('',#8850,#4431,#4432);
#3740=AXIS2_PLACEMENT_3D('',#8913,#4433,#4434);
#3741=AXIS2_PLACEMENT_3D('',#8915,#4435,#4436);
#3742=AXIS2_PLACEMENT_3D('',#8917,#4437,#4438);
#3743=AXIS2_PLACEMENT_3D('',#8980,#4439,#4440);
#3744=AXIS2_PLACEMENT_3D('',#8982,#4441,#4442);
#3745=AXIS2_PLACEMENT_3D('',#8984,#4443,#4444);
#3746=AXIS2_PLACEMENT_3D('',#9047,#4445,#4446);
#3747=AXIS2_PLACEMENT_3D('',#9049,#4447,#4448);
#3748=AXIS2_PLACEMENT_3D('',#9076,#4451,#4452);
#3749=AXIS2_PLACEMENT_3D('',#9079,#4455,#4456);
#3750=AXIS2_PLACEMENT_3D('',#9080,#4457,#4458);
#3751=AXIS2_PLACEMENT_3D('',#9107,#4461,#4462);
#3752=AXIS2_PLACEMENT_3D('',#9110,#4465,#4466);
#3753=AXIS2_PLACEMENT_3D('',#9111,#4467,#4468);
#3754=AXIS2_PLACEMENT_3D('',#9138,#4471,#4472);
#3755=AXIS2_PLACEMENT_3D('',#9141,#4475,#4476);
#3756=AXIS2_PLACEMENT_3D('',#9142,#4477,#4478);
#3757=AXIS2_PLACEMENT_3D('',#9169,#4481,#4482);
#3758=AXIS2_PLACEMENT_3D('',#9172,#4485,#4486);
#3759=AXIS2_PLACEMENT_3D('',#9173,#4487,#4488);
#3760=AXIS2_PLACEMENT_3D('',#9200,#4491,#4492);
#3761=AXIS2_PLACEMENT_3D('',#9203,#4495,#4496);
#3762=AXIS2_PLACEMENT_3D('',#9204,#4497,#4498);
#3763=AXIS2_PLACEMENT_3D('',#9231,#4501,#4502);
#3764=AXIS2_PLACEMENT_3D('',#9234,#4505,#4506);
#3765=AXIS2_PLACEMENT_3D('',#9235,#4507,#4508);
#3766=AXIS2_PLACEMENT_3D('',#9262,#4511,#4512);
#3767=AXIS2_PLACEMENT_3D('',#9265,#4515,#4516);
#3768=AXIS2_PLACEMENT_3D('',#9266,#4517,#4518);
#3769=AXIS2_PLACEMENT_3D('',#9293,#4521,#4522);
#3770=AXIS2_PLACEMENT_3D('',#9296,#4525,#4526);
#3771=AXIS2_PLACEMENT_3D('',#9297,#4527,#4528);
#3772=AXIS2_PLACEMENT_3D('',#9324,#4531,#4532);
#3773=AXIS2_PLACEMENT_3D('',#9327,#4535,#4536);
#3774=AXIS2_PLACEMENT_3D('',#9328,#4537,#4538);
#3775=AXIS2_PLACEMENT_3D('',#9355,#4541,#4542);
#3776=AXIS2_PLACEMENT_3D('',#9358,#4545,#4546);
#3777=AXIS2_PLACEMENT_3D('',#9359,#4547,#4548);
#3778=AXIS2_PLACEMENT_3D('',#9386,#4551,#4552);
#3779=AXIS2_PLACEMENT_3D('',#9389,#4555,#4556);
#3780=AXIS2_PLACEMENT_3D('',#9390,#4557,#4558);
#3781=AXIS2_PLACEMENT_3D('',#9417,#4561,#4562);
#3782=AXIS2_PLACEMENT_3D('',#9420,#4565,#4566);
#3783=AXIS2_PLACEMENT_3D('',#9421,#4567,#4568);
#3784=AXIS2_PLACEMENT_3D('',#9448,#4571,#4572);
#3785=AXIS2_PLACEMENT_3D('',#9451,#4575,#4576);
#3786=AXIS2_PLACEMENT_3D('',#9452,#4577,#4578);
#3787=AXIS2_PLACEMENT_3D('',#9479,#4581,#4582);
#3788=AXIS2_PLACEMENT_3D('',#9482,#4585,#4586);
#3789=AXIS2_PLACEMENT_3D('',#9483,#4587,#4588);
#3790=AXIS2_PLACEMENT_3D('',#9510,#4591,#4592);
#3791=AXIS2_PLACEMENT_3D('',#9513,#4595,#4596);
#3792=AXIS2_PLACEMENT_3D('',#9514,#4597,#4598);
#3793=AXIS2_PLACEMENT_3D('',#9541,#4601,#4602);
#3794=AXIS2_PLACEMENT_3D('',#9544,#4605,#4606);
#3795=AXIS2_PLACEMENT_3D('',#9545,#4607,#4608);
#3796=AXIS2_PLACEMENT_3D('',#9572,#4611,#4612);
#3797=AXIS2_PLACEMENT_3D('',#9575,#4615,#4616);
#3798=AXIS2_PLACEMENT_3D('',#9576,#4617,#4618);
#3799=AXIS2_PLACEMENT_3D('',#9603,#4621,#4622);
#3800=AXIS2_PLACEMENT_3D('',#9606,#4625,#4626);
#3801=AXIS2_PLACEMENT_3D('',#9607,#4627,#4628);
#3802=AXIS2_PLACEMENT_3D('',#9634,#4631,#4632);
#3803=AXIS2_PLACEMENT_3D('',#9637,#4635,#4636);
#3804=AXIS2_PLACEMENT_3D('',#9638,#4637,#4638);
#3805=AXIS2_PLACEMENT_3D('',#9665,#4641,#4642);
#3806=AXIS2_PLACEMENT_3D('',#9668,#4645,#4646);
#3807=AXIS2_PLACEMENT_3D('',#9669,#4647,#4648);
#3808=AXIS2_PLACEMENT_3D('',#9696,#4651,#4652);
#3809=AXIS2_PLACEMENT_3D('',#9699,#4655,#4656);
#3810=AXIS2_PLACEMENT_3D('',#9700,#4657,#4658);
#3811=AXIS2_PLACEMENT_3D('',#9727,#4661,#4662);
#3812=AXIS2_PLACEMENT_3D('',#9730,#4665,#4666);
#3813=AXIS2_PLACEMENT_3D('',#9731,#4667,#4668);
#3814=AXIS2_PLACEMENT_3D('',#9758,#4671,#4672);
#3815=AXIS2_PLACEMENT_3D('',#9761,#4675,#4676);
#3816=AXIS2_PLACEMENT_3D('',#9762,#4677,#4678);
#3817=AXIS2_PLACEMENT_3D('',#9789,#4681,#4682);
#3818=AXIS2_PLACEMENT_3D('',#9792,#4685,#4686);
#3819=AXIS2_PLACEMENT_3D('',#9793,#4687,#4688);
#3820=AXIS2_PLACEMENT_3D('',#9820,#4691,#4692);
#3821=AXIS2_PLACEMENT_3D('',#9823,#4695,#4696);
#3822=AXIS2_PLACEMENT_3D('',#9824,#4697,#4698);
#3823=AXIS2_PLACEMENT_3D('',#9851,#4701,#4702);
#3824=AXIS2_PLACEMENT_3D('',#9854,#4705,#4706);
#3825=AXIS2_PLACEMENT_3D('',#9855,#4707,#4708);
#3826=AXIS2_PLACEMENT_3D('',#9882,#4711,#4712);
#3827=AXIS2_PLACEMENT_3D('',#9885,#4715,#4716);
#3828=AXIS2_PLACEMENT_3D('',#9886,#4717,#4718);
#3829=AXIS2_PLACEMENT_3D('',#9913,#4721,#4722);
#3830=AXIS2_PLACEMENT_3D('',#9916,#4725,#4726);
#3831=AXIS2_PLACEMENT_3D('',#9917,#4727,#4728);
#3832=AXIS2_PLACEMENT_3D('',#9944,#4731,#4732);
#3833=AXIS2_PLACEMENT_3D('',#9947,#4735,#4736);
#3834=AXIS2_PLACEMENT_3D('',#9948,#4737,#4738);
#3835=AXIS2_PLACEMENT_3D('',#9975,#4741,#4742);
#3836=AXIS2_PLACEMENT_3D('',#9978,#4745,#4746);
#3837=AXIS2_PLACEMENT_3D('',#9979,#4747,#4748);
#3838=AXIS2_PLACEMENT_3D('',#9980,#4749,#4750);
#3839=AXIS2_PLACEMENT_3D('',#9981,#4751,#4752);
#3840=AXIS2_PLACEMENT_3D('',#9983,#4753,#4754);
#3841=DIRECTION('',(0.,0.,1.));
#3842=DIRECTION('',(1.,0.,0.));
#3843=DIRECTION('',(0.,0.,1.));
#3844=DIRECTION('',(1.,0.,0.));
#3845=DIRECTION('',(0.,0.,1.));
#3846=DIRECTION('',(1.,0.,0.));
#3847=DIRECTION('',(0.,0.,1.));
#3848=DIRECTION('',(0.,0.,1.));
#3849=DIRECTION('',(1.,0.,0.));
#3850=DIRECTION('',(0.,0.,1.));
#3851=DIRECTION('',(0.,0.,1.));
#3852=DIRECTION('',(1.,0.,0.));
#3853=DIRECTION('',(0.,0.,1.));
#3854=DIRECTION('',(1.,0.,0.));
#3855=DIRECTION('',(0.,0.,1.));
#3856=DIRECTION('',(0.,0.,1.));
#3857=DIRECTION('',(1.,0.,0.));
#3858=DIRECTION('',(0.,0.,1.));
#3859=DIRECTION('',(0.,0.,1.));
#3860=DIRECTION('',(1.,0.,0.));
#3861=DIRECTION('',(0.,0.,1.));
#3862=DIRECTION('',(1.,0.,0.));
#3863=DIRECTION('',(0.,0.,1.));
#3864=DIRECTION('',(0.,0.,1.));
#3865=DIRECTION('',(1.,0.,0.));
#3866=DIRECTION('',(0.,0.,1.));
#3867=DIRECTION('',(0.,0.,1.));
#3868=DIRECTION('',(1.,0.,0.));
#3869=DIRECTION('',(0.,0.,1.));
#3870=DIRECTION('',(1.,0.,0.));
#3871=DIRECTION('',(0.,0.,1.));
#3872=DIRECTION('',(0.,0.,1.));
#3873=DIRECTION('',(1.,0.,0.));
#3874=DIRECTION('',(0.,0.,1.));
#3875=DIRECTION('',(0.,0.,1.));
#3876=DIRECTION('',(1.,0.,0.));
#3877=DIRECTION('',(0.,0.,1.));
#3878=DIRECTION('',(1.,0.,0.));
#3879=DIRECTION('',(0.,0.,1.));
#3880=DIRECTION('',(0.,0.,1.));
#3881=DIRECTION('',(1.,0.,0.));
#3882=DIRECTION('',(0.,0.,1.));
#3883=DIRECTION('',(0.,0.,1.));
#3884=DIRECTION('',(1.,0.,0.));
#3885=DIRECTION('',(0.,0.,1.));
#3886=DIRECTION('',(0.,0.,1.));
#3887=DIRECTION('',(1.,0.,0.));
#3888=DIRECTION('',(0.,0.,1.));
#3889=DIRECTION('',(0.,0.,1.));
#3890=DIRECTION('',(1.,0.,0.));
#3891=DIRECTION('',(0.,0.,1.));
#3892=DIRECTION('',(1.,0.,0.));
#3893=DIRECTION('',(0.,0.,1.));
#3894=DIRECTION('',(1.,0.,0.));
#3895=DIRECTION('',(0.,0.,1.));
#3896=DIRECTION('',(0.,0.,1.));
#3897=DIRECTION('',(1.,0.,0.));
#3898=DIRECTION('',(0.,0.,1.));
#3899=DIRECTION('',(0.,0.,1.));
#3900=DIRECTION('',(1.,0.,0.));
#3901=DIRECTION('',(0.,0.,1.));
#3902=DIRECTION('',(1.,0.,0.));
#3903=DIRECTION('',(0.,0.,1.));
#3904=DIRECTION('',(0.,0.,1.));
#3905=DIRECTION('',(1.,0.,0.));
#3906=DIRECTION('',(0.,0.,1.));
#3907=DIRECTION('',(0.,0.,1.));
#3908=DIRECTION('',(1.,0.,0.));
#3909=DIRECTION('',(0.,0.,1.));
#3910=DIRECTION('',(1.,0.,0.));
#3911=DIRECTION('',(0.,0.,1.));
#3912=DIRECTION('',(0.,0.,1.));
#3913=DIRECTION('',(1.,0.,0.));
#3914=DIRECTION('',(0.,0.,1.));
#3915=DIRECTION('',(0.,0.,1.));
#3916=DIRECTION('',(1.,0.,0.));
#3917=DIRECTION('',(0.,0.,1.));
#3918=DIRECTION('',(0.,0.,1.));
#3919=DIRECTION('',(1.,0.,0.));
#3920=DIRECTION('',(0.,0.,1.));
#3921=DIRECTION('',(0.,0.,1.));
#3922=DIRECTION('',(1.,0.,0.));
#3923=DIRECTION('',(0.,0.,1.));
#3924=DIRECTION('',(1.,0.,0.));
#3925=DIRECTION('',(0.,0.,1.));
#3926=DIRECTION('',(1.,0.,0.));
#3927=DIRECTION('',(0.,0.,1.));
#3928=DIRECTION('',(0.,0.,1.));
#3929=DIRECTION('',(1.,0.,0.));
#3930=DIRECTION('',(0.,0.,1.));
#3931=DIRECTION('',(0.,0.,1.));
#3932=DIRECTION('',(1.,0.,0.));
#3933=DIRECTION('',(0.,0.,1.));
#3934=DIRECTION('',(0.,0.,1.));
#3935=DIRECTION('',(1.,0.,0.));
#3936=DIRECTION('',(0.,0.,1.));
#3937=DIRECTION('',(0.,0.,1.));
#3938=DIRECTION('',(1.,0.,0.));
#3939=DIRECTION('',(0.,0.,1.));
#3940=DIRECTION('',(1.,0.,0.));
#3941=DIRECTION('',(0.,0.,1.));
#3942=DIRECTION('',(0.,0.,1.));
#3943=DIRECTION('',(1.,0.,0.));
#3944=DIRECTION('',(0.,0.,1.));
#3945=DIRECTION('',(0.,0.,1.));
#3946=DIRECTION('',(1.,0.,0.));
#3947=DIRECTION('',(0.,0.,1.));
#3948=DIRECTION('',(1.,0.,0.));
#3949=DIRECTION('',(0.,0.,1.));
#3950=DIRECTION('',(0.,0.,1.));
#3951=DIRECTION('',(1.,0.,0.));
#3952=DIRECTION('',(0.,0.,1.));
#3953=DIRECTION('',(0.,0.,1.));
#3954=DIRECTION('',(1.,0.,0.));
#3955=DIRECTION('',(0.,0.,1.));
#3956=DIRECTION('',(1.,0.,0.));
#3957=DIRECTION('',(0.,0.,1.));
#3958=DIRECTION('',(0.,0.,1.));
#3959=DIRECTION('',(1.,0.,0.));
#3960=DIRECTION('',(0.,0.,1.));
#3961=DIRECTION('',(0.,0.,1.));
#3962=DIRECTION('',(1.,0.,0.));
#3963=DIRECTION('',(0.,0.,1.));
#3964=DIRECTION('',(1.,0.,0.));
#3965=DIRECTION('',(0.,0.,1.));
#3966=DIRECTION('',(0.,0.,1.));
#3967=DIRECTION('',(1.,0.,0.));
#3968=DIRECTION('',(0.,0.,1.));
#3969=DIRECTION('',(0.,0.,1.));
#3970=DIRECTION('',(1.,0.,0.));
#3971=DIRECTION('',(0.,0.,1.));
#3972=DIRECTION('',(1.,0.,0.));
#3973=DIRECTION('',(0.,0.,1.));
#3974=DIRECTION('',(1.,0.,0.));
#3975=DIRECTION('',(0.,0.,1.));
#3976=DIRECTION('',(0.,0.,1.));
#3977=DIRECTION('',(1.,0.,0.));
#3978=DIRECTION('',(0.,0.,1.));
#3979=DIRECTION('',(0.,0.,1.));
#3980=DIRECTION('',(1.,0.,0.));
#3981=DIRECTION('',(0.,0.,1.));
#3982=DIRECTION('',(0.,0.,1.));
#3983=DIRECTION('',(1.,0.,0.));
#3984=DIRECTION('',(0.,0.,1.));
#3985=DIRECTION('',(0.,0.,1.));
#3986=DIRECTION('',(1.,0.,0.));
#3987=DIRECTION('',(0.,0.,1.));
#3988=DIRECTION('',(1.,0.,0.));
#3989=DIRECTION('',(0.,0.,1.));
#3990=DIRECTION('',(1.,0.,0.));
#3991=DIRECTION('',(0.,0.,1.));
#3992=DIRECTION('',(0.,0.,1.));
#3993=DIRECTION('',(1.,0.,0.));
#3994=DIRECTION('',(0.,0.,1.));
#3995=DIRECTION('',(0.,0.,1.));
#3996=DIRECTION('',(1.,0.,0.));
#3997=DIRECTION('',(0.,0.,1.));
#3998=DIRECTION('',(0.,0.,1.));
#3999=DIRECTION('',(1.,0.,0.));
#4000=DIRECTION('',(0.,0.,1.));
#4001=DIRECTION('',(0.,0.,1.));
#4002=DIRECTION('',(1.,0.,0.));
#4003=DIRECTION('',(0.,0.,1.));
#4004=DIRECTION('',(1.,0.,0.));
#4005=DIRECTION('',(0.,0.,1.));
#4006=DIRECTION('',(0.,0.,1.));
#4007=DIRECTION('',(1.,0.,0.));
#4008=DIRECTION('',(0.,0.,1.));
#4009=DIRECTION('',(0.,0.,1.));
#4010=DIRECTION('',(1.,0.,0.));
#4011=DIRECTION('',(0.,0.,1.));
#4012=DIRECTION('',(1.,0.,0.));
#4013=DIRECTION('',(0.,0.,1.));
#4014=DIRECTION('',(0.,0.,1.));
#4015=DIRECTION('',(1.,0.,0.));
#4016=DIRECTION('',(0.,0.,1.));
#4017=DIRECTION('',(0.,0.,1.));
#4018=DIRECTION('',(1.,0.,0.));
#4019=DIRECTION('',(0.,0.,1.));
#4020=DIRECTION('',(1.,0.,0.));
#4021=DIRECTION('',(0.,0.,1.));
#4022=DIRECTION('',(0.,0.,1.));
#4023=DIRECTION('',(1.,0.,0.));
#4024=DIRECTION('',(0.,0.,1.));
#4025=DIRECTION('',(0.,0.,1.));
#4026=DIRECTION('',(1.,0.,0.));
#4027=DIRECTION('',(0.,0.,1.));
#4028=DIRECTION('',(1.,0.,0.));
#4029=DIRECTION('',(0.,0.,1.));
#4030=DIRECTION('',(0.,0.,1.));
#4031=DIRECTION('',(1.,0.,0.));
#4032=DIRECTION('',(0.,0.,1.));
#4033=DIRECTION('',(0.,0.,1.));
#4034=DIRECTION('',(1.,0.,0.));
#4035=DIRECTION('',(0.,0.,1.));
#4036=DIRECTION('',(1.,0.,0.));
#4037=DIRECTION('',(0.,0.,1.));
#4038=DIRECTION('',(1.,0.,0.));
#4039=DIRECTION('',(0.,0.,1.));
#4040=DIRECTION('',(0.,0.,1.));
#4041=DIRECTION('',(1.,0.,0.));
#4042=DIRECTION('',(0.,0.,1.));
#4043=DIRECTION('',(0.,0.,1.));
#4044=DIRECTION('',(1.,0.,0.));
#4045=DIRECTION('',(0.,0.,1.));
#4046=DIRECTION('',(1.,0.,0.));
#4047=DIRECTION('',(0.,0.,1.));
#4048=DIRECTION('',(0.,0.,1.));
#4049=DIRECTION('',(1.,0.,0.));
#4050=DIRECTION('',(0.,0.,1.));
#4051=DIRECTION('',(0.,0.,1.));
#4052=DIRECTION('',(1.,0.,0.));
#4053=DIRECTION('',(0.,0.,1.));
#4054=DIRECTION('',(0.,0.,1.));
#4055=DIRECTION('',(1.,0.,0.));
#4056=DIRECTION('',(0.,0.,1.));
#4057=DIRECTION('',(0.,0.,1.));
#4058=DIRECTION('',(1.,0.,0.));
#4059=DIRECTION('',(0.,0.,1.));
#4060=DIRECTION('',(1.,0.,0.));
#4061=DIRECTION('',(0.,0.,1.));
#4062=DIRECTION('',(0.,0.,1.));
#4063=DIRECTION('',(1.,0.,0.));
#4064=DIRECTION('',(0.,0.,1.));
#4065=DIRECTION('',(0.,0.,1.));
#4066=DIRECTION('',(1.,0.,0.));
#4067=DIRECTION('',(0.,0.,1.));
#4068=DIRECTION('',(1.,0.,0.));
#4069=DIRECTION('',(0.,0.,1.));
#4070=DIRECTION('',(0.,0.,1.));
#4071=DIRECTION('',(1.,0.,0.));
#4072=DIRECTION('',(0.,0.,1.));
#4073=DIRECTION('',(0.,0.,1.));
#4074=DIRECTION('',(1.,0.,0.));
#4075=DIRECTION('',(0.,0.,1.));
#4076=DIRECTION('',(1.,0.,0.));
#4077=DIRECTION('',(0.,0.,1.));
#4078=DIRECTION('',(0.,0.,1.));
#4079=DIRECTION('',(1.,0.,0.));
#4080=DIRECTION('',(0.,0.,1.));
#4081=DIRECTION('',(0.,0.,1.));
#4082=DIRECTION('',(1.,0.,0.));
#4083=DIRECTION('',(0.,0.,1.));
#4084=DIRECTION('',(1.,0.,0.));
#4085=DIRECTION('',(0.,0.,1.));
#4086=DIRECTION('',(1.,0.,0.));
#4087=DIRECTION('',(0.,0.,1.));
#4088=DIRECTION('',(-0.104528463267654,0.994521895368273,0.));
#4089=DIRECTION('',(0.,0.,1.));
#4090=DIRECTION('',(-0.309016994374948,0.951056516295154,0.));
#4091=DIRECTION('',(0.,0.,1.));
#4092=DIRECTION('',(-0.309016994374948,0.951056516295154,0.));
#4093=DIRECTION('',(0.,0.,1.));
#4094=DIRECTION('',(-0.309016994374948,0.951056516295154,0.));
#4095=DIRECTION('',(0.,0.,1.));
#4096=DIRECTION('',(-0.5,0.866025403784439,0.));
#4097=DIRECTION('',(0.,0.,1.));
#4098=DIRECTION('',(-0.5,0.866025403784439,0.));
#4099=DIRECTION('',(0.,0.,1.));
#4100=DIRECTION('',(-0.5,0.866025403784439,0.));
#4101=DIRECTION('',(0.,0.,1.));
#4102=DIRECTION('',(-0.669130606358858,0.743144825477394,0.));
#4103=DIRECTION('',(0.,0.,1.));
#4104=DIRECTION('',(-0.669130606358858,0.743144825477394,0.));
#4105=DIRECTION('',(0.,0.,1.));
#4106=DIRECTION('',(-0.669130606358858,0.743144825477394,0.));
#4107=DIRECTION('',(0.,0.,1.));
#4108=DIRECTION('',(-0.809016994374947,0.587785252292473,0.));
#4109=DIRECTION('',(0.,0.,1.));
#4110=DIRECTION('',(-0.809016994374947,0.587785252292473,0.));
#4111=DIRECTION('',(0.,0.,1.));
#4112=DIRECTION('',(-0.809016994374947,0.587785252292473,0.));
#4113=DIRECTION('',(0.,0.,1.));
#4114=DIRECTION('',(-0.913545457642601,0.4067366430758,0.));
#4115=DIRECTION('',(0.,0.,1.));
#4116=DIRECTION('',(-0.913545457642601,0.4067366430758,0.));
#4117=DIRECTION('',(0.,0.,1.));
#4118=DIRECTION('',(-0.913545457642601,0.4067366430758,0.));
#4119=DIRECTION('',(0.,0.,1.));
#4120=DIRECTION('',(-0.978147600733806,0.207911690817759,0.));
#4121=DIRECTION('',(0.,0.,1.));
#4122=DIRECTION('',(-0.978147600733806,0.207911690817759,0.));
#4123=DIRECTION('',(0.,0.,1.));
#4124=DIRECTION('',(-0.978147600733806,0.207911690817759,0.));
#4125=DIRECTION('',(0.,0.,1.));
#4126=DIRECTION('',(-1.,1.22464679914735E-16,0.));
#4127=DIRECTION('',(0.,0.,1.));
#4128=DIRECTION('',(-1.,1.22464679914735E-16,0.));
#4129=DIRECTION('',(0.,0.,1.));
#4130=DIRECTION('',(-1.,1.22464679914735E-16,0.));
#4131=DIRECTION('',(0.,0.,1.));
#4132=DIRECTION('',(-0.978147600733806,-0.207911690817759,0.));
#4133=DIRECTION('',(0.,0.,1.));
#4134=DIRECTION('',(-0.978147600733806,-0.207911690817759,0.));
#4135=DIRECTION('',(0.,0.,1.));
#4136=DIRECTION('',(-0.978147600733806,-0.207911690817759,0.));
#4137=DIRECTION('',(0.,0.,1.));
#4138=DIRECTION('',(-0.913545457642601,-0.4067366430758,0.));
#4139=DIRECTION('',(0.,0.,1.));
#4140=DIRECTION('',(-0.913545457642601,-0.4067366430758,0.));
#4141=DIRECTION('',(0.,0.,1.));
#4142=DIRECTION('',(-0.913545457642601,-0.4067366430758,0.));
#4143=DIRECTION('',(0.,0.,1.));
#4144=DIRECTION('',(-0.809016994374948,-0.587785252292473,0.));
#4145=DIRECTION('',(0.,0.,1.));
#4146=DIRECTION('',(-0.809016994374948,-0.587785252292473,0.));
#4147=DIRECTION('',(0.,0.,1.));
#4148=DIRECTION('',(-0.809016994374948,-0.587785252292473,0.));
#4149=DIRECTION('',(0.,0.,1.));
#4150=DIRECTION('',(-0.669130606358858,-0.743144825477394,0.));
#4151=DIRECTION('',(0.,0.,1.));
#4152=DIRECTION('',(-0.669130606358858,-0.743144825477394,0.));
#4153=DIRECTION('',(0.,0.,1.));
#4154=DIRECTION('',(-0.669130606358858,-0.743144825477394,0.));
#4155=DIRECTION('',(0.,0.,1.));
#4156=DIRECTION('',(-0.5,-0.866025403784438,0.));
#4157=DIRECTION('',(0.,0.,1.));
#4158=DIRECTION('',(-0.5,-0.866025403784438,0.));
#4159=DIRECTION('',(0.,0.,1.));
#4160=DIRECTION('',(-0.5,-0.866025403784438,0.));
#4161=DIRECTION('',(0.,0.,1.));
#4162=DIRECTION('',(-0.309016994374948,-0.951056516295154,0.));
#4163=DIRECTION('',(0.,0.,1.));
#4164=DIRECTION('',(-0.309016994374948,-0.951056516295154,0.));
#4165=DIRECTION('',(0.,0.,1.));
#4166=DIRECTION('',(-0.309016994374948,-0.951056516295154,0.));
#4167=DIRECTION('',(0.,0.,1.));
#4168=DIRECTION('',(-0.104528463267653,-0.994521895368273,0.));
#4169=DIRECTION('',(0.,0.,1.));
#4170=DIRECTION('',(-0.104528463267653,-0.994521895368273,0.));
#4171=DIRECTION('',(0.,0.,1.));
#4172=DIRECTION('',(-0.104528463267653,-0.994521895368273,0.));
#4173=DIRECTION('',(0.,0.,1.));
#4174=DIRECTION('',(0.104528463267653,-0.994521895368273,0.));
#4175=DIRECTION('',(0.,0.,1.));
#4176=DIRECTION('',(0.104528463267653,-0.994521895368273,0.));
#4177=DIRECTION('',(0.,0.,1.));
#4178=DIRECTION('',(0.104528463267653,-0.994521895368273,0.));
#4179=DIRECTION('',(0.,0.,1.));
#4180=DIRECTION('',(0.309016994374948,-0.951056516295154,0.));
#4181=DIRECTION('',(0.,0.,1.));
#4182=DIRECTION('',(0.309016994374948,-0.951056516295154,0.));
#4183=DIRECTION('',(0.,0.,1.));
#4184=DIRECTION('',(0.309016994374948,-0.951056516295154,0.));
#4185=DIRECTION('',(0.,0.,1.));
#4186=DIRECTION('',(0.5,-0.866025403784439,0.));
#4187=DIRECTION('',(0.,0.,1.));
#4188=DIRECTION('',(0.5,-0.866025403784439,0.));
#4189=DIRECTION('',(0.,0.,1.));
#4190=DIRECTION('',(0.5,-0.866025403784439,0.));
#4191=DIRECTION('',(0.,0.,1.));
#4192=DIRECTION('',(0.669130606358858,-0.743144825477395,0.));
#4193=DIRECTION('',(0.,0.,1.));
#4194=DIRECTION('',(0.669130606358858,-0.743144825477395,0.));
#4195=DIRECTION('',(0.,0.,1.));
#4196=DIRECTION('',(0.669130606358858,-0.743144825477395,0.));
#4197=DIRECTION('',(0.,0.,1.));
#4198=DIRECTION('',(0.809016994374947,-0.587785252292473,0.));
#4199=DIRECTION('',(0.,0.,1.));
#4200=DIRECTION('',(0.809016994374947,-0.587785252292473,0.));
#4201=DIRECTION('',(0.,0.,1.));
#4202=DIRECTION('',(0.809016994374947,-0.587785252292473,0.));
#4203=DIRECTION('',(0.,0.,1.));
#4204=DIRECTION('',(0.913545457642601,-0.4067366430758,0.));
#4205=DIRECTION('',(0.,0.,1.));
#4206=DIRECTION('',(0.913545457642601,-0.4067366430758,0.));
#4207=DIRECTION('',(0.,0.,1.));
#4208=DIRECTION('',(0.913545457642601,-0.4067366430758,0.));
#4209=DIRECTION('',(0.,0.,1.));
#4210=DIRECTION('',(0.978147600733806,-0.20791169081776,0.));
#4211=DIRECTION('',(0.,0.,1.));
#4212=DIRECTION('',(0.978147600733806,-0.20791169081776,0.));
#4213=DIRECTION('',(0.,0.,1.));
#4214=DIRECTION('',(0.978147600733806,-0.20791169081776,0.));
#4215=DIRECTION('',(0.,0.,1.));
#4216=DIRECTION('',(1.,0.,0.));
#4217=DIRECTION('',(0.,0.,1.));
#4218=DIRECTION('',(1.,0.,0.));
#4219=DIRECTION('',(0.,0.,1.));
#4220=DIRECTION('',(1.,0.,0.));
#4221=DIRECTION('',(0.,0.,1.));
#4222=DIRECTION('',(0.978147600733806,0.207911690817759,0.));
#4223=DIRECTION('',(0.,0.,1.));
#4224=DIRECTION('',(0.978147600733806,0.207911690817759,0.));
#4225=DIRECTION('',(0.,0.,1.));
#4226=DIRECTION('',(0.978147600733806,0.207911690817759,0.));
#4227=DIRECTION('',(0.,0.,1.));
#4228=DIRECTION('',(0.913545457642601,0.4067366430758,0.));
#4229=DIRECTION('',(0.,0.,1.));
#4230=DIRECTION('',(0.913545457642601,0.4067366430758,0.));
#4231=DIRECTION('',(0.,0.,1.));
#4232=DIRECTION('',(0.913545457642601,0.4067366430758,0.));
#4233=DIRECTION('',(0.,0.,1.));
#4234=DIRECTION('',(0.809016994374948,0.587785252292473,0.));
#4235=DIRECTION('',(0.,0.,1.));
#4236=DIRECTION('',(0.809016994374948,0.587785252292473,0.));
#4237=DIRECTION('',(0.,0.,1.));
#4238=DIRECTION('',(0.809016994374948,0.587785252292473,0.));
#4239=DIRECTION('',(0.,0.,1.));
#4240=DIRECTION('',(0.669130606358858,0.743144825477394,0.));
#4241=DIRECTION('',(0.,0.,1.));
#4242=DIRECTION('',(0.669130606358858,0.743144825477394,0.));
#4243=DIRECTION('',(0.,0.,1.));
#4244=DIRECTION('',(0.669130606358858,0.743144825477394,0.));
#4245=DIRECTION('',(0.,0.,1.));
#4246=DIRECTION('',(0.5,0.866025403784439,0.));
#4247=DIRECTION('',(0.,0.,1.));
#4248=DIRECTION('',(0.5,0.866025403784439,0.));
#4249=DIRECTION('',(0.,0.,1.));
#4250=DIRECTION('',(0.5,0.866025403784439,0.));
#4251=DIRECTION('',(0.,0.,1.));
#4252=DIRECTION('',(0.309016994374948,0.951056516295154,0.));
#4253=DIRECTION('',(0.,0.,1.));
#4254=DIRECTION('',(0.309016994374948,0.951056516295154,0.));
#4255=DIRECTION('',(0.,0.,1.));
#4256=DIRECTION('',(0.309016994374948,0.951056516295154,0.));
#4257=DIRECTION('',(0.,0.,1.));
#4258=DIRECTION('',(0.104528463267653,0.994521895368273,0.));
#4259=DIRECTION('',(0.,0.,1.));
#4260=DIRECTION('',(0.104528463267653,0.994521895368273,0.));
#4261=DIRECTION('',(0.,0.,1.));
#4262=DIRECTION('',(0.104528463267653,0.994521895368273,0.));
#4263=DIRECTION('',(0.,0.,1.));
#4264=DIRECTION('',(-0.104528463267654,0.994521895368273,0.));
#4265=DIRECTION('',(0.,0.,1.));
#4266=DIRECTION('',(-0.104528463267654,0.994521895368273,0.));
#4267=DIRECTION('',(0.,0.,1.));
#4268=DIRECTION('',(1.,0.,0.));
#4269=DIRECTION('',(0.,0.,1.));
#4270=DIRECTION('',(-0.104528463267654,0.994521895368273,0.));
#4271=DIRECTION('',(0.,0.,1.));
#4272=DIRECTION('',(0.104528463267653,0.994521895368273,0.));
#4273=DIRECTION('',(0.,0.,1.));
#4274=DIRECTION('',(0.104528463267653,0.994521895368273,0.));
#4275=DIRECTION('',(0.,0.,1.));
#4276=DIRECTION('',(0.104528463267653,0.994521895368273,0.));
#4277=DIRECTION('',(0.,0.,1.));
#4278=DIRECTION('',(0.309016994374948,0.951056516295154,0.));
#4279=DIRECTION('',(0.,0.,1.));
#4280=DIRECTION('',(0.309016994374948,0.951056516295154,0.));
#4281=DIRECTION('',(0.,0.,1.));
#4282=DIRECTION('',(0.309016994374948,0.951056516295154,0.));
#4283=DIRECTION('',(0.,0.,1.));
#4284=DIRECTION('',(0.5,0.866025403784439,0.));
#4285=DIRECTION('',(0.,0.,1.));
#4286=DIRECTION('',(0.5,0.866025403784439,0.));
#4287=DIRECTION('',(0.,0.,1.));
#4288=DIRECTION('',(0.5,0.866025403784439,0.));
#4289=DIRECTION('',(0.,0.,1.));
#4290=DIRECTION('',(0.669130606358858,0.743144825477394,0.));
#4291=DIRECTION('',(0.,0.,1.));
#4292=DIRECTION('',(0.669130606358858,0.743144825477394,0.));
#4293=DIRECTION('',(0.,0.,1.));
#4294=DIRECTION('',(0.669130606358858,0.743144825477394,0.));
#4295=DIRECTION('',(0.,0.,1.));
#4296=DIRECTION('',(0.809016994374948,0.587785252292473,0.));
#4297=DIRECTION('',(0.,0.,1.));
#4298=DIRECTION('',(0.809016994374948,0.587785252292473,0.));
#4299=DIRECTION('',(0.,0.,1.));
#4300=DIRECTION('',(0.809016994374948,0.587785252292473,0.));
#4301=DIRECTION('',(0.,0.,1.));
#4302=DIRECTION('',(0.913545457642601,0.4067366430758,0.));
#4303=DIRECTION('',(0.,0.,1.));
#4304=DIRECTION('',(0.913545457642601,0.4067366430758,0.));
#4305=DIRECTION('',(0.,0.,1.));
#4306=DIRECTION('',(0.913545457642601,0.4067366430758,0.));
#4307=DIRECTION('',(0.,0.,1.));
#4308=DIRECTION('',(0.978147600733806,0.207911690817759,0.));
#4309=DIRECTION('',(0.,0.,1.));
#4310=DIRECTION('',(0.978147600733806,0.207911690817759,0.));
#4311=DIRECTION('',(0.,0.,1.));
#4312=DIRECTION('',(0.978147600733806,0.207911690817759,0.));
#4313=DIRECTION('',(0.,0.,1.));
#4314=DIRECTION('',(1.,0.,0.));
#4315=DIRECTION('',(0.,0.,1.));
#4316=DIRECTION('',(1.,0.,0.));
#4317=DIRECTION('',(0.,0.,1.));
#4318=DIRECTION('',(1.,0.,0.));
#4319=DIRECTION('',(0.,0.,1.));
#4320=DIRECTION('',(0.978147600733806,-0.20791169081776,0.));
#4321=DIRECTION('',(0.,0.,1.));
#4322=DIRECTION('',(0.978147600733806,-0.20791169081776,0.));
#4323=DIRECTION('',(0.,0.,1.));
#4324=DIRECTION('',(0.978147600733806,-0.20791169081776,0.));
#4325=DIRECTION('',(0.,0.,1.));
#4326=DIRECTION('',(0.913545457642601,-0.4067366430758,0.));
#4327=DIRECTION('',(0.,0.,1.));
#4328=DIRECTION('',(0.913545457642601,-0.4067366430758,0.));
#4329=DIRECTION('',(0.,0.,1.));
#4330=DIRECTION('',(0.913545457642601,-0.4067366430758,0.));
#4331=DIRECTION('',(0.,0.,1.));
#4332=DIRECTION('',(0.809016994374947,-0.587785252292473,0.));
#4333=DIRECTION('',(0.,0.,1.));
#4334=DIRECTION('',(0.809016994374947,-0.587785252292473,0.));
#4335=DIRECTION('',(0.,0.,1.));
#4336=DIRECTION('',(0.809016994374947,-0.587785252292473,0.));
#4337=DIRECTION('',(0.,0.,1.));
#4338=DIRECTION('',(0.669130606358858,-0.743144825477395,0.));
#4339=DIRECTION('',(0.,0.,1.));
#4340=DIRECTION('',(0.669130606358858,-0.743144825477395,0.));
#4341=DIRECTION('',(0.,0.,1.));
#4342=DIRECTION('',(0.669130606358858,-0.743144825477395,0.));
#4343=DIRECTION('',(0.,0.,1.));
#4344=DIRECTION('',(0.5,-0.866025403784439,0.));
#4345=DIRECTION('',(0.,0.,1.));
#4346=DIRECTION('',(0.5,-0.866025403784439,0.));
#4347=DIRECTION('',(0.,0.,1.));
#4348=DIRECTION('',(0.5,-0.866025403784439,0.));
#4349=DIRECTION('',(0.,0.,1.));
#4350=DIRECTION('',(0.309016994374948,-0.951056516295154,0.));
#4351=DIRECTION('',(0.,0.,1.));
#4352=DIRECTION('',(0.309016994374948,-0.951056516295154,0.));
#4353=DIRECTION('',(0.,0.,1.));
#4354=DIRECTION('',(0.309016994374948,-0.951056516295154,0.));
#4355=DIRECTION('',(0.,0.,1.));
#4356=DIRECTION('',(0.104528463267653,-0.994521895368273,0.));
#4357=DIRECTION('',(0.,0.,1.));
#4358=DIRECTION('',(0.104528463267653,-0.994521895368273,0.));
#4359=DIRECTION('',(0.,0.,1.));
#4360=DIRECTION('',(0.104528463267653,-0.994521895368273,0.));
#4361=DIRECTION('',(0.,0.,1.));
#4362=DIRECTION('',(-0.104528463267653,-0.994521895368273,0.));
#4363=DIRECTION('',(0.,0.,1.));
#4364=DIRECTION('',(-0.104528463267653,-0.994521895368273,0.));
#4365=DIRECTION('',(0.,0.,1.));
#4366=DIRECTION('',(-0.104528463267653,-0.994521895368273,0.));
#4367=DIRECTION('',(0.,0.,1.));
#4368=DIRECTION('',(-0.309016994374948,-0.951056516295154,0.));
#4369=DIRECTION('',(0.,0.,1.));
#4370=DIRECTION('',(-0.309016994374948,-0.951056516295154,0.));
#4371=DIRECTION('',(0.,0.,1.));
#4372=DIRECTION('',(-0.309016994374948,-0.951056516295154,0.));
#4373=DIRECTION('',(0.,0.,1.));
#4374=DIRECTION('',(-0.5,-0.866025403784438,0.));
#4375=DIRECTION('',(0.,0.,1.));
#4376=DIRECTION('',(-0.5,-0.866025403784438,0.));
#4377=DIRECTION('',(0.,0.,1.));
#4378=DIRECTION('',(-0.5,-0.866025403784438,0.));
#4379=DIRECTION('',(0.,0.,1.));
#4380=DIRECTION('',(-0.669130606358858,-0.743144825477394,0.));
#4381=DIRECTION('',(0.,0.,1.));
#4382=DIRECTION('',(-0.669130606358858,-0.743144825477394,0.));
#4383=DIRECTION('',(0.,0.,1.));
#4384=DIRECTION('',(-0.669130606358858,-0.743144825477394,0.));
#4385=DIRECTION('',(0.,0.,1.));
#4386=DIRECTION('',(-0.809016994374948,-0.587785252292473,0.));
#4387=DIRECTION('',(0.,0.,1.));
#4388=DIRECTION('',(-0.809016994374948,-0.587785252292473,0.));
#4389=DIRECTION('',(0.,0.,1.));
#4390=DIRECTION('',(-0.809016994374948,-0.587785252292473,0.));
#4391=DIRECTION('',(0.,0.,1.));
#4392=DIRECTION('',(-0.913545457642601,-0.4067366430758,0.));
#4393=DIRECTION('',(0.,0.,1.));
#4394=DIRECTION('',(-0.913545457642601,-0.4067366430758,0.));
#4395=DIRECTION('',(0.,0.,1.));
#4396=DIRECTION('',(-0.913545457642601,-0.4067366430758,0.));
#4397=DIRECTION('',(0.,0.,1.));
#4398=DIRECTION('',(-0.978147600733806,-0.207911690817759,0.));
#4399=DIRECTION('',(0.,0.,1.));
#4400=DIRECTION('',(-0.978147600733806,-0.207911690817759,0.));
#4401=DIRECTION('',(0.,0.,1.));
#4402=DIRECTION('',(-0.978147600733806,-0.207911690817759,0.));
#4403=DIRECTION('',(0.,0.,1.));
#4404=DIRECTION('',(-1.,1.22464679914735E-16,0.));
#4405=DIRECTION('',(0.,0.,1.));
#4406=DIRECTION('',(-1.,1.22464679914735E-16,0.));
#4407=DIRECTION('',(0.,0.,1.));
#4408=DIRECTION('',(-1.,1.22464679914735E-16,0.));
#4409=DIRECTION('',(0.,0.,1.));
#4410=DIRECTION('',(-0.978147600733806,0.207911690817759,0.));
#4411=DIRECTION('',(0.,0.,1.));
#4412=DIRECTION('',(-0.978147600733806,0.207911690817759,0.));
#4413=DIRECTION('',(0.,0.,1.));
#4414=DIRECTION('',(-0.978147600733806,0.207911690817759,0.));
#4415=DIRECTION('',(0.,0.,1.));
#4416=DIRECTION('',(-0.913545457642601,0.4067366430758,0.));
#4417=DIRECTION('',(0.,0.,1.));
#4418=DIRECTION('',(-0.913545457642601,0.4067366430758,0.));
#4419=DIRECTION('',(0.,0.,1.));
#4420=DIRECTION('',(-0.913545457642601,0.4067366430758,0.));
#4421=DIRECTION('',(0.,0.,1.));
#4422=DIRECTION('',(-0.809016994374947,0.587785252292473,0.));
#4423=DIRECTION('',(0.,0.,1.));
#4424=DIRECTION('',(-0.809016994374947,0.587785252292473,0.));
#4425=DIRECTION('',(0.,0.,1.));
#4426=DIRECTION('',(-0.809016994374947,0.587785252292473,0.));
#4427=DIRECTION('',(0.,0.,1.));
#4428=DIRECTION('',(-0.669130606358858,0.743144825477394,0.));
#4429=DIRECTION('',(0.,0.,1.));
#4430=DIRECTION('',(-0.669130606358858,0.743144825477394,0.));
#4431=DIRECTION('',(0.,0.,1.));
#4432=DIRECTION('',(-0.669130606358858,0.743144825477394,0.));
#4433=DIRECTION('',(0.,0.,1.));
#4434=DIRECTION('',(-0.5,0.866025403784439,0.));
#4435=DIRECTION('',(0.,0.,1.));
#4436=DIRECTION('',(-0.5,0.866025403784439,0.));
#4437=DIRECTION('',(0.,0.,1.));
#4438=DIRECTION('',(-0.5,0.866025403784439,0.));
#4439=DIRECTION('',(0.,0.,1.));
#4440=DIRECTION('',(-0.309016994374948,0.951056516295154,0.));
#4441=DIRECTION('',(0.,0.,1.));
#4442=DIRECTION('',(-0.309016994374948,0.951056516295154,0.));
#4443=DIRECTION('',(0.,0.,1.));
#4444=DIRECTION('',(-0.309016994374948,0.951056516295154,0.));
#4445=DIRECTION('',(0.,0.,1.));
#4446=DIRECTION('',(-0.104528463267654,0.994521895368273,0.));
#4447=DIRECTION('',(0.,0.,1.));
#4448=DIRECTION('',(-0.104528463267654,0.994521895368273,0.));
#4449=DIRECTION('',(0.,0.,1.));
#4450=DIRECTION('',(0.,0.,1.));
#4451=DIRECTION('',(0.,0.,1.));
#4452=DIRECTION('',(1.,0.,0.));
#4453=DIRECTION('',(0.,0.,1.));
#4454=DIRECTION('',(0.,0.,1.));
#4455=DIRECTION('',(0.,0.,1.));
#4456=DIRECTION('',(1.,0.,0.));
#4457=DIRECTION('',(0.,0.,1.));
#4458=DIRECTION('',(1.,0.,0.));
#4459=DIRECTION('',(0.,0.,1.));
#4460=DIRECTION('',(0.,0.,1.));
#4461=DIRECTION('',(0.,0.,1.));
#4462=DIRECTION('',(0.978147600733806,-0.20791169081776,0.));
#4463=DIRECTION('',(0.,0.,1.));
#4464=DIRECTION('',(0.,0.,1.));
#4465=DIRECTION('',(0.,0.,1.));
#4466=DIRECTION('',(0.978147600733806,-0.20791169081776,0.));
#4467=DIRECTION('',(0.,0.,1.));
#4468=DIRECTION('',(0.978147600733806,-0.20791169081776,0.));
#4469=DIRECTION('',(0.,0.,1.));
#4470=DIRECTION('',(0.,0.,1.));
#4471=DIRECTION('',(0.,0.,1.));
#4472=DIRECTION('',(0.669130606358858,-0.743144825477395,0.));
#4473=DIRECTION('',(0.,0.,1.));
#4474=DIRECTION('',(0.,0.,1.));
#4475=DIRECTION('',(0.,0.,1.));
#4476=DIRECTION('',(0.669130606358858,-0.743144825477395,0.));
#4477=DIRECTION('',(0.,0.,1.));
#4478=DIRECTION('',(0.669130606358858,-0.743144825477395,0.));
#4479=DIRECTION('',(0.,0.,1.));
#4480=DIRECTION('',(0.,0.,1.));
#4481=DIRECTION('',(0.,0.,1.));
#4482=DIRECTION('',(0.5,-0.866025403784439,0.));
#4483=DIRECTION('',(0.,0.,1.));
#4484=DIRECTION('',(0.,0.,1.));
#4485=DIRECTION('',(0.,0.,1.));
#4486=DIRECTION('',(0.5,-0.866025403784439,0.));
#4487=DIRECTION('',(0.,0.,1.));
#4488=DIRECTION('',(0.5,-0.866025403784439,0.));
#4489=DIRECTION('',(0.,0.,1.));
#4490=DIRECTION('',(0.,0.,1.));
#4491=DIRECTION('',(0.,0.,1.));
#4492=DIRECTION('',(0.809016994374947,-0.587785252292473,0.));
#4493=DIRECTION('',(0.,0.,1.));
#4494=DIRECTION('',(0.,0.,1.));
#4495=DIRECTION('',(0.,0.,1.));
#4496=DIRECTION('',(0.809016994374947,-0.587785252292473,0.));
#4497=DIRECTION('',(0.,0.,1.));
#4498=DIRECTION('',(0.809016994374947,-0.587785252292473,0.));
#4499=DIRECTION('',(0.,0.,1.));
#4500=DIRECTION('',(0.,0.,1.));
#4501=DIRECTION('',(0.,0.,1.));
#4502=DIRECTION('',(0.913545457642601,-0.4067366430758,0.));
#4503=DIRECTION('',(0.,0.,1.));
#4504=DIRECTION('',(0.,0.,1.));
#4505=DIRECTION('',(0.,0.,1.));
#4506=DIRECTION('',(0.913545457642601,-0.4067366430758,0.));
#4507=DIRECTION('',(0.,0.,1.));
#4508=DIRECTION('',(0.913545457642601,-0.4067366430758,0.));
#4509=DIRECTION('',(0.,0.,1.));
#4510=DIRECTION('',(0.,0.,1.));
#4511=DIRECTION('',(0.,0.,1.));
#4512=DIRECTION('',(0.309016994374948,-0.951056516295154,0.));
#4513=DIRECTION('',(0.,0.,1.));
#4514=DIRECTION('',(0.,0.,1.));
#4515=DIRECTION('',(0.,0.,1.));
#4516=DIRECTION('',(0.309016994374948,-0.951056516295154,0.));
#4517=DIRECTION('',(0.,0.,1.));
#4518=DIRECTION('',(0.309016994374948,-0.951056516295154,0.));
#4519=DIRECTION('',(0.,0.,1.));
#4520=DIRECTION('',(0.,0.,1.));
#4521=DIRECTION('',(0.,0.,1.));
#4522=DIRECTION('',(0.104528463267653,-0.994521895368273,0.));
#4523=DIRECTION('',(0.,0.,1.));
#4524=DIRECTION('',(0.,0.,1.));
#4525=DIRECTION('',(0.,0.,1.));
#4526=DIRECTION('',(0.104528463267653,-0.994521895368273,0.));
#4527=DIRECTION('',(0.,0.,1.));
#4528=DIRECTION('',(0.104528463267653,-0.994521895368273,0.));
#4529=DIRECTION('',(0.,0.,1.));
#4530=DIRECTION('',(0.,0.,1.));
#4531=DIRECTION('',(0.,0.,1.));
#4532=DIRECTION('',(-0.104528463267653,-0.994521895368273,0.));
#4533=DIRECTION('',(0.,0.,1.));
#4534=DIRECTION('',(0.,0.,1.));
#4535=DIRECTION('',(0.,0.,1.));
#4536=DIRECTION('',(-0.104528463267653,-0.994521895368273,0.));
#4537=DIRECTION('',(0.,0.,1.));
#4538=DIRECTION('',(-0.104528463267653,-0.994521895368273,0.));
#4539=DIRECTION('',(0.,0.,1.));
#4540=DIRECTION('',(0.,0.,1.));
#4541=DIRECTION('',(0.,0.,1.));
#4542=DIRECTION('',(-0.309016994374948,-0.951056516295154,0.));
#4543=DIRECTION('',(0.,0.,1.));
#4544=DIRECTION('',(0.,0.,1.));
#4545=DIRECTION('',(0.,0.,1.));
#4546=DIRECTION('',(-0.309016994374948,-0.951056516295154,0.));
#4547=DIRECTION('',(0.,0.,1.));
#4548=DIRECTION('',(-0.309016994374948,-0.951056516295154,0.));
#4549=DIRECTION('',(0.,0.,1.));
#4550=DIRECTION('',(0.,0.,1.));
#4551=DIRECTION('',(0.,0.,1.));
#4552=DIRECTION('',(-0.913545457642601,-0.4067366430758,0.));
#4553=DIRECTION('',(0.,0.,1.));
#4554=DIRECTION('',(0.,0.,1.));
#4555=DIRECTION('',(0.,0.,1.));
#4556=DIRECTION('',(-0.913545457642601,-0.4067366430758,0.));
#4557=DIRECTION('',(0.,0.,1.));
#4558=DIRECTION('',(-0.913545457642601,-0.4067366430758,0.));
#4559=DIRECTION('',(0.,0.,1.));
#4560=DIRECTION('',(0.,0.,1.));
#4561=DIRECTION('',(0.,0.,1.));
#4562=DIRECTION('',(-0.809016994374948,-0.587785252292473,0.));
#4563=DIRECTION('',(0.,0.,1.));
#4564=DIRECTION('',(0.,0.,1.));
#4565=DIRECTION('',(0.,0.,1.));
#4566=DIRECTION('',(-0.809016994374948,-0.587785252292473,0.));
#4567=DIRECTION('',(0.,0.,1.));
#4568=DIRECTION('',(-0.809016994374948,-0.587785252292473,0.));
#4569=DIRECTION('',(0.,0.,1.));
#4570=DIRECTION('',(0.,0.,1.));
#4571=DIRECTION('',(0.,0.,1.));
#4572=DIRECTION('',(-0.5,-0.866025403784438,0.));
#4573=DIRECTION('',(0.,0.,1.));
#4574=DIRECTION('',(0.,0.,1.));
#4575=DIRECTION('',(0.,0.,1.));
#4576=DIRECTION('',(-0.5,-0.866025403784438,0.));
#4577=DIRECTION('',(0.,0.,1.));
#4578=DIRECTION('',(-0.5,-0.866025403784438,0.));
#4579=DIRECTION('',(0.,0.,1.));
#4580=DIRECTION('',(0.,0.,1.));
#4581=DIRECTION('',(0.,0.,1.));
#4582=DIRECTION('',(-0.669130606358858,-0.743144825477394,0.));
#4583=DIRECTION('',(0.,0.,1.));
#4584=DIRECTION('',(0.,0.,1.));
#4585=DIRECTION('',(0.,0.,1.));
#4586=DIRECTION('',(-0.669130606358858,-0.743144825477394,0.));
#4587=DIRECTION('',(0.,0.,1.));
#4588=DIRECTION('',(-0.669130606358858,-0.743144825477394,0.));
#4589=DIRECTION('',(0.,0.,1.));
#4590=DIRECTION('',(0.,0.,1.));
#4591=DIRECTION('',(0.,0.,1.));
#4592=DIRECTION('',(-0.978147600733806,-0.207911690817759,0.));
#4593=DIRECTION('',(0.,0.,1.));
#4594=DIRECTION('',(0.,0.,1.));
#4595=DIRECTION('',(0.,0.,1.));
#4596=DIRECTION('',(-0.978147600733806,-0.207911690817759,0.));
#4597=DIRECTION('',(0.,0.,1.));
#4598=DIRECTION('',(-0.978147600733806,-0.207911690817759,0.));
#4599=DIRECTION('',(0.,0.,1.));
#4600=DIRECTION('',(0.,0.,1.));
#4601=DIRECTION('',(0.,0.,1.));
#4602=DIRECTION('',(-1.,1.22464679914735E-16,0.));
#4603=DIRECTION('',(0.,0.,1.));
#4604=DIRECTION('',(0.,0.,1.));
#4605=DIRECTION('',(0.,0.,1.));
#4606=DIRECTION('',(-1.,1.22464679914735E-16,0.));
#4607=DIRECTION('',(0.,0.,1.));
#4608=DIRECTION('',(-1.,1.22464679914735E-16,0.));
#4609=DIRECTION('',(0.,0.,1.));
#4610=DIRECTION('',(0.,0.,1.));
#4611=DIRECTION('',(0.,0.,1.));
#4612=DIRECTION('',(-0.978147600733806,0.207911690817759,0.));
#4613=DIRECTION('',(0.,0.,1.));
#4614=DIRECTION('',(0.,0.,1.));
#4615=DIRECTION('',(0.,0.,1.));
#4616=DIRECTION('',(-0.978147600733806,0.207911690817759,0.));
#4617=DIRECTION('',(0.,0.,1.));
#4618=DIRECTION('',(-0.978147600733806,0.207911690817759,0.));
#4619=DIRECTION('',(0.,0.,1.));
#4620=DIRECTION('',(0.,0.,1.));
#4621=DIRECTION('',(0.,0.,1.));
#4622=DIRECTION('',(-0.913545457642601,0.4067366430758,0.));
#4623=DIRECTION('',(0.,0.,1.));
#4624=DIRECTION('',(0.,0.,1.));
#4625=DIRECTION('',(0.,0.,1.));
#4626=DIRECTION('',(-0.913545457642601,0.4067366430758,0.));
#4627=DIRECTION('',(0.,0.,1.));
#4628=DIRECTION('',(-0.913545457642601,0.4067366430758,0.));
#4629=DIRECTION('',(0.,0.,1.));
#4630=DIRECTION('',(0.,0.,1.));
#4631=DIRECTION('',(0.,0.,1.));
#4632=DIRECTION('',(-0.309016994374948,0.951056516295154,0.));
#4633=DIRECTION('',(0.,0.,1.));
#4634=DIRECTION('',(0.,0.,1.));
#4635=DIRECTION('',(0.,0.,1.));
#4636=DIRECTION('',(-0.309016994374948,0.951056516295154,0.));
#4637=DIRECTION('',(0.,0.,1.));
#4638=DIRECTION('',(-0.309016994374948,0.951056516295154,0.));
#4639=DIRECTION('',(0.,0.,1.));
#4640=DIRECTION('',(0.,0.,1.));
#4641=DIRECTION('',(0.,0.,1.));
#4642=DIRECTION('',(-0.5,0.866025403784439,0.));
#4643=DIRECTION('',(0.,0.,1.));
#4644=DIRECTION('',(0.,0.,1.));
#4645=DIRECTION('',(0.,0.,1.));
#4646=DIRECTION('',(-0.5,0.866025403784439,0.));
#4647=DIRECTION('',(0.,0.,1.));
#4648=DIRECTION('',(-0.5,0.866025403784439,0.));
#4649=DIRECTION('',(0.,0.,1.));
#4650=DIRECTION('',(0.,0.,1.));
#4651=DIRECTION('',(0.,0.,1.));
#4652=DIRECTION('',(-0.809016994374947,0.587785252292473,0.));
#4653=DIRECTION('',(0.,0.,1.));
#4654=DIRECTION('',(0.,0.,1.));
#4655=DIRECTION('',(0.,0.,1.));
#4656=DIRECTION('',(-0.809016994374947,0.587785252292473,0.));
#4657=DIRECTION('',(0.,0.,1.));
#4658=DIRECTION('',(-0.809016994374947,0.587785252292473,0.));
#4659=DIRECTION('',(0.,0.,1.));
#4660=DIRECTION('',(0.,0.,1.));
#4661=DIRECTION('',(0.,0.,1.));
#4662=DIRECTION('',(-0.669130606358858,0.743144825477394,0.));
#4663=DIRECTION('',(0.,0.,1.));
#4664=DIRECTION('',(0.,0.,1.));
#4665=DIRECTION('',(0.,0.,1.));
#4666=DIRECTION('',(-0.669130606358858,0.743144825477394,0.));
#4667=DIRECTION('',(0.,0.,1.));
#4668=DIRECTION('',(-0.669130606358858,0.743144825477394,0.));
#4669=DIRECTION('',(0.,0.,1.));
#4670=DIRECTION('',(0.,0.,1.));
#4671=DIRECTION('',(0.,0.,1.));
#4672=DIRECTION('',(0.978147600733806,0.207911690817759,0.));
#4673=DIRECTION('',(0.,0.,1.));
#4674=DIRECTION('',(0.,0.,1.));
#4675=DIRECTION('',(0.,0.,1.));
#4676=DIRECTION('',(0.978147600733806,0.207911690817759,0.));
#4677=DIRECTION('',(0.,0.,1.));
#4678=DIRECTION('',(0.978147600733806,0.207911690817759,0.));
#4679=DIRECTION('',(0.,0.,1.));
#4680=DIRECTION('',(0.,0.,1.));
#4681=DIRECTION('',(0.,0.,1.));
#4682=DIRECTION('',(0.913545457642601,0.4067366430758,0.));
#4683=DIRECTION('',(0.,0.,1.));
#4684=DIRECTION('',(0.,0.,1.));
#4685=DIRECTION('',(0.,0.,1.));
#4686=DIRECTION('',(0.913545457642601,0.4067366430758,0.));
#4687=DIRECTION('',(0.,0.,1.));
#4688=DIRECTION('',(0.913545457642601,0.4067366430758,0.));
#4689=DIRECTION('',(0.,0.,1.));
#4690=DIRECTION('',(0.,0.,1.));
#4691=DIRECTION('',(0.,0.,1.));
#4692=DIRECTION('',(0.669130606358858,0.743144825477394,0.));
#4693=DIRECTION('',(0.,0.,1.));
#4694=DIRECTION('',(0.,0.,1.));
#4695=DIRECTION('',(0.,0.,1.));
#4696=DIRECTION('',(0.669130606358858,0.743144825477394,0.));
#4697=DIRECTION('',(0.,0.,1.));
#4698=DIRECTION('',(0.669130606358858,0.743144825477394,0.));
#4699=DIRECTION('',(0.,0.,1.));
#4700=DIRECTION('',(0.,0.,1.));
#4701=DIRECTION('',(0.,0.,1.));
#4702=DIRECTION('',(0.809016994374948,0.587785252292473,0.));
#4703=DIRECTION('',(0.,0.,1.));
#4704=DIRECTION('',(0.,0.,1.));
#4705=DIRECTION('',(0.,0.,1.));
#4706=DIRECTION('',(0.809016994374948,0.587785252292473,0.));
#4707=DIRECTION('',(0.,0.,1.));
#4708=DIRECTION('',(0.809016994374948,0.587785252292473,0.));
#4709=DIRECTION('',(0.,0.,1.));
#4710=DIRECTION('',(0.,0.,1.));
#4711=DIRECTION('',(0.,0.,1.));
#4712=DIRECTION('',(0.5,0.866025403784439,0.));
#4713=DIRECTION('',(0.,0.,1.));
#4714=DIRECTION('',(0.,0.,1.));
#4715=DIRECTION('',(0.,0.,1.));
#4716=DIRECTION('',(0.5,0.866025403784439,0.));
#4717=DIRECTION('',(0.,0.,1.));
#4718=DIRECTION('',(0.5,0.866025403784439,0.));
#4719=DIRECTION('',(0.,0.,1.));
#4720=DIRECTION('',(0.,0.,1.));
#4721=DIRECTION('',(0.,0.,1.));
#4722=DIRECTION('',(0.309016994374948,0.951056516295154,0.));
#4723=DIRECTION('',(0.,0.,1.));
#4724=DIRECTION('',(0.,0.,1.));
#4725=DIRECTION('',(0.,0.,1.));
#4726=DIRECTION('',(0.309016994374948,0.951056516295154,0.));
#4727=DIRECTION('',(0.,0.,1.));
#4728=DIRECTION('',(0.309016994374948,0.951056516295154,0.));
#4729=DIRECTION('',(0.,0.,1.));
#4730=DIRECTION('',(0.,0.,1.));
#4731=DIRECTION('',(0.,0.,1.));
#4732=DIRECTION('',(0.104528463267653,0.994521895368273,0.));
#4733=DIRECTION('',(0.,0.,1.));
#4734=DIRECTION('',(0.,0.,1.));
#4735=DIRECTION('',(0.,0.,1.));
#4736=DIRECTION('',(0.104528463267653,0.994521895368273,0.));
#4737=DIRECTION('',(0.,0.,1.));
#4738=DIRECTION('',(0.104528463267653,0.994521895368273,0.));
#4739=DIRECTION('',(0.,0.,1.));
#4740=DIRECTION('',(0.,0.,1.));
#4741=DIRECTION('',(0.,0.,1.));
#4742=DIRECTION('',(-0.104528463267654,0.994521895368273,0.));
#4743=DIRECTION('',(0.,0.,1.));
#4744=DIRECTION('',(0.,0.,1.));
#4745=DIRECTION('',(0.,0.,1.));
#4746=DIRECTION('',(-0.104528463267654,0.994521895368273,0.));
#4747=DIRECTION('',(0.,0.,1.));
#4748=DIRECTION('',(-0.104528463267654,0.994521895368273,0.));
#4749=DIRECTION('',(0.,0.,-1.));
#4750=DIRECTION('',(-1.,0.,0.));
#4751=DIRECTION('',(0.,0.,1.));
#4752=DIRECTION('',(1.,0.,0.));
#4753=DIRECTION('',(0.,0.,1.));
#4754=DIRECTION('',(1.,0.,0.));
#4755=CARTESIAN_POINT('',(0.,0.,0.));
#4756=CARTESIAN_POINT('',(-3.46944695195361E-18,9.95392918346969E-19,-0.003));
#4757=CARTESIAN_POINT('',(-3.46944695195361E-18,9.95392918346969E-19,-0.003));
#4758=CARTESIAN_POINT('',(0.00037445564738621,0.0162516866499431,-0.003));
#4759=CARTESIAN_POINT('',(-0.000374455647386212,0.0162516866499431,-0.003));
#4760=CARTESIAN_POINT('',(-0.000374455647386212,0.0162516866499431,-0.003));
#4761=CARTESIAN_POINT('',(-0.000374455647386212,0.0162516866499431,0.));
#4762=CARTESIAN_POINT('',(-3.46944695195361E-18,9.95392918346969E-19,0.));
#4763=CARTESIAN_POINT('',(0.00037445564738621,0.0162516866499431,0.));
#4764=CARTESIAN_POINT('',(0.00037445564738621,0.0162516866499431,-0.003));
#4765=CARTESIAN_POINT('',(-3.46944695195361E-18,9.95392918346969E-19,-0.003));
#4766=CARTESIAN_POINT('',(-3.46944695195361E-18,9.95392918346969E-19,-0.003));
#4767=CARTESIAN_POINT('',(0.00374518854310212,0.0158186945977352,-0.003));
#4768=CARTESIAN_POINT('',(0.00301264275695803,0.0159744020113038,-0.003));
#4769=CARTESIAN_POINT('',(0.00301264275695803,0.0159744020113038,-0.003));
#4770=CARTESIAN_POINT('',(0.00301264275695803,0.0159744020113038,0.));
#4771=CARTESIAN_POINT('',(-3.46944695195361E-18,9.95392918346969E-19,0.));
#4772=CARTESIAN_POINT('',(0.00374518854310212,0.0158186945977352,0.));
#4773=CARTESIAN_POINT('',(0.00374518854310212,0.0158186945977352,-0.003));
#4774=CARTESIAN_POINT('',(-3.46944695195361E-18,9.95392918346969E-19,-0.003));
#4775=CARTESIAN_POINT('',(-3.46944695195361E-18,9.95392918346969E-19,-0.003));
#4776=CARTESIAN_POINT('',(0.00695223872807594,0.0146943496850878,-0.003));
#4777=CARTESIAN_POINT('',(0.00626807421655936,0.014998959351085,-0.003));
#4778=CARTESIAN_POINT('',(0.00626807421655936,0.014998959351085,-0.003));
#4779=CARTESIAN_POINT('',(0.00626807421655936,0.014998959351085,0.));
#4780=CARTESIAN_POINT('',(-3.46944695195361E-18,9.95392918346969E-19,0.));
#4781=CARTESIAN_POINT('',(0.00695223872807594,0.0146943496850878,0.));
#4782=CARTESIAN_POINT('',(0.00695223872807594,0.0146943496850878,-0.003));
#4783=CARTESIAN_POINT('',(-3.46944695195361E-18,9.95392918346969E-19,-0.003));
#4784=CARTESIAN_POINT('',(-3.46944695195361E-18,9.95392918346969E-19,-0.003));
#4785=CARTESIAN_POINT('',(0.00985544272009014,0.0129277911798892,-0.003));
#4786=CARTESIAN_POINT('',(0.0092495607553399,0.0133679901942317,-0.003));
#4787=CARTESIAN_POINT('',(0.0092495607553399,0.0133679901942317,-0.003));
#4788=CARTESIAN_POINT('',(0.0092495607553399,0.0133679901942317,0.));
#4789=CARTESIAN_POINT('',(-3.46944695195361E-18,9.95392918346969E-19,0.));
#4790=CARTESIAN_POINT('',(0.00985544272009014,0.0129277911798892,0.));
#4791=CARTESIAN_POINT('',(0.00985544272009014,0.0129277911798892,-0.003));
#4792=CARTESIAN_POINT('',(-3.46944695195361E-18,9.95392918346969E-19,-0.003));
#4793=CARTESIAN_POINT('',(-3.46944695195361E-18,9.95392918346969E-19,-0.003));
#4794=CARTESIAN_POINT('',(0.0142616013168882,0.00780155522174454,-0.003));
#4795=CARTESIAN_POINT('',(0.013887145669502,0.00845013142819855,-0.003));
#4796=CARTESIAN_POINT('',(0.013887145669502,0.00845013142819855,-0.003));
#4797=CARTESIAN_POINT('',(0.013887145669502,0.00845013142819855,0.));
#4798=CARTESIAN_POINT('',(-3.46944695195361E-18,9.95392918346969E-19,0.));
#4799=CARTESIAN_POINT('',(0.0142616013168882,0.00780155522174454,0.));
#4800=CARTESIAN_POINT('',(0.0142616013168882,0.00780155522174454,-0.003));
#4801=CARTESIAN_POINT('',(-3.46944695195361E-18,9.95392918346969E-19,-0.003));
#4802=CARTESIAN_POINT('',(0.0123279165735753,0.0105962261657047,-0.003));
#4803=CARTESIAN_POINT('',(0.0123279165735753,0.0105962261657047,-0.003));
#4804=CARTESIAN_POINT('',(0.0123279165735753,0.0105962261657047,0.));
#4805=CARTESIAN_POINT('',(-3.46944695195361E-18,9.95392918346969E-19,-0.003));
#4806=CARTESIAN_POINT('',(0.0118267971047952,0.0111527757191564,-0.003));
#4807=CARTESIAN_POINT('',(0.0118267971047952,0.0111527757191564,-0.003));
#4808=CARTESIAN_POINT('',(0.0118267971047952,0.0111527757191564,0.));
#4809=CARTESIAN_POINT('',(-3.46944695195361E-18,9.95392918346969E-19,0.));
#4810=CARTESIAN_POINT('',(-3.46944695195361E-18,9.95392918346969E-19,-0.003));
#4811=CARTESIAN_POINT('',(-3.46944695195361E-18,9.95392918346969E-19,-0.003));
#4812=CARTESIAN_POINT('',(0.0155719856478973,0.0046659188785787,-0.003));
#4813=CARTESIAN_POINT('',(0.0153405593305333,0.00537817584559905,-0.003));
#4814=CARTESIAN_POINT('',(0.0153405593305333,0.00537817584559905,-0.003));
#4815=CARTESIAN_POINT('',(0.0153405593305333,0.00537817584559905,0.));
#4816=CARTESIAN_POINT('',(-3.46944695195361E-18,9.95392918346969E-19,0.));
#4817=CARTESIAN_POINT('',(0.0155719856478973,0.0046659188785787,0.));
#4818=CARTESIAN_POINT('',(0.0155719856478973,0.0046659188785787,-0.003));
#4819=CARTESIAN_POINT('',(-3.46944695195361E-18,9.95392918346969E-19,-0.003));
#4820=CARTESIAN_POINT('',(-3.46944695195361E-18,9.95392918346969E-19,-0.003));
#4821=CARTESIAN_POINT('',(0.0162017994834159,0.0013263594908561,-0.003));
#4822=CARTESIAN_POINT('',(0.0161235169366495,0.00207116817119588,-0.003));
#4823=CARTESIAN_POINT('',(0.0161235169366495,0.00207116817119588,-0.003));
#4824=CARTESIAN_POINT('',(0.0161235169366495,0.00207116817119588,0.));
#4825=CARTESIAN_POINT('',(-3.46944695195361E-18,9.95392918346969E-19,0.));
#4826=CARTESIAN_POINT('',(0.0162017994834159,0.0013263594908561,0.));
#4827=CARTESIAN_POINT('',(0.0162017994834159,0.0013263594908561,-0.003));
#4828=CARTESIAN_POINT('',(-3.46944695195361E-18,9.95392918346969E-19,-0.003));
#4829=CARTESIAN_POINT('',(-3.46944695195361E-18,9.95392918346969E-19,-0.003));
#4830=CARTESIAN_POINT('',(-0.0092495607553399,0.0133679901942317,-0.003));
#4831=CARTESIAN_POINT('',(-0.00985544272009014,0.0129277911798892,-0.003));
#4832=CARTESIAN_POINT('',(-0.00985544272009014,0.0129277911798892,-0.003));
#4833=CARTESIAN_POINT('',(-0.00985544272009014,0.0129277911798892,0.));
#4834=CARTESIAN_POINT('',(-3.46944695195361E-18,9.95392918346969E-19,0.));
#4835=CARTESIAN_POINT('',(-0.0092495607553399,0.0133679901942317,0.));
#4836=CARTESIAN_POINT('',(-0.0092495607553399,0.0133679901942317,-0.003));
#4837=CARTESIAN_POINT('',(-3.46944695195361E-18,9.95392918346969E-19,-0.003));
#4838=CARTESIAN_POINT('',(-0.0118267971047952,0.0111527757191564,-0.003));
#4839=CARTESIAN_POINT('',(-0.0118267971047952,0.0111527757191564,-0.003));
#4840=CARTESIAN_POINT('',(-0.0118267971047952,0.0111527757191564,0.));
#4841=CARTESIAN_POINT('',(-3.46944695195361E-18,9.95392918346969E-19,-0.003));
#4842=CARTESIAN_POINT('',(-0.0123279165735753,0.0105962261657047,-0.003));
#4843=CARTESIAN_POINT('',(-0.0123279165735753,0.0105962261657047,-0.003));
#4844=CARTESIAN_POINT('',(-0.0123279165735753,0.0105962261657047,0.));
#4845=CARTESIAN_POINT('',(-3.46944695195361E-18,9.95392918346969E-19,0.));
#4846=CARTESIAN_POINT('',(-3.46944695195361E-18,9.95392918346969E-19,-0.003));
#4847=CARTESIAN_POINT('',(-3.46944695195361E-18,9.95392918346969E-19,-0.003));
#4848=CARTESIAN_POINT('',(-0.00626807421655936,0.0149989593510851,-0.003));
#4849=CARTESIAN_POINT('',(-0.00695223872807594,0.0146943496850878,-0.003));
#4850=CARTESIAN_POINT('',(-0.00695223872807594,0.0146943496850878,-0.003));
#4851=CARTESIAN_POINT('',(-0.00695223872807594,0.0146943496850878,0.));
#4852=CARTESIAN_POINT('',(-3.46944695195361E-18,9.95392918346969E-19,0.));
#4853=CARTESIAN_POINT('',(-0.00626807421655936,0.0149989593510851,0.));
#4854=CARTESIAN_POINT('',(-0.00626807421655936,0.0149989593510851,-0.003));
#4855=CARTESIAN_POINT('',(-3.46944695195361E-18,9.95392918346969E-19,-0.003));
#4856=CARTESIAN_POINT('',(-0.00301264275695803,0.0159744020113038,-0.003));
#4857=CARTESIAN_POINT('',(-0.00301264275695803,0.0159744020113038,-0.003));
#4858=CARTESIAN_POINT('',(-0.00301264275695803,0.0159744020113038,0.));
#4859=CARTESIAN_POINT('',(-3.46944695195361E-18,9.95392918346969E-19,-0.003));
#4860=CARTESIAN_POINT('',(-0.00374518854310212,0.0158186945977352,-0.003));
#4861=CARTESIAN_POINT('',(-0.00374518854310212,0.0158186945977352,-0.003));
#4862=CARTESIAN_POINT('',(-0.00374518854310212,0.0158186945977352,0.));
#4863=CARTESIAN_POINT('',(-3.46944695195361E-18,9.95392918346969E-19,0.));
#4864=CARTESIAN_POINT('',(-3.46944695195361E-18,9.95392918346969E-19,-0.003));
#4865=CARTESIAN_POINT('',(-0.013887145669502,0.00845013142819856,-0.003));
#4866=CARTESIAN_POINT('',(-0.013887145669502,0.00845013142819856,-0.003));
#4867=CARTESIAN_POINT('',(-0.013887145669502,0.00845013142819856,0.));
#4868=CARTESIAN_POINT('',(-3.46944695195361E-18,9.95392918346969E-19,-0.003));
#4869=CARTESIAN_POINT('',(-0.0142616013168882,0.00780155522174454,-0.003));
#4870=CARTESIAN_POINT('',(-0.0142616013168882,0.00780155522174454,-0.003));
#4871=CARTESIAN_POINT('',(-0.0142616013168882,0.00780155522174454,0.));
#4872=CARTESIAN_POINT('',(-3.46944695195361E-18,9.95392918346969E-19,0.));
#4873=CARTESIAN_POINT('',(-3.46944695195361E-18,9.95392918346969E-19,-0.003));
#4874=CARTESIAN_POINT('',(-0.0153405593305333,0.00537817584559905,-0.003));
#4875=CARTESIAN_POINT('',(-0.0153405593305333,0.00537817584559905,-0.003));
#4876=CARTESIAN_POINT('',(-0.0153405593305333,0.00537817584559905,0.));
#4877=CARTESIAN_POINT('',(-3.46944695195361E-18,9.95392918346969E-19,-0.003));
#4878=CARTESIAN_POINT('',(-0.0155719856478973,0.0046659188785787,-0.003));
#4879=CARTESIAN_POINT('',(-0.0155719856478973,0.0046659188785787,-0.003));
#4880=CARTESIAN_POINT('',(-0.0155719856478973,0.0046659188785787,0.));
#4881=CARTESIAN_POINT('',(-3.46944695195361E-18,9.95392918346969E-19,0.));
#4882=CARTESIAN_POINT('',(-3.46944695195361E-18,9.95392918346969E-19,-0.003));
#4883=CARTESIAN_POINT('',(-0.0161235169366495,0.00207116817119588,-0.003));
#4884=CARTESIAN_POINT('',(-0.0161235169366495,0.00207116817119588,-0.003));
#4885=CARTESIAN_POINT('',(-0.0161235169366495,0.00207116817119588,0.));
#4886=CARTESIAN_POINT('',(-3.46944695195361E-18,9.95392918346969E-19,-0.003));
#4887=CARTESIAN_POINT('',(-0.0162017994834159,0.0013263594908561,-0.003));
#4888=CARTESIAN_POINT('',(-0.0162017994834159,0.0013263594908561,-0.003));
#4889=CARTESIAN_POINT('',(-0.0162017994834159,0.0013263594908561,0.));
#4890=CARTESIAN_POINT('',(-3.46944695195361E-18,9.95392918346969E-19,0.));
#4891=CARTESIAN_POINT('',(-3.46944695195361E-18,9.95392918346969E-19,-0.003));
#4892=CARTESIAN_POINT('',(-0.0162017994834159,-0.0013263594908561,-0.003));
#4893=CARTESIAN_POINT('',(-0.0162017994834159,-0.0013263594908561,-0.003));
#4894=CARTESIAN_POINT('',(-0.0162017994834159,-0.0013263594908561,0.));
#4895=CARTESIAN_POINT('',(-3.46944695195361E-18,9.95392918346969E-19,-0.003));
#4896=CARTESIAN_POINT('',(-0.0161235169366495,-0.00207116817119588,-0.003));
#4897=CARTESIAN_POINT('',(-0.0161235169366495,-0.00207116817119588,-0.003));
#4898=CARTESIAN_POINT('',(-0.0161235169366495,-0.00207116817119588,0.));
#4899=CARTESIAN_POINT('',(-3.46944695195361E-18,9.95392918346969E-19,0.));
#4900=CARTESIAN_POINT('',(-3.46944695195361E-18,9.95392918346969E-19,-0.003));
#4901=CARTESIAN_POINT('',(-3.46944695195361E-18,9.95392918346969E-19,-0.003));
#4902=CARTESIAN_POINT('',(-0.0123279165735753,-0.0105962261657047,-0.003));
#4903=CARTESIAN_POINT('',(-0.0118267971047952,-0.0111527757191564,-0.003));
#4904=CARTESIAN_POINT('',(-0.0118267971047952,-0.0111527757191564,-0.003));
#4905=CARTESIAN_POINT('',(-0.0118267971047952,-0.0111527757191564,0.));
#4906=CARTESIAN_POINT('',(-3.46944695195361E-18,9.95392918346969E-19,0.));
#4907=CARTESIAN_POINT('',(-0.0123279165735753,-0.0105962261657047,0.));
#4908=CARTESIAN_POINT('',(-0.0123279165735753,-0.0105962261657047,-0.003));
#4909=CARTESIAN_POINT('',(-3.46944695195361E-18,9.95392918346969E-19,-0.003));
#4910=CARTESIAN_POINT('',(-0.00985544272009013,-0.0129277911798892,-0.003));
#4911=CARTESIAN_POINT('',(-0.00985544272009013,-0.0129277911798892,-0.003));
#4912=CARTESIAN_POINT('',(-0.00985544272009013,-0.0129277911798892,0.));
#4913=CARTESIAN_POINT('',(-3.46944695195361E-18,9.95392918346969E-19,-0.003));
#4914=CARTESIAN_POINT('',(-0.00924956075533991,-0.0133679901942317,-0.003));
#4915=CARTESIAN_POINT('',(-0.00924956075533991,-0.0133679901942317,-0.003));
#4916=CARTESIAN_POINT('',(-0.00924956075533991,-0.0133679901942317,0.));
#4917=CARTESIAN_POINT('',(-3.46944695195361E-18,9.95392918346969E-19,0.));
#4918=CARTESIAN_POINT('',(-3.46944695195361E-18,9.95392918346969E-19,-0.003));
#4919=CARTESIAN_POINT('',(-3.46944695195361E-18,9.95392918346969E-19,-0.003));
#4920=CARTESIAN_POINT('',(-0.0142616013168882,-0.00780155522174454,-0.003));
#4921=CARTESIAN_POINT('',(-0.013887145669502,-0.00845013142819855,-0.003));
#4922=CARTESIAN_POINT('',(-0.013887145669502,-0.00845013142819855,-0.003));
#4923=CARTESIAN_POINT('',(-0.013887145669502,-0.00845013142819855,0.));
#4924=CARTESIAN_POINT('',(-3.46944695195361E-18,9.95392918346969E-19,0.));
#4925=CARTESIAN_POINT('',(-0.0142616013168882,-0.00780155522174454,0.));
#4926=CARTESIAN_POINT('',(-0.0142616013168882,-0.00780155522174454,-0.003));
#4927=CARTESIAN_POINT('',(-3.46944695195361E-18,9.95392918346969E-19,-0.003));
#4928=CARTESIAN_POINT('',(-0.0155719856478973,-0.0046659188785787,-0.003));
#4929=CARTESIAN_POINT('',(-0.0155719856478973,-0.0046659188785787,-0.003));
#4930=CARTESIAN_POINT('',(-0.0155719856478973,-0.0046659188785787,0.));
#4931=CARTESIAN_POINT('',(-3.46944695195361E-18,9.95392918346969E-19,-0.003));
#4932=CARTESIAN_POINT('',(-0.0153405593305333,-0.00537817584559905,-0.003));
#4933=CARTESIAN_POINT('',(-0.0153405593305333,-0.00537817584559905,-0.003));
#4934=CARTESIAN_POINT('',(-0.0153405593305333,-0.00537817584559905,0.));
#4935=CARTESIAN_POINT('',(-3.46944695195361E-18,9.95392918346969E-19,0.));
#4936=CARTESIAN_POINT('',(-3.46944695195361E-18,9.95392918346969E-19,-0.003));
#4937=CARTESIAN_POINT('',(-0.00695223872807595,-0.0146943496850878,-0.003));
#4938=CARTESIAN_POINT('',(-0.00695223872807595,-0.0146943496850878,-0.003));
#4939=CARTESIAN_POINT('',(-0.00695223872807595,-0.0146943496850878,0.));
#4940=CARTESIAN_POINT('',(-3.46944695195361E-18,9.95392918346969E-19,-0.003));
#4941=CARTESIAN_POINT('',(-0.00626807421655936,-0.014998959351085,-0.003));
#4942=CARTESIAN_POINT('',(-0.00626807421655936,-0.014998959351085,-0.003));
#4943=CARTESIAN_POINT('',(-0.00626807421655936,-0.014998959351085,0.));
#4944=CARTESIAN_POINT('',(-3.46944695195361E-18,9.95392918346969E-19,0.));
#4945=CARTESIAN_POINT('',(-3.46944695195361E-18,9.95392918346969E-19,-0.003));
#4946=CARTESIAN_POINT('',(-0.00374518854310212,-0.0158186945977352,-0.003));
#4947=CARTESIAN_POINT('',(-0.00374518854310212,-0.0158186945977352,-0.003));
#4948=CARTESIAN_POINT('',(-0.00374518854310212,-0.0158186945977352,0.));
#4949=CARTESIAN_POINT('',(-3.46944695195361E-18,9.95392918346969E-19,-0.003));
#4950=CARTESIAN_POINT('',(-0.00301264275695803,-0.0159744020113038,-0.003));
#4951=CARTESIAN_POINT('',(-0.00301264275695803,-0.0159744020113038,-0.003));
#4952=CARTESIAN_POINT('',(-0.00301264275695803,-0.0159744020113038,0.));
#4953=CARTESIAN_POINT('',(-3.46944695195361E-18,9.95392918346969E-19,0.));
#4954=CARTESIAN_POINT('',(-3.46944695195361E-18,9.95392918346969E-19,-0.003));
#4955=CARTESIAN_POINT('',(-0.000374455647386208,-0.0162516866499431,-0.003));
#4956=CARTESIAN_POINT('',(-0.000374455647386208,-0.0162516866499431,-0.003));
#4957=CARTESIAN_POINT('',(-0.000374455647386208,-0.0162516866499431,0.));
#4958=CARTESIAN_POINT('',(-3.46944695195361E-18,9.95392918346969E-19,-0.003));
#4959=CARTESIAN_POINT('',(0.000374455647386203,-0.0162516866499431,-0.003));
#4960=CARTESIAN_POINT('',(0.000374455647386203,-0.0162516866499431,-0.003));
#4961=CARTESIAN_POINT('',(0.000374455647386203,-0.0162516866499431,0.));
#4962=CARTESIAN_POINT('',(-3.46944695195361E-18,9.95392918346969E-19,0.));
#4963=CARTESIAN_POINT('',(-3.46944695195361E-18,9.95392918346969E-19,-0.003));
#4964=CARTESIAN_POINT('',(0.00301264275695802,-0.0159744020113038,-0.003));
#4965=CARTESIAN_POINT('',(0.00301264275695802,-0.0159744020113038,-0.003));
#4966=CARTESIAN_POINT('',(0.00301264275695802,-0.0159744020113038,0.));
#4967=CARTESIAN_POINT('',(-3.46944695195361E-18,9.95392918346969E-19,-0.003));
#4968=CARTESIAN_POINT('',(0.00374518854310212,-0.0158186945977352,-0.003));
#4969=CARTESIAN_POINT('',(0.00374518854310212,-0.0158186945977352,-0.003));
#4970=CARTESIAN_POINT('',(0.00374518854310212,-0.0158186945977352,0.));
#4971=CARTESIAN_POINT('',(-3.46944695195361E-18,9.95392918346969E-19,0.));
#4972=CARTESIAN_POINT('',(-3.46944695195361E-18,9.95392918346969E-19,-0.003));
#4973=CARTESIAN_POINT('',(-3.46944695195361E-18,9.95392918346969E-19,-0.003));
#4974=CARTESIAN_POINT('',(0.013887145669502,-0.00845013142819856,-0.003));
#4975=CARTESIAN_POINT('',(0.0142616013168882,-0.00780155522174454,-0.003));
#4976=CARTESIAN_POINT('',(0.0142616013168882,-0.00780155522174454,-0.003));
#4977=CARTESIAN_POINT('',(0.0142616013168882,-0.00780155522174454,0.));
#4978=CARTESIAN_POINT('',(-3.46944695195361E-18,9.95392918346969E-19,0.));
#4979=CARTESIAN_POINT('',(0.013887145669502,-0.00845013142819856,0.));
#4980=CARTESIAN_POINT('',(0.013887145669502,-0.00845013142819856,-0.003));
#4981=CARTESIAN_POINT('',(-3.46944695195361E-18,9.95392918346969E-19,-0.003));
#4982=CARTESIAN_POINT('',(-3.46944695195361E-18,9.95392918346969E-19,-0.003));
#4983=CARTESIAN_POINT('',(0.0118267971047952,-0.0111527757191564,-0.003));
#4984=CARTESIAN_POINT('',(0.0123279165735753,-0.0105962261657047,-0.003));
#4985=CARTESIAN_POINT('',(0.0123279165735753,-0.0105962261657047,-0.003));
#4986=CARTESIAN_POINT('',(0.0123279165735753,-0.0105962261657047,0.));
#4987=CARTESIAN_POINT('',(-3.46944695195361E-18,9.95392918346969E-19,0.));
#4988=CARTESIAN_POINT('',(0.0118267971047952,-0.0111527757191564,0.));
#4989=CARTESIAN_POINT('',(0.0118267971047952,-0.0111527757191564,-0.003));
#4990=CARTESIAN_POINT('',(-3.46944695195361E-18,9.95392918346969E-19,-0.003));
#4991=CARTESIAN_POINT('',(0.00626807421655936,-0.0149989593510851,-0.003));
#4992=CARTESIAN_POINT('',(0.00626807421655936,-0.0149989593510851,-0.003));
#4993=CARTESIAN_POINT('',(0.00626807421655936,-0.0149989593510851,0.));
#4994=CARTESIAN_POINT('',(-3.46944695195361E-18,9.95392918346969E-19,-0.003));
#4995=CARTESIAN_POINT('',(0.00695223872807594,-0.0146943496850878,-0.003));
#4996=CARTESIAN_POINT('',(0.00695223872807594,-0.0146943496850878,-0.003));
#4997=CARTESIAN_POINT('',(0.00695223872807594,-0.0146943496850878,0.));
#4998=CARTESIAN_POINT('',(-3.46944695195361E-18,9.95392918346969E-19,0.));
#4999=CARTESIAN_POINT('',(-3.46944695195361E-18,9.95392918346969E-19,-0.003));
#5000=CARTESIAN_POINT('',(0.0092495607553399,-0.0133679901942317,-0.003));
#5001=CARTESIAN_POINT('',(0.0092495607553399,-0.0133679901942317,-0.003));
#5002=CARTESIAN_POINT('',(0.0092495607553399,-0.0133679901942317,0.));
#5003=CARTESIAN_POINT('',(-3.46944695195361E-18,9.95392918346969E-19,-0.003));
#5004=CARTESIAN_POINT('',(0.00985544272009013,-0.0129277911798892,-0.003));
#5005=CARTESIAN_POINT('',(0.00985544272009013,-0.0129277911798892,-0.003));
#5006=CARTESIAN_POINT('',(0.00985544272009013,-0.0129277911798892,0.));
#5007=CARTESIAN_POINT('',(-3.46944695195361E-18,9.95392918346969E-19,0.));
#5008=CARTESIAN_POINT('',(-3.46944695195361E-18,9.95392918346969E-19,-0.003));
#5009=CARTESIAN_POINT('',(0.0153405593305333,-0.00537817584559905,-0.003));
#5010=CARTESIAN_POINT('',(0.0153405593305333,-0.00537817584559905,-0.003));
#5011=CARTESIAN_POINT('',(0.0153405593305333,-0.00537817584559905,0.));
#5012=CARTESIAN_POINT('',(-3.46944695195361E-18,9.95392918346969E-19,-0.003));
#5013=CARTESIAN_POINT('',(0.0155719856478973,-0.00466591887857871,-0.003));
#5014=CARTESIAN_POINT('',(0.0155719856478973,-0.00466591887857871,-0.003));
#5015=CARTESIAN_POINT('',(0.0155719856478973,-0.00466591887857871,0.));
#5016=CARTESIAN_POINT('',(-3.46944695195361E-18,9.95392918346969E-19,0.));
#5017=CARTESIAN_POINT('',(-3.46944695195361E-18,9.95392918346969E-19,-0.003));
#5018=CARTESIAN_POINT('',(0.0161235169366495,-0.00207116817119589,-0.003));
#5019=CARTESIAN_POINT('',(0.0161235169366495,-0.00207116817119589,-0.003));
#5020=CARTESIAN_POINT('',(0.0161235169366495,-0.00207116817119589,0.));
#5021=CARTESIAN_POINT('',(-3.46944695195361E-18,9.95392918346969E-19,-0.003));
#5022=CARTESIAN_POINT('',(0.0162017994834159,-0.0013263594908561,-0.003));
#5023=CARTESIAN_POINT('',(0.0162017994834159,-0.0013263594908561,-0.003));
#5024=CARTESIAN_POINT('',(0.0162017994834159,-0.0013263594908561,0.));
#5025=CARTESIAN_POINT('',(-3.46944695195361E-18,9.95392918346969E-19,0.));
#5026=CARTESIAN_POINT('',(-3.46944695195361E-18,0.,0.));
#5027=CARTESIAN_POINT('',(0.,8.94298325077355E-20,0.));
#5028=CARTESIAN_POINT('',(0.0014605,8.94298325077355E-20,0.));
#5029=CARTESIAN_POINT('',(-0.00166237541930099,0.0142467235489161,0.));
#5030=CARTESIAN_POINT('',(-0.00203033458992536,0.0141833153331764,0.));
#5031=CARTESIAN_POINT('',(-0.00161910096685506,0.0138758571648431,0.));
#5032=CARTESIAN_POINT('',(-0.00197950358320386,0.0138290442751509,0.));
#5033=CARTESIAN_POINT('',(-0.0020022975088215,0.0139895783641157,0.));
#5034=CARTESIAN_POINT('',(-0.00202864374039324,0.0141751307939151,0.));
#5035=CARTESIAN_POINT('',(-0.0020310059469264,0.0141868808967551,0.));
#5036=CARTESIAN_POINT('',(-0.00203401265142231,0.0142027431977815,0.));
#5037=CARTESIAN_POINT('',(-0.00203813772594683,0.0142217004946237,0.));
#5038=CARTESIAN_POINT('',(-0.00204409970960455,0.014246990560028,0.));
#5039=CARTESIAN_POINT('',(-0.00205195105658662,0.0142774351592093,0.));
#5040=CARTESIAN_POINT('',(-0.00206196385409959,0.0143133190774419,0.));
#5041=CARTESIAN_POINT('',(-0.00207433821842912,0.0143544564620166,0.));
#5042=CARTESIAN_POINT('',(-0.00208929356604057,0.0144007977273042,0.));
#5043=CARTESIAN_POINT('',(-0.00210704047493628,0.0144522440634295,0.));
#5044=CARTESIAN_POINT('',(-0.00212778887447539,0.0145087029949088,0.));
#5045=CARTESIAN_POINT('',(-0.00215174540084855,0.0145700720355273,0.));
#5046=CARTESIAN_POINT('',(-0.00217911394781728,0.0146362435369744,0.));
#5047=CARTESIAN_POINT('',(-0.00221009529013386,0.0147071033756894,0.));
#5048=CARTESIAN_POINT('',(-0.00224488697815413,0.01478253142867,0.));
#5049=CARTESIAN_POINT('',(-0.00228368315667414,0.0148624015430306,0.));
#5050=CARTESIAN_POINT('',(-0.00232667441163227,0.0149465816563868,0.));
#5051=CARTESIAN_POINT('',(-0.00237404759858087,0.0150349338792725,0.));
#5052=CARTESIAN_POINT('',(-0.00242598573092273,0.0151273145970433,0.));
#5053=CARTESIAN_POINT('',(-0.00248266765352551,0.0152235745585212,0.));
#5054=CARTESIAN_POINT('',(-0.00254426855976306,0.0153235590238726,0.));
#5055=CARTESIAN_POINT('',(-0.00261095725321677,0.0154271077053942,0.));
#5056=CARTESIAN_POINT('',(-0.00268290601340968,0.0155340555270512,0.));
#5057=CARTESIAN_POINT('',(-0.0027602518025236,0.015644230240803,0.));
#5058=CARTESIAN_POINT('',(-0.00284324510992365,0.0157574621806334,0.));
#5059=CARTESIAN_POINT('',(-0.00292731518612946,0.015867822408932,0.));
#5060=CARTESIAN_POINT('',(-0.00298546879691778,0.0159405338083302,0.));
#5061=CARTESIAN_POINT('',(-0.00301264275695803,0.0159744020113038,0.));
#5062=CARTESIAN_POINT('',(-0.00381641253859835,0.0134385972234913,0.));
#5063=CARTESIAN_POINT('',(-0.00386088434783326,0.0135945235360502,0.));
#5064=CARTESIAN_POINT('',(-0.0039122868400661,0.0137747500932352,0.));
#5065=CARTESIAN_POINT('',(-0.00391490805440265,0.013786445142267,0.));
#5066=CARTESIAN_POINT('',(-0.00391861307223888,0.0138021590122109,0.));
#5067=CARTESIAN_POINT('',(-0.00392255525642396,0.0138211551835948,0.));
#5068=CARTESIAN_POINT('',(-0.00392739510964061,0.0138466837651874,0.));
#5069=CARTESIAN_POINT('',(-0.00393260548133955,0.0138776897209943,0.));
#5070=CARTESIAN_POINT('',(-0.00393805364009563,0.0139145438831464,0.));
#5071=CARTESIAN_POINT('',(-0.00394348117747799,0.0139571578613714,0.));
#5072=CARTESIAN_POINT('',(-0.00394866747827906,0.0140055756016599,0.));
#5073=CARTESIAN_POINT('',(-0.00395337998032435,0.0140597924864887,0.));
#5074=CARTESIAN_POINT('',(-0.00395738929043354,0.0141198094212627,0.));
#5075=CARTESIAN_POINT('',(-0.00396046495215442,0.0141856168266764,0.));
#5076=CARTESIAN_POINT('',(-0.00396237691475473,0.0142571992921687,0.));
#5077=CARTESIAN_POINT('',(-0.00396289534313757,0.0143345342231279,0.));
#5078=CARTESIAN_POINT('',(-0.003961790907646,0.0144175922326994,0.));
#5079=CARTESIAN_POINT('',(-0.00395883493718229,0.0145063370402904,0.));
#5080=CARTESIAN_POINT('',(-0.00395379960821719,0.0146007255191941,0.));
#5081=CARTESIAN_POINT('',(-0.003946458135011,0.0147007077021151,0.));
#5082=CARTESIAN_POINT('',(-0.00393658491316273,0.0148062268288048,0.));
#5083=CARTESIAN_POINT('',(-0.00392395585383263,0.0149172192942883,0.));
#5084=CARTESIAN_POINT('',(-0.00390834797154939,0.0150336149942584,0.));
#5085=CARTESIAN_POINT('',(-0.00388954186168568,0.0151553361572139,0.));
#5086=CARTESIAN_POINT('',(-0.00386731299659348,0.0152823020510877,0.));
#5087=CARTESIAN_POINT('',(-0.00384146619550391,0.015414411027003,0.));
#5088=CARTESIAN_POINT('',(-0.0038117036156094,0.0155516099705447,0.));
#5089=CARTESIAN_POINT('',(-0.00377978932815522,0.0156866234363905,0.));
#5090=CARTESIAN_POINT('',(-0.00375623775167859,0.0157767018094643,0.));
#5091=CARTESIAN_POINT('',(-0.00374518854310212,0.0158186945977352,0.));
#5092=CARTESIAN_POINT('',(-0.00391407112418073,0.0137829147723628,0.));
#5093=CARTESIAN_POINT('',(-0.00427600899791595,0.0136911785819804,0.));
#5094=CARTESIAN_POINT('',(-0.00416469722929242,0.0133347739758994,0.));
#5095=CARTESIAN_POINT('',(6.24282388774621E-16,-1.91572994738967E-15,0.));
#5096=CARTESIAN_POINT('',(-0.00446867265076332,0.0132360063742928,0.));
#5097=CARTESIAN_POINT('',(-0.00458810890957646,0.0135897711734894,0.));
#5098=CARTESIAN_POINT('',(-0.0049348439801445,0.0134512455660803,0.));
#5099=CARTESIAN_POINT('',(-0.00481146665819509,0.0131152845412167,0.));
#5100=CARTESIAN_POINT('',(-0.00486713939571986,0.013267571451558,0.));
#5101=CARTESIAN_POINT('',(-0.00493148841833507,0.0134435914260239,0.));
#5102=CARTESIAN_POINT('',(-0.00493624198873667,0.0134545936305709,0.));
#5103=CARTESIAN_POINT('',(-0.00494248094735212,0.0134694841732465,0.));
#5104=CARTESIAN_POINT('',(-0.00495045732274094,0.0134871695564499,0.));
#5105=CARTESIAN_POINT('',(-0.00496154712301044,0.0135106674071446,0.));
#5106=CARTESIAN_POINT('',(-0.00497555668731553,0.0135388143319628,0.));
#5107=CARTESIAN_POINT('',(-0.00499281136729238,0.0135718323228263,0.));
#5108=CARTESIAN_POINT('',(-0.00501346826525467,0.0136094979818379,0.));
#5109=CARTESIAN_POINT('',(-0.00503773169345952,0.0136517171876853,0.));
#5110=CARTESIAN_POINT('',(-0.0050657870845465,0.0136983495080975,0.));
#5111=CARTESIAN_POINT('',(-0.00509782055368036,0.013749260841634,0.));
#5112=CARTESIAN_POINT('',(-0.00513401291347304,0.01380430797957,0.));
#5113=CARTESIAN_POINT('',(-0.00517454122077588,0.0138633432340719,0.));
#5114=CARTESIAN_POINT('',(-0.00521957813530867,0.0139262132320345,0.));
#5115=CARTESIAN_POINT('',(-0.00526929191550147,0.0139927594024028,0.));
#5116=CARTESIAN_POINT('',(-0.00532384623496097,0.0140628179840616,0.));
#5117=CARTESIAN_POINT('',(-0.00538340005755194,0.0141362201754618,0.));
#5118=CARTESIAN_POINT('',(-0.00544810748675247,0.0142127922508989,0.));
#5119=CARTESIAN_POINT('',(-0.00551811767751996,0.0142923556834275,0.));
#5120=CARTESIAN_POINT('',(-0.00559357453546776,0.0143747272994267,0.));
#5121=CARTESIAN_POINT('',(-0.00567461725335377,0.014459719315749,0.));
#5122=CARTESIAN_POINT('',(-0.00576137762030871,0.0145471398511242,0.));
#5123=CARTESIAN_POINT('',(-0.00585398982989716,0.0146367916178978,0.));
#5124=CARTESIAN_POINT('',(-0.0059525520389673,0.0147284776560233,0.));
#5125=CARTESIAN_POINT('',(-0.00605727398754232,0.0148219799274267,0.));
#5126=CARTESIAN_POINT('',(-0.00616245211254116,0.0149124493682623,0.));
#5127=CARTESIAN_POINT('',(-0.00623445247739836,0.0149714810335835,0.));
#5128=CARTESIAN_POINT('',(-0.00626807421655936,0.0149989593510851,0.));
#5129=CARTESIAN_POINT('',(-0.00652705623899531,0.012351454847628,0.));
#5130=CARTESIAN_POINT('',(-0.00660297513578583,0.0124947275870969,0.));
#5131=CARTESIAN_POINT('',(-0.00669072556846971,0.0126603285825235,0.));
#5132=CARTESIAN_POINT('',(-0.00669572104040243,0.0126712230855698,0.));
#5133=CARTESIAN_POINT('',(-0.00670261219197892,0.0126858232532308,0.));
#5134=CARTESIAN_POINT('',(-0.00671041775609271,0.0127035846865137,0.));
#5135=CARTESIAN_POINT('',(-0.00672045953746757,0.012727549145283,0.));
#5136=CARTESIAN_POINT('',(-0.00673200255074105,0.0127567942493743,0.));
#5137=CARTESIAN_POINT('',(-0.00674499406532344,0.0127917103237615,0.));
#5138=CARTESIAN_POINT('',(-0.00675916294225714,0.012832264635846,0.));
#5139=CARTESIAN_POINT('',(-0.00677430252419133,0.0128785460397734,0.));
#5140=CARTESIAN_POINT('',(-0.00679018437095601,0.0129305983713198,0.));
#5141=CARTESIAN_POINT('',(-0.00680658429040647,0.0129884702096285,0.));
#5142=CARTESIAN_POINT('',(-0.00682327487046731,0.0130522000993157,0.));
#5143=CARTESIAN_POINT('',(-0.0068400278835309,0.0131218207968146,0.));
#5144=CARTESIAN_POINT('',(-0.00685661381926474,0.0131973579866636,0.));
#5145=CARTESIAN_POINT('',(-0.00687280224954448,0.0132788306044982,0.));
#5146=CARTESIAN_POINT('',(-0.00688836195712508,0.013366250705938,0.));
#5147=CARTESIAN_POINT('',(-0.00690306113042155,0.0134596234738735,0.));
#5148=CARTESIAN_POINT('',(-0.00691666755072184,0.0135589471843212,0.));
#5149=CARTESIAN_POINT('',(-0.0069289487425031,0.0136642132231726,0.));
#5150=CARTESIAN_POINT('',(-0.00693967228958655,0.0137754059660636,0.));
#5151=CARTESIAN_POINT('',(-0.00694860550376335,0.0138925032019206,0.));
#5152=CARTESIAN_POINT('',(-0.00695551760531941,0.0140154744755235,0.));
#5153=CARTESIAN_POINT('',(-0.00696017218793394,0.0141442875009175,0.));
#5154=CARTESIAN_POINT('',(-0.00696235720201628,0.0142788834308612,0.));
#5155=CARTESIAN_POINT('',(-0.00696177027023098,0.0144192722366187,0.));
#5156=CARTESIAN_POINT('',(-0.0069586242644957,0.0145579706877684,0.));
#5157=CARTESIAN_POINT('',(-0.00695431569332348,0.0146509772803552,0.));
#5158=CARTESIAN_POINT('',(-0.00695223872807594,0.0146943496850878,0.));
#5159=CARTESIAN_POINT('',(-0.00669416839393787,0.0126679438702959,0.));
#5160=CARTESIAN_POINT('',(-0.00702912403029508,0.0125029612204735,0.));
#5161=CARTESIAN_POINT('',(-0.006846144006617,0.0121774879281674,0.));
#5162=CARTESIAN_POINT('',(1.00894297327227E-15,-1.74407104469522E-15,0.));
#5163=CARTESIAN_POINT('',(-0.00712294189676277,0.0120176785917806,0.));
#5164=CARTESIAN_POINT('',(-0.00731332002431423,0.012338880586824,0.));
#5165=CARTESIAN_POINT('',(-0.00762367700842265,0.012131291821509,0.));
#5166=CARTESIAN_POINT('',(-0.00743314555224461,0.0118283239387136,0.));
#5167=CARTESIAN_POINT('',(-0.00751926393589923,0.011965708001696,0.));
#5168=CARTESIAN_POINT('',(-0.00761880338848877,0.0121245026033066,0.));
#5169=CARTESIAN_POINT('',(-0.00762574056892209,0.0121342760604274,0.));
#5170=CARTESIAN_POINT('',(-0.00763493910922774,0.0121475440565844,0.));
#5171=CARTESIAN_POINT('',(-0.00764641817960146,0.0121631845900393,0.));
#5172=CARTESIAN_POINT('',(-0.0076621511189962,0.0121838632571938,0.));
#5173=CARTESIAN_POINT('',(-0.00768170661543883,0.0122084823519705,0.));
#5174=CARTESIAN_POINT('',(-0.00770544906556744,0.0122371913708261,0.));
#5175=CARTESIAN_POINT('',(-0.00773348569159873,0.012269739134236,0.));
#5176=CARTESIAN_POINT('',(-0.0077659967721556,0.0123059910987575,0.));
#5177=CARTESIAN_POINT('',(-0.00780313449021864,0.0123457713472879,0.));
#5178=CARTESIAN_POINT('',(-0.00784505301263246,0.0123889100133063,0.));
#5179=CARTESIAN_POINT('',(-0.00789189942605151,0.0124352294244865,0.));
#5180=CARTESIAN_POINT('',(-0.00794381621218293,0.012484548308139,0.));
#5181=CARTESIAN_POINT('',(-0.00800094036965576,0.0125366807447545,0.));
#5182=CARTESIAN_POINT('',(-0.00806340351127347,0.0125914366455415,0.));
#5183=CARTESIAN_POINT('',(-0.00813133168613143,0.0126486217983016,0.));
#5184=CARTESIAN_POINT('',(-0.00820484528853705,0.0127080380397588,0.));
#5185=CARTESIAN_POINT('',(-0.00828405893483276,0.0127694834006172,0.));
#5186=CARTESIAN_POINT('',(-0.00836908140274317,0.0128327522441142,0.));
#5187=CARTESIAN_POINT('',(-0.00846001536926151,0.0128976354797527,0.));
#5188=CARTESIAN_POINT('',(-0.00855695794313823,0.0129639204880957,0.));
#5189=CARTESIAN_POINT('',(-0.00865999813923605,0.0130313921804383,0.));
#5190=CARTESIAN_POINT('',(-0.00876922620025834,0.0130998296799235,0.));
#5191=CARTESIAN_POINT('',(-0.00888469718779438,0.0131690199225983,0.));
#5192=CARTESIAN_POINT('',(-0.00900657092587998,0.0132387060276407,0.));
#5193=CARTESIAN_POINT('',(-0.00912826031090875,0.0133053307323283,0.));
#5194=CARTESIAN_POINT('',(-0.00921096066839449,0.0133481026965325,0.));
#5195=CARTESIAN_POINT('',(-0.0092495607553399,0.0133679901942317,0.));
#5196=CARTESIAN_POINT('',(-0.00895243626145743,0.0107244946260671,0.));
#5197=CARTESIAN_POINT('',(-0.0090564842257145,0.0108488520862324,0.));
#5198=CARTESIAN_POINT('',(-0.00917674748386785,0.0109925899617589,0.));
#5199=CARTESIAN_POINT('',(-0.00918389888730235,0.0110022077767588,0.));
#5200=CARTESIAN_POINT('',(-0.0091936749962278,0.0110150561447507,0.));
#5201=CARTESIAN_POINT('',(-0.00920500279966327,0.0110308065800693,0.));
#5202=CARTESIAN_POINT('',(-0.00921980763516445,0.0110521595541729,0.));
#5203=CARTESIAN_POINT('',(-0.00923717880494289,0.0110783656551662,0.));
#5204=CARTESIAN_POINT('',(-0.00925714588382413,0.0111098176417921,0.));
#5205=CARTESIAN_POINT('',(-0.00927943685239735,0.0111465398696966,0.));
#5206=CARTESIAN_POINT('',(-0.00930386804308636,0.0111886622178286,0.));
#5207=CARTESIAN_POINT('',(-0.00933022512165728,0.0112362750594291,0.));
#5208=CARTESIAN_POINT('',(-0.00935829889527347,0.0112894725242386,0.));
#5209=CARTESIAN_POINT('',(-0.00938787493523533,0.01134833959621,0.));
#5210=CARTESIAN_POINT('',(-0.00941873681170144,0.0114129557671576,0.));
#5211=CARTESIAN_POINT('',(-0.00945066536980655,0.0114833938782324,0.));
#5212=CARTESIAN_POINT('',(-0.00948343915377367,0.0115597203599817,0.));
#5213=CARTESIAN_POINT('',(-0.00951683450551356,0.0116419950773492,0.));
#5214=CARTESIAN_POINT('',(-0.00955062575666409,0.0117302712963055,0.));
#5215=CARTESIAN_POINT('',(-0.00958458540461286,0.0118245956115253,0.));
#5216=CARTESIAN_POINT('',(-0.00961848426301113,0.011925007931518,0.));
#5217=CARTESIAN_POINT('',(-0.00965209174604329,0.0120315412953902,0.));
#5218=CARTESIAN_POINT('',(-0.00968517563235429,0.0121442223560323,0.));
#5219=CARTESIAN_POINT('',(-0.00971750385332417,0.0122630693055446,0.));
#5220=CARTESIAN_POINT('',(-0.00974883845605001,0.0123880997151356,0.));
#5221=CARTESIAN_POINT('',(-0.009778959789704,0.0125193001111062,0.));
#5222=CARTESIAN_POINT('',(-0.00980757415776335,0.0126567431146076,0.));
#5223=CARTESIAN_POINT('',(-0.00983333392929381,0.0127930647631969,0.));
#5224=CARTESIAN_POINT('',(-0.00984845666866104,0.0128849347409056,0.));
#5225=CARTESIAN_POINT('',(-0.00985544272009014,0.0129277911798892,0.));
#5226=CARTESIAN_POINT('',(-0.00918169838269609,0.010999323033558,0.));
#5227=CARTESIAN_POINT('',(-0.009475032613071,0.0107683044577676,0.));
#5228=CARTESIAN_POINT('',(-0.00922838143940868,0.0104879872239042,0.));
#5229=CARTESIAN_POINT('',(1.34950790839238E-15,-1.4961878683662E-15,0.));
#5230=CARTESIAN_POINT('',(-0.0094659044022063,0.0102741205875876,0.));
#5231=CARTESIAN_POINT('',(-0.00971890396078646,0.0105487217099963,0.));
#5232=CARTESIAN_POINT('',(-0.00997931876897169,0.0102811424119411,0.));
#5233=CARTESIAN_POINT('',(-0.00972996031747136,0.0100244088214933,0.));
#5234=CARTESIAN_POINT('',(-0.00984276056064827,0.0101408856943224,0.));
#5235=CARTESIAN_POINT('',(-0.00997314009149068,0.0102755148370064,0.));
#5236=CARTESIAN_POINT('',(-0.00998195769388251,0.0102836323997265,0.));
#5237=CARTESIAN_POINT('',(-0.00999371379552751,0.0102946979742661,0.));
#5238=CARTESIAN_POINT('',(-0.0100081938704281,0.0103076100916087,0.));
#5239=CARTESIAN_POINT('',(-0.0100278823440015,0.0103245658182412,0.));
#5240=CARTESIAN_POINT('',(-0.0100521291035495,0.0103445811103991,0.));
#5241=CARTESIAN_POINT('',(-0.0100813216648303,0.0103677264353618,0.));
#5242=CARTESIAN_POINT('',(-0.0101155126838384,0.0103937338097274,0.));
#5243=CARTESIAN_POINT('',(-0.0101548505265214,0.010422434148117,0.));
#5244=CARTESIAN_POINT('',(-0.0101994474750746,0.0104536237370181,0.));
#5245=CARTESIAN_POINT('',(-0.0102494190101915,0.0104871043688112,0.));
#5246=CARTESIAN_POINT('',(-0.0103048720641765,0.0105226716727018,0.));
#5247=CARTESIAN_POINT('',(-0.0103659083164582,0.0105601187136309,0.));
#5248=CARTESIAN_POINT('',(-0.0104326231170774,0.0105992351512601,0.));
#5249=CARTESIAN_POINT('',(-0.0105051056810999,0.0106398076868534,0.));
#5250=CARTESIAN_POINT('',(-0.0105834389241595,0.0106816201451344,0.));
#5251=CARTESIAN_POINT('',(-0.0106676994091972,0.0107244536617861,0.));
#5252=CARTESIAN_POINT('',(-0.0107579572561357,0.0107680868509489,0.));
#5253=CARTESIAN_POINT('',(-0.0108542761113583,0.0108122959533559,0.));
#5254=CARTESIAN_POINT('',(-0.0109567129357608,0.0108568550998919,0.));
#5255=CARTESIAN_POINT('',(-0.0110653185099677,0.0109015361273203,0.));
#5256=CARTESIAN_POINT('',(-0.0111801351841972,0.0109461101399098,0.));
#5257=CARTESIAN_POINT('',(-0.0113012053062523,0.0109903423249795,0.));
#5258=CARTESIAN_POINT('',(-0.0114285384360076,0.011034012826587,0.));
#5259=CARTESIAN_POINT('',(-0.0115622374964344,0.0110768371480871,0.));
#5260=CARTESIAN_POINT('',(-0.0116951197314369,0.011116705297331,0.));
#5261=CARTESIAN_POINT('',(-0.0117849056790887,0.0111413482203399,0.));
#5262=CARTESIAN_POINT('',(-0.0118267971047952,0.0111527757191564,0.));
#5263=CARTESIAN_POINT('',(-0.0109865518607385,0.0086288225275123,0.));
#5264=CARTESIAN_POINT('',(-0.0111141814971466,0.00872882969063155,0.));
#5265=CARTESIAN_POINT('',(-0.0112617014993009,0.00884442241136638,0.));
#5266=CARTESIAN_POINT('',(-0.0112706962835909,0.00885234319365309,0.));
#5267=CARTESIAN_POINT('',(-0.0112829300869943,0.00886287822664143,0.));
#5268=CARTESIAN_POINT('',(-0.0112972850503845,0.00887592929439328,0.));
#5269=CARTESIAN_POINT('',(-0.0113162058976591,0.00889373755639994,0.));
#5270=CARTESIAN_POINT('',(-0.011338646020467,0.00891575932193098,0.));
#5271=CARTESIAN_POINT('',(-0.0113647160064874,0.00894237261805648,0.));
#5272=CARTESIAN_POINT('',(-0.0113941548444095,0.00897365782420888,0.));
#5273=CARTESIAN_POINT('',(-0.0114268098835864,0.00900978016780662,0.));
#5274=CARTESIAN_POINT('',(-0.0114624902631547,0.00905087260981162,0.));
#5275=CARTESIAN_POINT('',(-0.0115010109323167,0.00909707071663998,0.));
#5276=CARTESIAN_POINT('',(-0.0115421798173116,0.00914850219737482,0.));
#5277=CARTESIAN_POINT('',(-0.011585801745087,0.00920528980503794,0.));
#5278=CARTESIAN_POINT('',(-0.0116316774943639,0.00926755035388495,0.));
#5279=CARTESIAN_POINT('',(-0.011679604260393,0.00933539486604136,0.));
#5280=CARTESIAN_POINT('',(-0.0117293757191725,0.00940892839938974,0.));
#5281=CARTESIAN_POINT('',(-0.0117807822083534,0.00948824997500218,0.));
#5282=CARTESIAN_POINT('',(-0.0118336108843788,0.00957345246980069,0.));
#5283=CARTESIAN_POINT('',(-0.0118876458666173,0.0096646225707193,0.));
#5284=CARTESIAN_POINT('',(-0.0119426684773231,0.00976184053636759,0.));
#5285=CARTESIAN_POINT('',(-0.0119984571111824,0.00986518071874114,0.));
#5286=CARTESIAN_POINT('',(-0.0120547885531817,0.00997470916217809,0.));
#5287=CARTESIAN_POINT('',(-0.0121114337035196,0.0100904925271044,0.));
#5288=CARTESIAN_POINT('',(-0.0121681749099264,0.0102125633022287,0.));
#5289=CARTESIAN_POINT('',(-0.0122247399926392,0.0103410535846964,0.));
#5290=CARTESIAN_POINT('',(-0.0122782797158104,0.0104690405205381,0.));
#5291=CARTESIAN_POINT('',(-0.0123121728294398,0.0105557587245017,0.));
#5292=CARTESIAN_POINT('',(-0.0123279165735753,0.0105962261657047,0.));
#5293=CARTESIAN_POINT('',(-0.0112679440934534,0.0088499789996458,0.));
#5294=CARTESIAN_POINT('',(-0.0115068368044048,0.00856302111819951,0.));
#5295=CARTESIAN_POINT('',(-0.011207294320611,0.00834011115101,0.));
#5296=CARTESIAN_POINT('',(1.63109287225834E-15,-1.18291410268363E-15,0.));
#5297=CARTESIAN_POINT('',(-0.0113951614628245,0.00808153421301663,0.));
#5298=CARTESIAN_POINT('',(-0.0116997251576969,0.00829753307605893,0.));
#5299=CARTESIAN_POINT('',(-0.0118988164132323,0.00798165774457642,0.));
#5300=CARTESIAN_POINT('',(-0.0116015291272949,0.0077823789363233,0.));
#5301=CARTESIAN_POINT('',(-0.0117360813180916,0.0078728580207385,0.));
#5302=CARTESIAN_POINT('',(-0.0118916027160587,0.0079774377649382,0.));
#5303=CARTESIAN_POINT('',(-0.011901915368873,0.00798354465681448,0.));
#5304=CARTESIAN_POINT('',(-0.0119157152338034,0.00799192419103066,0.));
#5305=CARTESIAN_POINT('',(-0.0119325634644746,0.00800154357077401,0.));
#5306=CARTESIAN_POINT('',(-0.0119553469914558,0.00801403531026801,0.));
#5307=CARTESIAN_POINT('',(-0.0119832253143679,0.00802857203549577,0.));
#5308=CARTESIAN_POINT('',(-0.0120165921317915,0.008045142104801,0.));
#5309=CARTESIAN_POINT('',(-0.012055443232179,0.0080634724430654,0.));
#5310=CARTESIAN_POINT('',(-0.0120998885844991,0.00808336681281608,0.));
#5311=CARTESIAN_POINT('',(-0.0121499956628908,0.00810460260738849,0.));
#5312=CARTESIAN_POINT('',(-0.0122058362148362,0.00812696194068913,0.));
#5313=CARTESIAN_POINT('',(-0.0122674723448347,0.00815022267543925,0.));
#5314=CARTESIAN_POINT('',(-0.0123349604861575,0.00817416125826556,0.));
#5315=CARTESIAN_POINT('',(-0.0124083501730028,0.00819855212088251,0.));
#5316=CARTESIAN_POINT('',(-0.0124876843235724,0.008223168076788,0.));
#5317=CARTESIAN_POINT('',(-0.0125729990962273,0.00824778043552463,0.));
#5318=CARTESIAN_POINT('',(-0.0126643238763744,0.00827215919715514,0.));
#5319=CARTESIAN_POINT('',(-0.0127616812229393,0.0082960732348805,0.));
#5320=CARTESIAN_POINT('',(-0.0128650868693116,0.00831929044628358,0.));
#5321=CARTESIAN_POINT('',(-0.0129745495708254,0.008341578055195,0.));
#5322=CARTESIAN_POINT('',(-0.0130900715606224,0.00836270232640687,0.));
#5323=CARTESIAN_POINT('',(-0.0132116466733682,0.00838243056100315,0.));
#5324=CARTESIAN_POINT('',(-0.0133392675111633,0.0084005242729204,0.));
#5325=CARTESIAN_POINT('',(-0.0134728977143555,0.00841676642298607,0.));
#5326=CARTESIAN_POINT('',(-0.0136125788066235,0.00843085733260032,0.));
#5327=CARTESIAN_POINT('',(-0.0137508463002904,0.0084422264969699,0.));
#5328=CARTESIAN_POINT('',(-0.0138437937613551,0.00844766336479823,0.));
#5329=CARTESIAN_POINT('',(-0.013887145669502,0.00845013142819856,0.));
#5330=CARTESIAN_POINT('',(-0.0125405024243803,0.00615602947882083,0.));
#5331=CARTESIAN_POINT('',(-0.0126861357053934,0.00622731555197806,0.));
#5332=CARTESIAN_POINT('',(-0.0128544651195752,0.00630971116134977,0.));
#5333=CARTESIAN_POINT('',(-0.0128649101694853,0.00631558873472918,0.));
#5334=CARTESIAN_POINT('',(-0.0128790669914536,0.00632335000121965,0.));
#5335=CARTESIAN_POINT('',(-0.0128958217340156,0.00633313130711806,0.));
#5336=CARTESIAN_POINT('',(-0.0129180316612455,0.00634661655052455,0.));
#5337=CARTESIAN_POINT('',(-0.0129445599960366,0.00636349152376749,0.));
#5338=CARTESIAN_POINT('',(-0.0129755935057092,0.00638410300064718,0.));
#5339=CARTESIAN_POINT('',(-0.0130108935944999,0.00640858387141552,0.));
#5340=CARTESIAN_POINT('',(-0.0130503453002563,0.00643712749072955,0.));
#5341=CARTESIAN_POINT('',(-0.0130937895770214,0.00646990359623996,0.));
#5342=CARTESIAN_POINT('',(-0.0131410736036441,0.00650708326613566,0.));
#5343=CARTESIAN_POINT('',(-0.0131920360558477,0.00654883135313026,0.));
#5344=CARTESIAN_POINT('',(-0.0132465115473673,0.00659530850655685,0.));
#5345=CARTESIAN_POINT('',(-0.0133043294974364,0.00664667040843221,0.));
#5346=CARTESIAN_POINT('',(-0.0133653146158738,0.00670306782026043,0.));
#5347=CARTESIAN_POINT('',(-0.0134292869301143,0.00676464640132932,0.));
#5348=CARTESIAN_POINT('',(-0.0134960619470726,0.00683154660011645,0.));
#5349=CARTESIAN_POINT('',(-0.0135654507845323,0.00690390351662404,0.));
#5350=CARTESIAN_POINT('',(-0.0136372603025986,0.00698184682757572,0.));
#5351=CARTESIAN_POINT('',(-0.0137112932888623,0.00706550050339777,0.));
#5352=CARTESIAN_POINT('',(-0.0137873484392667,0.00715498334565175,0.));
#5353=CARTESIAN_POINT('',(-0.0138652211479718,0.00725040636445943,0.));
#5354=CARTESIAN_POINT('',(-0.0139447011810385,0.00735188239608365,0.));
#5355=CARTESIAN_POINT('',(-0.0140255823972036,0.00745948847172813,0.));
#5356=CARTESIAN_POINT('',(-0.0141076260290259,0.00757341039125345,0.));
#5357=CARTESIAN_POINT('',(-0.0141866057610232,0.00768746897110181,0.));
#5358=CARTESIAN_POINT('',(-0.0142377879572119,0.00776524539968695,0.));
#5359=CARTESIAN_POINT('',(-0.0142616013168882,0.00780155522174454,0.));
#5360=CARTESIAN_POINT('',(-0.0128617265777321,0.00631384841653823,0.));
#5361=CARTESIAN_POINT('',(-0.0130357370114571,0.00598349266583193,0.));
#5362=CARTESIAN_POINT('',(-0.0126963946614377,0.0058277322005232,0.));
#5363=CARTESIAN_POINT('',(1.84139125075463E-15,-8.17941314462146E-16,0.));
#5364=CARTESIAN_POINT('',(-0.012826395287466,0.00553574601383315,0.));
#5365=CARTESIAN_POINT('',(-0.0131692122237058,0.0056837024307166,0.));
#5366=CARTESIAN_POINT('',(-0.0132982786833788,0.00533333633353058,0.));
#5367=CARTESIAN_POINT('',(-0.0129660554439423,0.00520022174763858,0.));
#5368=CARTESIAN_POINT('',(-0.0131164790059681,0.00526074867348412,0.));
#5369=CARTESIAN_POINT('',(-0.0132903452396942,0.00533070838254873,0.));
#5370=CARTESIAN_POINT('',(-0.0133017022305173,0.00533453770310203,0.));
#5371=CARTESIAN_POINT('',(-0.0133169427384166,0.00533986497114011,0.));
#5372=CARTESIAN_POINT('',(-0.0133354227763313,0.00534577120023048,0.));
#5373=CARTESIAN_POINT('',(-0.0133603056072636,0.00535325300362808,0.));
#5374=CARTESIAN_POINT('',(-0.0133905970770537,0.00536167583727831,0.));
#5375=CARTESIAN_POINT('',(-0.0134266798605869,0.00537094645938545,0.));
#5376=CARTESIAN_POINT('',(-0.0134684930628386,0.00538079863780773,0.));
#5377=CARTESIAN_POINT('',(-0.0135161034496269,0.0053910175594976,0.));
#5378=CARTESIAN_POINT('',(-0.013569530738091,0.00540137145361792,0.));
#5379=CARTESIAN_POINT('',(-0.0136287998067921,0.0054116322782688,0.));
#5380=CARTESIAN_POINT('',(-0.0136939252181602,0.00542156983815249,0.));
#5381=CARTESIAN_POINT('',(-0.0137649156929042,0.00543095373193643,0.));
#5382=CARTESIAN_POINT('',(-0.0138417727844978,0.00543955302180443,0.));
#5383=CARTESIAN_POINT('',(-0.0139244912385471,0.00544713656262863,0.));
#5384=CARTESIAN_POINT('',(-0.0140130588758466,0.00545347314364087,0.));
#5385=CARTESIAN_POINT('',(-0.0141074566199856,0.00545833168138467,0.));
#5386=CARTESIAN_POINT('',(-0.0142076584829597,0.00546148140947174,0.));
#5387=CARTESIAN_POINT('',(-0.01431363159754,0.00546269202632402,0.));
#5388=CARTESIAN_POINT('',(-0.0144253361308486,0.00546173402215361,0.));
#5389=CARTESIAN_POINT('',(-0.0145427256709454,0.00545837830513143,0.));
#5390=CARTESIAN_POINT('',(-0.0146657458063985,0.00545239854321616,0.));
#5391=CARTESIAN_POINT('',(-0.0147943397169293,0.00544356299994682,0.));
#5392=CARTESIAN_POINT('',(-0.01492842671245,0.0054316669385743,0.));
#5393=CARTESIAN_POINT('',(-0.0150679851025628,0.00541640859593693,0.));
#5394=CARTESIAN_POINT('',(-0.0152055949019399,0.00539878188839396,0.));
#5395=CARTESIAN_POINT('',(-0.0152976416263576,0.00538477508382857,0.));
#5396=CARTESIAN_POINT('',(-0.0153405593305333,0.00537817584559905,0.));
#5397=CARTESIAN_POINT('',(-0.0135463728560697,0.00341418840199804,0.));
#5398=CARTESIAN_POINT('',(-0.0137036449084815,0.00345363784172776,0.));
#5399=CARTESIAN_POINT('',(-0.0138854269315568,0.0034992352562288,0.));
#5400=CARTESIAN_POINT('',(-0.0138968657482852,0.00350281274254052,0.));
#5401=CARTESIAN_POINT('',(-0.0139123268677664,0.00350746103794478,0.));
#5402=CARTESIAN_POINT('',(-0.0139307491268521,0.00351354509198607,0.));
#5403=CARTESIAN_POINT('',(-0.0139552774536421,0.00352211794694615,0.));
#5404=CARTESIAN_POINT('',(-0.013984734584889,0.00353310861059517,0.));
#5405=CARTESIAN_POINT('',(-0.0140193753049259,0.00354681744778458,0.));
#5406=CARTESIAN_POINT('',(-0.0140589938613164,0.00356342405164401,0.));
#5407=CARTESIAN_POINT('',(-0.0141035180048005,0.00358314145354283,0.));
#5408=CARTESIAN_POINT('',(-0.014152827455399,0.00360616874947066,0.));
#5409=CARTESIAN_POINT('',(-0.0142068083006251,0.00363270505245141,0.));
#5410=CARTESIAN_POINT('',(-0.0142653370163309,0.00366294515397454,0.));
#5411=CARTESIAN_POINT('',(-0.0143282852312129,0.00369708057853773,0.));
#5412=CARTESIAN_POINT('',(-0.014395518460215,0.00373529907186774,0.));
#5413=CARTESIAN_POINT('',(-0.0144668965887459,0.00377778454584607,0.));
#5414=CARTESIAN_POINT('',(-0.0145422738613418,0.00382471689515595,0.));
#5415=CARTESIAN_POINT('',(-0.0146214990174144,0.003876271857408,0.));
#5416=CARTESIAN_POINT('',(-0.0147044153911468,0.00393262085116627,0.));
#5417=CARTESIAN_POINT('',(-0.0147908610245211,0.00399393087544893,0.));
#5418=CARTESIAN_POINT('',(-0.0148806687895934,0.00406036419439645,0.));
#5419=CARTESIAN_POINT('',(-0.0149736664815171,0.00413207886693804,0.));
#5420=CARTESIAN_POINT('',(-0.0150696770458829,0.00420922601730412,0.));
#5421=CARTESIAN_POINT('',(-0.0151685183028457,0.0042919597261082,0.));
#5422=CARTESIAN_POINT('',(-0.0152700046315115,0.00438039820041595,0.));
#5423=CARTESIAN_POINT('',(-0.0153739411120438,0.00447477282245762,0.));
#5424=CARTESIAN_POINT('',(-0.0154749090595921,0.0045699181390595,0.));
#5425=CARTESIAN_POINT('',(-0.0155411434307673,0.00463535358912434,0.));
#5426=CARTESIAN_POINT('',(-0.0155719856478973,0.0046659188785787,0.));
#5427=CARTESIAN_POINT('',(-0.0138933898931524,0.0035017723604218,0.));
#5428=CARTESIAN_POINT('',(-0.0139949129587024,0.00314245687198414,0.));
#5429=CARTESIAN_POINT('',(-0.0136306016314987,0.00306065338831181,0.));
#5430=CARTESIAN_POINT('',(1.97121199561739E-15,-4.17220565880778E-16,0.));
#5431=CARTESIAN_POINT('',(-0.013697054090172,0.00274801915038862,0.));
#5432=CARTESIAN_POINT('',(-0.0140631415226475,0.00282146671572175,0.));
#5433=CARTESIAN_POINT('',(-0.0141165423628406,0.00245192253252231,0.));
#5434=CARTESIAN_POINT('',(-0.0137639029196525,0.00239078991514957,0.));
#5435=CARTESIAN_POINT('',(-0.0139236236214344,0.00241871936532557,0.));
#5436=CARTESIAN_POINT('',(-0.0141082359022029,0.00245100146426505,0.));
#5437=CARTESIAN_POINT('',(-0.014120140876039,0.00245238585381206,0.));
#5438=CARTESIAN_POINT('',(-0.0141361559435799,0.00245442802849571,0.));
#5439=CARTESIAN_POINT('',(-0.0141554601224042,0.00245636297638061,0.));
#5440=CARTESIAN_POINT('',(-0.0141813547581749,0.00245850785297167,0.));
#5441=CARTESIAN_POINT('',(-0.0142127354922584,0.00246044867679662,0.));
#5442=CARTESIAN_POINT('',(-0.0142499572511165,0.00246201468103421,0.));
#5443=CARTESIAN_POINT('',(-0.014292905117652,0.00246295811214131,0.));
#5444=CARTESIAN_POINT('',(-0.0143415997365459,0.0024630549698567,0.));
#5445=CARTESIAN_POINT('',(-0.0143960122062038,0.00246207444866838,0.));
#5446=CARTESIAN_POINT('',(-0.0144561194489538,0.00245978831739535,0.));
#5447=CARTESIAN_POINT('',(-0.0145218878487084,0.00245596838335999,0.));
#5448=CARTESIAN_POINT('',(-0.0145932780324773,0.00245038746691429,0.));
#5449=CARTESIAN_POINT('',(-0.0146702435051152,0.00244281935380214,0.));
#5450=CARTESIAN_POINT('',(-0.0147527310692751,0.00243303904242117,0.));
#5451=CARTESIAN_POINT('',(-0.0148406807404745,0.00242082290671248,0.));
#5452=CARTESIAN_POINT('',(-0.014934025814216,0.00240594887915633,0.));
#5453=CARTESIAN_POINT('',(-0.0150326928913653,0.00238819663937364,0.));
#5454=CARTESIAN_POINT('',(-0.0151366019405311,0.00236734775190947,0.));
#5455=CARTESIAN_POINT('',(-0.0152456662815111,0.00234318600403651,0.));
#5456=CARTESIAN_POINT('',(-0.0153597928857081,0.00231549695971666,0.));
#5457=CARTESIAN_POINT('',(-0.0154788814736329,0.00228407054557961,0.));
#5458=CARTESIAN_POINT('',(-0.0156028282859472,0.00224869190276219,0.));
#5459=CARTESIAN_POINT('',(-0.0157315118286713,0.00220917754491711,0.));
#5460=CARTESIAN_POINT('',(-0.0158648481453057,0.00216523681281901,0.));
#5461=CARTESIAN_POINT('',(-0.015995786041835,0.00211938460506544,0.));
#5462=CARTESIAN_POINT('',(-0.0160829091460594,0.00208654629267795,0.));
#5463=CARTESIAN_POINT('',(-0.0161235169366495,0.00207116817119588,0.));
#5464=CARTESIAN_POINT('',(-0.0139602017912399,0.000523130908914325,0.));
#5465=CARTESIAN_POINT('',(-0.0141222390716851,0.000529019585400913,0.));
#5466=CARTESIAN_POINT('',(-0.0143095289569585,0.000535825979216926,0.));
#5467=CARTESIAN_POINT('',(-0.0143214616093245,0.000536947025142436,0.));
#5468=CARTESIAN_POINT('',(-0.0143375513012067,0.000538279196646341,0.));
#5469=CARTESIAN_POINT('',(-0.0143568359356942,0.000540400096474382,0.));
#5470=CARTESIAN_POINT('',(-0.0143826106564638,0.00054368588808916,0.));
#5471=CARTESIAN_POINT('',(-0.0144137091661799,0.000548311897403748,0.));
#5472=CARTESIAN_POINT('',(-0.0144504431308909,0.000554518952935401,0.));
#5473=CARTESIAN_POINT('',(-0.0144926486338559,0.000562525501609948,0.));
#5474=CARTESIAN_POINT('',(-0.0145402992963469,0.00057255494101598,0.));
#5475=CARTESIAN_POINT('',(-0.0145933188611746,0.000584827024031941,0.));
#5476=CARTESIAN_POINT('',(-0.0146516373030389,0.000599560196322182,0.));
#5477=CARTESIAN_POINT('',(-0.0147151742965188,0.000616970674829179,0.));
#5478=CARTESIAN_POINT('',(-0.0147838440957138,0.000637272488675623,0.));
#5479=CARTESIAN_POINT('',(-0.0148575541889205,0.000660677241909091,0.));
#5480=CARTESIAN_POINT('',(-0.014936205760818,0.000687393958956744,0.));
#5481=CARTESIAN_POINT('',(-0.0150196936432565,0.000717628907636372,0.));
#5482=CARTESIAN_POINT('',(-0.0151079064189586,0.000751585434114772,0.));
#5483=CARTESIAN_POINT('',(-0.0152007264855546,0.000789463783704019,0.));
#5484=CARTESIAN_POINT('',(-0.0152980301452462,0.000831460979058379,0.));
#5485=CARTESIAN_POINT('',(-0.0153996876588481,0.000877770486310923,0.));
#5486=CARTESIAN_POINT('',(-0.0155055634469016,0.000928582713824881,0.));
#5487=CARTESIAN_POINT('',(-0.0156155157445555,0.00098408229508525,0.));
#5488=CARTESIAN_POINT('',(-0.0157293983881923,0.00104445782099407,0.));
#5489=CARTESIAN_POINT('',(-0.0158470543898106,0.00110986350826297,0.));
#5490=CARTESIAN_POINT('',(-0.0159683411961109,0.00118056620897807,0.));
#5491=CARTESIAN_POINT('',(-0.0160868845754045,0.00125263995544009,0.));
#5492=CARTESIAN_POINT('',(-0.016165276361718,0.00130287458382267,0.));
#5493=CARTESIAN_POINT('',(-0.0162017994834159,0.0013263594908561,0.));
#5494=CARTESIAN_POINT('',(-0.0143178454023605,0.000536652048786856,0.));
#5495=CARTESIAN_POINT('',(-0.0143424440546093,0.000164080633649558,0.));
#5496=CARTESIAN_POINT('',(-0.0139690859033798,0.000159809336386782,0.));
#5497=CARTESIAN_POINT('',(2.01488131734706E-15,1.73472347597656E-18,0.));
#5498=CARTESIAN_POINT('',(-0.0139690859033798,-0.000159809336386779,0.));
#5499=CARTESIAN_POINT('',(-0.0143424440546093,-0.000164080633649555,0.));
#5500=CARTESIAN_POINT('',(-0.0143178454023605,-0.000536652048786854,0.));
#5501=CARTESIAN_POINT('',(-0.0139602017912399,-0.000523130908914322,0.));
#5502=CARTESIAN_POINT('',(-0.0141222390716851,-0.000529019585400909,0.));
#5503=CARTESIAN_POINT('',(-0.0143095289569585,-0.000535825979216923,0.));
#5504=CARTESIAN_POINT('',(-0.0143214616093245,-0.000536947025142432,0.));
#5505=CARTESIAN_POINT('',(-0.0143375513012067,-0.000538279196646338,0.));
#5506=CARTESIAN_POINT('',(-0.0143568359356942,-0.000540400096474379,0.));
#5507=CARTESIAN_POINT('',(-0.0143826106564638,-0.000543685888089156,0.));
#5508=CARTESIAN_POINT('',(-0.0144137091661799,-0.000548311897403744,0.));
#5509=CARTESIAN_POINT('',(-0.0144504431308909,-0.000554518952935397,0.));
#5510=CARTESIAN_POINT('',(-0.0144926486338559,-0.000562525501609945,0.));
#5511=CARTESIAN_POINT('',(-0.0145402992963469,-0.000572554941015977,0.));
#5512=CARTESIAN_POINT('',(-0.0145933188611746,-0.000584827024031938,0.));
#5513=CARTESIAN_POINT('',(-0.0146516373030389,-0.000599560196322178,0.));
#5514=CARTESIAN_POINT('',(-0.0147151742965188,-0.000616970674829176,0.));
#5515=CARTESIAN_POINT('',(-0.0147838440957138,-0.000637272488675619,0.));
#5516=CARTESIAN_POINT('',(-0.0148575541889205,-0.000660677241909087,0.));
#5517=CARTESIAN_POINT('',(-0.014936205760818,-0.000687393958956741,0.));
#5518=CARTESIAN_POINT('',(-0.0150196936432565,-0.000717628907636368,0.));
#5519=CARTESIAN_POINT('',(-0.0151079064189586,-0.000751585434114769,0.));
#5520=CARTESIAN_POINT('',(-0.0152007264855546,-0.000789463783704015,0.));
#5521=CARTESIAN_POINT('',(-0.0152980301452462,-0.000831460979058376,0.));
#5522=CARTESIAN_POINT('',(-0.0153996876588481,-0.00087777048631092,0.));
#5523=CARTESIAN_POINT('',(-0.0155055634469016,-0.000928582713824877,0.));
#5524=CARTESIAN_POINT('',(-0.0156155157445555,-0.000984082295085246,0.));
#5525=CARTESIAN_POINT('',(-0.0157293983881923,-0.00104445782099406,0.));
#5526=CARTESIAN_POINT('',(-0.0158470543898106,-0.00110986350826296,0.));
#5527=CARTESIAN_POINT('',(-0.0159683411961109,-0.00118056620897807,0.));
#5528=CARTESIAN_POINT('',(-0.0160868845754045,-0.00125263995544009,0.));
#5529=CARTESIAN_POINT('',(-0.016165276361718,-0.00130287458382267,0.));
#5530=CARTESIAN_POINT('',(-0.0162017994834159,-0.0013263594908561,0.));
#5531=CARTESIAN_POINT('',(-0.0137639029196525,-0.00239078991514957,0.));
#5532=CARTESIAN_POINT('',(-0.0139236236214344,-0.00241871936532558,0.));
#5533=CARTESIAN_POINT('',(-0.0141082359022029,-0.00245100146426505,0.));
#5534=CARTESIAN_POINT('',(-0.014120140876039,-0.00245238585381206,0.));
#5535=CARTESIAN_POINT('',(-0.0141361559435799,-0.00245442802849571,0.));
#5536=CARTESIAN_POINT('',(-0.0141554601224042,-0.00245636297638061,0.));
#5537=CARTESIAN_POINT('',(-0.0141813547581749,-0.00245850785297168,0.));
#5538=CARTESIAN_POINT('',(-0.0142127354922584,-0.00246044867679662,0.));
#5539=CARTESIAN_POINT('',(-0.0142499572511165,-0.00246201468103422,0.));
#5540=CARTESIAN_POINT('',(-0.014292905117652,-0.00246295811214132,0.));
#5541=CARTESIAN_POINT('',(-0.0143415997365459,-0.00246305496985671,0.));
#5542=CARTESIAN_POINT('',(-0.0143960122062038,-0.00246207444866839,0.));
#5543=CARTESIAN_POINT('',(-0.0144561194489538,-0.00245978831739536,0.));
#5544=CARTESIAN_POINT('',(-0.0145218878487084,-0.00245596838335999,0.));
#5545=CARTESIAN_POINT('',(-0.0145932780324773,-0.0024503874669143,0.));
#5546=CARTESIAN_POINT('',(-0.0146702435051152,-0.00244281935380214,0.));
#5547=CARTESIAN_POINT('',(-0.0147527310692751,-0.00243303904242117,0.));
#5548=CARTESIAN_POINT('',(-0.0148406807404745,-0.00242082290671248,0.));
#5549=CARTESIAN_POINT('',(-0.014934025814216,-0.00240594887915633,0.));
#5550=CARTESIAN_POINT('',(-0.0150326928913653,-0.00238819663937364,0.));
#5551=CARTESIAN_POINT('',(-0.0151366019405311,-0.00236734775190948,0.));
#5552=CARTESIAN_POINT('',(-0.0152456662815111,-0.00234318600403651,0.));
#5553=CARTESIAN_POINT('',(-0.0153597928857081,-0.00231549695971666,0.));
#5554=CARTESIAN_POINT('',(-0.0154788814736329,-0.00228407054557962,0.));
#5555=CARTESIAN_POINT('',(-0.0156028282859472,-0.0022486919027622,0.));
#5556=CARTESIAN_POINT('',(-0.0157315118286713,-0.00220917754491711,0.));
#5557=CARTESIAN_POINT('',(-0.0158648481453057,-0.00216523681281901,0.));
#5558=CARTESIAN_POINT('',(-0.015995786041835,-0.00211938460506545,0.));
#5559=CARTESIAN_POINT('',(-0.0160829091460594,-0.00208654629267795,0.));
#5560=CARTESIAN_POINT('',(-0.0161235169366495,-0.00207116817119588,0.));
#5561=CARTESIAN_POINT('',(-0.0141165423628406,-0.00245192253252231,0.));
#5562=CARTESIAN_POINT('',(-0.0140631415226474,-0.00282146671572175,0.));
#5563=CARTESIAN_POINT('',(-0.013697054090172,-0.00274801915038863,0.));
#5564=CARTESIAN_POINT('',(1.9704906570354E-15,4.20614197092706E-16,0.));
#5565=CARTESIAN_POINT('',(-0.0136306016314987,-0.00306065338831181,0.));
#5566=CARTESIAN_POINT('',(-0.0139949129587024,-0.00314245687198415,0.));
#5567=CARTESIAN_POINT('',(-0.0138933898931524,-0.00350177236042181,0.));
#5568=CARTESIAN_POINT('',(-0.0135463728560697,-0.00341418840199805,0.));
#5569=CARTESIAN_POINT('',(-0.0137036449084815,-0.00345363784172776,0.));
#5570=CARTESIAN_POINT('',(-0.0138854269315568,-0.0034992352562288,0.));
#5571=CARTESIAN_POINT('',(-0.0138968657482852,-0.00350281274254052,0.));
#5572=CARTESIAN_POINT('',(-0.0139123268677664,-0.00350746103794478,0.));
#5573=CARTESIAN_POINT('',(-0.0139307491268521,-0.00351354509198608,0.));
#5574=CARTESIAN_POINT('',(-0.0139552774536421,-0.00352211794694615,0.));
#5575=CARTESIAN_POINT('',(-0.013984734584889,-0.00353310861059517,0.));
#5576=CARTESIAN_POINT('',(-0.0140193753049259,-0.00354681744778458,0.));
#5577=CARTESIAN_POINT('',(-0.0140589938613164,-0.00356342405164401,0.));
#5578=CARTESIAN_POINT('',(-0.0141035180048005,-0.00358314145354283,0.));
#5579=CARTESIAN_POINT('',(-0.014152827455399,-0.00360616874947066,0.));
#5580=CARTESIAN_POINT('',(-0.0142068083006251,-0.00363270505245141,0.));
#5581=CARTESIAN_POINT('',(-0.0142653370163309,-0.00366294515397454,0.));
#5582=CARTESIAN_POINT('',(-0.0143282852312129,-0.00369708057853774,0.));
#5583=CARTESIAN_POINT('',(-0.014395518460215,-0.00373529907186775,0.));
#5584=CARTESIAN_POINT('',(-0.0144668965887459,-0.00377778454584607,0.));
#5585=CARTESIAN_POINT('',(-0.0145422738613418,-0.00382471689515596,0.));
#5586=CARTESIAN_POINT('',(-0.0146214990174144,-0.00387627185740801,0.));
#5587=CARTESIAN_POINT('',(-0.0147044153911468,-0.00393262085116628,0.));
#5588=CARTESIAN_POINT('',(-0.0147908610245211,-0.00399393087544894,0.));
#5589=CARTESIAN_POINT('',(-0.0148806687895934,-0.00406036419439646,0.));
#5590=CARTESIAN_POINT('',(-0.0149736664815171,-0.00413207886693805,0.));
#5591=CARTESIAN_POINT('',(-0.0150696770458829,-0.00420922601730412,0.));
#5592=CARTESIAN_POINT('',(-0.0151685183028457,-0.0042919597261082,0.));
#5593=CARTESIAN_POINT('',(-0.0152700046315115,-0.00438039820041595,0.));
#5594=CARTESIAN_POINT('',(-0.0153739411120438,-0.00447477282245762,0.));
#5595=CARTESIAN_POINT('',(-0.0154749090595921,-0.0045699181390595,0.));
#5596=CARTESIAN_POINT('',(-0.0155411434307673,-0.00463535358912434,0.));
#5597=CARTESIAN_POINT('',(-0.0155719856478973,-0.0046659188785787,0.));
#5598=CARTESIAN_POINT('',(-0.0129660554439423,-0.00520022174763858,0.));
#5599=CARTESIAN_POINT('',(-0.0131164790059681,-0.00526074867348411,0.));
#5600=CARTESIAN_POINT('',(-0.0132903452396942,-0.00533070838254873,0.));
#5601=CARTESIAN_POINT('',(-0.0133017022305173,-0.00533453770310203,0.));
#5602=CARTESIAN_POINT('',(-0.0133169427384166,-0.0053398649711401,0.));
#5603=CARTESIAN_POINT('',(-0.0133354227763313,-0.00534577120023047,0.));
#5604=CARTESIAN_POINT('',(-0.0133603056072636,-0.00535325300362808,0.));
#5605=CARTESIAN_POINT('',(-0.0133905970770537,-0.00536167583727831,0.));
#5606=CARTESIAN_POINT('',(-0.0134266798605869,-0.00537094645938545,0.));
#5607=CARTESIAN_POINT('',(-0.0134684930628386,-0.00538079863780773,0.));
#5608=CARTESIAN_POINT('',(-0.0135161034496269,-0.0053910175594976,0.));
#5609=CARTESIAN_POINT('',(-0.013569530738091,-0.00540137145361792,0.));
#5610=CARTESIAN_POINT('',(-0.0136287998067921,-0.00541163227826879,0.));
#5611=CARTESIAN_POINT('',(-0.0136939252181602,-0.00542156983815248,0.));
#5612=CARTESIAN_POINT('',(-0.0137649156929042,-0.00543095373193643,0.));
#5613=CARTESIAN_POINT('',(-0.0138417727844978,-0.00543955302180443,0.));
#5614=CARTESIAN_POINT('',(-0.0139244912385471,-0.00544713656262863,0.));
#5615=CARTESIAN_POINT('',(-0.0140130588758466,-0.00545347314364086,0.));
#5616=CARTESIAN_POINT('',(-0.0141074566199856,-0.00545833168138467,0.));
#5617=CARTESIAN_POINT('',(-0.0142076584829597,-0.00546148140947174,0.));
#5618=CARTESIAN_POINT('',(-0.01431363159754,-0.00546269202632402,0.));
#5619=CARTESIAN_POINT('',(-0.0144253361308486,-0.00546173402215361,0.));
#5620=CARTESIAN_POINT('',(-0.0145427256709454,-0.00545837830513143,0.));
#5621=CARTESIAN_POINT('',(-0.0146657458063985,-0.00545239854321616,0.));
#5622=CARTESIAN_POINT('',(-0.0147943397169293,-0.00544356299994681,0.));
#5623=CARTESIAN_POINT('',(-0.01492842671245,-0.0054316669385743,0.));
#5624=CARTESIAN_POINT('',(-0.0150679851025628,-0.00541640859593692,0.));
#5625=CARTESIAN_POINT('',(-0.0152055949019399,-0.00539878188839396,0.));
#5626=CARTESIAN_POINT('',(-0.0152976416263576,-0.00538477508382856,0.));
#5627=CARTESIAN_POINT('',(-0.0153405593305333,-0.00537817584559905,0.));
#5628=CARTESIAN_POINT('',(-0.0132982786833788,-0.00533333633353057,0.));
#5629=CARTESIAN_POINT('',(-0.0131692122237058,-0.00568370243071658,0.));
#5630=CARTESIAN_POINT('',(-0.012826395287466,-0.00553574601383315,0.));
#5631=CARTESIAN_POINT('',(1.83998009954807E-15,8.21110811965635E-16,0.));
#5632=CARTESIAN_POINT('',(-0.0126963946614377,-0.0058277322005232,0.));
#5633=CARTESIAN_POINT('',(-0.0130357370114571,-0.00598349266583194,0.));
#5634=CARTESIAN_POINT('',(-0.0128617265777321,-0.00631384841653823,0.));
#5635=CARTESIAN_POINT('',(-0.0125405024243803,-0.00615602947882083,0.));
#5636=CARTESIAN_POINT('',(-0.0126861357053934,-0.00622731555197806,0.));
#5637=CARTESIAN_POINT('',(-0.0128544651195752,-0.00630971116134977,0.));
#5638=CARTESIAN_POINT('',(-0.0128649101694853,-0.00631558873472918,0.));
#5639=CARTESIAN_POINT('',(-0.0128790669914536,-0.00632335000121965,0.));
#5640=CARTESIAN_POINT('',(-0.0128958217340156,-0.00633313130711806,0.));
#5641=CARTESIAN_POINT('',(-0.0129180316612455,-0.00634661655052454,0.));
#5642=CARTESIAN_POINT('',(-0.0129445599960366,-0.00636349152376749,0.));
#5643=CARTESIAN_POINT('',(-0.0129755935057092,-0.00638410300064718,0.));
#5644=CARTESIAN_POINT('',(-0.0130108935944999,-0.00640858387141551,0.));
#5645=CARTESIAN_POINT('',(-0.0130503453002563,-0.00643712749072955,0.));
#5646=CARTESIAN_POINT('',(-0.0130937895770214,-0.00646990359623996,0.));
#5647=CARTESIAN_POINT('',(-0.0131410736036442,-0.00650708326613566,0.));
#5648=CARTESIAN_POINT('',(-0.0131920360558477,-0.00654883135313025,0.));
#5649=CARTESIAN_POINT('',(-0.0132465115473673,-0.00659530850655684,0.));
#5650=CARTESIAN_POINT('',(-0.0133043294974364,-0.00664667040843221,0.));
#5651=CARTESIAN_POINT('',(-0.0133653146158738,-0.00670306782026042,0.));
#5652=CARTESIAN_POINT('',(-0.0134292869301143,-0.00676464640132932,0.));
#5653=CARTESIAN_POINT('',(-0.0134960619470726,-0.00683154660011645,0.));
#5654=CARTESIAN_POINT('',(-0.0135654507845323,-0.00690390351662403,0.));
#5655=CARTESIAN_POINT('',(-0.0136372603025986,-0.00698184682757572,0.));
#5656=CARTESIAN_POINT('',(-0.0137112932888623,-0.00706550050339777,0.));
#5657=CARTESIAN_POINT('',(-0.0137873484392667,-0.00715498334565174,0.));
#5658=CARTESIAN_POINT('',(-0.0138652211479718,-0.00725040636445943,0.));
#5659=CARTESIAN_POINT('',(-0.0139447011810385,-0.00735188239608365,0.));
#5660=CARTESIAN_POINT('',(-0.0140255823972036,-0.00745948847172813,0.));
#5661=CARTESIAN_POINT('',(-0.0141076260290259,-0.00757341039125344,0.));
#5662=CARTESIAN_POINT('',(-0.0141866057610232,-0.00768746897110181,0.));
#5663=CARTESIAN_POINT('',(-0.0142377879572119,-0.00776524539968695,0.));
#5664=CARTESIAN_POINT('',(-0.0142616013168882,-0.00780155522174454,0.));
#5665=CARTESIAN_POINT('',(-0.0116015291272949,-0.00778237893632329,0.));
#5666=CARTESIAN_POINT('',(-0.0117360813180916,-0.0078728580207385,0.));
#5667=CARTESIAN_POINT('',(-0.0118916027160587,-0.0079774377649382,0.));
#5668=CARTESIAN_POINT('',(-0.011901915368873,-0.00798354465681448,0.));
#5669=CARTESIAN_POINT('',(-0.0119157152338034,-0.00799192419103066,0.));
#5670=CARTESIAN_POINT('',(-0.0119325634644746,-0.00800154357077401,0.));
#5671=CARTESIAN_POINT('',(-0.0119553469914558,-0.00801403531026801,0.));
#5672=CARTESIAN_POINT('',(-0.0119832253143679,-0.00802857203549577,0.));
#5673=CARTESIAN_POINT('',(-0.0120165921317915,-0.00804514210480099,0.));
#5674=CARTESIAN_POINT('',(-0.012055443232179,-0.0080634724430654,0.));
#5675=CARTESIAN_POINT('',(-0.0120998885844991,-0.00808336681281608,0.));
#5676=CARTESIAN_POINT('',(-0.0121499956628908,-0.00810460260738848,0.));
#5677=CARTESIAN_POINT('',(-0.0122058362148362,-0.00812696194068913,0.));
#5678=CARTESIAN_POINT('',(-0.0122674723448347,-0.00815022267543925,0.));
#5679=CARTESIAN_POINT('',(-0.0123349604861575,-0.00817416125826555,0.));
#5680=CARTESIAN_POINT('',(-0.0124083501730028,-0.00819855212088251,0.));
#5681=CARTESIAN_POINT('',(-0.0124876843235724,-0.00822316807678799,0.));
#5682=CARTESIAN_POINT('',(-0.0125729990962273,-0.00824778043552463,0.));
#5683=CARTESIAN_POINT('',(-0.0126643238763744,-0.00827215919715514,0.));
#5684=CARTESIAN_POINT('',(-0.0127616812229393,-0.00829607323488049,0.));
#5685=CARTESIAN_POINT('',(-0.0128650868693117,-0.00831929044628358,0.));
#5686=CARTESIAN_POINT('',(-0.0129745495708254,-0.00834157805519499,0.));
#5687=CARTESIAN_POINT('',(-0.0130900715606224,-0.00836270232640686,0.));
#5688=CARTESIAN_POINT('',(-0.0132116466733682,-0.00838243056100315,0.));
#5689=CARTESIAN_POINT('',(-0.0133392675111633,-0.00840052427292039,0.));
#5690=CARTESIAN_POINT('',(-0.0134728977143555,-0.00841676642298606,0.));
#5691=CARTESIAN_POINT('',(-0.0136125788066235,-0.00843085733260031,0.));
#5692=CARTESIAN_POINT('',(-0.0137508463002904,-0.0084422264969699,0.));
#5693=CARTESIAN_POINT('',(-0.0138437937613551,-0.00844766336479822,0.));
#5694=CARTESIAN_POINT('',(-0.013887145669502,-0.00845013142819855,0.));
#5695=CARTESIAN_POINT('',(-0.0118988164132323,-0.0079816577445764,0.));
#5696=CARTESIAN_POINT('',(-0.0116997251576969,-0.00829753307605891,0.));
#5697=CARTESIAN_POINT('',(-0.0113951614628245,-0.00808153421301662,0.));
#5698=CARTESIAN_POINT('',(1.62905358250637E-15,1.18572094422884E-15,0.));
#5699=CARTESIAN_POINT('',(-0.011207294320611,-0.00834011115101,0.));
#5700=CARTESIAN_POINT('',(-0.0115068368044049,-0.00856302111819953,0.));
#5701=CARTESIAN_POINT('',(-0.0112679440934534,-0.00884997899964581,0.));
#5702=CARTESIAN_POINT('',(-0.0109865518607385,-0.00862882252751229,0.));
#5703=CARTESIAN_POINT('',(-0.0111141814971466,-0.00872882969063155,0.));
#5704=CARTESIAN_POINT('',(-0.0112617014993009,-0.00884442241136638,0.));
#5705=CARTESIAN_POINT('',(-0.0112706962835909,-0.00885234319365308,0.));
#5706=CARTESIAN_POINT('',(-0.0112829300869943,-0.00886287822664142,0.));
#5707=CARTESIAN_POINT('',(-0.0112972850503845,-0.00887592929439328,0.));
#5708=CARTESIAN_POINT('',(-0.0113162058976591,-0.00889373755639994,0.));
#5709=CARTESIAN_POINT('',(-0.0113386460204671,-0.00891575932193098,0.));
#5710=CARTESIAN_POINT('',(-0.0113647160064874,-0.00894237261805647,0.));
#5711=CARTESIAN_POINT('',(-0.0113941548444095,-0.00897365782420888,0.));
#5712=CARTESIAN_POINT('',(-0.0114268098835864,-0.00900978016780662,0.));
#5713=CARTESIAN_POINT('',(-0.0114624902631547,-0.00905087260981161,0.));
#5714=CARTESIAN_POINT('',(-0.0115010109323167,-0.00909707071663997,0.));
#5715=CARTESIAN_POINT('',(-0.0115421798173116,-0.00914850219737482,0.));
#5716=CARTESIAN_POINT('',(-0.011585801745087,-0.00920528980503794,0.));
#5717=CARTESIAN_POINT('',(-0.0116316774943639,-0.00926755035388495,0.));
#5718=CARTESIAN_POINT('',(-0.011679604260393,-0.00933539486604135,0.));
#5719=CARTESIAN_POINT('',(-0.0117293757191725,-0.00940892839938974,0.));
#5720=CARTESIAN_POINT('',(-0.0117807822083534,-0.00948824997500218,0.));
#5721=CARTESIAN_POINT('',(-0.0118336108843788,-0.00957345246980069,0.));
#5722=CARTESIAN_POINT('',(-0.0118876458666173,-0.0096646225707193,0.));
#5723=CARTESIAN_POINT('',(-0.0119426684773231,-0.00976184053636759,0.));
#5724=CARTESIAN_POINT('',(-0.0119984571111824,-0.00986518071874113,0.));
#5725=CARTESIAN_POINT('',(-0.0120547885531817,-0.00997470916217808,0.));
#5726=CARTESIAN_POINT('',(-0.0121114337035196,-0.0100904925271044,0.));
#5727=CARTESIAN_POINT('',(-0.0121681749099264,-0.0102125633022287,0.));
#5728=CARTESIAN_POINT('',(-0.0122247399926392,-0.0103410535846964,0.));
#5729=CARTESIAN_POINT('',(-0.0122782797158104,-0.0104690405205381,0.));
#5730=CARTESIAN_POINT('',(-0.0123121728294398,-0.0105557587245017,0.));
#5731=CARTESIAN_POINT('',(-0.0123279165735753,-0.0105962261657047,0.));
#5732=CARTESIAN_POINT('',(-0.00972996031747136,-0.0100244088214933,0.));
#5733=CARTESIAN_POINT('',(-0.00984276056064826,-0.0101408856943224,0.));
#5734=CARTESIAN_POINT('',(-0.00997314009149068,-0.0102755148370064,0.));
#5735=CARTESIAN_POINT('',(-0.00998195769388251,-0.0102836323997265,0.));
#5736=CARTESIAN_POINT('',(-0.00999371379552751,-0.0102946979742661,0.));
#5737=CARTESIAN_POINT('',(-0.0100081938704281,-0.0103076100916087,0.));
#5738=CARTESIAN_POINT('',(-0.0100278823440015,-0.0103245658182412,0.));
#5739=CARTESIAN_POINT('',(-0.0100521291035495,-0.0103445811103991,0.));
#5740=CARTESIAN_POINT('',(-0.0100813216648303,-0.0103677264353618,0.));
#5741=CARTESIAN_POINT('',(-0.0101155126838384,-0.0103937338097274,0.));
#5742=CARTESIAN_POINT('',(-0.0101548505265214,-0.010422434148117,0.));
#5743=CARTESIAN_POINT('',(-0.0101994474750746,-0.0104536237370181,0.));
#5744=CARTESIAN_POINT('',(-0.0102494190101915,-0.0104871043688113,0.));
#5745=CARTESIAN_POINT('',(-0.0103048720641765,-0.0105226716727018,0.));
#5746=CARTESIAN_POINT('',(-0.0103659083164582,-0.0105601187136309,0.));
#5747=CARTESIAN_POINT('',(-0.0104326231170774,-0.0105992351512601,0.));
#5748=CARTESIAN_POINT('',(-0.0105051056810999,-0.0106398076868534,0.));
#5749=CARTESIAN_POINT('',(-0.0105834389241595,-0.0106816201451344,0.));
#5750=CARTESIAN_POINT('',(-0.0106676994091972,-0.0107244536617861,0.));
#5751=CARTESIAN_POINT('',(-0.0107579572561357,-0.0107680868509489,0.));
#5752=CARTESIAN_POINT('',(-0.0108542761113583,-0.0108122959533559,0.));
#5753=CARTESIAN_POINT('',(-0.0109567129357608,-0.0108568550998919,0.));
#5754=CARTESIAN_POINT('',(-0.0110653185099677,-0.0109015361273203,0.));
#5755=CARTESIAN_POINT('',(-0.0111801351841972,-0.0109461101399098,0.));
#5756=CARTESIAN_POINT('',(-0.0113012053062523,-0.0109903423249795,0.));
#5757=CARTESIAN_POINT('',(-0.0114285384360076,-0.011034012826587,0.));
#5758=CARTESIAN_POINT('',(-0.0115622374964344,-0.0110768371480871,0.));
#5759=CARTESIAN_POINT('',(-0.0116951197314369,-0.011116705297331,0.));
#5760=CARTESIAN_POINT('',(-0.0117849056790887,-0.0111413482203399,0.));
#5761=CARTESIAN_POINT('',(-0.0118267971047952,-0.0111527757191564,0.));
#5762=CARTESIAN_POINT('',(-0.00997931876897167,-0.010281142411941,0.));
#5763=CARTESIAN_POINT('',(-0.00971890396078644,-0.0105487217099962,0.));
#5764=CARTESIAN_POINT('',(-0.0094659044022063,-0.0102741205875876,0.));
#5765=CARTESIAN_POINT('',(1.34692960684277E-15,1.49850938150889E-15,0.));
#5766=CARTESIAN_POINT('',(-0.00922838143940867,-0.0104879872239042,0.));
#5767=CARTESIAN_POINT('',(-0.00947503261307102,-0.0107683044577676,0.));
#5768=CARTESIAN_POINT('',(-0.0091816983826961,-0.010999323033558,0.));
#5769=CARTESIAN_POINT('',(-0.00895243626145743,-0.0107244946260671,0.));
#5770=CARTESIAN_POINT('',(-0.0090564842257145,-0.0108488520862325,0.));
#5771=CARTESIAN_POINT('',(-0.00917674748386785,-0.0109925899617589,0.));
#5772=CARTESIAN_POINT('',(-0.00918389888730235,-0.0110022077767588,0.));
#5773=CARTESIAN_POINT('',(-0.0091936749962278,-0.0110150561447507,0.));
#5774=CARTESIAN_POINT('',(-0.00920500279966327,-0.0110308065800693,0.));
#5775=CARTESIAN_POINT('',(-0.00921980763516445,-0.0110521595541729,0.));
#5776=CARTESIAN_POINT('',(-0.00923717880494289,-0.0110783656551662,0.));
#5777=CARTESIAN_POINT('',(-0.00925714588382413,-0.0111098176417921,0.));
#5778=CARTESIAN_POINT('',(-0.00927943685239735,-0.0111465398696966,0.));
#5779=CARTESIAN_POINT('',(-0.00930386804308636,-0.0111886622178286,0.));
#5780=CARTESIAN_POINT('',(-0.00933022512165728,-0.0112362750594291,0.));
#5781=CARTESIAN_POINT('',(-0.00935829889527347,-0.0112894725242386,0.));
#5782=CARTESIAN_POINT('',(-0.00938787493523533,-0.01134833959621,0.));
#5783=CARTESIAN_POINT('',(-0.00941873681170144,-0.0114129557671576,0.));
#5784=CARTESIAN_POINT('',(-0.00945066536980655,-0.0114833938782324,0.));
#5785=CARTESIAN_POINT('',(-0.00948343915377367,-0.0115597203599817,0.));
#5786=CARTESIAN_POINT('',(-0.00951683450551355,-0.0116419950773492,0.));
#5787=CARTESIAN_POINT('',(-0.00955062575666409,-0.0117302712963055,0.));
#5788=CARTESIAN_POINT('',(-0.00958458540461286,-0.0118245956115253,0.));
#5789=CARTESIAN_POINT('',(-0.00961848426301113,-0.011925007931518,0.));
#5790=CARTESIAN_POINT('',(-0.00965209174604329,-0.0120315412953902,0.));
#5791=CARTESIAN_POINT('',(-0.00968517563235429,-0.0121442223560323,0.));
#5792=CARTESIAN_POINT('',(-0.00971750385332417,-0.0122630693055446,0.));
#5793=CARTESIAN_POINT('',(-0.00974883845605001,-0.0123880997151356,0.));
#5794=CARTESIAN_POINT('',(-0.009778959789704,-0.0125193001111062,0.));
#5795=CARTESIAN_POINT('',(-0.00980757415776335,-0.0126567431146076,0.));
#5796=CARTESIAN_POINT('',(-0.00983333392929381,-0.0127930647631969,0.));
#5797=CARTESIAN_POINT('',(-0.00984845666866103,-0.0128849347409056,0.));
#5798=CARTESIAN_POINT('',(-0.00985544272009013,-0.0129277911798892,0.));
#5799=CARTESIAN_POINT('',(-0.00743314555224462,-0.0118283239387136,0.));
#5800=CARTESIAN_POINT('',(-0.00751926393589924,-0.011965708001696,0.));
#5801=CARTESIAN_POINT('',(-0.00761880338848878,-0.0121245026033066,0.));
#5802=CARTESIAN_POINT('',(-0.0076257405689221,-0.0121342760604274,0.));
#5803=CARTESIAN_POINT('',(-0.00763493910922775,-0.0121475440565844,0.));
#5804=CARTESIAN_POINT('',(-0.00764641817960147,-0.0121631845900393,0.));
#5805=CARTESIAN_POINT('',(-0.00766215111899621,-0.0121838632571938,0.));
#5806=CARTESIAN_POINT('',(-0.00768170661543884,-0.0122084823519705,0.));
#5807=CARTESIAN_POINT('',(-0.00770544906556745,-0.0122371913708261,0.));
#5808=CARTESIAN_POINT('',(-0.00773348569159874,-0.012269739134236,0.));
#5809=CARTESIAN_POINT('',(-0.00776599677215561,-0.0123059910987574,0.));
#5810=CARTESIAN_POINT('',(-0.00780313449021865,-0.0123457713472879,0.));
#5811=CARTESIAN_POINT('',(-0.00784505301263247,-0.0123889100133063,0.));
#5812=CARTESIAN_POINT('',(-0.00789189942605152,-0.0124352294244865,0.));
#5813=CARTESIAN_POINT('',(-0.00794381621218294,-0.0124845483081389,0.));
#5814=CARTESIAN_POINT('',(-0.00800094036965577,-0.0125366807447545,0.));
#5815=CARTESIAN_POINT('',(-0.00806340351127348,-0.0125914366455415,0.));
#5816=CARTESIAN_POINT('',(-0.00813133168613144,-0.0126486217983016,0.));
#5817=CARTESIAN_POINT('',(-0.00820484528853706,-0.0127080380397587,0.));
#5818=CARTESIAN_POINT('',(-0.00828405893483277,-0.0127694834006172,0.));
#5819=CARTESIAN_POINT('',(-0.00836908140274318,-0.0128327522441142,0.));
#5820=CARTESIAN_POINT('',(-0.00846001536926152,-0.0128976354797527,0.));
#5821=CARTESIAN_POINT('',(-0.00855695794313824,-0.0129639204880957,0.));
#5822=CARTESIAN_POINT('',(-0.00865999813923605,-0.0130313921804383,0.));
#5823=CARTESIAN_POINT('',(-0.00876922620025835,-0.0130998296799235,0.));
#5824=CARTESIAN_POINT('',(-0.00888469718779439,-0.0131690199225982,0.));
#5825=CARTESIAN_POINT('',(-0.00900657092587999,-0.0132387060276406,0.));
#5826=CARTESIAN_POINT('',(-0.00912826031090876,-0.0133053307323283,0.));
#5827=CARTESIAN_POINT('',(-0.0092109606683945,-0.0133481026965325,0.));
#5828=CARTESIAN_POINT('',(-0.00924956075533991,-0.0133679901942317,0.));
#5829=CARTESIAN_POINT('',(-0.00762367700842265,-0.012131291821509,0.));
#5830=CARTESIAN_POINT('',(-0.00731332002431422,-0.012338880586824,0.));
#5831=CARTESIAN_POINT('',(-0.00712294189676278,-0.0120176785917806,0.));
#5832=CARTESIAN_POINT('',(1.00593834407479E-15,1.7458057681712E-15,0.));
#5833=CARTESIAN_POINT('',(-0.00684614400661701,-0.0121774879281674,0.));
#5834=CARTESIAN_POINT('',(-0.00702912403029511,-0.0125029612204735,0.));
#5835=CARTESIAN_POINT('',(-0.00669416839393789,-0.0126679438702959,0.));
#5836=CARTESIAN_POINT('',(-0.00652705623899532,-0.012351454847628,0.));
#5837=CARTESIAN_POINT('',(-0.00660297513578584,-0.0124947275870969,0.));
#5838=CARTESIAN_POINT('',(-0.00669072556846972,-0.0126603285825235,0.));
#5839=CARTESIAN_POINT('',(-0.00669572104040244,-0.0126712230855698,0.));
#5840=CARTESIAN_POINT('',(-0.00670261219197894,-0.0126858232532308,0.));
#5841=CARTESIAN_POINT('',(-0.00671041775609272,-0.0127035846865137,0.));
#5842=CARTESIAN_POINT('',(-0.00672045953746758,-0.012727549145283,0.));
#5843=CARTESIAN_POINT('',(-0.00673200255074106,-0.0127567942493743,0.));
#5844=CARTESIAN_POINT('',(-0.00674499406532345,-0.0127917103237615,0.));
#5845=CARTESIAN_POINT('',(-0.00675916294225715,-0.012832264635846,0.));
#5846=CARTESIAN_POINT('',(-0.00677430252419134,-0.0128785460397734,0.));
#5847=CARTESIAN_POINT('',(-0.00679018437095602,-0.0129305983713198,0.));
#5848=CARTESIAN_POINT('',(-0.00680658429040648,-0.0129884702096285,0.));
#5849=CARTESIAN_POINT('',(-0.00682327487046732,-0.0130522000993157,0.));
#5850=CARTESIAN_POINT('',(-0.00684002788353091,-0.0131218207968146,0.));
#5851=CARTESIAN_POINT('',(-0.00685661381926475,-0.0131973579866636,0.));
#5852=CARTESIAN_POINT('',(-0.00687280224954449,-0.0132788306044982,0.));
#5853=CARTESIAN_POINT('',(-0.00688836195712509,-0.013366250705938,0.));
#5854=CARTESIAN_POINT('',(-0.00690306113042156,-0.0134596234738735,0.));
#5855=CARTESIAN_POINT('',(-0.00691666755072185,-0.0135589471843212,0.));
#5856=CARTESIAN_POINT('',(-0.00692894874250311,-0.0136642132231726,0.));
#5857=CARTESIAN_POINT('',(-0.00693967228958656,-0.0137754059660636,0.));
#5858=CARTESIAN_POINT('',(-0.00694860550376336,-0.0138925032019206,0.));
#5859=CARTESIAN_POINT('',(-0.00695551760531942,-0.0140154744755235,0.));
#5860=CARTESIAN_POINT('',(-0.00696017218793395,-0.0141442875009175,0.));
#5861=CARTESIAN_POINT('',(-0.00696235720201629,-0.0142788834308612,0.));
#5862=CARTESIAN_POINT('',(-0.006961770270231,-0.0144192722366187,0.));
#5863=CARTESIAN_POINT('',(-0.00695862426449571,-0.0145579706877683,0.));
#5864=CARTESIAN_POINT('',(-0.00695431569332349,-0.0146509772803552,0.));
#5865=CARTESIAN_POINT('',(-0.00695223872807595,-0.0146943496850878,0.));
#5866=CARTESIAN_POINT('',(-0.0048114666581951,-0.0131152845412167,0.));
#5867=CARTESIAN_POINT('',(-0.00486713939571986,-0.013267571451558,0.));
#5868=CARTESIAN_POINT('',(-0.00493148841833508,-0.0134435914260239,0.));
#5869=CARTESIAN_POINT('',(-0.00493624198873667,-0.0134545936305709,0.));
#5870=CARTESIAN_POINT('',(-0.00494248094735213,-0.0134694841732464,0.));
#5871=CARTESIAN_POINT('',(-0.00495045732274094,-0.0134871695564499,0.));
#5872=CARTESIAN_POINT('',(-0.00496154712301044,-0.0135106674071446,0.));
#5873=CARTESIAN_POINT('',(-0.00497555668731553,-0.0135388143319628,0.));
#5874=CARTESIAN_POINT('',(-0.00499281136729239,-0.0135718323228263,0.));
#5875=CARTESIAN_POINT('',(-0.00501346826525467,-0.0136094979818379,0.));
#5876=CARTESIAN_POINT('',(-0.00503773169345953,-0.0136517171876853,0.));
#5877=CARTESIAN_POINT('',(-0.0050657870845465,-0.0136983495080975,0.));
#5878=CARTESIAN_POINT('',(-0.00509782055368037,-0.013749260841634,0.));
#5879=CARTESIAN_POINT('',(-0.00513401291347304,-0.01380430797957,0.));
#5880=CARTESIAN_POINT('',(-0.00517454122077588,-0.0138633432340719,0.));
#5881=CARTESIAN_POINT('',(-0.00521957813530867,-0.0139262132320345,0.));
#5882=CARTESIAN_POINT('',(-0.00526929191550148,-0.0139927594024028,0.));
#5883=CARTESIAN_POINT('',(-0.00532384623496098,-0.0140628179840616,0.));
#5884=CARTESIAN_POINT('',(-0.00538340005755194,-0.0141362201754618,0.));
#5885=CARTESIAN_POINT('',(-0.00544810748675248,-0.0142127922508989,0.));
#5886=CARTESIAN_POINT('',(-0.00551811767751996,-0.0142923556834275,0.));
#5887=CARTESIAN_POINT('',(-0.00559357453546777,-0.0143747272994267,0.));
#5888=CARTESIAN_POINT('',(-0.00567461725335377,-0.014459719315749,0.));
#5889=CARTESIAN_POINT('',(-0.00576137762030871,-0.0145471398511242,0.));
#5890=CARTESIAN_POINT('',(-0.00585398982989717,-0.0146367916178978,0.));
#5891=CARTESIAN_POINT('',(-0.0059525520389673,-0.0147284776560233,0.));
#5892=CARTESIAN_POINT('',(-0.00605727398754233,-0.0148219799274266,0.));
#5893=CARTESIAN_POINT('',(-0.00616245211254116,-0.0149124493682623,0.));
#5894=CARTESIAN_POINT('',(-0.00623445247739836,-0.0149714810335835,0.));
#5895=CARTESIAN_POINT('',(-0.00626807421655936,-0.014998959351085,0.));
#5896=CARTESIAN_POINT('',(-0.00493484398014449,-0.0134512455660803,0.));
#5897=CARTESIAN_POINT('',(-0.00458810890957645,-0.0135897711734893,0.));
#5898=CARTESIAN_POINT('',(-0.00446867265076332,-0.0132360063742928,0.));
#5899=CARTESIAN_POINT('',(6.20982748643026E-16,1.9168020654589E-15,0.));
#5900=CARTESIAN_POINT('',(-0.00416469722929242,-0.0133347739758994,0.));
#5901=CARTESIAN_POINT('',(-0.00427600899791596,-0.0136911785819804,0.));
#5902=CARTESIAN_POINT('',(-0.00391407112418073,-0.0137829147723629,0.));
#5903=CARTESIAN_POINT('',(-0.00381641253859835,-0.0134385972234913,0.));
#5904=CARTESIAN_POINT('',(-0.00386088434783327,-0.0135945235360502,0.));
#5905=CARTESIAN_POINT('',(-0.0039122868400661,-0.0137747500932352,0.));
#5906=CARTESIAN_POINT('',(-0.00391490805440266,-0.013786445142267,0.));
#5907=CARTESIAN_POINT('',(-0.00391861307223889,-0.0138021590122109,0.));
#5908=CARTESIAN_POINT('',(-0.00392255525642396,-0.0138211551835948,0.));
#5909=CARTESIAN_POINT('',(-0.00392739510964062,-0.0138466837651874,0.));
#5910=CARTESIAN_POINT('',(-0.00393260548133955,-0.0138776897209943,0.));
#5911=CARTESIAN_POINT('',(-0.00393805364009563,-0.0139145438831464,0.));
#5912=CARTESIAN_POINT('',(-0.00394348117747799,-0.0139571578613714,0.));
#5913=CARTESIAN_POINT('',(-0.00394866747827906,-0.0140055756016599,0.));
#5914=CARTESIAN_POINT('',(-0.00395337998032435,-0.0140597924864887,0.));
#5915=CARTESIAN_POINT('',(-0.00395738929043354,-0.0141198094212627,0.));
#5916=CARTESIAN_POINT('',(-0.00396046495215443,-0.0141856168266764,0.));
#5917=CARTESIAN_POINT('',(-0.00396237691475473,-0.0142571992921687,0.));
#5918=CARTESIAN_POINT('',(-0.00396289534313757,-0.0143345342231279,0.));
#5919=CARTESIAN_POINT('',(-0.00396179090764601,-0.0144175922326994,0.));
#5920=CARTESIAN_POINT('',(-0.00395883493718229,-0.0145063370402904,0.));
#5921=CARTESIAN_POINT('',(-0.0039537996082172,-0.0146007255191941,0.));
#5922=CARTESIAN_POINT('',(-0.00394645813501101,-0.0147007077021151,0.));
#5923=CARTESIAN_POINT('',(-0.00393658491316273,-0.0148062268288048,0.));
#5924=CARTESIAN_POINT('',(-0.00392395585383263,-0.0149172192942883,0.));
#5925=CARTESIAN_POINT('',(-0.00390834797154939,-0.0150336149942584,0.));
#5926=CARTESIAN_POINT('',(-0.00388954186168568,-0.0151553361572139,0.));
#5927=CARTESIAN_POINT('',(-0.00386731299659348,-0.0152823020510877,0.));
#5928=CARTESIAN_POINT('',(-0.00384146619550392,-0.015414411027003,0.));
#5929=CARTESIAN_POINT('',(-0.00381170361560941,-0.0155516099705447,0.));
#5930=CARTESIAN_POINT('',(-0.00377978932815522,-0.0156866234363905,0.));
#5931=CARTESIAN_POINT('',(-0.00375623775167859,-0.0157767018094643,0.));
#5932=CARTESIAN_POINT('',(-0.00374518854310212,-0.0158186945977352,0.));
#5933=CARTESIAN_POINT('',(-0.00197950358320385,-0.0138290442751509,0.));
#5934=CARTESIAN_POINT('',(-0.0020022975088215,-0.0139895783641157,0.));
#5935=CARTESIAN_POINT('',(-0.00202864374039324,-0.0141751307939151,0.));
#5936=CARTESIAN_POINT('',(-0.00203100594692639,-0.0141868808967551,0.));
#5937=CARTESIAN_POINT('',(-0.0020340126514223,-0.0142027431977815,0.));
#5938=CARTESIAN_POINT('',(-0.00203813772594683,-0.0142217004946237,0.));
#5939=CARTESIAN_POINT('',(-0.00204409970960455,-0.014246990560028,0.));
#5940=CARTESIAN_POINT('',(-0.00205195105658662,-0.0142774351592093,0.));
#5941=CARTESIAN_POINT('',(-0.00206196385409958,-0.0143133190774419,0.));
#5942=CARTESIAN_POINT('',(-0.00207433821842912,-0.0143544564620166,0.));
#5943=CARTESIAN_POINT('',(-0.00208929356604056,-0.0144007977273042,0.));
#5944=CARTESIAN_POINT('',(-0.00210704047493628,-0.0144522440634295,0.));
#5945=CARTESIAN_POINT('',(-0.00212778887447539,-0.0145087029949088,0.));
#5946=CARTESIAN_POINT('',(-0.00215174540084854,-0.0145700720355273,0.));
#5947=CARTESIAN_POINT('',(-0.00217911394781728,-0.0146362435369744,0.));
#5948=CARTESIAN_POINT('',(-0.00221009529013386,-0.0147071033756894,0.));
#5949=CARTESIAN_POINT('',(-0.00224488697815413,-0.01478253142867,0.));
#5950=CARTESIAN_POINT('',(-0.00228368315667413,-0.0148624015430306,0.));
#5951=CARTESIAN_POINT('',(-0.00232667441163227,-0.0149465816563868,0.));
#5952=CARTESIAN_POINT('',(-0.00237404759858087,-0.0150349338792725,0.));
#5953=CARTESIAN_POINT('',(-0.00242598573092272,-0.0151273145970433,0.));
#5954=CARTESIAN_POINT('',(-0.00248266765352551,-0.0152235745585212,0.));
#5955=CARTESIAN_POINT('',(-0.00254426855976306,-0.0153235590238726,0.));
#5956=CARTESIAN_POINT('',(-0.00261095725321677,-0.0154271077053942,0.));
#5957=CARTESIAN_POINT('',(-0.00268290601340968,-0.0155340555270512,0.));
#5958=CARTESIAN_POINT('',(-0.00276025180252359,-0.015644230240803,0.));
#5959=CARTESIAN_POINT('',(-0.00284324510992365,-0.0157574621806334,0.));
#5960=CARTESIAN_POINT('',(-0.00292731518612945,-0.0158678224089321,0.));
#5961=CARTESIAN_POINT('',(-0.00298546879691778,-0.0159405338083302,0.));
#5962=CARTESIAN_POINT('',(-0.00301264275695803,-0.0159744020113038,0.));
#5963=CARTESIAN_POINT('',(-0.00203033458992535,-0.0141833153331764,0.));
#5964=CARTESIAN_POINT('',(-0.00166237541930098,-0.0142467235489161,0.));
#5965=CARTESIAN_POINT('',(-0.00161910096685506,-0.0138758571648431,0.));
#5966=CARTESIAN_POINT('',(2.08887227289725E-16,2.00402491464926E-15,0.));
#5967=CARTESIAN_POINT('',(-0.0013012331986132,-0.0139092664135398,0.));
#5968=CARTESIAN_POINT('',(-0.00133601185376022,-0.0142810257418909,0.));
#5969=CARTESIAN_POINT('',(-0.000962910164499812,-0.0142955061611146,0.));
#5970=CARTESIAN_POINT('',(-0.000938973297085451,-0.0139384084151441,0.));
#5971=CARTESIAN_POINT('',(-0.000950054387301799,-0.0141001735727166,0.));
#5972=CARTESIAN_POINT('',(-0.00096286240351648,-0.014287148926288,0.));
#5973=CARTESIAN_POINT('',(-0.000962994800612377,-0.0142991333915437,0.));
#5974=CARTESIAN_POINT('',(-0.000963351757650249,-0.0143152741922503,0.));
#5975=CARTESIAN_POINT('',(-0.000963258269541036,-0.0143346748778921,0.));
#5976=CARTESIAN_POINT('',(-0.000962684669789722,-0.0143606518607926,0.));
#5977=CARTESIAN_POINT('',(-0.000961334681668725,-0.0143920635592633,0.));
#5978=CARTESIAN_POINT('',(-0.000959001373917698,-0.0144292451054482,0.));
#5979=CARTESIAN_POINT('',(-0.000955450362320898,-0.0144720563144809,0.));
#5980=CARTESIAN_POINT('',(-0.000950456715757206,-0.0145204943035456,0.));
#5981=CARTESIAN_POINT('',(-0.000943793914130617,-0.0145745062036284,0.));
#5982=CARTESIAN_POINT('',(-0.000935237388807976,-0.0146340452068248,0.));
#5983=CARTESIAN_POINT('',(-0.000924563711013029,-0.0146990540285695,0.));
#5984=CARTESIAN_POINT('',(-0.000911551061209803,-0.0147694697648224,0.));
#5985=CARTESIAN_POINT('',(-0.000895979324433636,-0.0148452225293147,0.));
#5986=CARTESIAN_POINT('',(-0.000877630292301412,-0.0149262358970484,0.));
#5987=CARTESIAN_POINT('',(-0.000856287833886959,-0.0150124268368539,0.));
#5988=CARTESIAN_POINT('',(-0.000831738070698251,-0.0151037057972716,0.));
#5989=CARTESIAN_POINT('',(-0.000803769561593012,-0.0151999767515046,0.));
#5990=CARTESIAN_POINT('',(-0.000772173433286931,-0.0153011372738593,0.));
#5991=CARTESIAN_POINT('',(-0.000736743718036965,-0.0154070785585927,0.));
#5992=CARTESIAN_POINT('',(-0.000697276878644387,-0.0155176856720586,0.));
#5993=CARTESIAN_POINT('',(-0.000653574474603687,-0.0156328369254626,0.));
#5994=CARTESIAN_POINT('',(-0.000605433669875209,-0.0157524066690041,0.));
#5995=CARTESIAN_POINT('',(-0.000552684682848063,-0.0158762548947142,0.));
#5996=CARTESIAN_POINT('',(-0.000495047222402435,-0.0160042677238538,0.));
#5997=CARTESIAN_POINT('',(-0.000435759460732834,-0.0161296954680717,0.));
#5998=CARTESIAN_POINT('',(-0.000393994195856832,-0.0162129087644851,0.));
#5999=CARTESIAN_POINT('',(-0.000374455647386208,-0.0162516866499431,0.));
#6000=CARTESIAN_POINT('',(0.000938973297085446,-0.0139384084151441,0.));
#6001=CARTESIAN_POINT('',(0.000950054387301793,-0.0141001735727166,0.));
#6002=CARTESIAN_POINT('',(0.000962862403516475,-0.014287148926288,0.));
#6003=CARTESIAN_POINT('',(0.000962994800612371,-0.0142991333915437,0.));
#6004=CARTESIAN_POINT('',(0.000963351757650243,-0.0143152741922503,0.));
#6005=CARTESIAN_POINT('',(0.00096325826954103,-0.0143346748778921,0.));
#6006=CARTESIAN_POINT('',(0.000962684669789716,-0.0143606518607926,0.));
#6007=CARTESIAN_POINT('',(0.000961334681668719,-0.0143920635592633,0.));
#6008=CARTESIAN_POINT('',(0.000959001373917693,-0.0144292451054482,0.));
#6009=CARTESIAN_POINT('',(0.000955450362320892,-0.0144720563144809,0.));
#6010=CARTESIAN_POINT('',(0.0009504567157572,-0.0145204943035456,0.));
#6011=CARTESIAN_POINT('',(0.000943793914130611,-0.0145745062036284,0.));
#6012=CARTESIAN_POINT('',(0.000935237388807971,-0.0146340452068248,0.));
#6013=CARTESIAN_POINT('',(0.000924563711013023,-0.0146990540285695,0.));
#6014=CARTESIAN_POINT('',(0.000911551061209797,-0.0147694697648224,0.));
#6015=CARTESIAN_POINT('',(0.00089597932443363,-0.0148452225293147,0.));
#6016=CARTESIAN_POINT('',(0.000877630292301406,-0.0149262358970484,0.));
#6017=CARTESIAN_POINT('',(0.000856287833886953,-0.0150124268368539,0.));
#6018=CARTESIAN_POINT('',(0.000831738070698246,-0.0151037057972716,0.));
#6019=CARTESIAN_POINT('',(0.000803769561593007,-0.0151999767515046,0.));
#6020=CARTESIAN_POINT('',(0.000772173433286925,-0.0153011372738593,0.));
#6021=CARTESIAN_POINT('',(0.000736743718036959,-0.0154070785585927,0.));
#6022=CARTESIAN_POINT('',(0.000697276878644382,-0.0155176856720586,0.));
#6023=CARTESIAN_POINT('',(0.000653574474603681,-0.0156328369254626,0.));
#6024=CARTESIAN_POINT('',(0.000605433669875203,-0.0157524066690041,0.));
#6025=CARTESIAN_POINT('',(0.000552684682848057,-0.0158762548947142,0.));
#6026=CARTESIAN_POINT('',(0.000495047222402429,-0.0160042677238538,0.));
#6027=CARTESIAN_POINT('',(0.000435759460732828,-0.0161296954680717,0.));
#6028=CARTESIAN_POINT('',(0.000393994195856826,-0.0162129087644851,0.));
#6029=CARTESIAN_POINT('',(0.000374455647386203,-0.0162516866499431,0.));
#6030=CARTESIAN_POINT('',(0.000962910164499806,-0.0142955061611146,0.));
#6031=CARTESIAN_POINT('',(0.00133601185376021,-0.0142810257418908,0.));
#6032=CARTESIAN_POINT('',(0.00130123319861319,-0.0139092664135398,0.));
#6033=CARTESIAN_POINT('',(-2.12337668248261E-16,2.00366225869099E-15,0.));
#6034=CARTESIAN_POINT('',(0.00161910096685505,-0.0138758571648431,0.));
#6035=CARTESIAN_POINT('',(0.00166237541930098,-0.0142467235489161,0.));
#6036=CARTESIAN_POINT('',(0.00203033458992535,-0.0141833153331764,0.));
#6037=CARTESIAN_POINT('',(0.00197950358320385,-0.0138290442751509,0.));
#6038=CARTESIAN_POINT('',(0.0020022975088215,-0.0139895783641157,0.));
#6039=CARTESIAN_POINT('',(0.00202864374039323,-0.0141751307939151,0.));
#6040=CARTESIAN_POINT('',(0.00203100594692639,-0.0141868808967551,0.));
#6041=CARTESIAN_POINT('',(0.0020340126514223,-0.0142027431977815,0.));
#6042=CARTESIAN_POINT('',(0.00203813772594683,-0.0142217004946237,0.));
#6043=CARTESIAN_POINT('',(0.00204409970960454,-0.014246990560028,0.));
#6044=CARTESIAN_POINT('',(0.00205195105658661,-0.0142774351592093,0.));
#6045=CARTESIAN_POINT('',(0.00206196385409958,-0.0143133190774419,0.));
#6046=CARTESIAN_POINT('',(0.00207433821842911,-0.0143544564620166,0.));
#6047=CARTESIAN_POINT('',(0.00208929356604056,-0.0144007977273042,0.));
#6048=CARTESIAN_POINT('',(0.00210704047493627,-0.0144522440634295,0.));
#6049=CARTESIAN_POINT('',(0.00212778887447539,-0.0145087029949088,0.));
#6050=CARTESIAN_POINT('',(0.00215174540084853,-0.0145700720355273,0.));
#6051=CARTESIAN_POINT('',(0.00217911394781727,-0.0146362435369744,0.));
#6052=CARTESIAN_POINT('',(0.00221009529013385,-0.0147071033756894,0.));
#6053=CARTESIAN_POINT('',(0.00224488697815413,-0.01478253142867,0.));
#6054=CARTESIAN_POINT('',(0.00228368315667412,-0.0148624015430306,0.));
#6055=CARTESIAN_POINT('',(0.00232667441163226,-0.0149465816563868,0.));
#6056=CARTESIAN_POINT('',(0.00237404759858086,-0.0150349338792725,0.));
#6057=CARTESIAN_POINT('',(0.00242598573092272,-0.0151273145970433,0.));
#6058=CARTESIAN_POINT('',(0.0024826676535255,-0.0152235745585212,0.));
#6059=CARTESIAN_POINT('',(0.00254426855976305,-0.0153235590238726,0.));
#6060=CARTESIAN_POINT('',(0.00261095725321676,-0.0154271077053942,0.));
#6061=CARTESIAN_POINT('',(0.00268290601340967,-0.0155340555270512,0.));
#6062=CARTESIAN_POINT('',(0.00276025180252359,-0.015644230240803,0.));
#6063=CARTESIAN_POINT('',(0.00284324510992364,-0.0157574621806334,0.));
#6064=CARTESIAN_POINT('',(0.00292731518612945,-0.0158678224089321,0.));
#6065=CARTESIAN_POINT('',(0.00298546879691777,-0.0159405338083302,0.));
#6066=CARTESIAN_POINT('',(0.00301264275695802,-0.0159744020113038,0.));
#6067=CARTESIAN_POINT('',(0.00381641253859835,-0.0134385972234913,0.));
#6068=CARTESIAN_POINT('',(0.00386088434783326,-0.0135945235360502,0.));
#6069=CARTESIAN_POINT('',(0.00391228684006609,-0.0137747500932352,0.));
#6070=CARTESIAN_POINT('',(0.00391490805440265,-0.013786445142267,0.));
#6071=CARTESIAN_POINT('',(0.00391861307223888,-0.0138021590122109,0.));
#6072=CARTESIAN_POINT('',(0.00392255525642396,-0.0138211551835948,0.));
#6073=CARTESIAN_POINT('',(0.00392739510964061,-0.0138466837651874,0.));
#6074=CARTESIAN_POINT('',(0.00393260548133954,-0.0138776897209943,0.));
#6075=CARTESIAN_POINT('',(0.00393805364009563,-0.0139145438831464,0.));
#6076=CARTESIAN_POINT('',(0.00394348117747799,-0.0139571578613714,0.));
#6077=CARTESIAN_POINT('',(0.00394866747827906,-0.0140055756016599,0.));
#6078=CARTESIAN_POINT('',(0.00395337998032434,-0.0140597924864887,0.));
#6079=CARTESIAN_POINT('',(0.00395738929043354,-0.0141198094212627,0.));
#6080=CARTESIAN_POINT('',(0.00396046495215442,-0.0141856168266764,0.));
#6081=CARTESIAN_POINT('',(0.00396237691475472,-0.0142571992921687,0.));
#6082=CARTESIAN_POINT('',(0.00396289534313757,-0.0143345342231279,0.));
#6083=CARTESIAN_POINT('',(0.003961790907646,-0.0144175922326994,0.));
#6084=CARTESIAN_POINT('',(0.00395883493718229,-0.0145063370402904,0.));
#6085=CARTESIAN_POINT('',(0.00395379960821719,-0.0146007255191941,0.));
#6086=CARTESIAN_POINT('',(0.003946458135011,-0.0147007077021151,0.));
#6087=CARTESIAN_POINT('',(0.00393658491316273,-0.0148062268288048,0.));
#6088=CARTESIAN_POINT('',(0.00392395585383263,-0.0149172192942883,0.));
#6089=CARTESIAN_POINT('',(0.00390834797154938,-0.0150336149942584,0.));
#6090=CARTESIAN_POINT('',(0.00388954186168568,-0.0151553361572139,0.));
#6091=CARTESIAN_POINT('',(0.00386731299659347,-0.0152823020510877,0.));
#6092=CARTESIAN_POINT('',(0.00384146619550391,-0.015414411027003,0.));
#6093=CARTESIAN_POINT('',(0.0038117036156094,-0.0155516099705447,0.));
#6094=CARTESIAN_POINT('',(0.00377978932815521,-0.0156866234363905,0.));
#6095=CARTESIAN_POINT('',(0.00375623775167858,-0.0157767018094643,0.));
#6096=CARTESIAN_POINT('',(0.00374518854310212,-0.0158186945977352,0.));
#6097=CARTESIAN_POINT('',(0.00391407112418072,-0.0137829147723628,0.));
#6098=CARTESIAN_POINT('',(0.00427600899791595,-0.0136911785819804,0.));
#6099=CARTESIAN_POINT('',(0.00416469722929241,-0.0133347739758994,0.));
#6100=CARTESIAN_POINT('',(-6.24282388774621E-16,1.91572994738967E-15,0.));
#6101=CARTESIAN_POINT('',(0.00446867265076331,-0.0132360063742928,0.));
#6102=CARTESIAN_POINT('',(0.00458810890957646,-0.0135897711734894,0.));
#6103=CARTESIAN_POINT('',(0.00493484398014449,-0.0134512455660803,0.));
#6104=CARTESIAN_POINT('',(0.00481146665819509,-0.0131152845412167,0.));
#6105=CARTESIAN_POINT('',(0.00486713939571986,-0.013267571451558,0.));
#6106=CARTESIAN_POINT('',(0.00493148841833507,-0.0134435914260239,0.));
#6107=CARTESIAN_POINT('',(0.00493624198873667,-0.0134545936305709,0.));
#6108=CARTESIAN_POINT('',(0.00494248094735212,-0.0134694841732465,0.));
#6109=CARTESIAN_POINT('',(0.00495045732274094,-0.0134871695564499,0.));
#6110=CARTESIAN_POINT('',(0.00496154712301044,-0.0135106674071446,0.));
#6111=CARTESIAN_POINT('',(0.00497555668731553,-0.0135388143319628,0.));
#6112=CARTESIAN_POINT('',(0.00499281136729238,-0.0135718323228263,0.));
#6113=CARTESIAN_POINT('',(0.00501346826525467,-0.0136094979818379,0.));
#6114=CARTESIAN_POINT('',(0.00503773169345952,-0.0136517171876853,0.));
#6115=CARTESIAN_POINT('',(0.0050657870845465,-0.0136983495080975,0.));
#6116=CARTESIAN_POINT('',(0.00509782055368036,-0.013749260841634,0.));
#6117=CARTESIAN_POINT('',(0.00513401291347303,-0.01380430797957,0.));
#6118=CARTESIAN_POINT('',(0.00517454122077588,-0.0138633432340719,0.));
#6119=CARTESIAN_POINT('',(0.00521957813530867,-0.0139262132320345,0.));
#6120=CARTESIAN_POINT('',(0.00526929191550147,-0.0139927594024028,0.));
#6121=CARTESIAN_POINT('',(0.00532384623496097,-0.0140628179840616,0.));
#6122=CARTESIAN_POINT('',(0.00538340005755194,-0.0141362201754618,0.));
#6123=CARTESIAN_POINT('',(0.00544810748675247,-0.0142127922508989,0.));
#6124=CARTESIAN_POINT('',(0.00551811767751996,-0.0142923556834275,0.));
#6125=CARTESIAN_POINT('',(0.00559357453546776,-0.0143747272994267,0.));
#6126=CARTESIAN_POINT('',(0.00567461725335377,-0.014459719315749,0.));
#6127=CARTESIAN_POINT('',(0.00576137762030871,-0.0145471398511242,0.));
#6128=CARTESIAN_POINT('',(0.00585398982989716,-0.0146367916178978,0.));
#6129=CARTESIAN_POINT('',(0.0059525520389673,-0.0147284776560233,0.));
#6130=CARTESIAN_POINT('',(0.00605727398754232,-0.0148219799274267,0.));
#6131=CARTESIAN_POINT('',(0.00616245211254116,-0.0149124493682623,0.));
#6132=CARTESIAN_POINT('',(0.00623445247739836,-0.0149714810335835,0.));
#6133=CARTESIAN_POINT('',(0.00626807421655936,-0.0149989593510851,0.));
#6134=CARTESIAN_POINT('',(0.00652705623899532,-0.012351454847628,0.));
#6135=CARTESIAN_POINT('',(0.00660297513578583,-0.0124947275870969,0.));
#6136=CARTESIAN_POINT('',(0.00669072556846971,-0.0126603285825235,0.));
#6137=CARTESIAN_POINT('',(0.00669572104040243,-0.0126712230855698,0.));
#6138=CARTESIAN_POINT('',(0.00670261219197893,-0.0126858232532308,0.));
#6139=CARTESIAN_POINT('',(0.00671041775609272,-0.0127035846865137,0.));
#6140=CARTESIAN_POINT('',(0.00672045953746758,-0.012727549145283,0.));
#6141=CARTESIAN_POINT('',(0.00673200255074105,-0.0127567942493743,0.));
#6142=CARTESIAN_POINT('',(0.00674499406532344,-0.0127917103237615,0.));
#6143=CARTESIAN_POINT('',(0.00675916294225714,-0.012832264635846,0.));
#6144=CARTESIAN_POINT('',(0.00677430252419133,-0.0128785460397734,0.));
#6145=CARTESIAN_POINT('',(0.00679018437095602,-0.0129305983713198,0.));
#6146=CARTESIAN_POINT('',(0.00680658429040648,-0.0129884702096285,0.));
#6147=CARTESIAN_POINT('',(0.00682327487046732,-0.0130522000993157,0.));
#6148=CARTESIAN_POINT('',(0.0068400278835309,-0.0131218207968146,0.));
#6149=CARTESIAN_POINT('',(0.00685661381926475,-0.0131973579866636,0.));
#6150=CARTESIAN_POINT('',(0.00687280224954448,-0.0132788306044982,0.));
#6151=CARTESIAN_POINT('',(0.00688836195712509,-0.013366250705938,0.));
#6152=CARTESIAN_POINT('',(0.00690306113042156,-0.0134596234738735,0.));
#6153=CARTESIAN_POINT('',(0.00691666755072184,-0.0135589471843212,0.));
#6154=CARTESIAN_POINT('',(0.0069289487425031,-0.0136642132231726,0.));
#6155=CARTESIAN_POINT('',(0.00693967228958655,-0.0137754059660636,0.));
#6156=CARTESIAN_POINT('',(0.00694860550376336,-0.0138925032019206,0.));
#6157=CARTESIAN_POINT('',(0.00695551760531941,-0.0140154744755235,0.));
#6158=CARTESIAN_POINT('',(0.00696017218793394,-0.0141442875009175,0.));
#6159=CARTESIAN_POINT('',(0.00696235720201629,-0.0142788834308612,0.));
#6160=CARTESIAN_POINT('',(0.00696177027023099,-0.0144192722366187,0.));
#6161=CARTESIAN_POINT('',(0.00695862426449571,-0.0145579706877683,0.));
#6162=CARTESIAN_POINT('',(0.00695431569332348,-0.0146509772803552,0.));
#6163=CARTESIAN_POINT('',(0.00695223872807594,-0.0146943496850878,0.));
#6164=CARTESIAN_POINT('',(0.00669416839393788,-0.0126679438702959,0.));
#6165=CARTESIAN_POINT('',(0.00702912403029509,-0.0125029612204735,0.));
#6166=CARTESIAN_POINT('',(0.00684614400661701,-0.0121774879281674,0.));
#6167=CARTESIAN_POINT('',(-1.00894297327227E-15,1.74407104469522E-15,0.));
#6168=CARTESIAN_POINT('',(0.00712294189676278,-0.0120176785917806,0.));
#6169=CARTESIAN_POINT('',(0.00731332002431423,-0.012338880586824,0.));
#6170=CARTESIAN_POINT('',(0.00762367700842265,-0.012131291821509,0.));
#6171=CARTESIAN_POINT('',(0.00743314555224461,-0.0118283239387136,0.));
#6172=CARTESIAN_POINT('',(0.00751926393589923,-0.011965708001696,0.));
#6173=CARTESIAN_POINT('',(0.00761880338848877,-0.0121245026033066,0.));
#6174=CARTESIAN_POINT('',(0.00762574056892209,-0.0121342760604274,0.));
#6175=CARTESIAN_POINT('',(0.00763493910922775,-0.0121475440565844,0.));
#6176=CARTESIAN_POINT('',(0.00764641817960147,-0.0121631845900393,0.));
#6177=CARTESIAN_POINT('',(0.00766215111899621,-0.0121838632571938,0.));
#6178=CARTESIAN_POINT('',(0.00768170661543883,-0.0122084823519705,0.));
#6179=CARTESIAN_POINT('',(0.00770544906556745,-0.0122371913708261,0.));
#6180=CARTESIAN_POINT('',(0.00773348569159874,-0.012269739134236,0.));
#6181=CARTESIAN_POINT('',(0.00776599677215561,-0.0123059910987574,0.));
#6182=CARTESIAN_POINT('',(0.00780313449021864,-0.0123457713472879,0.));
#6183=CARTESIAN_POINT('',(0.00784505301263246,-0.0123889100133063,0.));
#6184=CARTESIAN_POINT('',(0.00789189942605151,-0.0124352294244865,0.));
#6185=CARTESIAN_POINT('',(0.00794381621218294,-0.0124845483081389,0.));
#6186=CARTESIAN_POINT('',(0.00800094036965576,-0.0125366807447545,0.));
#6187=CARTESIAN_POINT('',(0.00806340351127348,-0.0125914366455415,0.));
#6188=CARTESIAN_POINT('',(0.00813133168613143,-0.0126486217983016,0.));
#6189=CARTESIAN_POINT('',(0.00820484528853705,-0.0127080380397588,0.));
#6190=CARTESIAN_POINT('',(0.00828405893483277,-0.0127694834006172,0.));
#6191=CARTESIAN_POINT('',(0.00836908140274317,-0.0128327522441142,0.));
#6192=CARTESIAN_POINT('',(0.00846001536926151,-0.0128976354797527,0.));
#6193=CARTESIAN_POINT('',(0.00855695794313824,-0.0129639204880957,0.));
#6194=CARTESIAN_POINT('',(0.00865999813923605,-0.0130313921804383,0.));
#6195=CARTESIAN_POINT('',(0.00876922620025834,-0.0130998296799235,0.));
#6196=CARTESIAN_POINT('',(0.00888469718779438,-0.0131690199225983,0.));
#6197=CARTESIAN_POINT('',(0.00900657092587998,-0.0132387060276406,0.));
#6198=CARTESIAN_POINT('',(0.00912826031090876,-0.0133053307323283,0.));
#6199=CARTESIAN_POINT('',(0.0092109606683945,-0.0133481026965325,0.));
#6200=CARTESIAN_POINT('',(0.0092495607553399,-0.0133679901942317,0.));
#6201=CARTESIAN_POINT('',(0.00895243626145742,-0.0107244946260671,0.));
#6202=CARTESIAN_POINT('',(0.00905648422571449,-0.0108488520862325,0.));
#6203=CARTESIAN_POINT('',(0.00917674748386785,-0.0109925899617589,0.));
#6204=CARTESIAN_POINT('',(0.00918389888730234,-0.0110022077767588,0.));
#6205=CARTESIAN_POINT('',(0.0091936749962278,-0.0110150561447507,0.));
#6206=CARTESIAN_POINT('',(0.00920500279966326,-0.0110308065800693,0.));
#6207=CARTESIAN_POINT('',(0.00921980763516444,-0.0110521595541729,0.));
#6208=CARTESIAN_POINT('',(0.00923717880494289,-0.0110783656551662,0.));
#6209=CARTESIAN_POINT('',(0.00925714588382412,-0.0111098176417921,0.));
#6210=CARTESIAN_POINT('',(0.00927943685239734,-0.0111465398696966,0.));
#6211=CARTESIAN_POINT('',(0.00930386804308636,-0.0111886622178286,0.));
#6212=CARTESIAN_POINT('',(0.00933022512165727,-0.0112362750594291,0.));
#6213=CARTESIAN_POINT('',(0.00935829889527346,-0.0112894725242386,0.));
#6214=CARTESIAN_POINT('',(0.00938787493523532,-0.01134833959621,0.));
#6215=CARTESIAN_POINT('',(0.00941873681170143,-0.0114129557671576,0.));
#6216=CARTESIAN_POINT('',(0.00945066536980655,-0.0114833938782324,0.));
#6217=CARTESIAN_POINT('',(0.00948343915377366,-0.0115597203599817,0.));
#6218=CARTESIAN_POINT('',(0.00951683450551355,-0.0116419950773492,0.));
#6219=CARTESIAN_POINT('',(0.00955062575666408,-0.0117302712963055,0.));
#6220=CARTESIAN_POINT('',(0.00958458540461286,-0.0118245956115253,0.));
#6221=CARTESIAN_POINT('',(0.00961848426301112,-0.011925007931518,0.));
#6222=CARTESIAN_POINT('',(0.00965209174604328,-0.0120315412953902,0.));
#6223=CARTESIAN_POINT('',(0.00968517563235429,-0.0121442223560323,0.));
#6224=CARTESIAN_POINT('',(0.00971750385332416,-0.0122630693055446,0.));
#6225=CARTESIAN_POINT('',(0.00974883845605001,-0.0123880997151356,0.));
#6226=CARTESIAN_POINT('',(0.009778959789704,-0.0125193001111062,0.));
#6227=CARTESIAN_POINT('',(0.00980757415776335,-0.0126567431146076,0.));
#6228=CARTESIAN_POINT('',(0.0098333339292938,-0.0127930647631969,0.));
#6229=CARTESIAN_POINT('',(0.00984845666866103,-0.0128849347409056,0.));
#6230=CARTESIAN_POINT('',(0.00985544272009013,-0.0129277911798892,0.));
#6231=CARTESIAN_POINT('',(0.00918169838269608,-0.010999323033558,0.));
#6232=CARTESIAN_POINT('',(0.00947503261307099,-0.0107683044577676,0.));
#6233=CARTESIAN_POINT('',(0.00922838143940867,-0.0104879872239042,0.));
#6234=CARTESIAN_POINT('',(-1.34950790839238E-15,1.4961878683662E-15,0.));
#6235=CARTESIAN_POINT('',(0.0094659044022063,-0.0102741205875876,0.));
#6236=CARTESIAN_POINT('',(0.00971890396078646,-0.0105487217099963,0.));
#6237=CARTESIAN_POINT('',(0.00997931876897168,-0.0102811424119411,0.));
#6238=CARTESIAN_POINT('',(0.00972996031747135,-0.0100244088214933,0.));
#6239=CARTESIAN_POINT('',(0.00984276056064826,-0.0101408856943224,0.));
#6240=CARTESIAN_POINT('',(0.00997314009149068,-0.0102755148370064,0.));
#6241=CARTESIAN_POINT('',(0.0099819576938825,-0.0102836323997265,0.));
#6242=CARTESIAN_POINT('',(0.00999371379552751,-0.0102946979742661,0.));
#6243=CARTESIAN_POINT('',(0.0100081938704281,-0.0103076100916087,0.));
#6244=CARTESIAN_POINT('',(0.0100278823440015,-0.0103245658182412,0.));
#6245=CARTESIAN_POINT('',(0.0100521291035495,-0.0103445811103991,0.));
#6246=CARTESIAN_POINT('',(0.0100813216648303,-0.0103677264353618,0.));
#6247=CARTESIAN_POINT('',(0.0101155126838384,-0.0103937338097274,0.));
#6248=CARTESIAN_POINT('',(0.0101548505265214,-0.010422434148117,0.));
#6249=CARTESIAN_POINT('',(0.0101994474750746,-0.0104536237370181,0.));
#6250=CARTESIAN_POINT('',(0.0102494190101915,-0.0104871043688113,0.));
#6251=CARTESIAN_POINT('',(0.0103048720641765,-0.0105226716727018,0.));
#6252=CARTESIAN_POINT('',(0.0103659083164582,-0.0105601187136309,0.));
#6253=CARTESIAN_POINT('',(0.0104326231170774,-0.0105992351512601,0.));
#6254=CARTESIAN_POINT('',(0.0105051056810999,-0.0106398076868534,0.));
#6255=CARTESIAN_POINT('',(0.0105834389241595,-0.0106816201451344,0.));
#6256=CARTESIAN_POINT('',(0.0106676994091972,-0.0107244536617861,0.));
#6257=CARTESIAN_POINT('',(0.0107579572561357,-0.0107680868509489,0.));
#6258=CARTESIAN_POINT('',(0.0108542761113583,-0.0108122959533559,0.));
#6259=CARTESIAN_POINT('',(0.0109567129357608,-0.0108568550998919,0.));
#6260=CARTESIAN_POINT('',(0.0110653185099677,-0.0109015361273204,0.));
#6261=CARTESIAN_POINT('',(0.0111801351841972,-0.0109461101399098,0.));
#6262=CARTESIAN_POINT('',(0.0113012053062523,-0.0109903423249795,0.));
#6263=CARTESIAN_POINT('',(0.0114285384360076,-0.0110340128265871,0.));
#6264=CARTESIAN_POINT('',(0.0115622374964344,-0.0110768371480871,0.));
#6265=CARTESIAN_POINT('',(0.0116951197314369,-0.011116705297331,0.));
#6266=CARTESIAN_POINT('',(0.0117849056790887,-0.0111413482203399,0.));
#6267=CARTESIAN_POINT('',(0.0118267971047952,-0.0111527757191564,0.));
#6268=CARTESIAN_POINT('',(0.0109865518607385,-0.0086288225275123,0.));
#6269=CARTESIAN_POINT('',(0.0111141814971466,-0.00872882969063155,0.));
#6270=CARTESIAN_POINT('',(0.0112617014993009,-0.00884442241136639,0.));
#6271=CARTESIAN_POINT('',(0.0112706962835909,-0.00885234319365309,0.));
#6272=CARTESIAN_POINT('',(0.0112829300869943,-0.00886287822664143,0.));
#6273=CARTESIAN_POINT('',(0.0112972850503845,-0.00887592929439329,0.));
#6274=CARTESIAN_POINT('',(0.0113162058976591,-0.00889373755639994,0.));
#6275=CARTESIAN_POINT('',(0.011338646020467,-0.00891575932193098,0.));
#6276=CARTESIAN_POINT('',(0.0113647160064874,-0.00894237261805648,0.));
#6277=CARTESIAN_POINT('',(0.0113941548444095,-0.00897365782420888,0.));
#6278=CARTESIAN_POINT('',(0.0114268098835864,-0.00900978016780663,0.));
#6279=CARTESIAN_POINT('',(0.0114624902631547,-0.00905087260981162,0.));
#6280=CARTESIAN_POINT('',(0.0115010109323167,-0.00909707071663998,0.));
#6281=CARTESIAN_POINT('',(0.0115421798173116,-0.00914850219737482,0.));
#6282=CARTESIAN_POINT('',(0.011585801745087,-0.00920528980503794,0.));
#6283=CARTESIAN_POINT('',(0.0116316774943639,-0.00926755035388495,0.));
#6284=CARTESIAN_POINT('',(0.011679604260393,-0.00933539486604136,0.));
#6285=CARTESIAN_POINT('',(0.0117293757191725,-0.00940892839938974,0.));
#6286=CARTESIAN_POINT('',(0.0117807822083534,-0.00948824997500219,0.));
#6287=CARTESIAN_POINT('',(0.0118336108843788,-0.00957345246980069,0.));
#6288=CARTESIAN_POINT('',(0.0118876458666173,-0.0096646225707193,0.));
#6289=CARTESIAN_POINT('',(0.0119426684773231,-0.00976184053636759,0.));
#6290=CARTESIAN_POINT('',(0.0119984571111824,-0.00986518071874114,0.));
#6291=CARTESIAN_POINT('',(0.0120547885531817,-0.00997470916217809,0.));
#6292=CARTESIAN_POINT('',(0.0121114337035196,-0.0100904925271044,0.));
#6293=CARTESIAN_POINT('',(0.0121681749099264,-0.0102125633022287,0.));
#6294=CARTESIAN_POINT('',(0.0122247399926392,-0.0103410535846964,0.));
#6295=CARTESIAN_POINT('',(0.0122782797158104,-0.0104690405205381,0.));
#6296=CARTESIAN_POINT('',(0.0123121728294398,-0.0105557587245017,0.));
#6297=CARTESIAN_POINT('',(0.0123279165735753,-0.0105962261657047,0.));
#6298=CARTESIAN_POINT('',(0.0112679440934534,-0.00884997899964581,0.));
#6299=CARTESIAN_POINT('',(0.0115068368044048,-0.00856302111819951,0.));
#6300=CARTESIAN_POINT('',(0.011207294320611,-0.00834011115101,0.));
#6301=CARTESIAN_POINT('',(-1.63109287225834E-15,1.18291410268363E-15,0.));
#6302=CARTESIAN_POINT('',(0.0113951614628245,-0.00808153421301663,0.));
#6303=CARTESIAN_POINT('',(0.0116997251576969,-0.00829753307605893,0.));
#6304=CARTESIAN_POINT('',(0.0118988164132323,-0.00798165774457642,0.));
#6305=CARTESIAN_POINT('',(0.0116015291272949,-0.0077823789363233,0.));
#6306=CARTESIAN_POINT('',(0.0117360813180916,-0.0078728580207385,0.));
#6307=CARTESIAN_POINT('',(0.0118916027160587,-0.00797743776493821,0.));
#6308=CARTESIAN_POINT('',(0.011901915368873,-0.00798354465681449,0.));
#6309=CARTESIAN_POINT('',(0.0119157152338034,-0.00799192419103066,0.));
#6310=CARTESIAN_POINT('',(0.0119325634644746,-0.00800154357077402,0.));
#6311=CARTESIAN_POINT('',(0.0119553469914558,-0.00801403531026801,0.));
#6312=CARTESIAN_POINT('',(0.0119832253143679,-0.00802857203549577,0.));
#6313=CARTESIAN_POINT('',(0.0120165921317915,-0.008045142104801,0.));
#6314=CARTESIAN_POINT('',(0.012055443232179,-0.00806347244306541,0.));
#6315=CARTESIAN_POINT('',(0.0120998885844991,-0.00808336681281608,0.));
#6316=CARTESIAN_POINT('',(0.0121499956628908,-0.00810460260738849,0.));
#6317=CARTESIAN_POINT('',(0.0122058362148362,-0.00812696194068913,0.));
#6318=CARTESIAN_POINT('',(0.0122674723448347,-0.00815022267543925,0.));
#6319=CARTESIAN_POINT('',(0.0123349604861575,-0.00817416125826556,0.));
#6320=CARTESIAN_POINT('',(0.0124083501730028,-0.00819855212088251,0.));
#6321=CARTESIAN_POINT('',(0.0124876843235724,-0.008223168076788,0.));
#6322=CARTESIAN_POINT('',(0.0125729990962273,-0.00824778043552463,0.));
#6323=CARTESIAN_POINT('',(0.0126643238763744,-0.00827215919715514,0.));
#6324=CARTESIAN_POINT('',(0.0127616812229393,-0.0082960732348805,0.));
#6325=CARTESIAN_POINT('',(0.0128650868693116,-0.00831929044628358,0.));
#6326=CARTESIAN_POINT('',(0.0129745495708254,-0.008341578055195,0.));
#6327=CARTESIAN_POINT('',(0.0130900715606224,-0.00836270232640687,0.));
#6328=CARTESIAN_POINT('',(0.0132116466733682,-0.00838243056100315,0.));
#6329=CARTESIAN_POINT('',(0.0133392675111633,-0.0084005242729204,0.));
#6330=CARTESIAN_POINT('',(0.0134728977143555,-0.00841676642298607,0.));
#6331=CARTESIAN_POINT('',(0.0136125788066235,-0.00843085733260032,0.));
#6332=CARTESIAN_POINT('',(0.0137508463002904,-0.0084422264969699,0.));
#6333=CARTESIAN_POINT('',(0.0138437937613551,-0.00844766336479823,0.));
#6334=CARTESIAN_POINT('',(0.013887145669502,-0.00845013142819856,0.));
#6335=CARTESIAN_POINT('',(0.0125405024243803,-0.00615602947882083,0.));
#6336=CARTESIAN_POINT('',(0.0126861357053934,-0.00622731555197806,0.));
#6337=CARTESIAN_POINT('',(0.0128544651195752,-0.00630971116134977,0.));
#6338=CARTESIAN_POINT('',(0.0128649101694853,-0.00631558873472918,0.));
#6339=CARTESIAN_POINT('',(0.0128790669914536,-0.00632335000121965,0.));
#6340=CARTESIAN_POINT('',(0.0128958217340156,-0.00633313130711806,0.));
#6341=CARTESIAN_POINT('',(0.0129180316612455,-0.00634661655052454,0.));
#6342=CARTESIAN_POINT('',(0.0129445599960366,-0.00636349152376748,0.));
#6343=CARTESIAN_POINT('',(0.0129755935057092,-0.00638410300064718,0.));
#6344=CARTESIAN_POINT('',(0.0130108935944999,-0.00640858387141551,0.));
#6345=CARTESIAN_POINT('',(0.0130503453002563,-0.00643712749072955,0.));
#6346=CARTESIAN_POINT('',(0.0130937895770214,-0.00646990359623996,0.));
#6347=CARTESIAN_POINT('',(0.0131410736036442,-0.00650708326613566,0.));
#6348=CARTESIAN_POINT('',(0.0131920360558477,-0.00654883135313025,0.));
#6349=CARTESIAN_POINT('',(0.0132465115473673,-0.00659530850655684,0.));
#6350=CARTESIAN_POINT('',(0.0133043294974364,-0.00664667040843221,0.));
#6351=CARTESIAN_POINT('',(0.0133653146158738,-0.00670306782026042,0.));
#6352=CARTESIAN_POINT('',(0.0134292869301143,-0.00676464640132932,0.));
#6353=CARTESIAN_POINT('',(0.0134960619470726,-0.00683154660011645,0.));
#6354=CARTESIAN_POINT('',(0.0135654507845323,-0.00690390351662403,0.));
#6355=CARTESIAN_POINT('',(0.0136372603025986,-0.00698184682757571,0.));
#6356=CARTESIAN_POINT('',(0.0137112932888623,-0.00706550050339777,0.));
#6357=CARTESIAN_POINT('',(0.0137873484392667,-0.00715498334565174,0.));
#6358=CARTESIAN_POINT('',(0.0138652211479719,-0.00725040636445943,0.));
#6359=CARTESIAN_POINT('',(0.0139447011810385,-0.00735188239608365,0.));
#6360=CARTESIAN_POINT('',(0.0140255823972036,-0.00745948847172813,0.));
#6361=CARTESIAN_POINT('',(0.0141076260290259,-0.00757341039125344,0.));
#6362=CARTESIAN_POINT('',(0.0141866057610232,-0.00768746897110181,0.));
#6363=CARTESIAN_POINT('',(0.014237787957212,-0.00776524539968695,0.));
#6364=CARTESIAN_POINT('',(0.0142616013168882,-0.00780155522174454,0.));
#6365=CARTESIAN_POINT('',(0.0128617265777321,-0.00631384841653822,0.));
#6366=CARTESIAN_POINT('',(0.0130357370114571,-0.00598349266583193,0.));
#6367=CARTESIAN_POINT('',(0.0126963946614377,-0.00582773220052319,0.));
#6368=CARTESIAN_POINT('',(-1.84139125075463E-15,8.17941314462145E-16,0.));
#6369=CARTESIAN_POINT('',(0.012826395287466,-0.00553574601383315,0.));
#6370=CARTESIAN_POINT('',(0.0131692122237058,-0.0056837024307166,0.));
#6371=CARTESIAN_POINT('',(0.0132982786833788,-0.00533333633353058,0.));
#6372=CARTESIAN_POINT('',(0.0129660554439423,-0.00520022174763858,0.));
#6373=CARTESIAN_POINT('',(0.0131164790059681,-0.00526074867348411,0.));
#6374=CARTESIAN_POINT('',(0.0132903452396942,-0.00533070838254873,0.));
#6375=CARTESIAN_POINT('',(0.0133017022305173,-0.00533453770310203,0.));
#6376=CARTESIAN_POINT('',(0.0133169427384166,-0.0053398649711401,0.));
#6377=CARTESIAN_POINT('',(0.0133354227763313,-0.00534577120023047,0.));
#6378=CARTESIAN_POINT('',(0.0133603056072636,-0.00535325300362808,0.));
#6379=CARTESIAN_POINT('',(0.0133905970770537,-0.00536167583727831,0.));
#6380=CARTESIAN_POINT('',(0.0134266798605869,-0.00537094645938545,0.));
#6381=CARTESIAN_POINT('',(0.0134684930628386,-0.00538079863780773,0.));
#6382=CARTESIAN_POINT('',(0.0135161034496269,-0.0053910175594976,0.));
#6383=CARTESIAN_POINT('',(0.013569530738091,-0.00540137145361792,0.));
#6384=CARTESIAN_POINT('',(0.0136287998067921,-0.00541163227826879,0.));
#6385=CARTESIAN_POINT('',(0.0136939252181602,-0.00542156983815248,0.));
#6386=CARTESIAN_POINT('',(0.0137649156929042,-0.00543095373193643,0.));
#6387=CARTESIAN_POINT('',(0.0138417727844978,-0.00543955302180443,0.));
#6388=CARTESIAN_POINT('',(0.0139244912385471,-0.00544713656262863,0.));
#6389=CARTESIAN_POINT('',(0.0140130588758466,-0.00545347314364086,0.));
#6390=CARTESIAN_POINT('',(0.0141074566199856,-0.00545833168138467,0.));
#6391=CARTESIAN_POINT('',(0.0142076584829597,-0.00546148140947174,0.));
#6392=CARTESIAN_POINT('',(0.01431363159754,-0.00546269202632401,0.));
#6393=CARTESIAN_POINT('',(0.0144253361308486,-0.00546173402215361,0.));
#6394=CARTESIAN_POINT('',(0.0145427256709454,-0.00545837830513143,0.));
#6395=CARTESIAN_POINT('',(0.0146657458063985,-0.00545239854321616,0.));
#6396=CARTESIAN_POINT('',(0.0147943397169293,-0.00544356299994681,0.));
#6397=CARTESIAN_POINT('',(0.01492842671245,-0.0054316669385743,0.));
#6398=CARTESIAN_POINT('',(0.0150679851025628,-0.00541640859593692,0.));
#6399=CARTESIAN_POINT('',(0.0152055949019399,-0.00539878188839395,0.));
#6400=CARTESIAN_POINT('',(0.0152976416263576,-0.00538477508382856,0.));
#6401=CARTESIAN_POINT('',(0.0153405593305333,-0.00537817584559905,0.));
#6402=CARTESIAN_POINT('',(0.0135463728560697,-0.00341418840199805,0.));
#6403=CARTESIAN_POINT('',(0.0137036449084815,-0.00345363784172777,0.));
#6404=CARTESIAN_POINT('',(0.0138854269315568,-0.00349923525622881,0.));
#6405=CARTESIAN_POINT('',(0.0138968657482852,-0.00350281274254053,0.));
#6406=CARTESIAN_POINT('',(0.0139123268677664,-0.00350746103794479,0.));
#6407=CARTESIAN_POINT('',(0.0139307491268521,-0.00351354509198608,0.));
#6408=CARTESIAN_POINT('',(0.0139552774536421,-0.00352211794694616,0.));
#6409=CARTESIAN_POINT('',(0.013984734584889,-0.00353310861059518,0.));
#6410=CARTESIAN_POINT('',(0.0140193753049259,-0.00354681744778459,0.));
#6411=CARTESIAN_POINT('',(0.0140589938613164,-0.00356342405164402,0.));
#6412=CARTESIAN_POINT('',(0.0141035180048005,-0.00358314145354284,0.));
#6413=CARTESIAN_POINT('',(0.014152827455399,-0.00360616874947066,0.));
#6414=CARTESIAN_POINT('',(0.0142068083006251,-0.00363270505245142,0.));
#6415=CARTESIAN_POINT('',(0.0142653370163309,-0.00366294515397455,0.));
#6416=CARTESIAN_POINT('',(0.0143282852312129,-0.00369708057853774,0.));
#6417=CARTESIAN_POINT('',(0.014395518460215,-0.00373529907186775,0.));
#6418=CARTESIAN_POINT('',(0.0144668965887459,-0.00377778454584608,0.));
#6419=CARTESIAN_POINT('',(0.0145422738613418,-0.00382471689515596,0.));
#6420=CARTESIAN_POINT('',(0.0146214990174144,-0.00387627185740801,0.));
#6421=CARTESIAN_POINT('',(0.0147044153911468,-0.00393262085116628,0.));
#6422=CARTESIAN_POINT('',(0.0147908610245211,-0.00399393087544894,0.));
#6423=CARTESIAN_POINT('',(0.0148806687895934,-0.00406036419439646,0.));
#6424=CARTESIAN_POINT('',(0.0149736664815171,-0.00413207886693806,0.));
#6425=CARTESIAN_POINT('',(0.0150696770458829,-0.00420922601730413,0.));
#6426=CARTESIAN_POINT('',(0.0151685183028457,-0.00429195972610821,0.));
#6427=CARTESIAN_POINT('',(0.0152700046315115,-0.00438039820041596,0.));
#6428=CARTESIAN_POINT('',(0.0153739411120438,-0.00447477282245763,0.));
#6429=CARTESIAN_POINT('',(0.0154749090595921,-0.00456991813905951,0.));
#6430=CARTESIAN_POINT('',(0.0155411434307673,-0.00463535358912435,0.));
#6431=CARTESIAN_POINT('',(0.0155719856478973,-0.00466591887857871,0.));
#6432=CARTESIAN_POINT('',(0.0138933898931524,-0.00350177236042181,0.));
#6433=CARTESIAN_POINT('',(0.0139949129587024,-0.00314245687198414,0.));
#6434=CARTESIAN_POINT('',(0.0136306016314987,-0.00306065338831182,0.));
#6435=CARTESIAN_POINT('',(-1.97121199561739E-15,4.1722056588078E-16,0.));
#6436=CARTESIAN_POINT('',(0.013697054090172,-0.00274801915038863,0.));
#6437=CARTESIAN_POINT('',(0.0140631415226475,-0.00282146671572176,0.));
#6438=CARTESIAN_POINT('',(0.0141165423628406,-0.00245192253252232,0.));
#6439=CARTESIAN_POINT('',(0.0137639029196525,-0.00239078991514958,0.));
#6440=CARTESIAN_POINT('',(0.0139236236214344,-0.00241871936532558,0.));
#6441=CARTESIAN_POINT('',(0.0141082359022029,-0.00245100146426506,0.));
#6442=CARTESIAN_POINT('',(0.014120140876039,-0.00245238585381207,0.));
#6443=CARTESIAN_POINT('',(0.0141361559435799,-0.00245442802849572,0.));
#6444=CARTESIAN_POINT('',(0.0141554601224042,-0.00245636297638062,0.));
#6445=CARTESIAN_POINT('',(0.0141813547581749,-0.00245850785297168,0.));
#6446=CARTESIAN_POINT('',(0.0142127354922584,-0.00246044867679663,0.));
#6447=CARTESIAN_POINT('',(0.0142499572511165,-0.00246201468103422,0.));
#6448=CARTESIAN_POINT('',(0.014292905117652,-0.00246295811214132,0.));
#6449=CARTESIAN_POINT('',(0.0143415997365459,-0.00246305496985671,0.));
#6450=CARTESIAN_POINT('',(0.0143960122062038,-0.00246207444866839,0.));
#6451=CARTESIAN_POINT('',(0.0144561194489538,-0.00245978831739536,0.));
#6452=CARTESIAN_POINT('',(0.0145218878487084,-0.00245596838336,0.));
#6453=CARTESIAN_POINT('',(0.0145932780324773,-0.0024503874669143,0.));
#6454=CARTESIAN_POINT('',(0.0146702435051152,-0.00244281935380215,0.));
#6455=CARTESIAN_POINT('',(0.0147527310692751,-0.00243303904242118,0.));
#6456=CARTESIAN_POINT('',(0.0148406807404745,-0.00242082290671249,0.));
#6457=CARTESIAN_POINT('',(0.014934025814216,-0.00240594887915634,0.));
#6458=CARTESIAN_POINT('',(0.0150326928913653,-0.00238819663937365,0.));
#6459=CARTESIAN_POINT('',(0.0151366019405311,-0.00236734775190948,0.));
#6460=CARTESIAN_POINT('',(0.0152456662815111,-0.00234318600403652,0.));
#6461=CARTESIAN_POINT('',(0.0153597928857081,-0.00231549695971667,0.));
#6462=CARTESIAN_POINT('',(0.0154788814736329,-0.00228407054557962,0.));
#6463=CARTESIAN_POINT('',(0.0156028282859472,-0.0022486919027622,0.));
#6464=CARTESIAN_POINT('',(0.0157315118286713,-0.00220917754491712,0.));
#6465=CARTESIAN_POINT('',(0.0158648481453057,-0.00216523681281902,0.));
#6466=CARTESIAN_POINT('',(0.015995786041835,-0.00211938460506545,0.));
#6467=CARTESIAN_POINT('',(0.0160829091460594,-0.00208654629267795,0.));
#6468=CARTESIAN_POINT('',(0.0161235169366495,-0.00207116817119589,0.));
#6469=CARTESIAN_POINT('',(0.0139602017912399,-0.000523130908914323,0.));
#6470=CARTESIAN_POINT('',(0.0141222390716851,-0.000529019585400911,0.));
#6471=CARTESIAN_POINT('',(0.0143095289569585,-0.000535825979216924,0.));
#6472=CARTESIAN_POINT('',(0.0143214616093245,-0.000536947025142434,0.));
#6473=CARTESIAN_POINT('',(0.0143375513012067,-0.000538279196646339,0.));
#6474=CARTESIAN_POINT('',(0.0143568359356942,-0.000540400096474381,0.));
#6475=CARTESIAN_POINT('',(0.0143826106564638,-0.000543685888089158,0.));
#6476=CARTESIAN_POINT('',(0.0144137091661799,-0.000548311897403746,0.));
#6477=CARTESIAN_POINT('',(0.0144504431308909,-0.000554518952935399,0.));
#6478=CARTESIAN_POINT('',(0.0144926486338559,-0.000562525501609946,0.));
#6479=CARTESIAN_POINT('',(0.0145402992963469,-0.000572554941015978,0.));
#6480=CARTESIAN_POINT('',(0.0145933188611746,-0.000584827024031939,0.));
#6481=CARTESIAN_POINT('',(0.0146516373030389,-0.00059956019632218,0.));
#6482=CARTESIAN_POINT('',(0.0147151742965188,-0.000616970674829178,0.));
#6483=CARTESIAN_POINT('',(0.0147838440957138,-0.000637272488675621,0.));
#6484=CARTESIAN_POINT('',(0.0148575541889205,-0.000660677241909089,0.));
#6485=CARTESIAN_POINT('',(0.014936205760818,-0.000687393958956743,0.));
#6486=CARTESIAN_POINT('',(0.0150196936432565,-0.00071762890763637,0.));
#6487=CARTESIAN_POINT('',(0.0151079064189586,-0.000751585434114771,0.));
#6488=CARTESIAN_POINT('',(0.0152007264855546,-0.000789463783704017,0.));
#6489=CARTESIAN_POINT('',(0.0152980301452462,-0.000831460979058378,0.));
#6490=CARTESIAN_POINT('',(0.0153996876588481,-0.000877770486310922,0.));
#6491=CARTESIAN_POINT('',(0.0155055634469016,-0.000928582713824879,0.));
#6492=CARTESIAN_POINT('',(0.0156155157445555,-0.000984082295085248,0.));
#6493=CARTESIAN_POINT('',(0.0157293983881923,-0.00104445782099406,0.));
#6494=CARTESIAN_POINT('',(0.0158470543898106,-0.00110986350826297,0.));
#6495=CARTESIAN_POINT('',(0.0159683411961109,-0.00118056620897807,0.));
#6496=CARTESIAN_POINT('',(0.0160868845754045,-0.00125263995544009,0.));
#6497=CARTESIAN_POINT('',(0.016165276361718,-0.00130287458382267,0.));
#6498=CARTESIAN_POINT('',(0.0162017994834159,-0.0013263594908561,0.));
#6499=CARTESIAN_POINT('',(0.0143178454023605,-0.000536652048786855,0.));
#6500=CARTESIAN_POINT('',(0.0143424440546093,-0.000164080633649556,0.));
#6501=CARTESIAN_POINT('',(0.0139690859033798,-0.000159809336386781,0.));
#6502=CARTESIAN_POINT('',(-2.01488131734706E-15,-1.7347234759768E-18,0.));
#6503=CARTESIAN_POINT('',(0.0139690859033798,0.000159809336386781,0.));
#6504=CARTESIAN_POINT('',(0.0143424440546093,0.000164080633649557,0.));
#6505=CARTESIAN_POINT('',(0.0143178454023605,0.000536652048786856,0.));
#6506=CARTESIAN_POINT('',(0.0139602017912399,0.000523130908914323,0.));
#6507=CARTESIAN_POINT('',(0.0141222390716851,0.000529019585400911,0.));
#6508=CARTESIAN_POINT('',(0.0143095289569585,0.000535825979216924,0.));
#6509=CARTESIAN_POINT('',(0.0143214616093245,0.000536947025142434,0.));
#6510=CARTESIAN_POINT('',(0.0143375513012067,0.000538279196646339,0.));
#6511=CARTESIAN_POINT('',(0.0143568359356942,0.000540400096474381,0.));
#6512=CARTESIAN_POINT('',(0.0143826106564638,0.000543685888089158,0.));
#6513=CARTESIAN_POINT('',(0.0144137091661799,0.000548311897403746,0.));
#6514=CARTESIAN_POINT('',(0.0144504431308909,0.000554518952935399,0.));
#6515=CARTESIAN_POINT('',(0.0144926486338559,0.000562525501609946,0.));
#6516=CARTESIAN_POINT('',(0.0145402992963469,0.000572554941015978,0.));
#6517=CARTESIAN_POINT('',(0.0145933188611746,0.000584827024031939,0.));
#6518=CARTESIAN_POINT('',(0.0146516373030389,0.00059956019632218,0.));
#6519=CARTESIAN_POINT('',(0.0147151742965188,0.000616970674829178,0.));
#6520=CARTESIAN_POINT('',(0.0147838440957138,0.000637272488675621,0.));
#6521=CARTESIAN_POINT('',(0.0148575541889205,0.000660677241909089,0.));
#6522=CARTESIAN_POINT('',(0.014936205760818,0.000687393958956743,0.));
#6523=CARTESIAN_POINT('',(0.0150196936432565,0.00071762890763637,0.));
#6524=CARTESIAN_POINT('',(0.0151079064189586,0.000751585434114771,0.));
#6525=CARTESIAN_POINT('',(0.0152007264855546,0.000789463783704017,0.));
#6526=CARTESIAN_POINT('',(0.0152980301452462,0.000831460979058378,0.));
#6527=CARTESIAN_POINT('',(0.0153996876588481,0.000877770486310922,0.));
#6528=CARTESIAN_POINT('',(0.0155055634469016,0.000928582713824879,0.));
#6529=CARTESIAN_POINT('',(0.0156155157445555,0.000984082295085248,0.));
#6530=CARTESIAN_POINT('',(0.0157293983881923,0.00104445782099406,0.));
#6531=CARTESIAN_POINT('',(0.0158470543898106,0.00110986350826297,0.));
#6532=CARTESIAN_POINT('',(0.0159683411961109,0.00118056620897807,0.));
#6533=CARTESIAN_POINT('',(0.0160868845754045,0.00125263995544009,0.));
#6534=CARTESIAN_POINT('',(0.016165276361718,0.00130287458382267,0.));
#6535=CARTESIAN_POINT('',(0.0162017994834159,0.0013263594908561,0.));
#6536=CARTESIAN_POINT('',(0.0137639029196525,0.00239078991514957,0.));
#6537=CARTESIAN_POINT('',(0.0139236236214344,0.00241871936532557,0.));
#6538=CARTESIAN_POINT('',(0.0141082359022029,0.00245100146426505,0.));
#6539=CARTESIAN_POINT('',(0.014120140876039,0.00245238585381206,0.));
#6540=CARTESIAN_POINT('',(0.0141361559435799,0.00245442802849571,0.));
#6541=CARTESIAN_POINT('',(0.0141554601224042,0.00245636297638061,0.));
#6542=CARTESIAN_POINT('',(0.0141813547581749,0.00245850785297167,0.));
#6543=CARTESIAN_POINT('',(0.0142127354922584,0.00246044867679662,0.));
#6544=CARTESIAN_POINT('',(0.0142499572511165,0.00246201468103421,0.));
#6545=CARTESIAN_POINT('',(0.014292905117652,0.00246295811214131,0.));
#6546=CARTESIAN_POINT('',(0.0143415997365459,0.00246305496985671,0.));
#6547=CARTESIAN_POINT('',(0.0143960122062038,0.00246207444866838,0.));
#6548=CARTESIAN_POINT('',(0.0144561194489538,0.00245978831739535,0.));
#6549=CARTESIAN_POINT('',(0.0145218878487084,0.00245596838335999,0.));
#6550=CARTESIAN_POINT('',(0.0145932780324773,0.00245038746691429,0.));
#6551=CARTESIAN_POINT('',(0.0146702435051152,0.00244281935380214,0.));
#6552=CARTESIAN_POINT('',(0.0147527310692751,0.00243303904242117,0.));
#6553=CARTESIAN_POINT('',(0.0148406807404745,0.00242082290671248,0.));
#6554=CARTESIAN_POINT('',(0.014934025814216,0.00240594887915633,0.));
#6555=CARTESIAN_POINT('',(0.0150326928913653,0.00238819663937364,0.));
#6556=CARTESIAN_POINT('',(0.0151366019405311,0.00236734775190947,0.));
#6557=CARTESIAN_POINT('',(0.0152456662815111,0.00234318600403651,0.));
#6558=CARTESIAN_POINT('',(0.0153597928857081,0.00231549695971666,0.));
#6559=CARTESIAN_POINT('',(0.0154788814736329,0.00228407054557961,0.));
#6560=CARTESIAN_POINT('',(0.0156028282859472,0.0022486919027622,0.));
#6561=CARTESIAN_POINT('',(0.0157315118286713,0.00220917754491711,0.));
#6562=CARTESIAN_POINT('',(0.0158648481453057,0.00216523681281901,0.));
#6563=CARTESIAN_POINT('',(0.015995786041835,0.00211938460506544,0.));
#6564=CARTESIAN_POINT('',(0.0160829091460594,0.00208654629267795,0.));
#6565=CARTESIAN_POINT('',(0.0161235169366495,0.00207116817119588,0.));
#6566=CARTESIAN_POINT('',(0.0141165423628406,0.00245192253252231,0.));
#6567=CARTESIAN_POINT('',(0.0140631415226474,0.00282146671572175,0.));
#6568=CARTESIAN_POINT('',(0.013697054090172,0.00274801915038862,0.));
#6569=CARTESIAN_POINT('',(-1.9704906570354E-15,-4.20614197092705E-16,0.));
#6570=CARTESIAN_POINT('',(0.0136306016314987,0.00306065338831181,0.));
#6571=CARTESIAN_POINT('',(0.0139949129587024,0.00314245687198414,0.));
#6572=CARTESIAN_POINT('',(0.0138933898931524,0.00350177236042181,0.));
#6573=CARTESIAN_POINT('',(0.0135463728560697,0.00341418840199804,0.));
#6574=CARTESIAN_POINT('',(0.0137036449084815,0.00345363784172776,0.));
#6575=CARTESIAN_POINT('',(0.0138854269315568,0.0034992352562288,0.));
#6576=CARTESIAN_POINT('',(0.0138968657482852,0.00350281274254052,0.));
#6577=CARTESIAN_POINT('',(0.0139123268677664,0.00350746103794478,0.));
#6578=CARTESIAN_POINT('',(0.0139307491268521,0.00351354509198608,0.));
#6579=CARTESIAN_POINT('',(0.0139552774536421,0.00352211794694615,0.));
#6580=CARTESIAN_POINT('',(0.013984734584889,0.00353310861059517,0.));
#6581=CARTESIAN_POINT('',(0.0140193753049259,0.00354681744778458,0.));
#6582=CARTESIAN_POINT('',(0.0140589938613164,0.00356342405164401,0.));
#6583=CARTESIAN_POINT('',(0.0141035180048005,0.00358314145354283,0.));
#6584=CARTESIAN_POINT('',(0.014152827455399,0.00360616874947066,0.));
#6585=CARTESIAN_POINT('',(0.0142068083006251,0.00363270505245141,0.));
#6586=CARTESIAN_POINT('',(0.0142653370163309,0.00366294515397454,0.));
#6587=CARTESIAN_POINT('',(0.0143282852312129,0.00369708057853774,0.));
#6588=CARTESIAN_POINT('',(0.014395518460215,0.00373529907186775,0.));
#6589=CARTESIAN_POINT('',(0.0144668965887459,0.00377778454584607,0.));
#6590=CARTESIAN_POINT('',(0.0145422738613418,0.00382471689515595,0.));
#6591=CARTESIAN_POINT('',(0.0146214990174144,0.00387627185740801,0.));
#6592=CARTESIAN_POINT('',(0.0147044153911468,0.00393262085116627,0.));
#6593=CARTESIAN_POINT('',(0.0147908610245211,0.00399393087544894,0.));
#6594=CARTESIAN_POINT('',(0.0148806687895934,0.00406036419439645,0.));
#6595=CARTESIAN_POINT('',(0.0149736664815171,0.00413207886693804,0.));
#6596=CARTESIAN_POINT('',(0.0150696770458829,0.00420922601730412,0.));
#6597=CARTESIAN_POINT('',(0.0151685183028457,0.0042919597261082,0.));
#6598=CARTESIAN_POINT('',(0.0152700046315115,0.00438039820041595,0.));
#6599=CARTESIAN_POINT('',(0.0153739411120438,0.00447477282245762,0.));
#6600=CARTESIAN_POINT('',(0.0154749090595921,0.0045699181390595,0.));
#6601=CARTESIAN_POINT('',(0.0155411434307673,0.00463535358912434,0.));
#6602=CARTESIAN_POINT('',(0.0155719856478973,0.0046659188785787,0.));
#6603=CARTESIAN_POINT('',(0.0129660554439423,0.00520022174763858,0.));
#6604=CARTESIAN_POINT('',(0.0131164790059681,0.00526074867348411,0.));
#6605=CARTESIAN_POINT('',(0.0132903452396942,0.00533070838254873,0.));
#6606=CARTESIAN_POINT('',(0.0133017022305173,0.00533453770310203,0.));
#6607=CARTESIAN_POINT('',(0.0133169427384166,0.0053398649711401,0.));
#6608=CARTESIAN_POINT('',(0.0133354227763313,0.00534577120023047,0.));
#6609=CARTESIAN_POINT('',(0.0133603056072636,0.00535325300362808,0.));
#6610=CARTESIAN_POINT('',(0.0133905970770537,0.00536167583727831,0.));
#6611=CARTESIAN_POINT('',(0.0134266798605869,0.00537094645938545,0.));
#6612=CARTESIAN_POINT('',(0.0134684930628386,0.00538079863780773,0.));
#6613=CARTESIAN_POINT('',(0.0135161034496269,0.0053910175594976,0.));
#6614=CARTESIAN_POINT('',(0.013569530738091,0.00540137145361792,0.));
#6615=CARTESIAN_POINT('',(0.0136287998067921,0.00541163227826879,0.));
#6616=CARTESIAN_POINT('',(0.0136939252181602,0.00542156983815248,0.));
#6617=CARTESIAN_POINT('',(0.0137649156929042,0.00543095373193643,0.));
#6618=CARTESIAN_POINT('',(0.0138417727844978,0.00543955302180443,0.));
#6619=CARTESIAN_POINT('',(0.0139244912385471,0.00544713656262863,0.));
#6620=CARTESIAN_POINT('',(0.0140130588758466,0.00545347314364086,0.));
#6621=CARTESIAN_POINT('',(0.0141074566199856,0.00545833168138467,0.));
#6622=CARTESIAN_POINT('',(0.0142076584829597,0.00546148140947174,0.));
#6623=CARTESIAN_POINT('',(0.01431363159754,0.00546269202632402,0.));
#6624=CARTESIAN_POINT('',(0.0144253361308486,0.00546173402215361,0.));
#6625=CARTESIAN_POINT('',(0.0145427256709454,0.00545837830513143,0.));
#6626=CARTESIAN_POINT('',(0.0146657458063985,0.00545239854321616,0.));
#6627=CARTESIAN_POINT('',(0.0147943397169293,0.00544356299994681,0.));
#6628=CARTESIAN_POINT('',(0.01492842671245,0.0054316669385743,0.));
#6629=CARTESIAN_POINT('',(0.0150679851025628,0.00541640859593692,0.));
#6630=CARTESIAN_POINT('',(0.0152055949019399,0.00539878188839396,0.));
#6631=CARTESIAN_POINT('',(0.0152976416263576,0.00538477508382856,0.));
#6632=CARTESIAN_POINT('',(0.0153405593305333,0.00537817584559905,0.));
#6633=CARTESIAN_POINT('',(0.0132982786833788,0.00533333633353057,0.));
#6634=CARTESIAN_POINT('',(0.0131692122237058,0.00568370243071658,0.));
#6635=CARTESIAN_POINT('',(0.012826395287466,0.00553574601383315,0.));
#6636=CARTESIAN_POINT('',(-1.83998009954807E-15,-8.21110811965635E-16,0.));
#6637=CARTESIAN_POINT('',(0.0126963946614377,0.0058277322005232,0.));
#6638=CARTESIAN_POINT('',(0.0130357370114571,0.00598349266583194,0.));
#6639=CARTESIAN_POINT('',(0.0128617265777321,0.00631384841653823,0.));
#6640=CARTESIAN_POINT('',(0.0125405024243803,0.00615602947882083,0.));
#6641=CARTESIAN_POINT('',(0.0126861357053934,0.00622731555197806,0.));
#6642=CARTESIAN_POINT('',(0.0128544651195752,0.00630971116134977,0.));
#6643=CARTESIAN_POINT('',(0.0128649101694853,0.00631558873472918,0.));
#6644=CARTESIAN_POINT('',(0.0128790669914536,0.00632335000121965,0.));
#6645=CARTESIAN_POINT('',(0.0128958217340156,0.00633313130711806,0.));
#6646=CARTESIAN_POINT('',(0.0129180316612455,0.00634661655052454,0.));
#6647=CARTESIAN_POINT('',(0.0129445599960366,0.00636349152376749,0.));
#6648=CARTESIAN_POINT('',(0.0129755935057092,0.00638410300064718,0.));
#6649=CARTESIAN_POINT('',(0.0130108935944999,0.00640858387141551,0.));
#6650=CARTESIAN_POINT('',(0.0130503453002563,0.00643712749072955,0.));
#6651=CARTESIAN_POINT('',(0.0130937895770214,0.00646990359623996,0.));
#6652=CARTESIAN_POINT('',(0.0131410736036442,0.00650708326613566,0.));
#6653=CARTESIAN_POINT('',(0.0131920360558477,0.00654883135313025,0.));
#6654=CARTESIAN_POINT('',(0.0132465115473673,0.00659530850655684,0.));
#6655=CARTESIAN_POINT('',(0.0133043294974364,0.00664667040843221,0.));
#6656=CARTESIAN_POINT('',(0.0133653146158738,0.00670306782026042,0.));
#6657=CARTESIAN_POINT('',(0.0134292869301143,0.00676464640132932,0.));
#6658=CARTESIAN_POINT('',(0.0134960619470726,0.00683154660011645,0.));
#6659=CARTESIAN_POINT('',(0.0135654507845323,0.00690390351662403,0.));
#6660=CARTESIAN_POINT('',(0.0136372603025986,0.00698184682757572,0.));
#6661=CARTESIAN_POINT('',(0.0137112932888623,0.00706550050339777,0.));
#6662=CARTESIAN_POINT('',(0.0137873484392667,0.00715498334565174,0.));
#6663=CARTESIAN_POINT('',(0.0138652211479718,0.00725040636445943,0.));
#6664=CARTESIAN_POINT('',(0.0139447011810385,0.00735188239608365,0.));
#6665=CARTESIAN_POINT('',(0.0140255823972036,0.00745948847172813,0.));
#6666=CARTESIAN_POINT('',(0.0141076260290259,0.00757341039125344,0.));
#6667=CARTESIAN_POINT('',(0.0141866057610232,0.00768746897110181,0.));
#6668=CARTESIAN_POINT('',(0.0142377879572119,0.00776524539968695,0.));
#6669=CARTESIAN_POINT('',(0.0142616013168882,0.00780155522174454,0.));
#6670=CARTESIAN_POINT('',(0.0116015291272949,0.0077823789363233,0.));
#6671=CARTESIAN_POINT('',(0.0117360813180916,0.0078728580207385,0.));
#6672=CARTESIAN_POINT('',(0.0118916027160587,0.0079774377649382,0.));
#6673=CARTESIAN_POINT('',(0.011901915368873,0.00798354465681448,0.));
#6674=CARTESIAN_POINT('',(0.0119157152338034,0.00799192419103066,0.));
#6675=CARTESIAN_POINT('',(0.0119325634644746,0.00800154357077401,0.));
#6676=CARTESIAN_POINT('',(0.0119553469914558,0.00801403531026801,0.));
#6677=CARTESIAN_POINT('',(0.0119832253143679,0.00802857203549577,0.));
#6678=CARTESIAN_POINT('',(0.0120165921317915,0.00804514210480099,0.));
#6679=CARTESIAN_POINT('',(0.012055443232179,0.0080634724430654,0.));
#6680=CARTESIAN_POINT('',(0.0120998885844991,0.00808336681281608,0.));
#6681=CARTESIAN_POINT('',(0.0121499956628908,0.00810460260738849,0.));
#6682=CARTESIAN_POINT('',(0.0122058362148362,0.00812696194068913,0.));
#6683=CARTESIAN_POINT('',(0.0122674723448347,0.00815022267543925,0.));
#6684=CARTESIAN_POINT('',(0.0123349604861575,0.00817416125826555,0.));
#6685=CARTESIAN_POINT('',(0.0124083501730028,0.00819855212088251,0.));
#6686=CARTESIAN_POINT('',(0.0124876843235724,0.008223168076788,0.));
#6687=CARTESIAN_POINT('',(0.0125729990962273,0.00824778043552463,0.));
#6688=CARTESIAN_POINT('',(0.0126643238763744,0.00827215919715514,0.));
#6689=CARTESIAN_POINT('',(0.0127616812229393,0.00829607323488049,0.));
#6690=CARTESIAN_POINT('',(0.0128650868693117,0.00831929044628358,0.));
#6691=CARTESIAN_POINT('',(0.0129745495708254,0.00834157805519499,0.));
#6692=CARTESIAN_POINT('',(0.0130900715606224,0.00836270232640687,0.));
#6693=CARTESIAN_POINT('',(0.0132116466733682,0.00838243056100315,0.));
#6694=CARTESIAN_POINT('',(0.0133392675111633,0.00840052427292039,0.));
#6695=CARTESIAN_POINT('',(0.0134728977143555,0.00841676642298607,0.));
#6696=CARTESIAN_POINT('',(0.0136125788066235,0.00843085733260031,0.));
#6697=CARTESIAN_POINT('',(0.0137508463002904,0.0084422264969699,0.));
#6698=CARTESIAN_POINT('',(0.0138437937613551,0.00844766336479823,0.));
#6699=CARTESIAN_POINT('',(0.013887145669502,0.00845013142819855,0.));
#6700=CARTESIAN_POINT('',(0.0118988164132323,0.0079816577445764,0.));
#6701=CARTESIAN_POINT('',(0.0116997251576969,0.00829753307605891,0.));
#6702=CARTESIAN_POINT('',(0.0113951614628245,0.00808153421301662,0.));
#6703=CARTESIAN_POINT('',(-1.62905358250637E-15,-1.18572094422884E-15,0.));
#6704=CARTESIAN_POINT('',(0.011207294320611,0.00834011115101,0.));
#6705=CARTESIAN_POINT('',(0.0115068368044049,0.00856302111819953,0.));
#6706=CARTESIAN_POINT('',(0.0112679440934534,0.00884997899964581,0.));
#6707=CARTESIAN_POINT('',(0.0109865518607385,0.0086288225275123,0.));
#6708=CARTESIAN_POINT('',(0.0111141814971466,0.00872882969063155,0.));
#6709=CARTESIAN_POINT('',(0.0112617014993009,0.00884442241136638,0.));
#6710=CARTESIAN_POINT('',(0.0112706962835909,0.00885234319365308,0.));
#6711=CARTESIAN_POINT('',(0.0112829300869943,0.00886287822664142,0.));
#6712=CARTESIAN_POINT('',(0.0112972850503845,0.00887592929439328,0.));
#6713=CARTESIAN_POINT('',(0.0113162058976591,0.00889373755639994,0.));
#6714=CARTESIAN_POINT('',(0.011338646020467,0.00891575932193098,0.));
#6715=CARTESIAN_POINT('',(0.0113647160064874,0.00894237261805647,0.));
#6716=CARTESIAN_POINT('',(0.0113941548444095,0.00897365782420888,0.));
#6717=CARTESIAN_POINT('',(0.0114268098835864,0.00900978016780662,0.));
#6718=CARTESIAN_POINT('',(0.0114624902631547,0.00905087260981162,0.));
#6719=CARTESIAN_POINT('',(0.0115010109323167,0.00909707071663997,0.));
#6720=CARTESIAN_POINT('',(0.0115421798173116,0.00914850219737482,0.));
#6721=CARTESIAN_POINT('',(0.011585801745087,0.00920528980503794,0.));
#6722=CARTESIAN_POINT('',(0.0116316774943639,0.00926755035388495,0.));
#6723=CARTESIAN_POINT('',(0.011679604260393,0.00933539486604135,0.));
#6724=CARTESIAN_POINT('',(0.0117293757191725,0.00940892839938974,0.));
#6725=CARTESIAN_POINT('',(0.0117807822083534,0.00948824997500218,0.));
#6726=CARTESIAN_POINT('',(0.0118336108843788,0.00957345246980069,0.));
#6727=CARTESIAN_POINT('',(0.0118876458666173,0.0096646225707193,0.));
#6728=CARTESIAN_POINT('',(0.0119426684773231,0.00976184053636759,0.));
#6729=CARTESIAN_POINT('',(0.0119984571111824,0.00986518071874114,0.));
#6730=CARTESIAN_POINT('',(0.0120547885531817,0.00997470916217808,0.));
#6731=CARTESIAN_POINT('',(0.0121114337035196,0.0100904925271044,0.));
#6732=CARTESIAN_POINT('',(0.0121681749099264,0.0102125633022287,0.));
#6733=CARTESIAN_POINT('',(0.0122247399926392,0.0103410535846964,0.));
#6734=CARTESIAN_POINT('',(0.0122782797158104,0.0104690405205381,0.));
#6735=CARTESIAN_POINT('',(0.0123121728294398,0.0105557587245017,0.));
#6736=CARTESIAN_POINT('',(0.0123279165735753,0.0105962261657047,0.));
#6737=CARTESIAN_POINT('',(0.00972996031747136,0.0100244088214933,0.));
#6738=CARTESIAN_POINT('',(0.00984276056064827,0.0101408856943224,0.));
#6739=CARTESIAN_POINT('',(0.00997314009149068,0.0102755148370064,0.));
#6740=CARTESIAN_POINT('',(0.00998195769388251,0.0102836323997265,0.));
#6741=CARTESIAN_POINT('',(0.00999371379552751,0.0102946979742661,0.));
#6742=CARTESIAN_POINT('',(0.0100081938704281,0.0103076100916087,0.));
#6743=CARTESIAN_POINT('',(0.0100278823440015,0.0103245658182412,0.));
#6744=CARTESIAN_POINT('',(0.0100521291035495,0.0103445811103991,0.));
#6745=CARTESIAN_POINT('',(0.0100813216648303,0.0103677264353618,0.));
#6746=CARTESIAN_POINT('',(0.0101155126838384,0.0103937338097274,0.));
#6747=CARTESIAN_POINT('',(0.0101548505265214,0.010422434148117,0.));
#6748=CARTESIAN_POINT('',(0.0101994474750746,0.0104536237370181,0.));
#6749=CARTESIAN_POINT('',(0.0102494190101915,0.0104871043688112,0.));
#6750=CARTESIAN_POINT('',(0.0103048720641765,0.0105226716727018,0.));
#6751=CARTESIAN_POINT('',(0.0103659083164582,0.0105601187136309,0.));
#6752=CARTESIAN_POINT('',(0.0104326231170774,0.0105992351512601,0.));
#6753=CARTESIAN_POINT('',(0.0105051056810999,0.0106398076868534,0.));
#6754=CARTESIAN_POINT('',(0.0105834389241595,0.0106816201451344,0.));
#6755=CARTESIAN_POINT('',(0.0106676994091972,0.0107244536617861,0.));
#6756=CARTESIAN_POINT('',(0.0107579572561357,0.0107680868509489,0.));
#6757=CARTESIAN_POINT('',(0.0108542761113583,0.0108122959533559,0.));
#6758=CARTESIAN_POINT('',(0.0109567129357608,0.0108568550998919,0.));
#6759=CARTESIAN_POINT('',(0.0110653185099677,0.0109015361273203,0.));
#6760=CARTESIAN_POINT('',(0.0111801351841972,0.0109461101399098,0.));
#6761=CARTESIAN_POINT('',(0.0113012053062523,0.0109903423249795,0.));
#6762=CARTESIAN_POINT('',(0.0114285384360076,0.011034012826587,0.));
#6763=CARTESIAN_POINT('',(0.0115622374964344,0.0110768371480871,0.));
#6764=CARTESIAN_POINT('',(0.0116951197314369,0.011116705297331,0.));
#6765=CARTESIAN_POINT('',(0.0117849056790887,0.0111413482203399,0.));
#6766=CARTESIAN_POINT('',(0.0118267971047952,0.0111527757191564,0.));
#6767=CARTESIAN_POINT('',(0.00997931876897168,0.010281142411941,0.));
#6768=CARTESIAN_POINT('',(0.00971890396078644,0.0105487217099962,0.));
#6769=CARTESIAN_POINT('',(0.0094659044022063,0.0102741205875876,0.));
#6770=CARTESIAN_POINT('',(-1.34692960684277E-15,-1.49850938150889E-15,0.));
#6771=CARTESIAN_POINT('',(0.00922838143940868,0.0104879872239042,0.));
#6772=CARTESIAN_POINT('',(0.00947503261307102,0.0107683044577676,0.));
#6773=CARTESIAN_POINT('',(0.0091816983826961,0.010999323033558,0.));
#6774=CARTESIAN_POINT('',(0.00895243626145743,0.0107244946260671,0.));
#6775=CARTESIAN_POINT('',(0.0090564842257145,0.0108488520862324,0.));
#6776=CARTESIAN_POINT('',(0.00917674748386785,0.0109925899617589,0.));
#6777=CARTESIAN_POINT('',(0.00918389888730235,0.0110022077767588,0.));
#6778=CARTESIAN_POINT('',(0.0091936749962278,0.0110150561447507,0.));
#6779=CARTESIAN_POINT('',(0.00920500279966327,0.0110308065800693,0.));
#6780=CARTESIAN_POINT('',(0.00921980763516445,0.0110521595541729,0.));
#6781=CARTESIAN_POINT('',(0.00923717880494289,0.0110783656551662,0.));
#6782=CARTESIAN_POINT('',(0.00925714588382413,0.0111098176417921,0.));
#6783=CARTESIAN_POINT('',(0.00927943685239735,0.0111465398696966,0.));
#6784=CARTESIAN_POINT('',(0.00930386804308636,0.0111886622178286,0.));
#6785=CARTESIAN_POINT('',(0.00933022512165728,0.0112362750594291,0.));
#6786=CARTESIAN_POINT('',(0.00935829889527347,0.0112894725242386,0.));
#6787=CARTESIAN_POINT('',(0.00938787493523533,0.01134833959621,0.));
#6788=CARTESIAN_POINT('',(0.00941873681170144,0.0114129557671576,0.));
#6789=CARTESIAN_POINT('',(0.00945066536980655,0.0114833938782324,0.));
#6790=CARTESIAN_POINT('',(0.00948343915377367,0.0115597203599817,0.));
#6791=CARTESIAN_POINT('',(0.00951683450551356,0.0116419950773492,0.));
#6792=CARTESIAN_POINT('',(0.00955062575666409,0.0117302712963055,0.));
#6793=CARTESIAN_POINT('',(0.00958458540461286,0.0118245956115253,0.));
#6794=CARTESIAN_POINT('',(0.00961848426301113,0.011925007931518,0.));
#6795=CARTESIAN_POINT('',(0.00965209174604329,0.0120315412953902,0.));
#6796=CARTESIAN_POINT('',(0.00968517563235429,0.0121442223560323,0.));
#6797=CARTESIAN_POINT('',(0.00971750385332417,0.0122630693055446,0.));
#6798=CARTESIAN_POINT('',(0.00974883845605001,0.0123880997151356,0.));
#6799=CARTESIAN_POINT('',(0.009778959789704,0.0125193001111062,0.));
#6800=CARTESIAN_POINT('',(0.00980757415776335,0.0126567431146076,0.));
#6801=CARTESIAN_POINT('',(0.00983333392929381,0.0127930647631969,0.));
#6802=CARTESIAN_POINT('',(0.00984845666866104,0.0128849347409056,0.));
#6803=CARTESIAN_POINT('',(0.00985544272009014,0.0129277911798892,0.));
#6804=CARTESIAN_POINT('',(0.00743314555224461,0.0118283239387136,0.));
#6805=CARTESIAN_POINT('',(0.00751926393589923,0.011965708001696,0.));
#6806=CARTESIAN_POINT('',(0.00761880338848877,0.0121245026033066,0.));
#6807=CARTESIAN_POINT('',(0.00762574056892209,0.0121342760604274,0.));
#6808=CARTESIAN_POINT('',(0.00763493910922775,0.0121475440565844,0.));
#6809=CARTESIAN_POINT('',(0.00764641817960147,0.0121631845900393,0.));
#6810=CARTESIAN_POINT('',(0.00766215111899621,0.0121838632571938,0.));
#6811=CARTESIAN_POINT('',(0.00768170661543883,0.0122084823519705,0.));
#6812=CARTESIAN_POINT('',(0.00770544906556745,0.0122371913708261,0.));
#6813=CARTESIAN_POINT('',(0.00773348569159874,0.012269739134236,0.));
#6814=CARTESIAN_POINT('',(0.00776599677215561,0.0123059910987574,0.));
#6815=CARTESIAN_POINT('',(0.00780313449021864,0.0123457713472879,0.));
#6816=CARTESIAN_POINT('',(0.00784505301263246,0.0123889100133063,0.));
#6817=CARTESIAN_POINT('',(0.00789189942605151,0.0124352294244865,0.));
#6818=CARTESIAN_POINT('',(0.00794381621218294,0.0124845483081389,0.));
#6819=CARTESIAN_POINT('',(0.00800094036965576,0.0125366807447545,0.));
#6820=CARTESIAN_POINT('',(0.00806340351127348,0.0125914366455415,0.));
#6821=CARTESIAN_POINT('',(0.00813133168613143,0.0126486217983016,0.));
#6822=CARTESIAN_POINT('',(0.00820484528853705,0.0127080380397588,0.));
#6823=CARTESIAN_POINT('',(0.00828405893483277,0.0127694834006172,0.));
#6824=CARTESIAN_POINT('',(0.00836908140274317,0.0128327522441142,0.));
#6825=CARTESIAN_POINT('',(0.00846001536926151,0.0128976354797527,0.));
#6826=CARTESIAN_POINT('',(0.00855695794313824,0.0129639204880957,0.));
#6827=CARTESIAN_POINT('',(0.00865999813923605,0.0130313921804383,0.));
#6828=CARTESIAN_POINT('',(0.00876922620025834,0.0130998296799235,0.));
#6829=CARTESIAN_POINT('',(0.00888469718779438,0.0131690199225983,0.));
#6830=CARTESIAN_POINT('',(0.00900657092587998,0.0132387060276406,0.));
#6831=CARTESIAN_POINT('',(0.00912826031090876,0.0133053307323283,0.));
#6832=CARTESIAN_POINT('',(0.0092109606683945,0.0133481026965325,0.));
#6833=CARTESIAN_POINT('',(0.0092495607553399,0.0133679901942317,0.));
#6834=CARTESIAN_POINT('',(0.00762367700842264,0.012131291821509,0.));
#6835=CARTESIAN_POINT('',(0.00731332002431421,0.012338880586824,0.));
#6836=CARTESIAN_POINT('',(0.00712294189676278,0.0120176785917806,0.));
#6837=CARTESIAN_POINT('',(-1.00593834407479E-15,-1.7458057681712E-15,0.));
#6838=CARTESIAN_POINT('',(0.00684614400661701,0.0121774879281674,0.));
#6839=CARTESIAN_POINT('',(0.0070291240302951,0.0125029612204735,0.));
#6840=CARTESIAN_POINT('',(0.00669416839393789,0.0126679438702959,0.));
#6841=CARTESIAN_POINT('',(0.00652705623899532,0.012351454847628,0.));
#6842=CARTESIAN_POINT('',(0.00660297513578583,0.0124947275870969,0.));
#6843=CARTESIAN_POINT('',(0.00669072556846971,0.0126603285825235,0.));
#6844=CARTESIAN_POINT('',(0.00669572104040243,0.0126712230855698,0.));
#6845=CARTESIAN_POINT('',(0.00670261219197893,0.0126858232532308,0.));
#6846=CARTESIAN_POINT('',(0.00671041775609272,0.0127035846865137,0.));
#6847=CARTESIAN_POINT('',(0.00672045953746758,0.012727549145283,0.));
#6848=CARTESIAN_POINT('',(0.00673200255074105,0.0127567942493743,0.));
#6849=CARTESIAN_POINT('',(0.00674499406532344,0.0127917103237615,0.));
#6850=CARTESIAN_POINT('',(0.00675916294225714,0.012832264635846,0.));
#6851=CARTESIAN_POINT('',(0.00677430252419133,0.0128785460397734,0.));
#6852=CARTESIAN_POINT('',(0.00679018437095602,0.0129305983713198,0.));
#6853=CARTESIAN_POINT('',(0.00680658429040648,0.0129884702096285,0.));
#6854=CARTESIAN_POINT('',(0.00682327487046732,0.0130522000993157,0.));
#6855=CARTESIAN_POINT('',(0.0068400278835309,0.0131218207968146,0.));
#6856=CARTESIAN_POINT('',(0.00685661381926475,0.0131973579866636,0.));
#6857=CARTESIAN_POINT('',(0.00687280224954448,0.0132788306044982,0.));
#6858=CARTESIAN_POINT('',(0.00688836195712509,0.013366250705938,0.));
#6859=CARTESIAN_POINT('',(0.00690306113042156,0.0134596234738735,0.));
#6860=CARTESIAN_POINT('',(0.00691666755072184,0.0135589471843212,0.));
#6861=CARTESIAN_POINT('',(0.0069289487425031,0.0136642132231726,0.));
#6862=CARTESIAN_POINT('',(0.00693967228958655,0.0137754059660636,0.));
#6863=CARTESIAN_POINT('',(0.00694860550376336,0.0138925032019206,0.));
#6864=CARTESIAN_POINT('',(0.00695551760531941,0.0140154744755235,0.));
#6865=CARTESIAN_POINT('',(0.00696017218793394,0.0141442875009175,0.));
#6866=CARTESIAN_POINT('',(0.00696235720201629,0.0142788834308612,0.));
#6867=CARTESIAN_POINT('',(0.00696177027023099,0.0144192722366187,0.));
#6868=CARTESIAN_POINT('',(0.00695862426449571,0.0145579706877683,0.));
#6869=CARTESIAN_POINT('',(0.00695431569332348,0.0146509772803552,0.));
#6870=CARTESIAN_POINT('',(0.00695223872807594,0.0146943496850878,0.));
#6871=CARTESIAN_POINT('',(0.00481146665819509,0.0131152845412167,0.));
#6872=CARTESIAN_POINT('',(0.00486713939571986,0.013267571451558,0.));
#6873=CARTESIAN_POINT('',(0.00493148841833508,0.0134435914260239,0.));
#6874=CARTESIAN_POINT('',(0.00493624198873667,0.0134545936305709,0.));
#6875=CARTESIAN_POINT('',(0.00494248094735213,0.0134694841732464,0.));
#6876=CARTESIAN_POINT('',(0.00495045732274094,0.0134871695564499,0.));
#6877=CARTESIAN_POINT('',(0.00496154712301044,0.0135106674071446,0.));
#6878=CARTESIAN_POINT('',(0.00497555668731553,0.0135388143319628,0.));
#6879=CARTESIAN_POINT('',(0.00499281136729238,0.0135718323228263,0.));
#6880=CARTESIAN_POINT('',(0.00501346826525467,0.0136094979818379,0.));
#6881=CARTESIAN_POINT('',(0.00503773169345953,0.0136517171876853,0.));
#6882=CARTESIAN_POINT('',(0.0050657870845465,0.0136983495080975,0.));
#6883=CARTESIAN_POINT('',(0.00509782055368036,0.013749260841634,0.));
#6884=CARTESIAN_POINT('',(0.00513401291347304,0.01380430797957,0.));
#6885=CARTESIAN_POINT('',(0.00517454122077588,0.0138633432340719,0.));
#6886=CARTESIAN_POINT('',(0.00521957813530867,0.0139262132320345,0.));
#6887=CARTESIAN_POINT('',(0.00526929191550148,0.0139927594024028,0.));
#6888=CARTESIAN_POINT('',(0.00532384623496097,0.0140628179840616,0.));
#6889=CARTESIAN_POINT('',(0.00538340005755194,0.0141362201754618,0.));
#6890=CARTESIAN_POINT('',(0.00544810748675248,0.0142127922508989,0.));
#6891=CARTESIAN_POINT('',(0.00551811767751996,0.0142923556834275,0.));
#6892=CARTESIAN_POINT('',(0.00559357453546777,0.0143747272994267,0.));
#6893=CARTESIAN_POINT('',(0.00567461725335377,0.014459719315749,0.));
#6894=CARTESIAN_POINT('',(0.00576137762030871,0.0145471398511242,0.));
#6895=CARTESIAN_POINT('',(0.00585398982989716,0.0146367916178978,0.));
#6896=CARTESIAN_POINT('',(0.0059525520389673,0.0147284776560233,0.));
#6897=CARTESIAN_POINT('',(0.00605727398754232,0.0148219799274266,0.));
#6898=CARTESIAN_POINT('',(0.00616245211254116,0.0149124493682623,0.));
#6899=CARTESIAN_POINT('',(0.00623445247739836,0.0149714810335835,0.));
#6900=CARTESIAN_POINT('',(0.00626807421655936,0.014998959351085,0.));
#6901=CARTESIAN_POINT('',(0.00493484398014449,0.0134512455660803,0.));
#6902=CARTESIAN_POINT('',(0.00458810890957645,0.0135897711734893,0.));
#6903=CARTESIAN_POINT('',(0.00446867265076332,0.0132360063742928,0.));
#6904=CARTESIAN_POINT('',(-6.20982748643026E-16,-1.9168020654589E-15,0.));
#6905=CARTESIAN_POINT('',(0.00416469722929242,0.0133347739758994,0.));
#6906=CARTESIAN_POINT('',(0.00427600899791596,0.0136911785819804,0.));
#6907=CARTESIAN_POINT('',(0.00391407112418073,0.0137829147723629,0.));
#6908=CARTESIAN_POINT('',(0.00381641253859835,0.0134385972234913,0.));
#6909=CARTESIAN_POINT('',(0.00386088434783327,0.0135945235360502,0.));
#6910=CARTESIAN_POINT('',(0.0039122868400661,0.0137747500932352,0.));
#6911=CARTESIAN_POINT('',(0.00391490805440266,0.013786445142267,0.));
#6912=CARTESIAN_POINT('',(0.00391861307223889,0.0138021590122109,0.));
#6913=CARTESIAN_POINT('',(0.00392255525642396,0.0138211551835948,0.));
#6914=CARTESIAN_POINT('',(0.00392739510964061,0.0138466837651874,0.));
#6915=CARTESIAN_POINT('',(0.00393260548133955,0.0138776897209943,0.));
#6916=CARTESIAN_POINT('',(0.00393805364009563,0.0139145438831464,0.));
#6917=CARTESIAN_POINT('',(0.00394348117747799,0.0139571578613714,0.));
#6918=CARTESIAN_POINT('',(0.00394866747827906,0.0140055756016599,0.));
#6919=CARTESIAN_POINT('',(0.00395337998032435,0.0140597924864887,0.));
#6920=CARTESIAN_POINT('',(0.00395738929043354,0.0141198094212627,0.));
#6921=CARTESIAN_POINT('',(0.00396046495215442,0.0141856168266764,0.));
#6922=CARTESIAN_POINT('',(0.00396237691475473,0.0142571992921687,0.));
#6923=CARTESIAN_POINT('',(0.00396289534313757,0.0143345342231279,0.));
#6924=CARTESIAN_POINT('',(0.00396179090764601,0.0144175922326994,0.));
#6925=CARTESIAN_POINT('',(0.00395883493718229,0.0145063370402904,0.));
#6926=CARTESIAN_POINT('',(0.00395379960821719,0.0146007255191941,0.));
#6927=CARTESIAN_POINT('',(0.00394645813501101,0.0147007077021151,0.));
#6928=CARTESIAN_POINT('',(0.00393658491316273,0.0148062268288048,0.));
#6929=CARTESIAN_POINT('',(0.00392395585383263,0.0149172192942883,0.));
#6930=CARTESIAN_POINT('',(0.00390834797154939,0.0150336149942584,0.));
#6931=CARTESIAN_POINT('',(0.00388954186168568,0.0151553361572139,0.));
#6932=CARTESIAN_POINT('',(0.00386731299659348,0.0152823020510877,0.));
#6933=CARTESIAN_POINT('',(0.00384146619550392,0.015414411027003,0.));
#6934=CARTESIAN_POINT('',(0.0038117036156094,0.0155516099705447,0.));
#6935=CARTESIAN_POINT('',(0.00377978932815522,0.0156866234363905,0.));
#6936=CARTESIAN_POINT('',(0.00375623775167859,0.0157767018094643,0.));
#6937=CARTESIAN_POINT('',(0.00374518854310212,0.0158186945977352,0.));
#6938=CARTESIAN_POINT('',(0.00197950358320386,0.0138290442751509,0.));
#6939=CARTESIAN_POINT('',(0.0020022975088215,0.0139895783641157,0.));
#6940=CARTESIAN_POINT('',(0.00202864374039324,0.0141751307939151,0.));
#6941=CARTESIAN_POINT('',(0.00203100594692639,0.0141868808967551,0.));
#6942=CARTESIAN_POINT('',(0.00203401265142231,0.0142027431977815,0.));
#6943=CARTESIAN_POINT('',(0.00203813772594683,0.0142217004946237,0.));
#6944=CARTESIAN_POINT('',(0.00204409970960455,0.014246990560028,0.));
#6945=CARTESIAN_POINT('',(0.00205195105658662,0.0142774351592093,0.));
#6946=CARTESIAN_POINT('',(0.00206196385409958,0.0143133190774419,0.));
#6947=CARTESIAN_POINT('',(0.00207433821842912,0.0143544564620166,0.));
#6948=CARTESIAN_POINT('',(0.00208929356604057,0.0144007977273042,0.));
#6949=CARTESIAN_POINT('',(0.00210704047493628,0.0144522440634295,0.));
#6950=CARTESIAN_POINT('',(0.00212778887447539,0.0145087029949088,0.));
#6951=CARTESIAN_POINT('',(0.00215174540084855,0.0145700720355273,0.));
#6952=CARTESIAN_POINT('',(0.00217911394781728,0.0146362435369744,0.));
#6953=CARTESIAN_POINT('',(0.00221009529013386,0.0147071033756894,0.));
#6954=CARTESIAN_POINT('',(0.00224488697815413,0.01478253142867,0.));
#6955=CARTESIAN_POINT('',(0.00228368315667414,0.0148624015430306,0.));
#6956=CARTESIAN_POINT('',(0.00232667441163227,0.0149465816563868,0.));
#6957=CARTESIAN_POINT('',(0.00237404759858087,0.0150349338792725,0.));
#6958=CARTESIAN_POINT('',(0.00242598573092273,0.0151273145970433,0.));
#6959=CARTESIAN_POINT('',(0.00248266765352551,0.0152235745585212,0.));
#6960=CARTESIAN_POINT('',(0.00254426855976306,0.0153235590238726,0.));
#6961=CARTESIAN_POINT('',(0.00261095725321677,0.0154271077053942,0.));
#6962=CARTESIAN_POINT('',(0.00268290601340968,0.0155340555270512,0.));
#6963=CARTESIAN_POINT('',(0.00276025180252359,0.015644230240803,0.));
#6964=CARTESIAN_POINT('',(0.00284324510992365,0.0157574621806334,0.));
#6965=CARTESIAN_POINT('',(0.00292731518612945,0.015867822408932,0.));
#6966=CARTESIAN_POINT('',(0.00298546879691778,0.0159405338083302,0.));
#6967=CARTESIAN_POINT('',(0.00301264275695803,0.0159744020113038,0.));
#6968=CARTESIAN_POINT('',(0.00203033458992535,0.0141833153331764,0.));
#6969=CARTESIAN_POINT('',(0.00166237541930098,0.0142467235489161,0.));
#6970=CARTESIAN_POINT('',(0.00161910096685506,0.0138758571648431,0.));
#6971=CARTESIAN_POINT('',(-2.08887227289725E-16,-2.00402491464926E-15,0.));
#6972=CARTESIAN_POINT('',(0.0013012331986132,0.0139092664135398,0.));
#6973=CARTESIAN_POINT('',(0.00133601185376022,0.0142810257418909,0.));
#6974=CARTESIAN_POINT('',(0.000962910164499813,0.0142955061611146,0.));
#6975=CARTESIAN_POINT('',(0.000938973297085452,0.0139384084151441,0.));
#6976=CARTESIAN_POINT('',(0.0009500543873018,0.0141001735727166,0.));
#6977=CARTESIAN_POINT('',(0.000962862403516482,0.014287148926288,0.));
#6978=CARTESIAN_POINT('',(0.000962994800612378,0.0142991333915437,0.));
#6979=CARTESIAN_POINT('',(0.00096335175765025,0.0143152741922503,0.));
#6980=CARTESIAN_POINT('',(0.000963258269541037,0.0143346748778921,0.));
#6981=CARTESIAN_POINT('',(0.000962684669789723,0.0143606518607926,0.));
#6982=CARTESIAN_POINT('',(0.000961334681668726,0.0143920635592633,0.));
#6983=CARTESIAN_POINT('',(0.0009590013739177,0.0144292451054482,0.));
#6984=CARTESIAN_POINT('',(0.000955450362320899,0.0144720563144809,0.));
#6985=CARTESIAN_POINT('',(0.000950456715757207,0.0145204943035456,0.));
#6986=CARTESIAN_POINT('',(0.000943793914130618,0.0145745062036284,0.));
#6987=CARTESIAN_POINT('',(0.000935237388807978,0.0146340452068248,0.));
#6988=CARTESIAN_POINT('',(0.00092456371101303,0.0146990540285695,0.));
#6989=CARTESIAN_POINT('',(0.000911551061209804,0.0147694697648224,0.));
#6990=CARTESIAN_POINT('',(0.000895979324433637,0.0148452225293147,0.));
#6991=CARTESIAN_POINT('',(0.000877630292301413,0.0149262358970484,0.));
#6992=CARTESIAN_POINT('',(0.00085628783388696,0.0150124268368539,0.));
#6993=CARTESIAN_POINT('',(0.000831738070698253,0.0151037057972716,0.));
#6994=CARTESIAN_POINT('',(0.000803769561593014,0.0151999767515046,0.));
#6995=CARTESIAN_POINT('',(0.000772173433286933,0.0153011372738593,0.));
#6996=CARTESIAN_POINT('',(0.000736743718036967,0.0154070785585927,0.));
#6997=CARTESIAN_POINT('',(0.000697276878644389,0.0155176856720586,0.));
#6998=CARTESIAN_POINT('',(0.000653574474603688,0.0156328369254626,0.));
#6999=CARTESIAN_POINT('',(0.00060543366987521,0.0157524066690041,0.));
#7000=CARTESIAN_POINT('',(0.000552684682848065,0.0158762548947142,0.));
#7001=CARTESIAN_POINT('',(0.000495047222402437,0.0160042677238538,0.));
#7002=CARTESIAN_POINT('',(0.000435759460732836,0.0161296954680717,0.));
#7003=CARTESIAN_POINT('',(0.000393994195856834,0.0162129087644851,0.));
#7004=CARTESIAN_POINT('',(0.00037445564738621,0.0162516866499431,0.));
#7005=CARTESIAN_POINT('',(-0.000938973297085454,0.0139384084151441,0.));
#7006=CARTESIAN_POINT('',(-0.000950054387301801,0.0141001735727166,0.));
#7007=CARTESIAN_POINT('',(-0.000962862403516483,0.014287148926288,0.));
#7008=CARTESIAN_POINT('',(-0.000962994800612379,0.0142991333915437,0.));
#7009=CARTESIAN_POINT('',(-0.000963351757650252,0.0143152741922503,0.));
#7010=CARTESIAN_POINT('',(-0.000963258269541039,0.0143346748778921,0.));
#7011=CARTESIAN_POINT('',(-0.000962684669789725,0.0143606518607926,0.));
#7012=CARTESIAN_POINT('',(-0.000961334681668727,0.0143920635592633,0.));
#7013=CARTESIAN_POINT('',(-0.000959001373917701,0.0144292451054482,0.));
#7014=CARTESIAN_POINT('',(-0.000955450362320901,0.0144720563144809,0.));
#7015=CARTESIAN_POINT('',(-0.000950456715757209,0.0145204943035456,0.));
#7016=CARTESIAN_POINT('',(-0.000943793914130619,0.0145745062036284,0.));
#7017=CARTESIAN_POINT('',(-0.000935237388807979,0.0146340452068248,0.));
#7018=CARTESIAN_POINT('',(-0.000924563711013032,0.0146990540285695,0.));
#7019=CARTESIAN_POINT('',(-0.000911551061209805,0.0147694697648224,0.));
#7020=CARTESIAN_POINT('',(-0.000895979324433639,0.0148452225293147,0.));
#7021=CARTESIAN_POINT('',(-0.000877630292301415,0.0149262358970484,0.));
#7022=CARTESIAN_POINT('',(-0.000856287833886962,0.0150124268368539,0.));
#7023=CARTESIAN_POINT('',(-0.000831738070698254,0.0151037057972716,0.));
#7024=CARTESIAN_POINT('',(-0.000803769561593015,0.0151999767515046,0.));
#7025=CARTESIAN_POINT('',(-0.000772173433286934,0.0153011372738593,0.));
#7026=CARTESIAN_POINT('',(-0.000736743718036968,0.0154070785585927,0.));
#7027=CARTESIAN_POINT('',(-0.000697276878644391,0.0155176856720586,0.));
#7028=CARTESIAN_POINT('',(-0.00065357447460369,0.0156328369254626,0.));
#7029=CARTESIAN_POINT('',(-0.000605433669875212,0.0157524066690041,0.));
#7030=CARTESIAN_POINT('',(-0.000552684682848066,0.0158762548947142,0.));
#7031=CARTESIAN_POINT('',(-0.000495047222402438,0.0160042677238538,0.));
#7032=CARTESIAN_POINT('',(-0.000435759460732838,0.0161296954680717,0.));
#7033=CARTESIAN_POINT('',(-0.000393994195856835,0.0162129087644851,0.));
#7034=CARTESIAN_POINT('',(-0.000374455647386212,0.0162516866499431,0.));
#7035=CARTESIAN_POINT('',(-0.000962910164499814,0.0142955061611146,0.));
#7036=CARTESIAN_POINT('',(-0.00133601185376022,0.0142810257418908,0.));
#7037=CARTESIAN_POINT('',(-0.0013012331986132,0.0139092664135398,0.));
#7038=CARTESIAN_POINT('',(2.12337668248262E-16,-2.00366225869099E-15,0.));
#7039=CARTESIAN_POINT('',(-3.46944695195361E-18,0.,-0.003));
#7040=CARTESIAN_POINT('',(-0.00133601185376022,0.0142810257418908,-0.003));
#7041=CARTESIAN_POINT('',(-0.000962910164499814,0.0142955061611146,-0.003));
#7042=CARTESIAN_POINT('',(-0.0013012331986132,0.0139092664135398,-0.003));
#7043=CARTESIAN_POINT('',(-0.000938973297085454,0.0139384084151441,-0.003));
#7044=CARTESIAN_POINT('',(-0.000950054387301801,0.0141001735727166,-0.003));
#7045=CARTESIAN_POINT('',(-0.000962862403516483,0.014287148926288,-0.003));
#7046=CARTESIAN_POINT('',(-0.000962994800612379,0.0142991333915437,-0.003));
#7047=CARTESIAN_POINT('',(-0.000963351757650252,0.0143152741922503,-0.003));
#7048=CARTESIAN_POINT('',(-0.000963258269541039,0.0143346748778921,-0.003));
#7049=CARTESIAN_POINT('',(-0.000962684669789725,0.0143606518607926,-0.003));
#7050=CARTESIAN_POINT('',(-0.000961334681668727,0.0143920635592633,-0.003));
#7051=CARTESIAN_POINT('',(-0.000959001373917701,0.0144292451054482,-0.003));
#7052=CARTESIAN_POINT('',(-0.000955450362320901,0.0144720563144809,-0.003));
#7053=CARTESIAN_POINT('',(-0.000950456715757209,0.0145204943035456,-0.003));
#7054=CARTESIAN_POINT('',(-0.000943793914130619,0.0145745062036284,-0.003));
#7055=CARTESIAN_POINT('',(-0.000935237388807979,0.0146340452068248,-0.003));
#7056=CARTESIAN_POINT('',(-0.000924563711013032,0.0146990540285695,-0.003));
#7057=CARTESIAN_POINT('',(-0.000911551061209805,0.0147694697648224,-0.003));
#7058=CARTESIAN_POINT('',(-0.000895979324433639,0.0148452225293147,-0.003));
#7059=CARTESIAN_POINT('',(-0.000877630292301415,0.0149262358970484,-0.003));
#7060=CARTESIAN_POINT('',(-0.000856287833886962,0.0150124268368539,-0.003));
#7061=CARTESIAN_POINT('',(-0.000831738070698254,0.0151037057972716,-0.003));
#7062=CARTESIAN_POINT('',(-0.000803769561593015,0.0151999767515046,-0.003));
#7063=CARTESIAN_POINT('',(-0.000772173433286934,0.0153011372738593,-0.003));
#7064=CARTESIAN_POINT('',(-0.000736743718036968,0.0154070785585927,-0.003));
#7065=CARTESIAN_POINT('',(-0.000697276878644391,0.0155176856720586,-0.003));
#7066=CARTESIAN_POINT('',(-0.00065357447460369,0.0156328369254626,-0.003));
#7067=CARTESIAN_POINT('',(-0.000605433669875212,0.0157524066690041,-0.003));
#7068=CARTESIAN_POINT('',(-0.000552684682848066,0.0158762548947142,-0.003));
#7069=CARTESIAN_POINT('',(-0.000495047222402438,0.0160042677238538,-0.003));
#7070=CARTESIAN_POINT('',(-0.000435759460732838,0.0161296954680717,-0.003));
#7071=CARTESIAN_POINT('',(-0.000393994195856835,0.0162129087644851,-0.003));
#7072=CARTESIAN_POINT('',(-0.000374455647386212,0.0162516866499431,-0.003));
#7073=CARTESIAN_POINT('',(0.000938973297085452,0.0139384084151441,-0.003));
#7074=CARTESIAN_POINT('',(0.0009500543873018,0.0141001735727166,-0.003));
#7075=CARTESIAN_POINT('',(0.000962862403516482,0.014287148926288,-0.003));
#7076=CARTESIAN_POINT('',(0.000962994800612378,0.0142991333915437,-0.003));
#7077=CARTESIAN_POINT('',(0.00096335175765025,0.0143152741922503,-0.003));
#7078=CARTESIAN_POINT('',(0.000963258269541037,0.0143346748778921,-0.003));
#7079=CARTESIAN_POINT('',(0.000962684669789723,0.0143606518607926,-0.003));
#7080=CARTESIAN_POINT('',(0.000961334681668726,0.0143920635592633,-0.003));
#7081=CARTESIAN_POINT('',(0.0009590013739177,0.0144292451054482,-0.003));
#7082=CARTESIAN_POINT('',(0.000955450362320899,0.0144720563144809,-0.003));
#7083=CARTESIAN_POINT('',(0.000950456715757207,0.0145204943035456,-0.003));
#7084=CARTESIAN_POINT('',(0.000943793914130618,0.0145745062036284,-0.003));
#7085=CARTESIAN_POINT('',(0.000935237388807978,0.0146340452068248,-0.003));
#7086=CARTESIAN_POINT('',(0.00092456371101303,0.0146990540285695,-0.003));
#7087=CARTESIAN_POINT('',(0.000911551061209804,0.0147694697648224,-0.003));
#7088=CARTESIAN_POINT('',(0.000895979324433637,0.0148452225293147,-0.003));
#7089=CARTESIAN_POINT('',(0.000877630292301413,0.0149262358970484,-0.003));
#7090=CARTESIAN_POINT('',(0.00085628783388696,0.0150124268368539,-0.003));
#7091=CARTESIAN_POINT('',(0.000831738070698253,0.0151037057972716,-0.003));
#7092=CARTESIAN_POINT('',(0.000803769561593014,0.0151999767515046,-0.003));
#7093=CARTESIAN_POINT('',(0.000772173433286933,0.0153011372738593,-0.003));
#7094=CARTESIAN_POINT('',(0.000736743718036967,0.0154070785585927,-0.003));
#7095=CARTESIAN_POINT('',(0.000697276878644389,0.0155176856720586,-0.003));
#7096=CARTESIAN_POINT('',(0.000653574474603688,0.0156328369254626,-0.003));
#7097=CARTESIAN_POINT('',(0.00060543366987521,0.0157524066690041,-0.003));
#7098=CARTESIAN_POINT('',(0.000552684682848065,0.0158762548947142,-0.003));
#7099=CARTESIAN_POINT('',(0.000495047222402437,0.0160042677238538,-0.003));
#7100=CARTESIAN_POINT('',(0.000435759460732836,0.0161296954680717,-0.003));
#7101=CARTESIAN_POINT('',(0.000393994195856834,0.0162129087644851,-0.003));
#7102=CARTESIAN_POINT('',(0.00037445564738621,0.0162516866499431,-0.003));
#7103=CARTESIAN_POINT('',(0.000962910164499813,0.0142955061611146,-0.003));
#7104=CARTESIAN_POINT('',(0.00133601185376022,0.0142810257418909,-0.003));
#7105=CARTESIAN_POINT('',(0.0013012331986132,0.0139092664135398,-0.003));
#7106=CARTESIAN_POINT('',(-2.08887227289725E-16,-2.00402491464926E-15,-0.003));
#7107=CARTESIAN_POINT('',(0.00161910096685506,0.0138758571648431,-0.003));
#7108=CARTESIAN_POINT('',(0.00166237541930098,0.0142467235489161,-0.003));
#7109=CARTESIAN_POINT('',(0.00203033458992535,0.0141833153331764,-0.003));
#7110=CARTESIAN_POINT('',(0.00197950358320386,0.0138290442751509,-0.003));
#7111=CARTESIAN_POINT('',(0.0020022975088215,0.0139895783641157,-0.003));
#7112=CARTESIAN_POINT('',(0.00202864374039324,0.0141751307939151,-0.003));
#7113=CARTESIAN_POINT('',(0.00203100594692639,0.0141868808967551,-0.003));
#7114=CARTESIAN_POINT('',(0.00203401265142231,0.0142027431977815,-0.003));
#7115=CARTESIAN_POINT('',(0.00203813772594683,0.0142217004946237,-0.003));
#7116=CARTESIAN_POINT('',(0.00204409970960455,0.014246990560028,-0.003));
#7117=CARTESIAN_POINT('',(0.00205195105658662,0.0142774351592093,-0.003));
#7118=CARTESIAN_POINT('',(0.00206196385409958,0.0143133190774419,-0.003));
#7119=CARTESIAN_POINT('',(0.00207433821842912,0.0143544564620166,-0.003));
#7120=CARTESIAN_POINT('',(0.00208929356604057,0.0144007977273042,-0.003));
#7121=CARTESIAN_POINT('',(0.00210704047493628,0.0144522440634295,-0.003));
#7122=CARTESIAN_POINT('',(0.00212778887447539,0.0145087029949088,-0.003));
#7123=CARTESIAN_POINT('',(0.00215174540084855,0.0145700720355273,-0.003));
#7124=CARTESIAN_POINT('',(0.00217911394781728,0.0146362435369744,-0.003));
#7125=CARTESIAN_POINT('',(0.00221009529013386,0.0147071033756894,-0.003));
#7126=CARTESIAN_POINT('',(0.00224488697815413,0.01478253142867,-0.003));
#7127=CARTESIAN_POINT('',(0.00228368315667414,0.0148624015430306,-0.003));
#7128=CARTESIAN_POINT('',(0.00232667441163227,0.0149465816563868,-0.003));
#7129=CARTESIAN_POINT('',(0.00237404759858087,0.0150349338792725,-0.003));
#7130=CARTESIAN_POINT('',(0.00242598573092273,0.0151273145970433,-0.003));
#7131=CARTESIAN_POINT('',(0.00248266765352551,0.0152235745585212,-0.003));
#7132=CARTESIAN_POINT('',(0.00254426855976306,0.0153235590238726,-0.003));
#7133=CARTESIAN_POINT('',(0.00261095725321677,0.0154271077053942,-0.003));
#7134=CARTESIAN_POINT('',(0.00268290601340968,0.0155340555270512,-0.003));
#7135=CARTESIAN_POINT('',(0.00276025180252359,0.015644230240803,-0.003));
#7136=CARTESIAN_POINT('',(0.00284324510992365,0.0157574621806334,-0.003));
#7137=CARTESIAN_POINT('',(0.00292731518612945,0.015867822408932,-0.003));
#7138=CARTESIAN_POINT('',(0.00298546879691778,0.0159405338083302,-0.003));
#7139=CARTESIAN_POINT('',(0.00301264275695803,0.0159744020113038,-0.003));
#7140=CARTESIAN_POINT('',(0.00381641253859835,0.0134385972234913,-0.003));
#7141=CARTESIAN_POINT('',(0.00386088434783327,0.0135945235360502,-0.003));
#7142=CARTESIAN_POINT('',(0.0039122868400661,0.0137747500932352,-0.003));
#7143=CARTESIAN_POINT('',(0.00391490805440266,0.013786445142267,-0.003));
#7144=CARTESIAN_POINT('',(0.00391861307223889,0.0138021590122109,-0.003));
#7145=CARTESIAN_POINT('',(0.00392255525642396,0.0138211551835948,-0.003));
#7146=CARTESIAN_POINT('',(0.00392739510964061,0.0138466837651874,-0.003));
#7147=CARTESIAN_POINT('',(0.00393260548133955,0.0138776897209943,-0.003));
#7148=CARTESIAN_POINT('',(0.00393805364009563,0.0139145438831464,-0.003));
#7149=CARTESIAN_POINT('',(0.00394348117747799,0.0139571578613714,-0.003));
#7150=CARTESIAN_POINT('',(0.00394866747827906,0.0140055756016599,-0.003));
#7151=CARTESIAN_POINT('',(0.00395337998032435,0.0140597924864887,-0.003));
#7152=CARTESIAN_POINT('',(0.00395738929043354,0.0141198094212627,-0.003));
#7153=CARTESIAN_POINT('',(0.00396046495215442,0.0141856168266764,-0.003));
#7154=CARTESIAN_POINT('',(0.00396237691475473,0.0142571992921687,-0.003));
#7155=CARTESIAN_POINT('',(0.00396289534313757,0.0143345342231279,-0.003));
#7156=CARTESIAN_POINT('',(0.00396179090764601,0.0144175922326994,-0.003));
#7157=CARTESIAN_POINT('',(0.00395883493718229,0.0145063370402904,-0.003));
#7158=CARTESIAN_POINT('',(0.00395379960821719,0.0146007255191941,-0.003));
#7159=CARTESIAN_POINT('',(0.00394645813501101,0.0147007077021151,-0.003));
#7160=CARTESIAN_POINT('',(0.00393658491316273,0.0148062268288048,-0.003));
#7161=CARTESIAN_POINT('',(0.00392395585383263,0.0149172192942883,-0.003));
#7162=CARTESIAN_POINT('',(0.00390834797154939,0.0150336149942584,-0.003));
#7163=CARTESIAN_POINT('',(0.00388954186168568,0.0151553361572139,-0.003));
#7164=CARTESIAN_POINT('',(0.00386731299659348,0.0152823020510877,-0.003));
#7165=CARTESIAN_POINT('',(0.00384146619550392,0.015414411027003,-0.003));
#7166=CARTESIAN_POINT('',(0.0038117036156094,0.0155516099705447,-0.003));
#7167=CARTESIAN_POINT('',(0.00377978932815522,0.0156866234363905,-0.003));
#7168=CARTESIAN_POINT('',(0.00375623775167859,0.0157767018094643,-0.003));
#7169=CARTESIAN_POINT('',(0.00374518854310212,0.0158186945977352,-0.003));
#7170=CARTESIAN_POINT('',(0.00391407112418073,0.0137829147723629,-0.003));
#7171=CARTESIAN_POINT('',(0.00427600899791596,0.0136911785819804,-0.003));
#7172=CARTESIAN_POINT('',(0.00416469722929242,0.0133347739758994,-0.003));
#7173=CARTESIAN_POINT('',(-6.20982748643026E-16,-1.9168020654589E-15,-0.003));
#7174=CARTESIAN_POINT('',(0.00446867265076332,0.0132360063742928,-0.003));
#7175=CARTESIAN_POINT('',(0.00458810890957645,0.0135897711734893,-0.003));
#7176=CARTESIAN_POINT('',(0.00493484398014449,0.0134512455660803,-0.003));
#7177=CARTESIAN_POINT('',(0.00481146665819509,0.0131152845412167,-0.003));
#7178=CARTESIAN_POINT('',(0.00486713939571986,0.013267571451558,-0.003));
#7179=CARTESIAN_POINT('',(0.00493148841833508,0.0134435914260239,-0.003));
#7180=CARTESIAN_POINT('',(0.00493624198873667,0.0134545936305709,-0.003));
#7181=CARTESIAN_POINT('',(0.00494248094735213,0.0134694841732464,-0.003));
#7182=CARTESIAN_POINT('',(0.00495045732274094,0.0134871695564499,-0.003));
#7183=CARTESIAN_POINT('',(0.00496154712301044,0.0135106674071446,-0.003));
#7184=CARTESIAN_POINT('',(0.00497555668731553,0.0135388143319628,-0.003));
#7185=CARTESIAN_POINT('',(0.00499281136729238,0.0135718323228263,-0.003));
#7186=CARTESIAN_POINT('',(0.00501346826525467,0.0136094979818379,-0.003));
#7187=CARTESIAN_POINT('',(0.00503773169345953,0.0136517171876853,-0.003));
#7188=CARTESIAN_POINT('',(0.0050657870845465,0.0136983495080975,-0.003));
#7189=CARTESIAN_POINT('',(0.00509782055368036,0.013749260841634,-0.003));
#7190=CARTESIAN_POINT('',(0.00513401291347304,0.01380430797957,-0.003));
#7191=CARTESIAN_POINT('',(0.00517454122077588,0.0138633432340719,-0.003));
#7192=CARTESIAN_POINT('',(0.00521957813530867,0.0139262132320345,-0.003));
#7193=CARTESIAN_POINT('',(0.00526929191550148,0.0139927594024028,-0.003));
#7194=CARTESIAN_POINT('',(0.00532384623496097,0.0140628179840616,-0.003));
#7195=CARTESIAN_POINT('',(0.00538340005755194,0.0141362201754618,-0.003));
#7196=CARTESIAN_POINT('',(0.00544810748675248,0.0142127922508989,-0.003));
#7197=CARTESIAN_POINT('',(0.00551811767751996,0.0142923556834275,-0.003));
#7198=CARTESIAN_POINT('',(0.00559357453546777,0.0143747272994267,-0.003));
#7199=CARTESIAN_POINT('',(0.00567461725335377,0.014459719315749,-0.003));
#7200=CARTESIAN_POINT('',(0.00576137762030871,0.0145471398511242,-0.003));
#7201=CARTESIAN_POINT('',(0.00585398982989716,0.0146367916178978,-0.003));
#7202=CARTESIAN_POINT('',(0.0059525520389673,0.0147284776560233,-0.003));
#7203=CARTESIAN_POINT('',(0.00605727398754232,0.0148219799274266,-0.003));
#7204=CARTESIAN_POINT('',(0.00616245211254116,0.0149124493682623,-0.003));
#7205=CARTESIAN_POINT('',(0.00623445247739836,0.0149714810335835,-0.003));
#7206=CARTESIAN_POINT('',(0.00626807421655936,0.014998959351085,-0.003));
#7207=CARTESIAN_POINT('',(0.00652705623899532,0.012351454847628,-0.003));
#7208=CARTESIAN_POINT('',(0.00660297513578583,0.0124947275870969,-0.003));
#7209=CARTESIAN_POINT('',(0.00669072556846971,0.0126603285825235,-0.003));
#7210=CARTESIAN_POINT('',(0.00669572104040243,0.0126712230855698,-0.003));
#7211=CARTESIAN_POINT('',(0.00670261219197893,0.0126858232532308,-0.003));
#7212=CARTESIAN_POINT('',(0.00671041775609272,0.0127035846865137,-0.003));
#7213=CARTESIAN_POINT('',(0.00672045953746758,0.012727549145283,-0.003));
#7214=CARTESIAN_POINT('',(0.00673200255074105,0.0127567942493743,-0.003));
#7215=CARTESIAN_POINT('',(0.00674499406532344,0.0127917103237615,-0.003));
#7216=CARTESIAN_POINT('',(0.00675916294225714,0.012832264635846,-0.003));
#7217=CARTESIAN_POINT('',(0.00677430252419133,0.0128785460397734,-0.003));
#7218=CARTESIAN_POINT('',(0.00679018437095602,0.0129305983713198,-0.003));
#7219=CARTESIAN_POINT('',(0.00680658429040648,0.0129884702096285,-0.003));
#7220=CARTESIAN_POINT('',(0.00682327487046732,0.0130522000993157,-0.003));
#7221=CARTESIAN_POINT('',(0.0068400278835309,0.0131218207968146,-0.003));
#7222=CARTESIAN_POINT('',(0.00685661381926475,0.0131973579866636,-0.003));
#7223=CARTESIAN_POINT('',(0.00687280224954448,0.0132788306044982,-0.003));
#7224=CARTESIAN_POINT('',(0.00688836195712509,0.013366250705938,-0.003));
#7225=CARTESIAN_POINT('',(0.00690306113042156,0.0134596234738735,-0.003));
#7226=CARTESIAN_POINT('',(0.00691666755072184,0.0135589471843212,-0.003));
#7227=CARTESIAN_POINT('',(0.0069289487425031,0.0136642132231726,-0.003));
#7228=CARTESIAN_POINT('',(0.00693967228958655,0.0137754059660636,-0.003));
#7229=CARTESIAN_POINT('',(0.00694860550376336,0.0138925032019206,-0.003));
#7230=CARTESIAN_POINT('',(0.00695551760531941,0.0140154744755235,-0.003));
#7231=CARTESIAN_POINT('',(0.00696017218793394,0.0141442875009175,-0.003));
#7232=CARTESIAN_POINT('',(0.00696235720201629,0.0142788834308612,-0.003));
#7233=CARTESIAN_POINT('',(0.00696177027023099,0.0144192722366187,-0.003));
#7234=CARTESIAN_POINT('',(0.00695862426449571,0.0145579706877683,-0.003));
#7235=CARTESIAN_POINT('',(0.00695431569332348,0.0146509772803552,-0.003));
#7236=CARTESIAN_POINT('',(0.00695223872807594,0.0146943496850878,-0.003));
#7237=CARTESIAN_POINT('',(0.00669416839393789,0.0126679438702959,-0.003));
#7238=CARTESIAN_POINT('',(0.0070291240302951,0.0125029612204735,-0.003));
#7239=CARTESIAN_POINT('',(0.00684614400661701,0.0121774879281674,-0.003));
#7240=CARTESIAN_POINT('',(-1.00593834407479E-15,-1.7458057681712E-15,-0.003));
#7241=CARTESIAN_POINT('',(0.00712294189676278,0.0120176785917806,-0.003));
#7242=CARTESIAN_POINT('',(0.00731332002431421,0.012338880586824,-0.003));
#7243=CARTESIAN_POINT('',(0.00762367700842264,0.012131291821509,-0.003));
#7244=CARTESIAN_POINT('',(0.00743314555224461,0.0118283239387136,-0.003));
#7245=CARTESIAN_POINT('',(0.00751926393589923,0.011965708001696,-0.003));
#7246=CARTESIAN_POINT('',(0.00761880338848877,0.0121245026033066,-0.003));
#7247=CARTESIAN_POINT('',(0.00762574056892209,0.0121342760604274,-0.003));
#7248=CARTESIAN_POINT('',(0.00763493910922775,0.0121475440565844,-0.003));
#7249=CARTESIAN_POINT('',(0.00764641817960147,0.0121631845900393,-0.003));
#7250=CARTESIAN_POINT('',(0.00766215111899621,0.0121838632571938,-0.003));
#7251=CARTESIAN_POINT('',(0.00768170661543883,0.0122084823519705,-0.003));
#7252=CARTESIAN_POINT('',(0.00770544906556745,0.0122371913708261,-0.003));
#7253=CARTESIAN_POINT('',(0.00773348569159874,0.012269739134236,-0.003));
#7254=CARTESIAN_POINT('',(0.00776599677215561,0.0123059910987574,-0.003));
#7255=CARTESIAN_POINT('',(0.00780313449021864,0.0123457713472879,-0.003));
#7256=CARTESIAN_POINT('',(0.00784505301263246,0.0123889100133063,-0.003));
#7257=CARTESIAN_POINT('',(0.00789189942605151,0.0124352294244865,-0.003));
#7258=CARTESIAN_POINT('',(0.00794381621218294,0.0124845483081389,-0.003));
#7259=CARTESIAN_POINT('',(0.00800094036965576,0.0125366807447545,-0.003));
#7260=CARTESIAN_POINT('',(0.00806340351127348,0.0125914366455415,-0.003));
#7261=CARTESIAN_POINT('',(0.00813133168613143,0.0126486217983016,-0.003));
#7262=CARTESIAN_POINT('',(0.00820484528853705,0.0127080380397588,-0.003));
#7263=CARTESIAN_POINT('',(0.00828405893483277,0.0127694834006172,-0.003));
#7264=CARTESIAN_POINT('',(0.00836908140274317,0.0128327522441142,-0.003));
#7265=CARTESIAN_POINT('',(0.00846001536926151,0.0128976354797527,-0.003));
#7266=CARTESIAN_POINT('',(0.00855695794313824,0.0129639204880957,-0.003));
#7267=CARTESIAN_POINT('',(0.00865999813923605,0.0130313921804383,-0.003));
#7268=CARTESIAN_POINT('',(0.00876922620025834,0.0130998296799235,-0.003));
#7269=CARTESIAN_POINT('',(0.00888469718779438,0.0131690199225983,-0.003));
#7270=CARTESIAN_POINT('',(0.00900657092587998,0.0132387060276406,-0.003));
#7271=CARTESIAN_POINT('',(0.00912826031090876,0.0133053307323283,-0.003));
#7272=CARTESIAN_POINT('',(0.0092109606683945,0.0133481026965325,-0.003));
#7273=CARTESIAN_POINT('',(0.0092495607553399,0.0133679901942317,-0.003));
#7274=CARTESIAN_POINT('',(0.00895243626145743,0.0107244946260671,-0.003));
#7275=CARTESIAN_POINT('',(0.0090564842257145,0.0108488520862324,-0.003));
#7276=CARTESIAN_POINT('',(0.00917674748386785,0.0109925899617589,-0.003));
#7277=CARTESIAN_POINT('',(0.00918389888730235,0.0110022077767588,-0.003));
#7278=CARTESIAN_POINT('',(0.0091936749962278,0.0110150561447507,-0.003));
#7279=CARTESIAN_POINT('',(0.00920500279966327,0.0110308065800693,-0.003));
#7280=CARTESIAN_POINT('',(0.00921980763516445,0.0110521595541729,-0.003));
#7281=CARTESIAN_POINT('',(0.00923717880494289,0.0110783656551662,-0.003));
#7282=CARTESIAN_POINT('',(0.00925714588382413,0.0111098176417921,-0.003));
#7283=CARTESIAN_POINT('',(0.00927943685239735,0.0111465398696966,-0.003));
#7284=CARTESIAN_POINT('',(0.00930386804308636,0.0111886622178286,-0.003));
#7285=CARTESIAN_POINT('',(0.00933022512165728,0.0112362750594291,-0.003));
#7286=CARTESIAN_POINT('',(0.00935829889527347,0.0112894725242386,-0.003));
#7287=CARTESIAN_POINT('',(0.00938787493523533,0.01134833959621,-0.003));
#7288=CARTESIAN_POINT('',(0.00941873681170144,0.0114129557671576,-0.003));
#7289=CARTESIAN_POINT('',(0.00945066536980655,0.0114833938782324,-0.003));
#7290=CARTESIAN_POINT('',(0.00948343915377367,0.0115597203599817,-0.003));
#7291=CARTESIAN_POINT('',(0.00951683450551356,0.0116419950773492,-0.003));
#7292=CARTESIAN_POINT('',(0.00955062575666409,0.0117302712963055,-0.003));
#7293=CARTESIAN_POINT('',(0.00958458540461286,0.0118245956115253,-0.003));
#7294=CARTESIAN_POINT('',(0.00961848426301113,0.011925007931518,-0.003));
#7295=CARTESIAN_POINT('',(0.00965209174604329,0.0120315412953902,-0.003));
#7296=CARTESIAN_POINT('',(0.00968517563235429,0.0121442223560323,-0.003));
#7297=CARTESIAN_POINT('',(0.00971750385332417,0.0122630693055446,-0.003));
#7298=CARTESIAN_POINT('',(0.00974883845605001,0.0123880997151356,-0.003));
#7299=CARTESIAN_POINT('',(0.009778959789704,0.0125193001111062,-0.003));
#7300=CARTESIAN_POINT('',(0.00980757415776335,0.0126567431146076,-0.003));
#7301=CARTESIAN_POINT('',(0.00983333392929381,0.0127930647631969,-0.003));
#7302=CARTESIAN_POINT('',(0.00984845666866104,0.0128849347409056,-0.003));
#7303=CARTESIAN_POINT('',(0.00985544272009014,0.0129277911798892,-0.003));
#7304=CARTESIAN_POINT('',(0.0091816983826961,0.010999323033558,-0.003));
#7305=CARTESIAN_POINT('',(0.00947503261307102,0.0107683044577676,-0.003));
#7306=CARTESIAN_POINT('',(0.00922838143940868,0.0104879872239042,-0.003));
#7307=CARTESIAN_POINT('',(-1.34692960684277E-15,-1.49850938150889E-15,-0.003));
#7308=CARTESIAN_POINT('',(0.0094659044022063,0.0102741205875876,-0.003));
#7309=CARTESIAN_POINT('',(0.00971890396078644,0.0105487217099962,-0.003));
#7310=CARTESIAN_POINT('',(0.00997931876897168,0.010281142411941,-0.003));
#7311=CARTESIAN_POINT('',(0.00972996031747136,0.0100244088214933,-0.003));
#7312=CARTESIAN_POINT('',(0.00984276056064827,0.0101408856943224,-0.003));
#7313=CARTESIAN_POINT('',(0.00997314009149068,0.0102755148370064,-0.003));
#7314=CARTESIAN_POINT('',(0.00998195769388251,0.0102836323997265,-0.003));
#7315=CARTESIAN_POINT('',(0.00999371379552751,0.0102946979742661,-0.003));
#7316=CARTESIAN_POINT('',(0.0100081938704281,0.0103076100916087,-0.003));
#7317=CARTESIAN_POINT('',(0.0100278823440015,0.0103245658182412,-0.003));
#7318=CARTESIAN_POINT('',(0.0100521291035495,0.0103445811103991,-0.003));
#7319=CARTESIAN_POINT('',(0.0100813216648303,0.0103677264353618,-0.003));
#7320=CARTESIAN_POINT('',(0.0101155126838384,0.0103937338097274,-0.003));
#7321=CARTESIAN_POINT('',(0.0101548505265214,0.010422434148117,-0.003));
#7322=CARTESIAN_POINT('',(0.0101994474750746,0.0104536237370181,-0.003));
#7323=CARTESIAN_POINT('',(0.0102494190101915,0.0104871043688112,-0.003));
#7324=CARTESIAN_POINT('',(0.0103048720641765,0.0105226716727018,-0.003));
#7325=CARTESIAN_POINT('',(0.0103659083164582,0.0105601187136309,-0.003));
#7326=CARTESIAN_POINT('',(0.0104326231170774,0.0105992351512601,-0.003));
#7327=CARTESIAN_POINT('',(0.0105051056810999,0.0106398076868534,-0.003));
#7328=CARTESIAN_POINT('',(0.0105834389241595,0.0106816201451344,-0.003));
#7329=CARTESIAN_POINT('',(0.0106676994091972,0.0107244536617861,-0.003));
#7330=CARTESIAN_POINT('',(0.0107579572561357,0.0107680868509489,-0.003));
#7331=CARTESIAN_POINT('',(0.0108542761113583,0.0108122959533559,-0.003));
#7332=CARTESIAN_POINT('',(0.0109567129357608,0.0108568550998919,-0.003));
#7333=CARTESIAN_POINT('',(0.0110653185099677,0.0109015361273203,-0.003));
#7334=CARTESIAN_POINT('',(0.0111801351841972,0.0109461101399098,-0.003));
#7335=CARTESIAN_POINT('',(0.0113012053062523,0.0109903423249795,-0.003));
#7336=CARTESIAN_POINT('',(0.0114285384360076,0.011034012826587,-0.003));
#7337=CARTESIAN_POINT('',(0.0115622374964344,0.0110768371480871,-0.003));
#7338=CARTESIAN_POINT('',(0.0116951197314369,0.011116705297331,-0.003));
#7339=CARTESIAN_POINT('',(0.0117849056790887,0.0111413482203399,-0.003));
#7340=CARTESIAN_POINT('',(0.0118267971047952,0.0111527757191564,-0.003));
#7341=CARTESIAN_POINT('',(0.0109865518607385,0.0086288225275123,-0.003));
#7342=CARTESIAN_POINT('',(0.0111141814971466,0.00872882969063155,-0.003));
#7343=CARTESIAN_POINT('',(0.0112617014993009,0.00884442241136638,-0.003));
#7344=CARTESIAN_POINT('',(0.0112706962835909,0.00885234319365308,-0.003));
#7345=CARTESIAN_POINT('',(0.0112829300869943,0.00886287822664142,-0.003));
#7346=CARTESIAN_POINT('',(0.0112972850503845,0.00887592929439328,-0.003));
#7347=CARTESIAN_POINT('',(0.0113162058976591,0.00889373755639994,-0.003));
#7348=CARTESIAN_POINT('',(0.011338646020467,0.00891575932193098,-0.003));
#7349=CARTESIAN_POINT('',(0.0113647160064874,0.00894237261805647,-0.003));
#7350=CARTESIAN_POINT('',(0.0113941548444095,0.00897365782420888,-0.003));
#7351=CARTESIAN_POINT('',(0.0114268098835864,0.00900978016780662,-0.003));
#7352=CARTESIAN_POINT('',(0.0114624902631547,0.00905087260981162,-0.003));
#7353=CARTESIAN_POINT('',(0.0115010109323167,0.00909707071663997,-0.003));
#7354=CARTESIAN_POINT('',(0.0115421798173116,0.00914850219737482,-0.003));
#7355=CARTESIAN_POINT('',(0.011585801745087,0.00920528980503794,-0.003));
#7356=CARTESIAN_POINT('',(0.0116316774943639,0.00926755035388495,-0.003));
#7357=CARTESIAN_POINT('',(0.011679604260393,0.00933539486604135,-0.003));
#7358=CARTESIAN_POINT('',(0.0117293757191725,0.00940892839938974,-0.003));
#7359=CARTESIAN_POINT('',(0.0117807822083534,0.00948824997500218,-0.003));
#7360=CARTESIAN_POINT('',(0.0118336108843788,0.00957345246980069,-0.003));
#7361=CARTESIAN_POINT('',(0.0118876458666173,0.0096646225707193,-0.003));
#7362=CARTESIAN_POINT('',(0.0119426684773231,0.00976184053636759,-0.003));
#7363=CARTESIAN_POINT('',(0.0119984571111824,0.00986518071874114,-0.003));
#7364=CARTESIAN_POINT('',(0.0120547885531817,0.00997470916217808,-0.003));
#7365=CARTESIAN_POINT('',(0.0121114337035196,0.0100904925271044,-0.003));
#7366=CARTESIAN_POINT('',(0.0121681749099264,0.0102125633022287,-0.003));
#7367=CARTESIAN_POINT('',(0.0122247399926392,0.0103410535846964,-0.003));
#7368=CARTESIAN_POINT('',(0.0122782797158104,0.0104690405205381,-0.003));
#7369=CARTESIAN_POINT('',(0.0123121728294398,0.0105557587245017,-0.003));
#7370=CARTESIAN_POINT('',(0.0123279165735753,0.0105962261657047,-0.003));
#7371=CARTESIAN_POINT('',(0.0112679440934534,0.00884997899964581,-0.003));
#7372=CARTESIAN_POINT('',(0.0115068368044049,0.00856302111819953,-0.003));
#7373=CARTESIAN_POINT('',(0.011207294320611,0.00834011115101,-0.003));
#7374=CARTESIAN_POINT('',(-1.62905358250637E-15,-1.18572094422884E-15,-0.003));
#7375=CARTESIAN_POINT('',(0.0113951614628245,0.00808153421301662,-0.003));
#7376=CARTESIAN_POINT('',(0.0116997251576969,0.00829753307605891,-0.003));
#7377=CARTESIAN_POINT('',(0.0118988164132323,0.0079816577445764,-0.003));
#7378=CARTESIAN_POINT('',(0.0116015291272949,0.0077823789363233,-0.003));
#7379=CARTESIAN_POINT('',(0.0117360813180916,0.0078728580207385,-0.003));
#7380=CARTESIAN_POINT('',(0.0118916027160587,0.0079774377649382,-0.003));
#7381=CARTESIAN_POINT('',(0.011901915368873,0.00798354465681448,-0.003));
#7382=CARTESIAN_POINT('',(0.0119157152338034,0.00799192419103066,-0.003));
#7383=CARTESIAN_POINT('',(0.0119325634644746,0.00800154357077401,-0.003));
#7384=CARTESIAN_POINT('',(0.0119553469914558,0.00801403531026801,-0.003));
#7385=CARTESIAN_POINT('',(0.0119832253143679,0.00802857203549577,-0.003));
#7386=CARTESIAN_POINT('',(0.0120165921317915,0.00804514210480099,-0.003));
#7387=CARTESIAN_POINT('',(0.012055443232179,0.0080634724430654,-0.003));
#7388=CARTESIAN_POINT('',(0.0120998885844991,0.00808336681281608,-0.003));
#7389=CARTESIAN_POINT('',(0.0121499956628908,0.00810460260738849,-0.003));
#7390=CARTESIAN_POINT('',(0.0122058362148362,0.00812696194068913,-0.003));
#7391=CARTESIAN_POINT('',(0.0122674723448347,0.00815022267543925,-0.003));
#7392=CARTESIAN_POINT('',(0.0123349604861575,0.00817416125826555,-0.003));
#7393=CARTESIAN_POINT('',(0.0124083501730028,0.00819855212088251,-0.003));
#7394=CARTESIAN_POINT('',(0.0124876843235724,0.008223168076788,-0.003));
#7395=CARTESIAN_POINT('',(0.0125729990962273,0.00824778043552463,-0.003));
#7396=CARTESIAN_POINT('',(0.0126643238763744,0.00827215919715514,-0.003));
#7397=CARTESIAN_POINT('',(0.0127616812229393,0.00829607323488049,-0.003));
#7398=CARTESIAN_POINT('',(0.0128650868693117,0.00831929044628358,-0.003));
#7399=CARTESIAN_POINT('',(0.0129745495708254,0.00834157805519499,-0.003));
#7400=CARTESIAN_POINT('',(0.0130900715606224,0.00836270232640687,-0.003));
#7401=CARTESIAN_POINT('',(0.0132116466733682,0.00838243056100315,-0.003));
#7402=CARTESIAN_POINT('',(0.0133392675111633,0.00840052427292039,-0.003));
#7403=CARTESIAN_POINT('',(0.0134728977143555,0.00841676642298607,-0.003));
#7404=CARTESIAN_POINT('',(0.0136125788066235,0.00843085733260031,-0.003));
#7405=CARTESIAN_POINT('',(0.0137508463002904,0.0084422264969699,-0.003));
#7406=CARTESIAN_POINT('',(0.0138437937613551,0.00844766336479823,-0.003));
#7407=CARTESIAN_POINT('',(0.013887145669502,0.00845013142819855,-0.003));
#7408=CARTESIAN_POINT('',(0.0125405024243803,0.00615602947882083,-0.003));
#7409=CARTESIAN_POINT('',(0.0126861357053934,0.00622731555197806,-0.003));
#7410=CARTESIAN_POINT('',(0.0128544651195752,0.00630971116134977,-0.003));
#7411=CARTESIAN_POINT('',(0.0128649101694853,0.00631558873472918,-0.003));
#7412=CARTESIAN_POINT('',(0.0128790669914536,0.00632335000121965,-0.003));
#7413=CARTESIAN_POINT('',(0.0128958217340156,0.00633313130711806,-0.003));
#7414=CARTESIAN_POINT('',(0.0129180316612455,0.00634661655052454,-0.003));
#7415=CARTESIAN_POINT('',(0.0129445599960366,0.00636349152376749,-0.003));
#7416=CARTESIAN_POINT('',(0.0129755935057092,0.00638410300064718,-0.003));
#7417=CARTESIAN_POINT('',(0.0130108935944999,0.00640858387141551,-0.003));
#7418=CARTESIAN_POINT('',(0.0130503453002563,0.00643712749072955,-0.003));
#7419=CARTESIAN_POINT('',(0.0130937895770214,0.00646990359623996,-0.003));
#7420=CARTESIAN_POINT('',(0.0131410736036442,0.00650708326613566,-0.003));
#7421=CARTESIAN_POINT('',(0.0131920360558477,0.00654883135313025,-0.003));
#7422=CARTESIAN_POINT('',(0.0132465115473673,0.00659530850655684,-0.003));
#7423=CARTESIAN_POINT('',(0.0133043294974364,0.00664667040843221,-0.003));
#7424=CARTESIAN_POINT('',(0.0133653146158738,0.00670306782026042,-0.003));
#7425=CARTESIAN_POINT('',(0.0134292869301143,0.00676464640132932,-0.003));
#7426=CARTESIAN_POINT('',(0.0134960619470726,0.00683154660011645,-0.003));
#7427=CARTESIAN_POINT('',(0.0135654507845323,0.00690390351662403,-0.003));
#7428=CARTESIAN_POINT('',(0.0136372603025986,0.00698184682757572,-0.003));
#7429=CARTESIAN_POINT('',(0.0137112932888623,0.00706550050339777,-0.003));
#7430=CARTESIAN_POINT('',(0.0137873484392667,0.00715498334565174,-0.003));
#7431=CARTESIAN_POINT('',(0.0138652211479718,0.00725040636445943,-0.003));
#7432=CARTESIAN_POINT('',(0.0139447011810385,0.00735188239608365,-0.003));
#7433=CARTESIAN_POINT('',(0.0140255823972036,0.00745948847172813,-0.003));
#7434=CARTESIAN_POINT('',(0.0141076260290259,0.00757341039125344,-0.003));
#7435=CARTESIAN_POINT('',(0.0141866057610232,0.00768746897110181,-0.003));
#7436=CARTESIAN_POINT('',(0.0142377879572119,0.00776524539968695,-0.003));
#7437=CARTESIAN_POINT('',(0.0142616013168882,0.00780155522174454,-0.003));
#7438=CARTESIAN_POINT('',(0.0128617265777321,0.00631384841653823,-0.003));
#7439=CARTESIAN_POINT('',(0.0130357370114571,0.00598349266583194,-0.003));
#7440=CARTESIAN_POINT('',(0.0126963946614377,0.0058277322005232,-0.003));
#7441=CARTESIAN_POINT('',(-1.83998009954807E-15,-8.21110811965635E-16,-0.003));
#7442=CARTESIAN_POINT('',(0.012826395287466,0.00553574601383315,-0.003));
#7443=CARTESIAN_POINT('',(0.0131692122237058,0.00568370243071658,-0.003));
#7444=CARTESIAN_POINT('',(0.0132982786833788,0.00533333633353057,-0.003));
#7445=CARTESIAN_POINT('',(0.0129660554439423,0.00520022174763858,-0.003));
#7446=CARTESIAN_POINT('',(0.0131164790059681,0.00526074867348411,-0.003));
#7447=CARTESIAN_POINT('',(0.0132903452396942,0.00533070838254873,-0.003));
#7448=CARTESIAN_POINT('',(0.0133017022305173,0.00533453770310203,-0.003));
#7449=CARTESIAN_POINT('',(0.0133169427384166,0.0053398649711401,-0.003));
#7450=CARTESIAN_POINT('',(0.0133354227763313,0.00534577120023047,-0.003));
#7451=CARTESIAN_POINT('',(0.0133603056072636,0.00535325300362808,-0.003));
#7452=CARTESIAN_POINT('',(0.0133905970770537,0.00536167583727831,-0.003));
#7453=CARTESIAN_POINT('',(0.0134266798605869,0.00537094645938545,-0.003));
#7454=CARTESIAN_POINT('',(0.0134684930628386,0.00538079863780773,-0.003));
#7455=CARTESIAN_POINT('',(0.0135161034496269,0.0053910175594976,-0.003));
#7456=CARTESIAN_POINT('',(0.013569530738091,0.00540137145361792,-0.003));
#7457=CARTESIAN_POINT('',(0.0136287998067921,0.00541163227826879,-0.003));
#7458=CARTESIAN_POINT('',(0.0136939252181602,0.00542156983815248,-0.003));
#7459=CARTESIAN_POINT('',(0.0137649156929042,0.00543095373193643,-0.003));
#7460=CARTESIAN_POINT('',(0.0138417727844978,0.00543955302180443,-0.003));
#7461=CARTESIAN_POINT('',(0.0139244912385471,0.00544713656262863,-0.003));
#7462=CARTESIAN_POINT('',(0.0140130588758466,0.00545347314364086,-0.003));
#7463=CARTESIAN_POINT('',(0.0141074566199856,0.00545833168138467,-0.003));
#7464=CARTESIAN_POINT('',(0.0142076584829597,0.00546148140947174,-0.003));
#7465=CARTESIAN_POINT('',(0.01431363159754,0.00546269202632402,-0.003));
#7466=CARTESIAN_POINT('',(0.0144253361308486,0.00546173402215361,-0.003));
#7467=CARTESIAN_POINT('',(0.0145427256709454,0.00545837830513143,-0.003));
#7468=CARTESIAN_POINT('',(0.0146657458063985,0.00545239854321616,-0.003));
#7469=CARTESIAN_POINT('',(0.0147943397169293,0.00544356299994681,-0.003));
#7470=CARTESIAN_POINT('',(0.01492842671245,0.0054316669385743,-0.003));
#7471=CARTESIAN_POINT('',(0.0150679851025628,0.00541640859593692,-0.003));
#7472=CARTESIAN_POINT('',(0.0152055949019399,0.00539878188839396,-0.003));
#7473=CARTESIAN_POINT('',(0.0152976416263576,0.00538477508382856,-0.003));
#7474=CARTESIAN_POINT('',(0.0153405593305333,0.00537817584559905,-0.003));
#7475=CARTESIAN_POINT('',(0.0135463728560697,0.00341418840199804,-0.003));
#7476=CARTESIAN_POINT('',(0.0137036449084815,0.00345363784172776,-0.003));
#7477=CARTESIAN_POINT('',(0.0138854269315568,0.0034992352562288,-0.003));
#7478=CARTESIAN_POINT('',(0.0138968657482852,0.00350281274254052,-0.003));
#7479=CARTESIAN_POINT('',(0.0139123268677664,0.00350746103794478,-0.003));
#7480=CARTESIAN_POINT('',(0.0139307491268521,0.00351354509198608,-0.003));
#7481=CARTESIAN_POINT('',(0.0139552774536421,0.00352211794694615,-0.003));
#7482=CARTESIAN_POINT('',(0.013984734584889,0.00353310861059517,-0.003));
#7483=CARTESIAN_POINT('',(0.0140193753049259,0.00354681744778458,-0.003));
#7484=CARTESIAN_POINT('',(0.0140589938613164,0.00356342405164401,-0.003));
#7485=CARTESIAN_POINT('',(0.0141035180048005,0.00358314145354283,-0.003));
#7486=CARTESIAN_POINT('',(0.014152827455399,0.00360616874947066,-0.003));
#7487=CARTESIAN_POINT('',(0.0142068083006251,0.00363270505245141,-0.003));
#7488=CARTESIAN_POINT('',(0.0142653370163309,0.00366294515397454,-0.003));
#7489=CARTESIAN_POINT('',(0.0143282852312129,0.00369708057853774,-0.003));
#7490=CARTESIAN_POINT('',(0.014395518460215,0.00373529907186775,-0.003));
#7491=CARTESIAN_POINT('',(0.0144668965887459,0.00377778454584607,-0.003));
#7492=CARTESIAN_POINT('',(0.0145422738613418,0.00382471689515595,-0.003));
#7493=CARTESIAN_POINT('',(0.0146214990174144,0.00387627185740801,-0.003));
#7494=CARTESIAN_POINT('',(0.0147044153911468,0.00393262085116627,-0.003));
#7495=CARTESIAN_POINT('',(0.0147908610245211,0.00399393087544894,-0.003));
#7496=CARTESIAN_POINT('',(0.0148806687895934,0.00406036419439645,-0.003));
#7497=CARTESIAN_POINT('',(0.0149736664815171,0.00413207886693804,-0.003));
#7498=CARTESIAN_POINT('',(0.0150696770458829,0.00420922601730412,-0.003));
#7499=CARTESIAN_POINT('',(0.0151685183028457,0.0042919597261082,-0.003));
#7500=CARTESIAN_POINT('',(0.0152700046315115,0.00438039820041595,-0.003));
#7501=CARTESIAN_POINT('',(0.0153739411120438,0.00447477282245762,-0.003));
#7502=CARTESIAN_POINT('',(0.0154749090595921,0.0045699181390595,-0.003));
#7503=CARTESIAN_POINT('',(0.0155411434307673,0.00463535358912434,-0.003));
#7504=CARTESIAN_POINT('',(0.0155719856478973,0.0046659188785787,-0.003));
#7505=CARTESIAN_POINT('',(0.0138933898931524,0.00350177236042181,-0.003));
#7506=CARTESIAN_POINT('',(0.0139949129587024,0.00314245687198414,-0.003));
#7507=CARTESIAN_POINT('',(0.0136306016314987,0.00306065338831181,-0.003));
#7508=CARTESIAN_POINT('',(-1.9704906570354E-15,-4.20614197092705E-16,-0.003));
#7509=CARTESIAN_POINT('',(0.013697054090172,0.00274801915038862,-0.003));
#7510=CARTESIAN_POINT('',(0.0140631415226474,0.00282146671572175,-0.003));
#7511=CARTESIAN_POINT('',(0.0141165423628406,0.00245192253252231,-0.003));
#7512=CARTESIAN_POINT('',(0.0137639029196525,0.00239078991514957,-0.003));
#7513=CARTESIAN_POINT('',(0.0139236236214344,0.00241871936532557,-0.003));
#7514=CARTESIAN_POINT('',(0.0141082359022029,0.00245100146426505,-0.003));
#7515=CARTESIAN_POINT('',(0.014120140876039,0.00245238585381206,-0.003));
#7516=CARTESIAN_POINT('',(0.0141361559435799,0.00245442802849571,-0.003));
#7517=CARTESIAN_POINT('',(0.0141554601224042,0.00245636297638061,-0.003));
#7518=CARTESIAN_POINT('',(0.0141813547581749,0.00245850785297167,-0.003));
#7519=CARTESIAN_POINT('',(0.0142127354922584,0.00246044867679662,-0.003));
#7520=CARTESIAN_POINT('',(0.0142499572511165,0.00246201468103421,-0.003));
#7521=CARTESIAN_POINT('',(0.014292905117652,0.00246295811214131,-0.003));
#7522=CARTESIAN_POINT('',(0.0143415997365459,0.00246305496985671,-0.003));
#7523=CARTESIAN_POINT('',(0.0143960122062038,0.00246207444866838,-0.003));
#7524=CARTESIAN_POINT('',(0.0144561194489538,0.00245978831739535,-0.003));
#7525=CARTESIAN_POINT('',(0.0145218878487084,0.00245596838335999,-0.003));
#7526=CARTESIAN_POINT('',(0.0145932780324773,0.00245038746691429,-0.003));
#7527=CARTESIAN_POINT('',(0.0146702435051152,0.00244281935380214,-0.003));
#7528=CARTESIAN_POINT('',(0.0147527310692751,0.00243303904242117,-0.003));
#7529=CARTESIAN_POINT('',(0.0148406807404745,0.00242082290671248,-0.003));
#7530=CARTESIAN_POINT('',(0.014934025814216,0.00240594887915633,-0.003));
#7531=CARTESIAN_POINT('',(0.0150326928913653,0.00238819663937364,-0.003));
#7532=CARTESIAN_POINT('',(0.0151366019405311,0.00236734775190947,-0.003));
#7533=CARTESIAN_POINT('',(0.0152456662815111,0.00234318600403651,-0.003));
#7534=CARTESIAN_POINT('',(0.0153597928857081,0.00231549695971666,-0.003));
#7535=CARTESIAN_POINT('',(0.0154788814736329,0.00228407054557961,-0.003));
#7536=CARTESIAN_POINT('',(0.0156028282859472,0.0022486919027622,-0.003));
#7537=CARTESIAN_POINT('',(0.0157315118286713,0.00220917754491711,-0.003));
#7538=CARTESIAN_POINT('',(0.0158648481453057,0.00216523681281901,-0.003));
#7539=CARTESIAN_POINT('',(0.015995786041835,0.00211938460506544,-0.003));
#7540=CARTESIAN_POINT('',(0.0160829091460594,0.00208654629267795,-0.003));
#7541=CARTESIAN_POINT('',(0.0161235169366495,0.00207116817119588,-0.003));
#7542=CARTESIAN_POINT('',(0.0139602017912399,0.000523130908914323,-0.003));
#7543=CARTESIAN_POINT('',(0.0141222390716851,0.000529019585400911,-0.003));
#7544=CARTESIAN_POINT('',(0.0143095289569585,0.000535825979216924,-0.003));
#7545=CARTESIAN_POINT('',(0.0143214616093245,0.000536947025142434,-0.003));
#7546=CARTESIAN_POINT('',(0.0143375513012067,0.000538279196646339,-0.003));
#7547=CARTESIAN_POINT('',(0.0143568359356942,0.000540400096474381,-0.003));
#7548=CARTESIAN_POINT('',(0.0143826106564638,0.000543685888089158,-0.003));
#7549=CARTESIAN_POINT('',(0.0144137091661799,0.000548311897403746,-0.003));
#7550=CARTESIAN_POINT('',(0.0144504431308909,0.000554518952935399,-0.003));
#7551=CARTESIAN_POINT('',(0.0144926486338559,0.000562525501609946,-0.003));
#7552=CARTESIAN_POINT('',(0.0145402992963469,0.000572554941015978,-0.003));
#7553=CARTESIAN_POINT('',(0.0145933188611746,0.000584827024031939,-0.003));
#7554=CARTESIAN_POINT('',(0.0146516373030389,0.00059956019632218,-0.003));
#7555=CARTESIAN_POINT('',(0.0147151742965188,0.000616970674829178,-0.003));
#7556=CARTESIAN_POINT('',(0.0147838440957138,0.000637272488675621,-0.003));
#7557=CARTESIAN_POINT('',(0.0148575541889205,0.000660677241909089,-0.003));
#7558=CARTESIAN_POINT('',(0.014936205760818,0.000687393958956743,-0.003));
#7559=CARTESIAN_POINT('',(0.0150196936432565,0.00071762890763637,-0.003));
#7560=CARTESIAN_POINT('',(0.0151079064189586,0.000751585434114771,-0.003));
#7561=CARTESIAN_POINT('',(0.0152007264855546,0.000789463783704017,-0.003));
#7562=CARTESIAN_POINT('',(0.0152980301452462,0.000831460979058378,-0.003));
#7563=CARTESIAN_POINT('',(0.0153996876588481,0.000877770486310922,-0.003));
#7564=CARTESIAN_POINT('',(0.0155055634469016,0.000928582713824879,-0.003));
#7565=CARTESIAN_POINT('',(0.0156155157445555,0.000984082295085248,-0.003));
#7566=CARTESIAN_POINT('',(0.0157293983881923,0.00104445782099406,-0.003));
#7567=CARTESIAN_POINT('',(0.0158470543898106,0.00110986350826297,-0.003));
#7568=CARTESIAN_POINT('',(0.0159683411961109,0.00118056620897807,-0.003));
#7569=CARTESIAN_POINT('',(0.0160868845754045,0.00125263995544009,-0.003));
#7570=CARTESIAN_POINT('',(0.016165276361718,0.00130287458382267,-0.003));
#7571=CARTESIAN_POINT('',(0.0162017994834159,0.0013263594908561,-0.003));
#7572=CARTESIAN_POINT('',(0.0143178454023605,0.000536652048786856,-0.003));
#7573=CARTESIAN_POINT('',(0.0143424440546093,0.000164080633649557,-0.003));
#7574=CARTESIAN_POINT('',(0.0139690859033798,0.000159809336386781,-0.003));
#7575=CARTESIAN_POINT('',(-2.01488131734706E-15,-1.7347234759768E-18,-0.003));
#7576=CARTESIAN_POINT('',(0.0139690859033798,-0.000159809336386781,-0.003));
#7577=CARTESIAN_POINT('',(0.0143424440546093,-0.000164080633649556,-0.003));
#7578=CARTESIAN_POINT('',(0.0143178454023605,-0.000536652048786855,-0.003));
#7579=CARTESIAN_POINT('',(0.0139602017912399,-0.000523130908914323,-0.003));
#7580=CARTESIAN_POINT('',(0.0141222390716851,-0.000529019585400911,-0.003));
#7581=CARTESIAN_POINT('',(0.0143095289569585,-0.000535825979216924,-0.003));
#7582=CARTESIAN_POINT('',(0.0143214616093245,-0.000536947025142434,-0.003));
#7583=CARTESIAN_POINT('',(0.0143375513012067,-0.000538279196646339,-0.003));
#7584=CARTESIAN_POINT('',(0.0143568359356942,-0.000540400096474381,-0.003));
#7585=CARTESIAN_POINT('',(0.0143826106564638,-0.000543685888089158,-0.003));
#7586=CARTESIAN_POINT('',(0.0144137091661799,-0.000548311897403746,-0.003));
#7587=CARTESIAN_POINT('',(0.0144504431308909,-0.000554518952935399,-0.003));
#7588=CARTESIAN_POINT('',(0.0144926486338559,-0.000562525501609946,-0.003));
#7589=CARTESIAN_POINT('',(0.0145402992963469,-0.000572554941015978,-0.003));
#7590=CARTESIAN_POINT('',(0.0145933188611746,-0.000584827024031939,-0.003));
#7591=CARTESIAN_POINT('',(0.0146516373030389,-0.00059956019632218,-0.003));
#7592=CARTESIAN_POINT('',(0.0147151742965188,-0.000616970674829178,-0.003));
#7593=CARTESIAN_POINT('',(0.0147838440957138,-0.000637272488675621,-0.003));
#7594=CARTESIAN_POINT('',(0.0148575541889205,-0.000660677241909089,-0.003));
#7595=CARTESIAN_POINT('',(0.014936205760818,-0.000687393958956743,-0.003));
#7596=CARTESIAN_POINT('',(0.0150196936432565,-0.00071762890763637,-0.003));
#7597=CARTESIAN_POINT('',(0.0151079064189586,-0.000751585434114771,-0.003));
#7598=CARTESIAN_POINT('',(0.0152007264855546,-0.000789463783704017,-0.003));
#7599=CARTESIAN_POINT('',(0.0152980301452462,-0.000831460979058378,-0.003));
#7600=CARTESIAN_POINT('',(0.0153996876588481,-0.000877770486310922,-0.003));
#7601=CARTESIAN_POINT('',(0.0155055634469016,-0.000928582713824879,-0.003));
#7602=CARTESIAN_POINT('',(0.0156155157445555,-0.000984082295085248,-0.003));
#7603=CARTESIAN_POINT('',(0.0157293983881923,-0.00104445782099406,-0.003));
#7604=CARTESIAN_POINT('',(0.0158470543898106,-0.00110986350826297,-0.003));
#7605=CARTESIAN_POINT('',(0.0159683411961109,-0.00118056620897807,-0.003));
#7606=CARTESIAN_POINT('',(0.0160868845754045,-0.00125263995544009,-0.003));
#7607=CARTESIAN_POINT('',(0.016165276361718,-0.00130287458382267,-0.003));
#7608=CARTESIAN_POINT('',(0.0162017994834159,-0.0013263594908561,-0.003));
#7609=CARTESIAN_POINT('',(0.0137639029196525,-0.00239078991514958,-0.003));
#7610=CARTESIAN_POINT('',(0.0139236236214344,-0.00241871936532558,-0.003));
#7611=CARTESIAN_POINT('',(0.0141082359022029,-0.00245100146426506,-0.003));
#7612=CARTESIAN_POINT('',(0.014120140876039,-0.00245238585381207,-0.003));
#7613=CARTESIAN_POINT('',(0.0141361559435799,-0.00245442802849572,-0.003));
#7614=CARTESIAN_POINT('',(0.0141554601224042,-0.00245636297638062,-0.003));
#7615=CARTESIAN_POINT('',(0.0141813547581749,-0.00245850785297168,-0.003));
#7616=CARTESIAN_POINT('',(0.0142127354922584,-0.00246044867679663,-0.003));
#7617=CARTESIAN_POINT('',(0.0142499572511165,-0.00246201468103422,-0.003));
#7618=CARTESIAN_POINT('',(0.014292905117652,-0.00246295811214132,-0.003));
#7619=CARTESIAN_POINT('',(0.0143415997365459,-0.00246305496985671,-0.003));
#7620=CARTESIAN_POINT('',(0.0143960122062038,-0.00246207444866839,-0.003));
#7621=CARTESIAN_POINT('',(0.0144561194489538,-0.00245978831739536,-0.003));
#7622=CARTESIAN_POINT('',(0.0145218878487084,-0.00245596838336,-0.003));
#7623=CARTESIAN_POINT('',(0.0145932780324773,-0.0024503874669143,-0.003));
#7624=CARTESIAN_POINT('',(0.0146702435051152,-0.00244281935380215,-0.003));
#7625=CARTESIAN_POINT('',(0.0147527310692751,-0.00243303904242118,-0.003));
#7626=CARTESIAN_POINT('',(0.0148406807404745,-0.00242082290671249,-0.003));
#7627=CARTESIAN_POINT('',(0.014934025814216,-0.00240594887915634,-0.003));
#7628=CARTESIAN_POINT('',(0.0150326928913653,-0.00238819663937365,-0.003));
#7629=CARTESIAN_POINT('',(0.0151366019405311,-0.00236734775190948,-0.003));
#7630=CARTESIAN_POINT('',(0.0152456662815111,-0.00234318600403652,-0.003));
#7631=CARTESIAN_POINT('',(0.0153597928857081,-0.00231549695971667,-0.003));
#7632=CARTESIAN_POINT('',(0.0154788814736329,-0.00228407054557962,-0.003));
#7633=CARTESIAN_POINT('',(0.0156028282859472,-0.0022486919027622,-0.003));
#7634=CARTESIAN_POINT('',(0.0157315118286713,-0.00220917754491712,-0.003));
#7635=CARTESIAN_POINT('',(0.0158648481453057,-0.00216523681281902,-0.003));
#7636=CARTESIAN_POINT('',(0.015995786041835,-0.00211938460506545,-0.003));
#7637=CARTESIAN_POINT('',(0.0160829091460594,-0.00208654629267795,-0.003));
#7638=CARTESIAN_POINT('',(0.0161235169366495,-0.00207116817119589,-0.003));
#7639=CARTESIAN_POINT('',(0.0141165423628406,-0.00245192253252232,-0.003));
#7640=CARTESIAN_POINT('',(0.0140631415226475,-0.00282146671572176,-0.003));
#7641=CARTESIAN_POINT('',(0.013697054090172,-0.00274801915038863,-0.003));
#7642=CARTESIAN_POINT('',(-1.97121199561739E-15,4.1722056588078E-16,-0.003));
#7643=CARTESIAN_POINT('',(0.0136306016314987,-0.00306065338831182,-0.003));
#7644=CARTESIAN_POINT('',(0.0139949129587024,-0.00314245687198414,-0.003));
#7645=CARTESIAN_POINT('',(0.0138933898931524,-0.00350177236042181,-0.003));
#7646=CARTESIAN_POINT('',(0.0135463728560697,-0.00341418840199805,-0.003));
#7647=CARTESIAN_POINT('',(0.0137036449084815,-0.00345363784172777,-0.003));
#7648=CARTESIAN_POINT('',(0.0138854269315568,-0.00349923525622881,-0.003));
#7649=CARTESIAN_POINT('',(0.0138968657482852,-0.00350281274254053,-0.003));
#7650=CARTESIAN_POINT('',(0.0139123268677664,-0.00350746103794479,-0.003));
#7651=CARTESIAN_POINT('',(0.0139307491268521,-0.00351354509198608,-0.003));
#7652=CARTESIAN_POINT('',(0.0139552774536421,-0.00352211794694616,-0.003));
#7653=CARTESIAN_POINT('',(0.013984734584889,-0.00353310861059518,-0.003));
#7654=CARTESIAN_POINT('',(0.0140193753049259,-0.00354681744778459,-0.003));
#7655=CARTESIAN_POINT('',(0.0140589938613164,-0.00356342405164402,-0.003));
#7656=CARTESIAN_POINT('',(0.0141035180048005,-0.00358314145354284,-0.003));
#7657=CARTESIAN_POINT('',(0.014152827455399,-0.00360616874947066,-0.003));
#7658=CARTESIAN_POINT('',(0.0142068083006251,-0.00363270505245142,-0.003));
#7659=CARTESIAN_POINT('',(0.0142653370163309,-0.00366294515397455,-0.003));
#7660=CARTESIAN_POINT('',(0.0143282852312129,-0.00369708057853774,-0.003));
#7661=CARTESIAN_POINT('',(0.014395518460215,-0.00373529907186775,-0.003));
#7662=CARTESIAN_POINT('',(0.0144668965887459,-0.00377778454584608,-0.003));
#7663=CARTESIAN_POINT('',(0.0145422738613418,-0.00382471689515596,-0.003));
#7664=CARTESIAN_POINT('',(0.0146214990174144,-0.00387627185740801,-0.003));
#7665=CARTESIAN_POINT('',(0.0147044153911468,-0.00393262085116628,-0.003));
#7666=CARTESIAN_POINT('',(0.0147908610245211,-0.00399393087544894,-0.003));
#7667=CARTESIAN_POINT('',(0.0148806687895934,-0.00406036419439646,-0.003));
#7668=CARTESIAN_POINT('',(0.0149736664815171,-0.00413207886693806,-0.003));
#7669=CARTESIAN_POINT('',(0.0150696770458829,-0.00420922601730413,-0.003));
#7670=CARTESIAN_POINT('',(0.0151685183028457,-0.00429195972610821,-0.003));
#7671=CARTESIAN_POINT('',(0.0152700046315115,-0.00438039820041596,-0.003));
#7672=CARTESIAN_POINT('',(0.0153739411120438,-0.00447477282245763,-0.003));
#7673=CARTESIAN_POINT('',(0.0154749090595921,-0.00456991813905951,-0.003));
#7674=CARTESIAN_POINT('',(0.0155411434307673,-0.00463535358912435,-0.003));
#7675=CARTESIAN_POINT('',(0.0155719856478973,-0.00466591887857871,-0.003));
#7676=CARTESIAN_POINT('',(0.0129660554439423,-0.00520022174763858,-0.003));
#7677=CARTESIAN_POINT('',(0.0131164790059681,-0.00526074867348411,-0.003));
#7678=CARTESIAN_POINT('',(0.0132903452396942,-0.00533070838254873,-0.003));
#7679=CARTESIAN_POINT('',(0.0133017022305173,-0.00533453770310203,-0.003));
#7680=CARTESIAN_POINT('',(0.0133169427384166,-0.0053398649711401,-0.003));
#7681=CARTESIAN_POINT('',(0.0133354227763313,-0.00534577120023047,-0.003));
#7682=CARTESIAN_POINT('',(0.0133603056072636,-0.00535325300362808,-0.003));
#7683=CARTESIAN_POINT('',(0.0133905970770537,-0.00536167583727831,-0.003));
#7684=CARTESIAN_POINT('',(0.0134266798605869,-0.00537094645938545,-0.003));
#7685=CARTESIAN_POINT('',(0.0134684930628386,-0.00538079863780773,-0.003));
#7686=CARTESIAN_POINT('',(0.0135161034496269,-0.0053910175594976,-0.003));
#7687=CARTESIAN_POINT('',(0.013569530738091,-0.00540137145361792,-0.003));
#7688=CARTESIAN_POINT('',(0.0136287998067921,-0.00541163227826879,-0.003));
#7689=CARTESIAN_POINT('',(0.0136939252181602,-0.00542156983815248,-0.003));
#7690=CARTESIAN_POINT('',(0.0137649156929042,-0.00543095373193643,-0.003));
#7691=CARTESIAN_POINT('',(0.0138417727844978,-0.00543955302180443,-0.003));
#7692=CARTESIAN_POINT('',(0.0139244912385471,-0.00544713656262863,-0.003));
#7693=CARTESIAN_POINT('',(0.0140130588758466,-0.00545347314364086,-0.003));
#7694=CARTESIAN_POINT('',(0.0141074566199856,-0.00545833168138467,-0.003));
#7695=CARTESIAN_POINT('',(0.0142076584829597,-0.00546148140947174,-0.003));
#7696=CARTESIAN_POINT('',(0.01431363159754,-0.00546269202632401,-0.003));
#7697=CARTESIAN_POINT('',(0.0144253361308486,-0.00546173402215361,-0.003));
#7698=CARTESIAN_POINT('',(0.0145427256709454,-0.00545837830513143,-0.003));
#7699=CARTESIAN_POINT('',(0.0146657458063985,-0.00545239854321616,-0.003));
#7700=CARTESIAN_POINT('',(0.0147943397169293,-0.00544356299994681,-0.003));
#7701=CARTESIAN_POINT('',(0.01492842671245,-0.0054316669385743,-0.003));
#7702=CARTESIAN_POINT('',(0.0150679851025628,-0.00541640859593692,-0.003));
#7703=CARTESIAN_POINT('',(0.0152055949019399,-0.00539878188839395,-0.003));
#7704=CARTESIAN_POINT('',(0.0152976416263576,-0.00538477508382856,-0.003));
#7705=CARTESIAN_POINT('',(0.0153405593305333,-0.00537817584559905,-0.003));
#7706=CARTESIAN_POINT('',(0.0132982786833788,-0.00533333633353058,-0.003));
#7707=CARTESIAN_POINT('',(0.0131692122237058,-0.0056837024307166,-0.003));
#7708=CARTESIAN_POINT('',(0.012826395287466,-0.00553574601383315,-0.003));
#7709=CARTESIAN_POINT('',(-1.84139125075463E-15,8.17941314462145E-16,-0.003));
#7710=CARTESIAN_POINT('',(0.0126963946614377,-0.00582773220052319,-0.003));
#7711=CARTESIAN_POINT('',(0.0130357370114571,-0.00598349266583193,-0.003));
#7712=CARTESIAN_POINT('',(0.0128617265777321,-0.00631384841653822,-0.003));
#7713=CARTESIAN_POINT('',(0.0125405024243803,-0.00615602947882083,-0.003));
#7714=CARTESIAN_POINT('',(0.0126861357053934,-0.00622731555197806,-0.003));
#7715=CARTESIAN_POINT('',(0.0128544651195752,-0.00630971116134977,-0.003));
#7716=CARTESIAN_POINT('',(0.0128649101694853,-0.00631558873472918,-0.003));
#7717=CARTESIAN_POINT('',(0.0128790669914536,-0.00632335000121965,-0.003));
#7718=CARTESIAN_POINT('',(0.0128958217340156,-0.00633313130711806,-0.003));
#7719=CARTESIAN_POINT('',(0.0129180316612455,-0.00634661655052454,-0.003));
#7720=CARTESIAN_POINT('',(0.0129445599960366,-0.00636349152376748,-0.003));
#7721=CARTESIAN_POINT('',(0.0129755935057092,-0.00638410300064718,-0.003));
#7722=CARTESIAN_POINT('',(0.0130108935944999,-0.00640858387141551,-0.003));
#7723=CARTESIAN_POINT('',(0.0130503453002563,-0.00643712749072955,-0.003));
#7724=CARTESIAN_POINT('',(0.0130937895770214,-0.00646990359623996,-0.003));
#7725=CARTESIAN_POINT('',(0.0131410736036442,-0.00650708326613566,-0.003));
#7726=CARTESIAN_POINT('',(0.0131920360558477,-0.00654883135313025,-0.003));
#7727=CARTESIAN_POINT('',(0.0132465115473673,-0.00659530850655684,-0.003));
#7728=CARTESIAN_POINT('',(0.0133043294974364,-0.00664667040843221,-0.003));
#7729=CARTESIAN_POINT('',(0.0133653146158738,-0.00670306782026042,-0.003));
#7730=CARTESIAN_POINT('',(0.0134292869301143,-0.00676464640132932,-0.003));
#7731=CARTESIAN_POINT('',(0.0134960619470726,-0.00683154660011645,-0.003));
#7732=CARTESIAN_POINT('',(0.0135654507845323,-0.00690390351662403,-0.003));
#7733=CARTESIAN_POINT('',(0.0136372603025986,-0.00698184682757571,-0.003));
#7734=CARTESIAN_POINT('',(0.0137112932888623,-0.00706550050339777,-0.003));
#7735=CARTESIAN_POINT('',(0.0137873484392667,-0.00715498334565174,-0.003));
#7736=CARTESIAN_POINT('',(0.0138652211479719,-0.00725040636445943,-0.003));
#7737=CARTESIAN_POINT('',(0.0139447011810385,-0.00735188239608365,-0.003));
#7738=CARTESIAN_POINT('',(0.0140255823972036,-0.00745948847172813,-0.003));
#7739=CARTESIAN_POINT('',(0.0141076260290259,-0.00757341039125344,-0.003));
#7740=CARTESIAN_POINT('',(0.0141866057610232,-0.00768746897110181,-0.003));
#7741=CARTESIAN_POINT('',(0.014237787957212,-0.00776524539968695,-0.003));
#7742=CARTESIAN_POINT('',(0.0142616013168882,-0.00780155522174454,-0.003));
#7743=CARTESIAN_POINT('',(0.0116015291272949,-0.0077823789363233,-0.003));
#7744=CARTESIAN_POINT('',(0.0117360813180916,-0.0078728580207385,-0.003));
#7745=CARTESIAN_POINT('',(0.0118916027160587,-0.00797743776493821,-0.003));
#7746=CARTESIAN_POINT('',(0.011901915368873,-0.00798354465681449,-0.003));
#7747=CARTESIAN_POINT('',(0.0119157152338034,-0.00799192419103066,-0.003));
#7748=CARTESIAN_POINT('',(0.0119325634644746,-0.00800154357077402,-0.003));
#7749=CARTESIAN_POINT('',(0.0119553469914558,-0.00801403531026801,-0.003));
#7750=CARTESIAN_POINT('',(0.0119832253143679,-0.00802857203549577,-0.003));
#7751=CARTESIAN_POINT('',(0.0120165921317915,-0.008045142104801,-0.003));
#7752=CARTESIAN_POINT('',(0.012055443232179,-0.00806347244306541,-0.003));
#7753=CARTESIAN_POINT('',(0.0120998885844991,-0.00808336681281608,-0.003));
#7754=CARTESIAN_POINT('',(0.0121499956628908,-0.00810460260738849,-0.003));
#7755=CARTESIAN_POINT('',(0.0122058362148362,-0.00812696194068913,-0.003));
#7756=CARTESIAN_POINT('',(0.0122674723448347,-0.00815022267543925,-0.003));
#7757=CARTESIAN_POINT('',(0.0123349604861575,-0.00817416125826556,-0.003));
#7758=CARTESIAN_POINT('',(0.0124083501730028,-0.00819855212088251,-0.003));
#7759=CARTESIAN_POINT('',(0.0124876843235724,-0.008223168076788,-0.003));
#7760=CARTESIAN_POINT('',(0.0125729990962273,-0.00824778043552463,-0.003));
#7761=CARTESIAN_POINT('',(0.0126643238763744,-0.00827215919715514,-0.003));
#7762=CARTESIAN_POINT('',(0.0127616812229393,-0.0082960732348805,-0.003));
#7763=CARTESIAN_POINT('',(0.0128650868693116,-0.00831929044628358,-0.003));
#7764=CARTESIAN_POINT('',(0.0129745495708254,-0.008341578055195,-0.003));
#7765=CARTESIAN_POINT('',(0.0130900715606224,-0.00836270232640687,-0.003));
#7766=CARTESIAN_POINT('',(0.0132116466733682,-0.00838243056100315,-0.003));
#7767=CARTESIAN_POINT('',(0.0133392675111633,-0.0084005242729204,-0.003));
#7768=CARTESIAN_POINT('',(0.0134728977143555,-0.00841676642298607,-0.003));
#7769=CARTESIAN_POINT('',(0.0136125788066235,-0.00843085733260032,-0.003));
#7770=CARTESIAN_POINT('',(0.0137508463002904,-0.0084422264969699,-0.003));
#7771=CARTESIAN_POINT('',(0.0138437937613551,-0.00844766336479823,-0.003));
#7772=CARTESIAN_POINT('',(0.013887145669502,-0.00845013142819856,-0.003));
#7773=CARTESIAN_POINT('',(0.0118988164132323,-0.00798165774457642,-0.003));
#7774=CARTESIAN_POINT('',(0.0116997251576969,-0.00829753307605893,-0.003));
#7775=CARTESIAN_POINT('',(0.0113951614628245,-0.00808153421301663,-0.003));
#7776=CARTESIAN_POINT('',(-1.63109287225834E-15,1.18291410268363E-15,-0.003));
#7777=CARTESIAN_POINT('',(0.011207294320611,-0.00834011115101,-0.003));
#7778=CARTESIAN_POINT('',(0.0115068368044048,-0.00856302111819951,-0.003));
#7779=CARTESIAN_POINT('',(0.0112679440934534,-0.00884997899964581,-0.003));
#7780=CARTESIAN_POINT('',(0.0109865518607385,-0.0086288225275123,-0.003));
#7781=CARTESIAN_POINT('',(0.0111141814971466,-0.00872882969063155,-0.003));
#7782=CARTESIAN_POINT('',(0.0112617014993009,-0.00884442241136639,-0.003));
#7783=CARTESIAN_POINT('',(0.0112706962835909,-0.00885234319365309,-0.003));
#7784=CARTESIAN_POINT('',(0.0112829300869943,-0.00886287822664143,-0.003));
#7785=CARTESIAN_POINT('',(0.0112972850503845,-0.00887592929439329,-0.003));
#7786=CARTESIAN_POINT('',(0.0113162058976591,-0.00889373755639994,-0.003));
#7787=CARTESIAN_POINT('',(0.011338646020467,-0.00891575932193098,-0.003));
#7788=CARTESIAN_POINT('',(0.0113647160064874,-0.00894237261805648,-0.003));
#7789=CARTESIAN_POINT('',(0.0113941548444095,-0.00897365782420888,-0.003));
#7790=CARTESIAN_POINT('',(0.0114268098835864,-0.00900978016780663,-0.003));
#7791=CARTESIAN_POINT('',(0.0114624902631547,-0.00905087260981162,-0.003));
#7792=CARTESIAN_POINT('',(0.0115010109323167,-0.00909707071663998,-0.003));
#7793=CARTESIAN_POINT('',(0.0115421798173116,-0.00914850219737482,-0.003));
#7794=CARTESIAN_POINT('',(0.011585801745087,-0.00920528980503794,-0.003));
#7795=CARTESIAN_POINT('',(0.0116316774943639,-0.00926755035388495,-0.003));
#7796=CARTESIAN_POINT('',(0.011679604260393,-0.00933539486604136,-0.003));
#7797=CARTESIAN_POINT('',(0.0117293757191725,-0.00940892839938974,-0.003));
#7798=CARTESIAN_POINT('',(0.0117807822083534,-0.00948824997500219,-0.003));
#7799=CARTESIAN_POINT('',(0.0118336108843788,-0.00957345246980069,-0.003));
#7800=CARTESIAN_POINT('',(0.0118876458666173,-0.0096646225707193,-0.003));
#7801=CARTESIAN_POINT('',(0.0119426684773231,-0.00976184053636759,-0.003));
#7802=CARTESIAN_POINT('',(0.0119984571111824,-0.00986518071874114,-0.003));
#7803=CARTESIAN_POINT('',(0.0120547885531817,-0.00997470916217809,-0.003));
#7804=CARTESIAN_POINT('',(0.0121114337035196,-0.0100904925271044,-0.003));
#7805=CARTESIAN_POINT('',(0.0121681749099264,-0.0102125633022287,-0.003));
#7806=CARTESIAN_POINT('',(0.0122247399926392,-0.0103410535846964,-0.003));
#7807=CARTESIAN_POINT('',(0.0122782797158104,-0.0104690405205381,-0.003));
#7808=CARTESIAN_POINT('',(0.0123121728294398,-0.0105557587245017,-0.003));
#7809=CARTESIAN_POINT('',(0.0123279165735753,-0.0105962261657047,-0.003));
#7810=CARTESIAN_POINT('',(0.00972996031747135,-0.0100244088214933,-0.003));
#7811=CARTESIAN_POINT('',(0.00984276056064826,-0.0101408856943224,-0.003));
#7812=CARTESIAN_POINT('',(0.00997314009149068,-0.0102755148370064,-0.003));
#7813=CARTESIAN_POINT('',(0.0099819576938825,-0.0102836323997265,-0.003));
#7814=CARTESIAN_POINT('',(0.00999371379552751,-0.0102946979742661,-0.003));
#7815=CARTESIAN_POINT('',(0.0100081938704281,-0.0103076100916087,-0.003));
#7816=CARTESIAN_POINT('',(0.0100278823440015,-0.0103245658182412,-0.003));
#7817=CARTESIAN_POINT('',(0.0100521291035495,-0.0103445811103991,-0.003));
#7818=CARTESIAN_POINT('',(0.0100813216648303,-0.0103677264353618,-0.003));
#7819=CARTESIAN_POINT('',(0.0101155126838384,-0.0103937338097274,-0.003));
#7820=CARTESIAN_POINT('',(0.0101548505265214,-0.010422434148117,-0.003));
#7821=CARTESIAN_POINT('',(0.0101994474750746,-0.0104536237370181,-0.003));
#7822=CARTESIAN_POINT('',(0.0102494190101915,-0.0104871043688113,-0.003));
#7823=CARTESIAN_POINT('',(0.0103048720641765,-0.0105226716727018,-0.003));
#7824=CARTESIAN_POINT('',(0.0103659083164582,-0.0105601187136309,-0.003));
#7825=CARTESIAN_POINT('',(0.0104326231170774,-0.0105992351512601,-0.003));
#7826=CARTESIAN_POINT('',(0.0105051056810999,-0.0106398076868534,-0.003));
#7827=CARTESIAN_POINT('',(0.0105834389241595,-0.0106816201451344,-0.003));
#7828=CARTESIAN_POINT('',(0.0106676994091972,-0.0107244536617861,-0.003));
#7829=CARTESIAN_POINT('',(0.0107579572561357,-0.0107680868509489,-0.003));
#7830=CARTESIAN_POINT('',(0.0108542761113583,-0.0108122959533559,-0.003));
#7831=CARTESIAN_POINT('',(0.0109567129357608,-0.0108568550998919,-0.003));
#7832=CARTESIAN_POINT('',(0.0110653185099677,-0.0109015361273204,-0.003));
#7833=CARTESIAN_POINT('',(0.0111801351841972,-0.0109461101399098,-0.003));
#7834=CARTESIAN_POINT('',(0.0113012053062523,-0.0109903423249795,-0.003));
#7835=CARTESIAN_POINT('',(0.0114285384360076,-0.0110340128265871,-0.003));
#7836=CARTESIAN_POINT('',(0.0115622374964344,-0.0110768371480871,-0.003));
#7837=CARTESIAN_POINT('',(0.0116951197314369,-0.011116705297331,-0.003));
#7838=CARTESIAN_POINT('',(0.0117849056790887,-0.0111413482203399,-0.003));
#7839=CARTESIAN_POINT('',(0.0118267971047952,-0.0111527757191564,-0.003));
#7840=CARTESIAN_POINT('',(0.00997931876897168,-0.0102811424119411,-0.003));
#7841=CARTESIAN_POINT('',(0.00971890396078646,-0.0105487217099963,-0.003));
#7842=CARTESIAN_POINT('',(0.0094659044022063,-0.0102741205875876,-0.003));
#7843=CARTESIAN_POINT('',(-1.34950790839238E-15,1.4961878683662E-15,-0.003));
#7844=CARTESIAN_POINT('',(0.00922838143940867,-0.0104879872239042,-0.003));
#7845=CARTESIAN_POINT('',(0.00947503261307099,-0.0107683044577676,-0.003));
#7846=CARTESIAN_POINT('',(0.00918169838269608,-0.010999323033558,-0.003));
#7847=CARTESIAN_POINT('',(0.00895243626145742,-0.0107244946260671,-0.003));
#7848=CARTESIAN_POINT('',(0.00905648422571449,-0.0108488520862325,-0.003));
#7849=CARTESIAN_POINT('',(0.00917674748386785,-0.0109925899617589,-0.003));
#7850=CARTESIAN_POINT('',(0.00918389888730234,-0.0110022077767588,-0.003));
#7851=CARTESIAN_POINT('',(0.0091936749962278,-0.0110150561447507,-0.003));
#7852=CARTESIAN_POINT('',(0.00920500279966326,-0.0110308065800693,-0.003));
#7853=CARTESIAN_POINT('',(0.00921980763516444,-0.0110521595541729,-0.003));
#7854=CARTESIAN_POINT('',(0.00923717880494289,-0.0110783656551662,-0.003));
#7855=CARTESIAN_POINT('',(0.00925714588382412,-0.0111098176417921,-0.003));
#7856=CARTESIAN_POINT('',(0.00927943685239734,-0.0111465398696966,-0.003));
#7857=CARTESIAN_POINT('',(0.00930386804308636,-0.0111886622178286,-0.003));
#7858=CARTESIAN_POINT('',(0.00933022512165727,-0.0112362750594291,-0.003));
#7859=CARTESIAN_POINT('',(0.00935829889527346,-0.0112894725242386,-0.003));
#7860=CARTESIAN_POINT('',(0.00938787493523532,-0.01134833959621,-0.003));
#7861=CARTESIAN_POINT('',(0.00941873681170143,-0.0114129557671576,-0.003));
#7862=CARTESIAN_POINT('',(0.00945066536980655,-0.0114833938782324,-0.003));
#7863=CARTESIAN_POINT('',(0.00948343915377366,-0.0115597203599817,-0.003));
#7864=CARTESIAN_POINT('',(0.00951683450551355,-0.0116419950773492,-0.003));
#7865=CARTESIAN_POINT('',(0.00955062575666408,-0.0117302712963055,-0.003));
#7866=CARTESIAN_POINT('',(0.00958458540461286,-0.0118245956115253,-0.003));
#7867=CARTESIAN_POINT('',(0.00961848426301112,-0.011925007931518,-0.003));
#7868=CARTESIAN_POINT('',(0.00965209174604328,-0.0120315412953902,-0.003));
#7869=CARTESIAN_POINT('',(0.00968517563235429,-0.0121442223560323,-0.003));
#7870=CARTESIAN_POINT('',(0.00971750385332416,-0.0122630693055446,-0.003));
#7871=CARTESIAN_POINT('',(0.00974883845605001,-0.0123880997151356,-0.003));
#7872=CARTESIAN_POINT('',(0.009778959789704,-0.0125193001111062,-0.003));
#7873=CARTESIAN_POINT('',(0.00980757415776335,-0.0126567431146076,-0.003));
#7874=CARTESIAN_POINT('',(0.0098333339292938,-0.0127930647631969,-0.003));
#7875=CARTESIAN_POINT('',(0.00984845666866103,-0.0128849347409056,-0.003));
#7876=CARTESIAN_POINT('',(0.00985544272009013,-0.0129277911798892,-0.003));
#7877=CARTESIAN_POINT('',(0.00743314555224461,-0.0118283239387136,-0.003));
#7878=CARTESIAN_POINT('',(0.00751926393589923,-0.011965708001696,-0.003));
#7879=CARTESIAN_POINT('',(0.00761880338848877,-0.0121245026033066,-0.003));
#7880=CARTESIAN_POINT('',(0.00762574056892209,-0.0121342760604274,-0.003));
#7881=CARTESIAN_POINT('',(0.00763493910922775,-0.0121475440565844,-0.003));
#7882=CARTESIAN_POINT('',(0.00764641817960147,-0.0121631845900393,-0.003));
#7883=CARTESIAN_POINT('',(0.00766215111899621,-0.0121838632571938,-0.003));
#7884=CARTESIAN_POINT('',(0.00768170661543883,-0.0122084823519705,-0.003));
#7885=CARTESIAN_POINT('',(0.00770544906556745,-0.0122371913708261,-0.003));
#7886=CARTESIAN_POINT('',(0.00773348569159874,-0.012269739134236,-0.003));
#7887=CARTESIAN_POINT('',(0.00776599677215561,-0.0123059910987574,-0.003));
#7888=CARTESIAN_POINT('',(0.00780313449021864,-0.0123457713472879,-0.003));
#7889=CARTESIAN_POINT('',(0.00784505301263246,-0.0123889100133063,-0.003));
#7890=CARTESIAN_POINT('',(0.00789189942605151,-0.0124352294244865,-0.003));
#7891=CARTESIAN_POINT('',(0.00794381621218294,-0.0124845483081389,-0.003));
#7892=CARTESIAN_POINT('',(0.00800094036965576,-0.0125366807447545,-0.003));
#7893=CARTESIAN_POINT('',(0.00806340351127348,-0.0125914366455415,-0.003));
#7894=CARTESIAN_POINT('',(0.00813133168613143,-0.0126486217983016,-0.003));
#7895=CARTESIAN_POINT('',(0.00820484528853705,-0.0127080380397588,-0.003));
#7896=CARTESIAN_POINT('',(0.00828405893483277,-0.0127694834006172,-0.003));
#7897=CARTESIAN_POINT('',(0.00836908140274317,-0.0128327522441142,-0.003));
#7898=CARTESIAN_POINT('',(0.00846001536926151,-0.0128976354797527,-0.003));
#7899=CARTESIAN_POINT('',(0.00855695794313824,-0.0129639204880957,-0.003));
#7900=CARTESIAN_POINT('',(0.00865999813923605,-0.0130313921804383,-0.003));
#7901=CARTESIAN_POINT('',(0.00876922620025834,-0.0130998296799235,-0.003));
#7902=CARTESIAN_POINT('',(0.00888469718779438,-0.0131690199225983,-0.003));
#7903=CARTESIAN_POINT('',(0.00900657092587998,-0.0132387060276406,-0.003));
#7904=CARTESIAN_POINT('',(0.00912826031090876,-0.0133053307323283,-0.003));
#7905=CARTESIAN_POINT('',(0.0092109606683945,-0.0133481026965325,-0.003));
#7906=CARTESIAN_POINT('',(0.0092495607553399,-0.0133679901942317,-0.003));
#7907=CARTESIAN_POINT('',(0.00762367700842265,-0.012131291821509,-0.003));
#7908=CARTESIAN_POINT('',(0.00731332002431423,-0.012338880586824,-0.003));
#7909=CARTESIAN_POINT('',(0.00712294189676278,-0.0120176785917806,-0.003));
#7910=CARTESIAN_POINT('',(-1.00894297327227E-15,1.74407104469522E-15,-0.003));
#7911=CARTESIAN_POINT('',(0.00684614400661701,-0.0121774879281674,-0.003));
#7912=CARTESIAN_POINT('',(0.00702912403029509,-0.0125029612204735,-0.003));
#7913=CARTESIAN_POINT('',(0.00669416839393788,-0.0126679438702959,-0.003));
#7914=CARTESIAN_POINT('',(0.00652705623899532,-0.012351454847628,-0.003));
#7915=CARTESIAN_POINT('',(0.00660297513578583,-0.0124947275870969,-0.003));
#7916=CARTESIAN_POINT('',(0.00669072556846971,-0.0126603285825235,-0.003));
#7917=CARTESIAN_POINT('',(0.00669572104040243,-0.0126712230855698,-0.003));
#7918=CARTESIAN_POINT('',(0.00670261219197893,-0.0126858232532308,-0.003));
#7919=CARTESIAN_POINT('',(0.00671041775609272,-0.0127035846865137,-0.003));
#7920=CARTESIAN_POINT('',(0.00672045953746758,-0.012727549145283,-0.003));
#7921=CARTESIAN_POINT('',(0.00673200255074105,-0.0127567942493743,-0.003));
#7922=CARTESIAN_POINT('',(0.00674499406532344,-0.0127917103237615,-0.003));
#7923=CARTESIAN_POINT('',(0.00675916294225714,-0.012832264635846,-0.003));
#7924=CARTESIAN_POINT('',(0.00677430252419133,-0.0128785460397734,-0.003));
#7925=CARTESIAN_POINT('',(0.00679018437095602,-0.0129305983713198,-0.003));
#7926=CARTESIAN_POINT('',(0.00680658429040648,-0.0129884702096285,-0.003));
#7927=CARTESIAN_POINT('',(0.00682327487046732,-0.0130522000993157,-0.003));
#7928=CARTESIAN_POINT('',(0.0068400278835309,-0.0131218207968146,-0.003));
#7929=CARTESIAN_POINT('',(0.00685661381926475,-0.0131973579866636,-0.003));
#7930=CARTESIAN_POINT('',(0.00687280224954448,-0.0132788306044982,-0.003));
#7931=CARTESIAN_POINT('',(0.00688836195712509,-0.013366250705938,-0.003));
#7932=CARTESIAN_POINT('',(0.00690306113042156,-0.0134596234738735,-0.003));
#7933=CARTESIAN_POINT('',(0.00691666755072184,-0.0135589471843212,-0.003));
#7934=CARTESIAN_POINT('',(0.0069289487425031,-0.0136642132231726,-0.003));
#7935=CARTESIAN_POINT('',(0.00693967228958655,-0.0137754059660636,-0.003));
#7936=CARTESIAN_POINT('',(0.00694860550376336,-0.0138925032019206,-0.003));
#7937=CARTESIAN_POINT('',(0.00695551760531941,-0.0140154744755235,-0.003));
#7938=CARTESIAN_POINT('',(0.00696017218793394,-0.0141442875009175,-0.003));
#7939=CARTESIAN_POINT('',(0.00696235720201629,-0.0142788834308612,-0.003));
#7940=CARTESIAN_POINT('',(0.00696177027023099,-0.0144192722366187,-0.003));
#7941=CARTESIAN_POINT('',(0.00695862426449571,-0.0145579706877683,-0.003));
#7942=CARTESIAN_POINT('',(0.00695431569332348,-0.0146509772803552,-0.003));
#7943=CARTESIAN_POINT('',(0.00695223872807594,-0.0146943496850878,-0.003));
#7944=CARTESIAN_POINT('',(0.00481146665819509,-0.0131152845412167,-0.003));
#7945=CARTESIAN_POINT('',(0.00486713939571986,-0.013267571451558,-0.003));
#7946=CARTESIAN_POINT('',(0.00493148841833507,-0.0134435914260239,-0.003));
#7947=CARTESIAN_POINT('',(0.00493624198873667,-0.0134545936305709,-0.003));
#7948=CARTESIAN_POINT('',(0.00494248094735212,-0.0134694841732465,-0.003));
#7949=CARTESIAN_POINT('',(0.00495045732274094,-0.0134871695564499,-0.003));
#7950=CARTESIAN_POINT('',(0.00496154712301044,-0.0135106674071446,-0.003));
#7951=CARTESIAN_POINT('',(0.00497555668731553,-0.0135388143319628,-0.003));
#7952=CARTESIAN_POINT('',(0.00499281136729238,-0.0135718323228263,-0.003));
#7953=CARTESIAN_POINT('',(0.00501346826525467,-0.0136094979818379,-0.003));
#7954=CARTESIAN_POINT('',(0.00503773169345952,-0.0136517171876853,-0.003));
#7955=CARTESIAN_POINT('',(0.0050657870845465,-0.0136983495080975,-0.003));
#7956=CARTESIAN_POINT('',(0.00509782055368036,-0.013749260841634,-0.003));
#7957=CARTESIAN_POINT('',(0.00513401291347303,-0.01380430797957,-0.003));
#7958=CARTESIAN_POINT('',(0.00517454122077588,-0.0138633432340719,-0.003));
#7959=CARTESIAN_POINT('',(0.00521957813530867,-0.0139262132320345,-0.003));
#7960=CARTESIAN_POINT('',(0.00526929191550147,-0.0139927594024028,-0.003));
#7961=CARTESIAN_POINT('',(0.00532384623496097,-0.0140628179840616,-0.003));
#7962=CARTESIAN_POINT('',(0.00538340005755194,-0.0141362201754618,-0.003));
#7963=CARTESIAN_POINT('',(0.00544810748675247,-0.0142127922508989,-0.003));
#7964=CARTESIAN_POINT('',(0.00551811767751996,-0.0142923556834275,-0.003));
#7965=CARTESIAN_POINT('',(0.00559357453546776,-0.0143747272994267,-0.003));
#7966=CARTESIAN_POINT('',(0.00567461725335377,-0.014459719315749,-0.003));
#7967=CARTESIAN_POINT('',(0.00576137762030871,-0.0145471398511242,-0.003));
#7968=CARTESIAN_POINT('',(0.00585398982989716,-0.0146367916178978,-0.003));
#7969=CARTESIAN_POINT('',(0.0059525520389673,-0.0147284776560233,-0.003));
#7970=CARTESIAN_POINT('',(0.00605727398754232,-0.0148219799274267,-0.003));
#7971=CARTESIAN_POINT('',(0.00616245211254116,-0.0149124493682623,-0.003));
#7972=CARTESIAN_POINT('',(0.00623445247739836,-0.0149714810335835,-0.003));
#7973=CARTESIAN_POINT('',(0.00626807421655936,-0.0149989593510851,-0.003));
#7974=CARTESIAN_POINT('',(0.00493484398014449,-0.0134512455660803,-0.003));
#7975=CARTESIAN_POINT('',(0.00458810890957646,-0.0135897711734894,-0.003));
#7976=CARTESIAN_POINT('',(0.00446867265076331,-0.0132360063742928,-0.003));
#7977=CARTESIAN_POINT('',(-6.24282388774621E-16,1.91572994738967E-15,-0.003));
#7978=CARTESIAN_POINT('',(0.00416469722929241,-0.0133347739758994,-0.003));
#7979=CARTESIAN_POINT('',(0.00427600899791595,-0.0136911785819804,-0.003));
#7980=CARTESIAN_POINT('',(0.00391407112418072,-0.0137829147723628,-0.003));
#7981=CARTESIAN_POINT('',(0.00381641253859835,-0.0134385972234913,-0.003));
#7982=CARTESIAN_POINT('',(0.00386088434783326,-0.0135945235360502,-0.003));
#7983=CARTESIAN_POINT('',(0.00391228684006609,-0.0137747500932352,-0.003));
#7984=CARTESIAN_POINT('',(0.00391490805440265,-0.013786445142267,-0.003));
#7985=CARTESIAN_POINT('',(0.00391861307223888,-0.0138021590122109,-0.003));
#7986=CARTESIAN_POINT('',(0.00392255525642396,-0.0138211551835948,-0.003));
#7987=CARTESIAN_POINT('',(0.00392739510964061,-0.0138466837651874,-0.003));
#7988=CARTESIAN_POINT('',(0.00393260548133954,-0.0138776897209943,-0.003));
#7989=CARTESIAN_POINT('',(0.00393805364009563,-0.0139145438831464,-0.003));
#7990=CARTESIAN_POINT('',(0.00394348117747799,-0.0139571578613714,-0.003));
#7991=CARTESIAN_POINT('',(0.00394866747827906,-0.0140055756016599,-0.003));
#7992=CARTESIAN_POINT('',(0.00395337998032434,-0.0140597924864887,-0.003));
#7993=CARTESIAN_POINT('',(0.00395738929043354,-0.0141198094212627,-0.003));
#7994=CARTESIAN_POINT('',(0.00396046495215442,-0.0141856168266764,-0.003));
#7995=CARTESIAN_POINT('',(0.00396237691475472,-0.0142571992921687,-0.003));
#7996=CARTESIAN_POINT('',(0.00396289534313757,-0.0143345342231279,-0.003));
#7997=CARTESIAN_POINT('',(0.003961790907646,-0.0144175922326994,-0.003));
#7998=CARTESIAN_POINT('',(0.00395883493718229,-0.0145063370402904,-0.003));
#7999=CARTESIAN_POINT('',(0.00395379960821719,-0.0146007255191941,-0.003));
#8000=CARTESIAN_POINT('',(0.003946458135011,-0.0147007077021151,-0.003));
#8001=CARTESIAN_POINT('',(0.00393658491316273,-0.0148062268288048,-0.003));
#8002=CARTESIAN_POINT('',(0.00392395585383263,-0.0149172192942883,-0.003));
#8003=CARTESIAN_POINT('',(0.00390834797154938,-0.0150336149942584,-0.003));
#8004=CARTESIAN_POINT('',(0.00388954186168568,-0.0151553361572139,-0.003));
#8005=CARTESIAN_POINT('',(0.00386731299659347,-0.0152823020510877,-0.003));
#8006=CARTESIAN_POINT('',(0.00384146619550391,-0.015414411027003,-0.003));
#8007=CARTESIAN_POINT('',(0.0038117036156094,-0.0155516099705447,-0.003));
#8008=CARTESIAN_POINT('',(0.00377978932815521,-0.0156866234363905,-0.003));
#8009=CARTESIAN_POINT('',(0.00375623775167858,-0.0157767018094643,-0.003));
#8010=CARTESIAN_POINT('',(0.00374518854310212,-0.0158186945977352,-0.003));
#8011=CARTESIAN_POINT('',(0.00197950358320385,-0.0138290442751509,-0.003));
#8012=CARTESIAN_POINT('',(0.0020022975088215,-0.0139895783641157,-0.003));
#8013=CARTESIAN_POINT('',(0.00202864374039323,-0.0141751307939151,-0.003));
#8014=CARTESIAN_POINT('',(0.00203100594692639,-0.0141868808967551,-0.003));
#8015=CARTESIAN_POINT('',(0.0020340126514223,-0.0142027431977815,-0.003));
#8016=CARTESIAN_POINT('',(0.00203813772594683,-0.0142217004946237,-0.003));
#8017=CARTESIAN_POINT('',(0.00204409970960454,-0.014246990560028,-0.003));
#8018=CARTESIAN_POINT('',(0.00205195105658661,-0.0142774351592093,-0.003));
#8019=CARTESIAN_POINT('',(0.00206196385409958,-0.0143133190774419,-0.003));
#8020=CARTESIAN_POINT('',(0.00207433821842911,-0.0143544564620166,-0.003));
#8021=CARTESIAN_POINT('',(0.00208929356604056,-0.0144007977273042,-0.003));
#8022=CARTESIAN_POINT('',(0.00210704047493627,-0.0144522440634295,-0.003));
#8023=CARTESIAN_POINT('',(0.00212778887447539,-0.0145087029949088,-0.003));
#8024=CARTESIAN_POINT('',(0.00215174540084853,-0.0145700720355273,-0.003));
#8025=CARTESIAN_POINT('',(0.00217911394781727,-0.0146362435369744,-0.003));
#8026=CARTESIAN_POINT('',(0.00221009529013385,-0.0147071033756894,-0.003));
#8027=CARTESIAN_POINT('',(0.00224488697815413,-0.01478253142867,-0.003));
#8028=CARTESIAN_POINT('',(0.00228368315667412,-0.0148624015430306,-0.003));
#8029=CARTESIAN_POINT('',(0.00232667441163226,-0.0149465816563868,-0.003));
#8030=CARTESIAN_POINT('',(0.00237404759858086,-0.0150349338792725,-0.003));
#8031=CARTESIAN_POINT('',(0.00242598573092272,-0.0151273145970433,-0.003));
#8032=CARTESIAN_POINT('',(0.0024826676535255,-0.0152235745585212,-0.003));
#8033=CARTESIAN_POINT('',(0.00254426855976305,-0.0153235590238726,-0.003));
#8034=CARTESIAN_POINT('',(0.00261095725321676,-0.0154271077053942,-0.003));
#8035=CARTESIAN_POINT('',(0.00268290601340967,-0.0155340555270512,-0.003));
#8036=CARTESIAN_POINT('',(0.00276025180252359,-0.015644230240803,-0.003));
#8037=CARTESIAN_POINT('',(0.00284324510992364,-0.0157574621806334,-0.003));
#8038=CARTESIAN_POINT('',(0.00292731518612945,-0.0158678224089321,-0.003));
#8039=CARTESIAN_POINT('',(0.00298546879691777,-0.0159405338083302,-0.003));
#8040=CARTESIAN_POINT('',(0.00301264275695802,-0.0159744020113038,-0.003));
#8041=CARTESIAN_POINT('',(0.00203033458992535,-0.0141833153331764,-0.003));
#8042=CARTESIAN_POINT('',(0.00166237541930098,-0.0142467235489161,-0.003));
#8043=CARTESIAN_POINT('',(0.00161910096685505,-0.0138758571648431,-0.003));
#8044=CARTESIAN_POINT('',(-2.12337668248261E-16,2.00366225869099E-15,-0.003));
#8045=CARTESIAN_POINT('',(0.00130123319861319,-0.0139092664135398,-0.003));
#8046=CARTESIAN_POINT('',(0.00133601185376021,-0.0142810257418908,-0.003));
#8047=CARTESIAN_POINT('',(0.000962910164499806,-0.0142955061611146,-0.003));
#8048=CARTESIAN_POINT('',(0.000938973297085446,-0.0139384084151441,-0.003));
#8049=CARTESIAN_POINT('',(0.000950054387301793,-0.0141001735727166,-0.003));
#8050=CARTESIAN_POINT('',(0.000962862403516475,-0.014287148926288,-0.003));
#8051=CARTESIAN_POINT('',(0.000962994800612371,-0.0142991333915437,-0.003));
#8052=CARTESIAN_POINT('',(0.000963351757650243,-0.0143152741922503,-0.003));
#8053=CARTESIAN_POINT('',(0.00096325826954103,-0.0143346748778921,-0.003));
#8054=CARTESIAN_POINT('',(0.000962684669789716,-0.0143606518607926,-0.003));
#8055=CARTESIAN_POINT('',(0.000961334681668719,-0.0143920635592633,-0.003));
#8056=CARTESIAN_POINT('',(0.000959001373917693,-0.0144292451054482,-0.003));
#8057=CARTESIAN_POINT('',(0.000955450362320892,-0.0144720563144809,-0.003));
#8058=CARTESIAN_POINT('',(0.0009504567157572,-0.0145204943035456,-0.003));
#8059=CARTESIAN_POINT('',(0.000943793914130611,-0.0145745062036284,-0.003));
#8060=CARTESIAN_POINT('',(0.000935237388807971,-0.0146340452068248,-0.003));
#8061=CARTESIAN_POINT('',(0.000924563711013023,-0.0146990540285695,-0.003));
#8062=CARTESIAN_POINT('',(0.000911551061209797,-0.0147694697648224,-0.003));
#8063=CARTESIAN_POINT('',(0.00089597932443363,-0.0148452225293147,-0.003));
#8064=CARTESIAN_POINT('',(0.000877630292301406,-0.0149262358970484,-0.003));
#8065=CARTESIAN_POINT('',(0.000856287833886953,-0.0150124268368539,-0.003));
#8066=CARTESIAN_POINT('',(0.000831738070698246,-0.0151037057972716,-0.003));
#8067=CARTESIAN_POINT('',(0.000803769561593007,-0.0151999767515046,-0.003));
#8068=CARTESIAN_POINT('',(0.000772173433286925,-0.0153011372738593,-0.003));
#8069=CARTESIAN_POINT('',(0.000736743718036959,-0.0154070785585927,-0.003));
#8070=CARTESIAN_POINT('',(0.000697276878644382,-0.0155176856720586,-0.003));
#8071=CARTESIAN_POINT('',(0.000653574474603681,-0.0156328369254626,-0.003));
#8072=CARTESIAN_POINT('',(0.000605433669875203,-0.0157524066690041,-0.003));
#8073=CARTESIAN_POINT('',(0.000552684682848057,-0.0158762548947142,-0.003));
#8074=CARTESIAN_POINT('',(0.000495047222402429,-0.0160042677238538,-0.003));
#8075=CARTESIAN_POINT('',(0.000435759460732828,-0.0161296954680717,-0.003));
#8076=CARTESIAN_POINT('',(0.000393994195856826,-0.0162129087644851,-0.003));
#8077=CARTESIAN_POINT('',(0.000374455647386203,-0.0162516866499431,-0.003));
#8078=CARTESIAN_POINT('',(-0.000938973297085451,-0.0139384084151441,-0.003));
#8079=CARTESIAN_POINT('',(-0.000950054387301799,-0.0141001735727166,-0.003));
#8080=CARTESIAN_POINT('',(-0.00096286240351648,-0.014287148926288,-0.003));
#8081=CARTESIAN_POINT('',(-0.000962994800612377,-0.0142991333915437,-0.003));
#8082=CARTESIAN_POINT('',(-0.000963351757650249,-0.0143152741922503,-0.003));
#8083=CARTESIAN_POINT('',(-0.000963258269541036,-0.0143346748778921,-0.003));
#8084=CARTESIAN_POINT('',(-0.000962684669789722,-0.0143606518607926,-0.003));
#8085=CARTESIAN_POINT('',(-0.000961334681668725,-0.0143920635592633,-0.003));
#8086=CARTESIAN_POINT('',(-0.000959001373917698,-0.0144292451054482,-0.003));
#8087=CARTESIAN_POINT('',(-0.000955450362320898,-0.0144720563144809,-0.003));
#8088=CARTESIAN_POINT('',(-0.000950456715757206,-0.0145204943035456,-0.003));
#8089=CARTESIAN_POINT('',(-0.000943793914130617,-0.0145745062036284,-0.003));
#8090=CARTESIAN_POINT('',(-0.000935237388807976,-0.0146340452068248,-0.003));
#8091=CARTESIAN_POINT('',(-0.000924563711013029,-0.0146990540285695,-0.003));
#8092=CARTESIAN_POINT('',(-0.000911551061209803,-0.0147694697648224,-0.003));
#8093=CARTESIAN_POINT('',(-0.000895979324433636,-0.0148452225293147,-0.003));
#8094=CARTESIAN_POINT('',(-0.000877630292301412,-0.0149262358970484,-0.003));
#8095=CARTESIAN_POINT('',(-0.000856287833886959,-0.0150124268368539,-0.003));
#8096=CARTESIAN_POINT('',(-0.000831738070698251,-0.0151037057972716,-0.003));
#8097=CARTESIAN_POINT('',(-0.000803769561593012,-0.0151999767515046,-0.003));
#8098=CARTESIAN_POINT('',(-0.000772173433286931,-0.0153011372738593,-0.003));
#8099=CARTESIAN_POINT('',(-0.000736743718036965,-0.0154070785585927,-0.003));
#8100=CARTESIAN_POINT('',(-0.000697276878644387,-0.0155176856720586,-0.003));
#8101=CARTESIAN_POINT('',(-0.000653574474603687,-0.0156328369254626,-0.003));
#8102=CARTESIAN_POINT('',(-0.000605433669875209,-0.0157524066690041,-0.003));
#8103=CARTESIAN_POINT('',(-0.000552684682848063,-0.0158762548947142,-0.003));
#8104=CARTESIAN_POINT('',(-0.000495047222402435,-0.0160042677238538,-0.003));
#8105=CARTESIAN_POINT('',(-0.000435759460732834,-0.0161296954680717,-0.003));
#8106=CARTESIAN_POINT('',(-0.000393994195856832,-0.0162129087644851,-0.003));
#8107=CARTESIAN_POINT('',(-0.000374455647386208,-0.0162516866499431,-0.003));
#8108=CARTESIAN_POINT('',(-0.000962910164499812,-0.0142955061611146,-0.003));
#8109=CARTESIAN_POINT('',(-0.00133601185376022,-0.0142810257418909,-0.003));
#8110=CARTESIAN_POINT('',(-0.0013012331986132,-0.0139092664135398,-0.003));
#8111=CARTESIAN_POINT('',(2.08887227289725E-16,2.00402491464926E-15,-0.003));
#8112=CARTESIAN_POINT('',(-0.00161910096685506,-0.0138758571648431,-0.003));
#8113=CARTESIAN_POINT('',(-0.00166237541930098,-0.0142467235489161,-0.003));
#8114=CARTESIAN_POINT('',(-0.00203033458992535,-0.0141833153331764,-0.003));
#8115=CARTESIAN_POINT('',(-0.00197950358320385,-0.0138290442751509,-0.003));
#8116=CARTESIAN_POINT('',(-0.0020022975088215,-0.0139895783641157,-0.003));
#8117=CARTESIAN_POINT('',(-0.00202864374039324,-0.0141751307939151,-0.003));
#8118=CARTESIAN_POINT('',(-0.00203100594692639,-0.0141868808967551,-0.003));
#8119=CARTESIAN_POINT('',(-0.0020340126514223,-0.0142027431977815,-0.003));
#8120=CARTESIAN_POINT('',(-0.00203813772594683,-0.0142217004946237,-0.003));
#8121=CARTESIAN_POINT('',(-0.00204409970960455,-0.014246990560028,-0.003));
#8122=CARTESIAN_POINT('',(-0.00205195105658662,-0.0142774351592093,-0.003));
#8123=CARTESIAN_POINT('',(-0.00206196385409958,-0.0143133190774419,-0.003));
#8124=CARTESIAN_POINT('',(-0.00207433821842912,-0.0143544564620166,-0.003));
#8125=CARTESIAN_POINT('',(-0.00208929356604056,-0.0144007977273042,-0.003));
#8126=CARTESIAN_POINT('',(-0.00210704047493628,-0.0144522440634295,-0.003));
#8127=CARTESIAN_POINT('',(-0.00212778887447539,-0.0145087029949088,-0.003));
#8128=CARTESIAN_POINT('',(-0.00215174540084854,-0.0145700720355273,-0.003));
#8129=CARTESIAN_POINT('',(-0.00217911394781728,-0.0146362435369744,-0.003));
#8130=CARTESIAN_POINT('',(-0.00221009529013386,-0.0147071033756894,-0.003));
#8131=CARTESIAN_POINT('',(-0.00224488697815413,-0.01478253142867,-0.003));
#8132=CARTESIAN_POINT('',(-0.00228368315667413,-0.0148624015430306,-0.003));
#8133=CARTESIAN_POINT('',(-0.00232667441163227,-0.0149465816563868,-0.003));
#8134=CARTESIAN_POINT('',(-0.00237404759858087,-0.0150349338792725,-0.003));
#8135=CARTESIAN_POINT('',(-0.00242598573092272,-0.0151273145970433,-0.003));
#8136=CARTESIAN_POINT('',(-0.00248266765352551,-0.0152235745585212,-0.003));
#8137=CARTESIAN_POINT('',(-0.00254426855976306,-0.0153235590238726,-0.003));
#8138=CARTESIAN_POINT('',(-0.00261095725321677,-0.0154271077053942,-0.003));
#8139=CARTESIAN_POINT('',(-0.00268290601340968,-0.0155340555270512,-0.003));
#8140=CARTESIAN_POINT('',(-0.00276025180252359,-0.015644230240803,-0.003));
#8141=CARTESIAN_POINT('',(-0.00284324510992365,-0.0157574621806334,-0.003));
#8142=CARTESIAN_POINT('',(-0.00292731518612945,-0.0158678224089321,-0.003));
#8143=CARTESIAN_POINT('',(-0.00298546879691778,-0.0159405338083302,-0.003));
#8144=CARTESIAN_POINT('',(-0.00301264275695803,-0.0159744020113038,-0.003));
#8145=CARTESIAN_POINT('',(-0.00381641253859835,-0.0134385972234913,-0.003));
#8146=CARTESIAN_POINT('',(-0.00386088434783327,-0.0135945235360502,-0.003));
#8147=CARTESIAN_POINT('',(-0.0039122868400661,-0.0137747500932352,-0.003));
#8148=CARTESIAN_POINT('',(-0.00391490805440266,-0.013786445142267,-0.003));
#8149=CARTESIAN_POINT('',(-0.00391861307223889,-0.0138021590122109,-0.003));
#8150=CARTESIAN_POINT('',(-0.00392255525642396,-0.0138211551835948,-0.003));
#8151=CARTESIAN_POINT('',(-0.00392739510964062,-0.0138466837651874,-0.003));
#8152=CARTESIAN_POINT('',(-0.00393260548133955,-0.0138776897209943,-0.003));
#8153=CARTESIAN_POINT('',(-0.00393805364009563,-0.0139145438831464,-0.003));
#8154=CARTESIAN_POINT('',(-0.00394348117747799,-0.0139571578613714,-0.003));
#8155=CARTESIAN_POINT('',(-0.00394866747827906,-0.0140055756016599,-0.003));
#8156=CARTESIAN_POINT('',(-0.00395337998032435,-0.0140597924864887,-0.003));
#8157=CARTESIAN_POINT('',(-0.00395738929043354,-0.0141198094212627,-0.003));
#8158=CARTESIAN_POINT('',(-0.00396046495215443,-0.0141856168266764,-0.003));
#8159=CARTESIAN_POINT('',(-0.00396237691475473,-0.0142571992921687,-0.003));
#8160=CARTESIAN_POINT('',(-0.00396289534313757,-0.0143345342231279,-0.003));
#8161=CARTESIAN_POINT('',(-0.00396179090764601,-0.0144175922326994,-0.003));
#8162=CARTESIAN_POINT('',(-0.00395883493718229,-0.0145063370402904,-0.003));
#8163=CARTESIAN_POINT('',(-0.0039537996082172,-0.0146007255191941,-0.003));
#8164=CARTESIAN_POINT('',(-0.00394645813501101,-0.0147007077021151,-0.003));
#8165=CARTESIAN_POINT('',(-0.00393658491316273,-0.0148062268288048,-0.003));
#8166=CARTESIAN_POINT('',(-0.00392395585383263,-0.0149172192942883,-0.003));
#8167=CARTESIAN_POINT('',(-0.00390834797154939,-0.0150336149942584,-0.003));
#8168=CARTESIAN_POINT('',(-0.00388954186168568,-0.0151553361572139,-0.003));
#8169=CARTESIAN_POINT('',(-0.00386731299659348,-0.0152823020510877,-0.003));
#8170=CARTESIAN_POINT('',(-0.00384146619550392,-0.015414411027003,-0.003));
#8171=CARTESIAN_POINT('',(-0.00381170361560941,-0.0155516099705447,-0.003));
#8172=CARTESIAN_POINT('',(-0.00377978932815522,-0.0156866234363905,-0.003));
#8173=CARTESIAN_POINT('',(-0.00375623775167859,-0.0157767018094643,-0.003));
#8174=CARTESIAN_POINT('',(-0.00374518854310212,-0.0158186945977352,-0.003));
#8175=CARTESIAN_POINT('',(-0.00391407112418073,-0.0137829147723629,-0.003));
#8176=CARTESIAN_POINT('',(-0.00427600899791596,-0.0136911785819804,-0.003));
#8177=CARTESIAN_POINT('',(-0.00416469722929242,-0.0133347739758994,-0.003));
#8178=CARTESIAN_POINT('',(6.20982748643026E-16,1.9168020654589E-15,-0.003));
#8179=CARTESIAN_POINT('',(-0.00446867265076332,-0.0132360063742928,-0.003));
#8180=CARTESIAN_POINT('',(-0.00458810890957645,-0.0135897711734893,-0.003));
#8181=CARTESIAN_POINT('',(-0.00493484398014449,-0.0134512455660803,-0.003));
#8182=CARTESIAN_POINT('',(-0.0048114666581951,-0.0131152845412167,-0.003));
#8183=CARTESIAN_POINT('',(-0.00486713939571986,-0.013267571451558,-0.003));
#8184=CARTESIAN_POINT('',(-0.00493148841833508,-0.0134435914260239,-0.003));
#8185=CARTESIAN_POINT('',(-0.00493624198873667,-0.0134545936305709,-0.003));
#8186=CARTESIAN_POINT('',(-0.00494248094735213,-0.0134694841732464,-0.003));
#8187=CARTESIAN_POINT('',(-0.00495045732274094,-0.0134871695564499,-0.003));
#8188=CARTESIAN_POINT('',(-0.00496154712301044,-0.0135106674071446,-0.003));
#8189=CARTESIAN_POINT('',(-0.00497555668731553,-0.0135388143319628,-0.003));
#8190=CARTESIAN_POINT('',(-0.00499281136729239,-0.0135718323228263,-0.003));
#8191=CARTESIAN_POINT('',(-0.00501346826525467,-0.0136094979818379,-0.003));
#8192=CARTESIAN_POINT('',(-0.00503773169345953,-0.0136517171876853,-0.003));
#8193=CARTESIAN_POINT('',(-0.0050657870845465,-0.0136983495080975,-0.003));
#8194=CARTESIAN_POINT('',(-0.00509782055368037,-0.013749260841634,-0.003));
#8195=CARTESIAN_POINT('',(-0.00513401291347304,-0.01380430797957,-0.003));
#8196=CARTESIAN_POINT('',(-0.00517454122077588,-0.0138633432340719,-0.003));
#8197=CARTESIAN_POINT('',(-0.00521957813530867,-0.0139262132320345,-0.003));
#8198=CARTESIAN_POINT('',(-0.00526929191550148,-0.0139927594024028,-0.003));
#8199=CARTESIAN_POINT('',(-0.00532384623496098,-0.0140628179840616,-0.003));
#8200=CARTESIAN_POINT('',(-0.00538340005755194,-0.0141362201754618,-0.003));
#8201=CARTESIAN_POINT('',(-0.00544810748675248,-0.0142127922508989,-0.003));
#8202=CARTESIAN_POINT('',(-0.00551811767751996,-0.0142923556834275,-0.003));
#8203=CARTESIAN_POINT('',(-0.00559357453546777,-0.0143747272994267,-0.003));
#8204=CARTESIAN_POINT('',(-0.00567461725335377,-0.014459719315749,-0.003));
#8205=CARTESIAN_POINT('',(-0.00576137762030871,-0.0145471398511242,-0.003));
#8206=CARTESIAN_POINT('',(-0.00585398982989717,-0.0146367916178978,-0.003));
#8207=CARTESIAN_POINT('',(-0.0059525520389673,-0.0147284776560233,-0.003));
#8208=CARTESIAN_POINT('',(-0.00605727398754233,-0.0148219799274266,-0.003));
#8209=CARTESIAN_POINT('',(-0.00616245211254116,-0.0149124493682623,-0.003));
#8210=CARTESIAN_POINT('',(-0.00623445247739836,-0.0149714810335835,-0.003));
#8211=CARTESIAN_POINT('',(-0.00626807421655936,-0.014998959351085,-0.003));
#8212=CARTESIAN_POINT('',(-0.00652705623899532,-0.012351454847628,-0.003));
#8213=CARTESIAN_POINT('',(-0.00660297513578584,-0.0124947275870969,-0.003));
#8214=CARTESIAN_POINT('',(-0.00669072556846972,-0.0126603285825235,-0.003));
#8215=CARTESIAN_POINT('',(-0.00669572104040244,-0.0126712230855698,-0.003));
#8216=CARTESIAN_POINT('',(-0.00670261219197894,-0.0126858232532308,-0.003));
#8217=CARTESIAN_POINT('',(-0.00671041775609272,-0.0127035846865137,-0.003));
#8218=CARTESIAN_POINT('',(-0.00672045953746758,-0.012727549145283,-0.003));
#8219=CARTESIAN_POINT('',(-0.00673200255074106,-0.0127567942493743,-0.003));
#8220=CARTESIAN_POINT('',(-0.00674499406532345,-0.0127917103237615,-0.003));
#8221=CARTESIAN_POINT('',(-0.00675916294225715,-0.012832264635846,-0.003));
#8222=CARTESIAN_POINT('',(-0.00677430252419134,-0.0128785460397734,-0.003));
#8223=CARTESIAN_POINT('',(-0.00679018437095602,-0.0129305983713198,-0.003));
#8224=CARTESIAN_POINT('',(-0.00680658429040648,-0.0129884702096285,-0.003));
#8225=CARTESIAN_POINT('',(-0.00682327487046732,-0.0130522000993157,-0.003));
#8226=CARTESIAN_POINT('',(-0.00684002788353091,-0.0131218207968146,-0.003));
#8227=CARTESIAN_POINT('',(-0.00685661381926475,-0.0131973579866636,-0.003));
#8228=CARTESIAN_POINT('',(-0.00687280224954449,-0.0132788306044982,-0.003));
#8229=CARTESIAN_POINT('',(-0.00688836195712509,-0.013366250705938,-0.003));
#8230=CARTESIAN_POINT('',(-0.00690306113042156,-0.0134596234738735,-0.003));
#8231=CARTESIAN_POINT('',(-0.00691666755072185,-0.0135589471843212,-0.003));
#8232=CARTESIAN_POINT('',(-0.00692894874250311,-0.0136642132231726,-0.003));
#8233=CARTESIAN_POINT('',(-0.00693967228958656,-0.0137754059660636,-0.003));
#8234=CARTESIAN_POINT('',(-0.00694860550376336,-0.0138925032019206,-0.003));
#8235=CARTESIAN_POINT('',(-0.00695551760531942,-0.0140154744755235,-0.003));
#8236=CARTESIAN_POINT('',(-0.00696017218793395,-0.0141442875009175,-0.003));
#8237=CARTESIAN_POINT('',(-0.00696235720201629,-0.0142788834308612,-0.003));
#8238=CARTESIAN_POINT('',(-0.006961770270231,-0.0144192722366187,-0.003));
#8239=CARTESIAN_POINT('',(-0.00695862426449571,-0.0145579706877683,-0.003));
#8240=CARTESIAN_POINT('',(-0.00695431569332349,-0.0146509772803552,-0.003));
#8241=CARTESIAN_POINT('',(-0.00695223872807595,-0.0146943496850878,-0.003));
#8242=CARTESIAN_POINT('',(-0.00669416839393789,-0.0126679438702959,-0.003));
#8243=CARTESIAN_POINT('',(-0.00702912403029511,-0.0125029612204735,-0.003));
#8244=CARTESIAN_POINT('',(-0.00684614400661701,-0.0121774879281674,-0.003));
#8245=CARTESIAN_POINT('',(1.00593834407479E-15,1.7458057681712E-15,-0.003));
#8246=CARTESIAN_POINT('',(-0.00712294189676278,-0.0120176785917806,-0.003));
#8247=CARTESIAN_POINT('',(-0.00731332002431422,-0.012338880586824,-0.003));
#8248=CARTESIAN_POINT('',(-0.00762367700842265,-0.012131291821509,-0.003));
#8249=CARTESIAN_POINT('',(-0.00743314555224462,-0.0118283239387136,-0.003));
#8250=CARTESIAN_POINT('',(-0.00751926393589924,-0.011965708001696,-0.003));
#8251=CARTESIAN_POINT('',(-0.00761880338848878,-0.0121245026033066,-0.003));
#8252=CARTESIAN_POINT('',(-0.0076257405689221,-0.0121342760604274,-0.003));
#8253=CARTESIAN_POINT('',(-0.00763493910922775,-0.0121475440565844,-0.003));
#8254=CARTESIAN_POINT('',(-0.00764641817960147,-0.0121631845900393,-0.003));
#8255=CARTESIAN_POINT('',(-0.00766215111899621,-0.0121838632571938,-0.003));
#8256=CARTESIAN_POINT('',(-0.00768170661543884,-0.0122084823519705,-0.003));
#8257=CARTESIAN_POINT('',(-0.00770544906556745,-0.0122371913708261,-0.003));
#8258=CARTESIAN_POINT('',(-0.00773348569159874,-0.012269739134236,-0.003));
#8259=CARTESIAN_POINT('',(-0.00776599677215561,-0.0123059910987574,-0.003));
#8260=CARTESIAN_POINT('',(-0.00780313449021865,-0.0123457713472879,-0.003));
#8261=CARTESIAN_POINT('',(-0.00784505301263247,-0.0123889100133063,-0.003));
#8262=CARTESIAN_POINT('',(-0.00789189942605152,-0.0124352294244865,-0.003));
#8263=CARTESIAN_POINT('',(-0.00794381621218294,-0.0124845483081389,-0.003));
#8264=CARTESIAN_POINT('',(-0.00800094036965577,-0.0125366807447545,-0.003));
#8265=CARTESIAN_POINT('',(-0.00806340351127348,-0.0125914366455415,-0.003));
#8266=CARTESIAN_POINT('',(-0.00813133168613144,-0.0126486217983016,-0.003));
#8267=CARTESIAN_POINT('',(-0.00820484528853706,-0.0127080380397587,-0.003));
#8268=CARTESIAN_POINT('',(-0.00828405893483277,-0.0127694834006172,-0.003));
#8269=CARTESIAN_POINT('',(-0.00836908140274318,-0.0128327522441142,-0.003));
#8270=CARTESIAN_POINT('',(-0.00846001536926152,-0.0128976354797527,-0.003));
#8271=CARTESIAN_POINT('',(-0.00855695794313824,-0.0129639204880957,-0.003));
#8272=CARTESIAN_POINT('',(-0.00865999813923605,-0.0130313921804383,-0.003));
#8273=CARTESIAN_POINT('',(-0.00876922620025835,-0.0130998296799235,-0.003));
#8274=CARTESIAN_POINT('',(-0.00888469718779439,-0.0131690199225982,-0.003));
#8275=CARTESIAN_POINT('',(-0.00900657092587999,-0.0132387060276406,-0.003));
#8276=CARTESIAN_POINT('',(-0.00912826031090876,-0.0133053307323283,-0.003));
#8277=CARTESIAN_POINT('',(-0.0092109606683945,-0.0133481026965325,-0.003));
#8278=CARTESIAN_POINT('',(-0.00924956075533991,-0.0133679901942317,-0.003));
#8279=CARTESIAN_POINT('',(-0.00895243626145743,-0.0107244946260671,-0.003));
#8280=CARTESIAN_POINT('',(-0.0090564842257145,-0.0108488520862325,-0.003));
#8281=CARTESIAN_POINT('',(-0.00917674748386785,-0.0109925899617589,-0.003));
#8282=CARTESIAN_POINT('',(-0.00918389888730235,-0.0110022077767588,-0.003));
#8283=CARTESIAN_POINT('',(-0.0091936749962278,-0.0110150561447507,-0.003));
#8284=CARTESIAN_POINT('',(-0.00920500279966327,-0.0110308065800693,-0.003));
#8285=CARTESIAN_POINT('',(-0.00921980763516445,-0.0110521595541729,-0.003));
#8286=CARTESIAN_POINT('',(-0.00923717880494289,-0.0110783656551662,-0.003));
#8287=CARTESIAN_POINT('',(-0.00925714588382413,-0.0111098176417921,-0.003));
#8288=CARTESIAN_POINT('',(-0.00927943685239735,-0.0111465398696966,-0.003));
#8289=CARTESIAN_POINT('',(-0.00930386804308636,-0.0111886622178286,-0.003));
#8290=CARTESIAN_POINT('',(-0.00933022512165728,-0.0112362750594291,-0.003));
#8291=CARTESIAN_POINT('',(-0.00935829889527347,-0.0112894725242386,-0.003));
#8292=CARTESIAN_POINT('',(-0.00938787493523533,-0.01134833959621,-0.003));
#8293=CARTESIAN_POINT('',(-0.00941873681170144,-0.0114129557671576,-0.003));
#8294=CARTESIAN_POINT('',(-0.00945066536980655,-0.0114833938782324,-0.003));
#8295=CARTESIAN_POINT('',(-0.00948343915377367,-0.0115597203599817,-0.003));
#8296=CARTESIAN_POINT('',(-0.00951683450551355,-0.0116419950773492,-0.003));
#8297=CARTESIAN_POINT('',(-0.00955062575666409,-0.0117302712963055,-0.003));
#8298=CARTESIAN_POINT('',(-0.00958458540461286,-0.0118245956115253,-0.003));
#8299=CARTESIAN_POINT('',(-0.00961848426301113,-0.011925007931518,-0.003));
#8300=CARTESIAN_POINT('',(-0.00965209174604329,-0.0120315412953902,-0.003));
#8301=CARTESIAN_POINT('',(-0.00968517563235429,-0.0121442223560323,-0.003));
#8302=CARTESIAN_POINT('',(-0.00971750385332417,-0.0122630693055446,-0.003));
#8303=CARTESIAN_POINT('',(-0.00974883845605001,-0.0123880997151356,-0.003));
#8304=CARTESIAN_POINT('',(-0.009778959789704,-0.0125193001111062,-0.003));
#8305=CARTESIAN_POINT('',(-0.00980757415776335,-0.0126567431146076,-0.003));
#8306=CARTESIAN_POINT('',(-0.00983333392929381,-0.0127930647631969,-0.003));
#8307=CARTESIAN_POINT('',(-0.00984845666866103,-0.0128849347409056,-0.003));
#8308=CARTESIAN_POINT('',(-0.00985544272009013,-0.0129277911798892,-0.003));
#8309=CARTESIAN_POINT('',(-0.0091816983826961,-0.010999323033558,-0.003));
#8310=CARTESIAN_POINT('',(-0.00947503261307102,-0.0107683044577676,-0.003));
#8311=CARTESIAN_POINT('',(-0.00922838143940867,-0.0104879872239042,-0.003));
#8312=CARTESIAN_POINT('',(1.34692960684277E-15,1.49850938150889E-15,-0.003));
#8313=CARTESIAN_POINT('',(-0.0094659044022063,-0.0102741205875876,-0.003));
#8314=CARTESIAN_POINT('',(-0.00971890396078644,-0.0105487217099962,-0.003));
#8315=CARTESIAN_POINT('',(-0.00997931876897167,-0.010281142411941,-0.003));
#8316=CARTESIAN_POINT('',(-0.00972996031747136,-0.0100244088214933,-0.003));
#8317=CARTESIAN_POINT('',(-0.00984276056064826,-0.0101408856943224,-0.003));
#8318=CARTESIAN_POINT('',(-0.00997314009149068,-0.0102755148370064,-0.003));
#8319=CARTESIAN_POINT('',(-0.00998195769388251,-0.0102836323997265,-0.003));
#8320=CARTESIAN_POINT('',(-0.00999371379552751,-0.0102946979742661,-0.003));
#8321=CARTESIAN_POINT('',(-0.0100081938704281,-0.0103076100916087,-0.003));
#8322=CARTESIAN_POINT('',(-0.0100278823440015,-0.0103245658182412,-0.003));
#8323=CARTESIAN_POINT('',(-0.0100521291035495,-0.0103445811103991,-0.003));
#8324=CARTESIAN_POINT('',(-0.0100813216648303,-0.0103677264353618,-0.003));
#8325=CARTESIAN_POINT('',(-0.0101155126838384,-0.0103937338097274,-0.003));
#8326=CARTESIAN_POINT('',(-0.0101548505265214,-0.010422434148117,-0.003));
#8327=CARTESIAN_POINT('',(-0.0101994474750746,-0.0104536237370181,-0.003));
#8328=CARTESIAN_POINT('',(-0.0102494190101915,-0.0104871043688113,-0.003));
#8329=CARTESIAN_POINT('',(-0.0103048720641765,-0.0105226716727018,-0.003));
#8330=CARTESIAN_POINT('',(-0.0103659083164582,-0.0105601187136309,-0.003));
#8331=CARTESIAN_POINT('',(-0.0104326231170774,-0.0105992351512601,-0.003));
#8332=CARTESIAN_POINT('',(-0.0105051056810999,-0.0106398076868534,-0.003));
#8333=CARTESIAN_POINT('',(-0.0105834389241595,-0.0106816201451344,-0.003));
#8334=CARTESIAN_POINT('',(-0.0106676994091972,-0.0107244536617861,-0.003));
#8335=CARTESIAN_POINT('',(-0.0107579572561357,-0.0107680868509489,-0.003));
#8336=CARTESIAN_POINT('',(-0.0108542761113583,-0.0108122959533559,-0.003));
#8337=CARTESIAN_POINT('',(-0.0109567129357608,-0.0108568550998919,-0.003));
#8338=CARTESIAN_POINT('',(-0.0110653185099677,-0.0109015361273203,-0.003));
#8339=CARTESIAN_POINT('',(-0.0111801351841972,-0.0109461101399098,-0.003));
#8340=CARTESIAN_POINT('',(-0.0113012053062523,-0.0109903423249795,-0.003));
#8341=CARTESIAN_POINT('',(-0.0114285384360076,-0.011034012826587,-0.003));
#8342=CARTESIAN_POINT('',(-0.0115622374964344,-0.0110768371480871,-0.003));
#8343=CARTESIAN_POINT('',(-0.0116951197314369,-0.011116705297331,-0.003));
#8344=CARTESIAN_POINT('',(-0.0117849056790887,-0.0111413482203399,-0.003));
#8345=CARTESIAN_POINT('',(-0.0118267971047952,-0.0111527757191564,-0.003));
#8346=CARTESIAN_POINT('',(-0.0109865518607385,-0.00862882252751229,-0.003));
#8347=CARTESIAN_POINT('',(-0.0111141814971466,-0.00872882969063155,-0.003));
#8348=CARTESIAN_POINT('',(-0.0112617014993009,-0.00884442241136638,-0.003));
#8349=CARTESIAN_POINT('',(-0.0112706962835909,-0.00885234319365308,-0.003));
#8350=CARTESIAN_POINT('',(-0.0112829300869943,-0.00886287822664142,-0.003));
#8351=CARTESIAN_POINT('',(-0.0112972850503845,-0.00887592929439328,-0.003));
#8352=CARTESIAN_POINT('',(-0.0113162058976591,-0.00889373755639994,-0.003));
#8353=CARTESIAN_POINT('',(-0.0113386460204671,-0.00891575932193098,-0.003));
#8354=CARTESIAN_POINT('',(-0.0113647160064874,-0.00894237261805647,-0.003));
#8355=CARTESIAN_POINT('',(-0.0113941548444095,-0.00897365782420888,-0.003));
#8356=CARTESIAN_POINT('',(-0.0114268098835864,-0.00900978016780662,-0.003));
#8357=CARTESIAN_POINT('',(-0.0114624902631547,-0.00905087260981161,-0.003));
#8358=CARTESIAN_POINT('',(-0.0115010109323167,-0.00909707071663997,-0.003));
#8359=CARTESIAN_POINT('',(-0.0115421798173116,-0.00914850219737482,-0.003));
#8360=CARTESIAN_POINT('',(-0.011585801745087,-0.00920528980503794,-0.003));
#8361=CARTESIAN_POINT('',(-0.0116316774943639,-0.00926755035388495,-0.003));
#8362=CARTESIAN_POINT('',(-0.011679604260393,-0.00933539486604135,-0.003));
#8363=CARTESIAN_POINT('',(-0.0117293757191725,-0.00940892839938974,-0.003));
#8364=CARTESIAN_POINT('',(-0.0117807822083534,-0.00948824997500218,-0.003));
#8365=CARTESIAN_POINT('',(-0.0118336108843788,-0.00957345246980069,-0.003));
#8366=CARTESIAN_POINT('',(-0.0118876458666173,-0.0096646225707193,-0.003));
#8367=CARTESIAN_POINT('',(-0.0119426684773231,-0.00976184053636759,-0.003));
#8368=CARTESIAN_POINT('',(-0.0119984571111824,-0.00986518071874113,-0.003));
#8369=CARTESIAN_POINT('',(-0.0120547885531817,-0.00997470916217808,-0.003));
#8370=CARTESIAN_POINT('',(-0.0121114337035196,-0.0100904925271044,-0.003));
#8371=CARTESIAN_POINT('',(-0.0121681749099264,-0.0102125633022287,-0.003));
#8372=CARTESIAN_POINT('',(-0.0122247399926392,-0.0103410535846964,-0.003));
#8373=CARTESIAN_POINT('',(-0.0122782797158104,-0.0104690405205381,-0.003));
#8374=CARTESIAN_POINT('',(-0.0123121728294398,-0.0105557587245017,-0.003));
#8375=CARTESIAN_POINT('',(-0.0123279165735753,-0.0105962261657047,-0.003));
#8376=CARTESIAN_POINT('',(-0.0112679440934534,-0.00884997899964581,-0.003));
#8377=CARTESIAN_POINT('',(-0.0115068368044049,-0.00856302111819953,-0.003));
#8378=CARTESIAN_POINT('',(-0.011207294320611,-0.00834011115101,-0.003));
#8379=CARTESIAN_POINT('',(1.62905358250637E-15,1.18572094422884E-15,-0.003));
#8380=CARTESIAN_POINT('',(-0.0113951614628245,-0.00808153421301662,-0.003));
#8381=CARTESIAN_POINT('',(-0.0116997251576969,-0.00829753307605891,-0.003));
#8382=CARTESIAN_POINT('',(-0.0118988164132323,-0.0079816577445764,-0.003));
#8383=CARTESIAN_POINT('',(-0.0116015291272949,-0.00778237893632329,-0.003));
#8384=CARTESIAN_POINT('',(-0.0117360813180916,-0.0078728580207385,-0.003));
#8385=CARTESIAN_POINT('',(-0.0118916027160587,-0.0079774377649382,-0.003));
#8386=CARTESIAN_POINT('',(-0.011901915368873,-0.00798354465681448,-0.003));
#8387=CARTESIAN_POINT('',(-0.0119157152338034,-0.00799192419103066,-0.003));
#8388=CARTESIAN_POINT('',(-0.0119325634644746,-0.00800154357077401,-0.003));
#8389=CARTESIAN_POINT('',(-0.0119553469914558,-0.00801403531026801,-0.003));
#8390=CARTESIAN_POINT('',(-0.0119832253143679,-0.00802857203549577,-0.003));
#8391=CARTESIAN_POINT('',(-0.0120165921317915,-0.00804514210480099,-0.003));
#8392=CARTESIAN_POINT('',(-0.012055443232179,-0.0080634724430654,-0.003));
#8393=CARTESIAN_POINT('',(-0.0120998885844991,-0.00808336681281608,-0.003));
#8394=CARTESIAN_POINT('',(-0.0121499956628908,-0.00810460260738848,-0.003));
#8395=CARTESIAN_POINT('',(-0.0122058362148362,-0.00812696194068913,-0.003));
#8396=CARTESIAN_POINT('',(-0.0122674723448347,-0.00815022267543925,-0.003));
#8397=CARTESIAN_POINT('',(-0.0123349604861575,-0.00817416125826555,-0.003));
#8398=CARTESIAN_POINT('',(-0.0124083501730028,-0.00819855212088251,-0.003));
#8399=CARTESIAN_POINT('',(-0.0124876843235724,-0.00822316807678799,-0.003));
#8400=CARTESIAN_POINT('',(-0.0125729990962273,-0.00824778043552463,-0.003));
#8401=CARTESIAN_POINT('',(-0.0126643238763744,-0.00827215919715514,-0.003));
#8402=CARTESIAN_POINT('',(-0.0127616812229393,-0.00829607323488049,-0.003));
#8403=CARTESIAN_POINT('',(-0.0128650868693117,-0.00831929044628358,-0.003));
#8404=CARTESIAN_POINT('',(-0.0129745495708254,-0.00834157805519499,-0.003));
#8405=CARTESIAN_POINT('',(-0.0130900715606224,-0.00836270232640686,-0.003));
#8406=CARTESIAN_POINT('',(-0.0132116466733682,-0.00838243056100315,-0.003));
#8407=CARTESIAN_POINT('',(-0.0133392675111633,-0.00840052427292039,-0.003));
#8408=CARTESIAN_POINT('',(-0.0134728977143555,-0.00841676642298606,-0.003));
#8409=CARTESIAN_POINT('',(-0.0136125788066235,-0.00843085733260031,-0.003));
#8410=CARTESIAN_POINT('',(-0.0137508463002904,-0.0084422264969699,-0.003));
#8411=CARTESIAN_POINT('',(-0.0138437937613551,-0.00844766336479822,-0.003));
#8412=CARTESIAN_POINT('',(-0.013887145669502,-0.00845013142819855,-0.003));
#8413=CARTESIAN_POINT('',(-0.0125405024243803,-0.00615602947882083,-0.003));
#8414=CARTESIAN_POINT('',(-0.0126861357053934,-0.00622731555197806,-0.003));
#8415=CARTESIAN_POINT('',(-0.0128544651195752,-0.00630971116134977,-0.003));
#8416=CARTESIAN_POINT('',(-0.0128649101694853,-0.00631558873472918,-0.003));
#8417=CARTESIAN_POINT('',(-0.0128790669914536,-0.00632335000121965,-0.003));
#8418=CARTESIAN_POINT('',(-0.0128958217340156,-0.00633313130711806,-0.003));
#8419=CARTESIAN_POINT('',(-0.0129180316612455,-0.00634661655052454,-0.003));
#8420=CARTESIAN_POINT('',(-0.0129445599960366,-0.00636349152376749,-0.003));
#8421=CARTESIAN_POINT('',(-0.0129755935057092,-0.00638410300064718,-0.003));
#8422=CARTESIAN_POINT('',(-0.0130108935944999,-0.00640858387141551,-0.003));
#8423=CARTESIAN_POINT('',(-0.0130503453002563,-0.00643712749072955,-0.003));
#8424=CARTESIAN_POINT('',(-0.0130937895770214,-0.00646990359623996,-0.003));
#8425=CARTESIAN_POINT('',(-0.0131410736036442,-0.00650708326613566,-0.003));
#8426=CARTESIAN_POINT('',(-0.0131920360558477,-0.00654883135313025,-0.003));
#8427=CARTESIAN_POINT('',(-0.0132465115473673,-0.00659530850655684,-0.003));
#8428=CARTESIAN_POINT('',(-0.0133043294974364,-0.00664667040843221,-0.003));
#8429=CARTESIAN_POINT('',(-0.0133653146158738,-0.00670306782026042,-0.003));
#8430=CARTESIAN_POINT('',(-0.0134292869301143,-0.00676464640132932,-0.003));
#8431=CARTESIAN_POINT('',(-0.0134960619470726,-0.00683154660011645,-0.003));
#8432=CARTESIAN_POINT('',(-0.0135654507845323,-0.00690390351662403,-0.003));
#8433=CARTESIAN_POINT('',(-0.0136372603025986,-0.00698184682757572,-0.003));
#8434=CARTESIAN_POINT('',(-0.0137112932888623,-0.00706550050339777,-0.003));
#8435=CARTESIAN_POINT('',(-0.0137873484392667,-0.00715498334565174,-0.003));
#8436=CARTESIAN_POINT('',(-0.0138652211479718,-0.00725040636445943,-0.003));
#8437=CARTESIAN_POINT('',(-0.0139447011810385,-0.00735188239608365,-0.003));
#8438=CARTESIAN_POINT('',(-0.0140255823972036,-0.00745948847172813,-0.003));
#8439=CARTESIAN_POINT('',(-0.0141076260290259,-0.00757341039125344,-0.003));
#8440=CARTESIAN_POINT('',(-0.0141866057610232,-0.00768746897110181,-0.003));
#8441=CARTESIAN_POINT('',(-0.0142377879572119,-0.00776524539968695,-0.003));
#8442=CARTESIAN_POINT('',(-0.0142616013168882,-0.00780155522174454,-0.003));
#8443=CARTESIAN_POINT('',(-0.0128617265777321,-0.00631384841653823,-0.003));
#8444=CARTESIAN_POINT('',(-0.0130357370114571,-0.00598349266583194,-0.003));
#8445=CARTESIAN_POINT('',(-0.0126963946614377,-0.0058277322005232,-0.003));
#8446=CARTESIAN_POINT('',(1.83998009954807E-15,8.21110811965635E-16,-0.003));
#8447=CARTESIAN_POINT('',(-0.012826395287466,-0.00553574601383315,-0.003));
#8448=CARTESIAN_POINT('',(-0.0131692122237058,-0.00568370243071658,-0.003));
#8449=CARTESIAN_POINT('',(-0.0132982786833788,-0.00533333633353057,-0.003));
#8450=CARTESIAN_POINT('',(-0.0129660554439423,-0.00520022174763858,-0.003));
#8451=CARTESIAN_POINT('',(-0.0131164790059681,-0.00526074867348411,-0.003));
#8452=CARTESIAN_POINT('',(-0.0132903452396942,-0.00533070838254873,-0.003));
#8453=CARTESIAN_POINT('',(-0.0133017022305173,-0.00533453770310203,-0.003));
#8454=CARTESIAN_POINT('',(-0.0133169427384166,-0.0053398649711401,-0.003));
#8455=CARTESIAN_POINT('',(-0.0133354227763313,-0.00534577120023047,-0.003));
#8456=CARTESIAN_POINT('',(-0.0133603056072636,-0.00535325300362808,-0.003));
#8457=CARTESIAN_POINT('',(-0.0133905970770537,-0.00536167583727831,-0.003));
#8458=CARTESIAN_POINT('',(-0.0134266798605869,-0.00537094645938545,-0.003));
#8459=CARTESIAN_POINT('',(-0.0134684930628386,-0.00538079863780773,-0.003));
#8460=CARTESIAN_POINT('',(-0.0135161034496269,-0.0053910175594976,-0.003));
#8461=CARTESIAN_POINT('',(-0.013569530738091,-0.00540137145361792,-0.003));
#8462=CARTESIAN_POINT('',(-0.0136287998067921,-0.00541163227826879,-0.003));
#8463=CARTESIAN_POINT('',(-0.0136939252181602,-0.00542156983815248,-0.003));
#8464=CARTESIAN_POINT('',(-0.0137649156929042,-0.00543095373193643,-0.003));
#8465=CARTESIAN_POINT('',(-0.0138417727844978,-0.00543955302180443,-0.003));
#8466=CARTESIAN_POINT('',(-0.0139244912385471,-0.00544713656262863,-0.003));
#8467=CARTESIAN_POINT('',(-0.0140130588758466,-0.00545347314364086,-0.003));
#8468=CARTESIAN_POINT('',(-0.0141074566199856,-0.00545833168138467,-0.003));
#8469=CARTESIAN_POINT('',(-0.0142076584829597,-0.00546148140947174,-0.003));
#8470=CARTESIAN_POINT('',(-0.01431363159754,-0.00546269202632402,-0.003));
#8471=CARTESIAN_POINT('',(-0.0144253361308486,-0.00546173402215361,-0.003));
#8472=CARTESIAN_POINT('',(-0.0145427256709454,-0.00545837830513143,-0.003));
#8473=CARTESIAN_POINT('',(-0.0146657458063985,-0.00545239854321616,-0.003));
#8474=CARTESIAN_POINT('',(-0.0147943397169293,-0.00544356299994681,-0.003));
#8475=CARTESIAN_POINT('',(-0.01492842671245,-0.0054316669385743,-0.003));
#8476=CARTESIAN_POINT('',(-0.0150679851025628,-0.00541640859593692,-0.003));
#8477=CARTESIAN_POINT('',(-0.0152055949019399,-0.00539878188839396,-0.003));
#8478=CARTESIAN_POINT('',(-0.0152976416263576,-0.00538477508382856,-0.003));
#8479=CARTESIAN_POINT('',(-0.0153405593305333,-0.00537817584559905,-0.003));
#8480=CARTESIAN_POINT('',(-0.0135463728560697,-0.00341418840199805,-0.003));
#8481=CARTESIAN_POINT('',(-0.0137036449084815,-0.00345363784172776,-0.003));
#8482=CARTESIAN_POINT('',(-0.0138854269315568,-0.0034992352562288,-0.003));
#8483=CARTESIAN_POINT('',(-0.0138968657482852,-0.00350281274254052,-0.003));
#8484=CARTESIAN_POINT('',(-0.0139123268677664,-0.00350746103794478,-0.003));
#8485=CARTESIAN_POINT('',(-0.0139307491268521,-0.00351354509198608,-0.003));
#8486=CARTESIAN_POINT('',(-0.0139552774536421,-0.00352211794694615,-0.003));
#8487=CARTESIAN_POINT('',(-0.013984734584889,-0.00353310861059517,-0.003));
#8488=CARTESIAN_POINT('',(-0.0140193753049259,-0.00354681744778458,-0.003));
#8489=CARTESIAN_POINT('',(-0.0140589938613164,-0.00356342405164401,-0.003));
#8490=CARTESIAN_POINT('',(-0.0141035180048005,-0.00358314145354283,-0.003));
#8491=CARTESIAN_POINT('',(-0.014152827455399,-0.00360616874947066,-0.003));
#8492=CARTESIAN_POINT('',(-0.0142068083006251,-0.00363270505245141,-0.003));
#8493=CARTESIAN_POINT('',(-0.0142653370163309,-0.00366294515397454,-0.003));
#8494=CARTESIAN_POINT('',(-0.0143282852312129,-0.00369708057853774,-0.003));
#8495=CARTESIAN_POINT('',(-0.014395518460215,-0.00373529907186775,-0.003));
#8496=CARTESIAN_POINT('',(-0.0144668965887459,-0.00377778454584607,-0.003));
#8497=CARTESIAN_POINT('',(-0.0145422738613418,-0.00382471689515596,-0.003));
#8498=CARTESIAN_POINT('',(-0.0146214990174144,-0.00387627185740801,-0.003));
#8499=CARTESIAN_POINT('',(-0.0147044153911468,-0.00393262085116628,-0.003));
#8500=CARTESIAN_POINT('',(-0.0147908610245211,-0.00399393087544894,-0.003));
#8501=CARTESIAN_POINT('',(-0.0148806687895934,-0.00406036419439646,-0.003));
#8502=CARTESIAN_POINT('',(-0.0149736664815171,-0.00413207886693805,-0.003));
#8503=CARTESIAN_POINT('',(-0.0150696770458829,-0.00420922601730412,-0.003));
#8504=CARTESIAN_POINT('',(-0.0151685183028457,-0.0042919597261082,-0.003));
#8505=CARTESIAN_POINT('',(-0.0152700046315115,-0.00438039820041595,-0.003));
#8506=CARTESIAN_POINT('',(-0.0153739411120438,-0.00447477282245762,-0.003));
#8507=CARTESIAN_POINT('',(-0.0154749090595921,-0.0045699181390595,-0.003));
#8508=CARTESIAN_POINT('',(-0.0155411434307673,-0.00463535358912434,-0.003));
#8509=CARTESIAN_POINT('',(-0.0155719856478973,-0.0046659188785787,-0.003));
#8510=CARTESIAN_POINT('',(-0.0138933898931524,-0.00350177236042181,-0.003));
#8511=CARTESIAN_POINT('',(-0.0139949129587024,-0.00314245687198415,-0.003));
#8512=CARTESIAN_POINT('',(-0.0136306016314987,-0.00306065338831181,-0.003));
#8513=CARTESIAN_POINT('',(1.9704906570354E-15,4.20614197092706E-16,-0.003));
#8514=CARTESIAN_POINT('',(-0.013697054090172,-0.00274801915038863,-0.003));
#8515=CARTESIAN_POINT('',(-0.0140631415226474,-0.00282146671572175,-0.003));
#8516=CARTESIAN_POINT('',(-0.0141165423628406,-0.00245192253252231,-0.003));
#8517=CARTESIAN_POINT('',(-0.0137639029196525,-0.00239078991514957,-0.003));
#8518=CARTESIAN_POINT('',(-0.0139236236214344,-0.00241871936532558,-0.003));
#8519=CARTESIAN_POINT('',(-0.0141082359022029,-0.00245100146426505,-0.003));
#8520=CARTESIAN_POINT('',(-0.014120140876039,-0.00245238585381206,-0.003));
#8521=CARTESIAN_POINT('',(-0.0141361559435799,-0.00245442802849571,-0.003));
#8522=CARTESIAN_POINT('',(-0.0141554601224042,-0.00245636297638061,-0.003));
#8523=CARTESIAN_POINT('',(-0.0141813547581749,-0.00245850785297168,-0.003));
#8524=CARTESIAN_POINT('',(-0.0142127354922584,-0.00246044867679662,-0.003));
#8525=CARTESIAN_POINT('',(-0.0142499572511165,-0.00246201468103422,-0.003));
#8526=CARTESIAN_POINT('',(-0.014292905117652,-0.00246295811214132,-0.003));
#8527=CARTESIAN_POINT('',(-0.0143415997365459,-0.00246305496985671,-0.003));
#8528=CARTESIAN_POINT('',(-0.0143960122062038,-0.00246207444866839,-0.003));
#8529=CARTESIAN_POINT('',(-0.0144561194489538,-0.00245978831739536,-0.003));
#8530=CARTESIAN_POINT('',(-0.0145218878487084,-0.00245596838335999,-0.003));
#8531=CARTESIAN_POINT('',(-0.0145932780324773,-0.0024503874669143,-0.003));
#8532=CARTESIAN_POINT('',(-0.0146702435051152,-0.00244281935380214,-0.003));
#8533=CARTESIAN_POINT('',(-0.0147527310692751,-0.00243303904242117,-0.003));
#8534=CARTESIAN_POINT('',(-0.0148406807404745,-0.00242082290671248,-0.003));
#8535=CARTESIAN_POINT('',(-0.014934025814216,-0.00240594887915633,-0.003));
#8536=CARTESIAN_POINT('',(-0.0150326928913653,-0.00238819663937364,-0.003));
#8537=CARTESIAN_POINT('',(-0.0151366019405311,-0.00236734775190948,-0.003));
#8538=CARTESIAN_POINT('',(-0.0152456662815111,-0.00234318600403651,-0.003));
#8539=CARTESIAN_POINT('',(-0.0153597928857081,-0.00231549695971666,-0.003));
#8540=CARTESIAN_POINT('',(-0.0154788814736329,-0.00228407054557962,-0.003));
#8541=CARTESIAN_POINT('',(-0.0156028282859472,-0.0022486919027622,-0.003));
#8542=CARTESIAN_POINT('',(-0.0157315118286713,-0.00220917754491711,-0.003));
#8543=CARTESIAN_POINT('',(-0.0158648481453057,-0.00216523681281901,-0.003));
#8544=CARTESIAN_POINT('',(-0.015995786041835,-0.00211938460506545,-0.003));
#8545=CARTESIAN_POINT('',(-0.0160829091460594,-0.00208654629267795,-0.003));
#8546=CARTESIAN_POINT('',(-0.0161235169366495,-0.00207116817119588,-0.003));
#8547=CARTESIAN_POINT('',(-0.0139602017912399,-0.000523130908914322,-0.003));
#8548=CARTESIAN_POINT('',(-0.0141222390716851,-0.000529019585400909,-0.003));
#8549=CARTESIAN_POINT('',(-0.0143095289569585,-0.000535825979216923,-0.003));
#8550=CARTESIAN_POINT('',(-0.0143214616093245,-0.000536947025142432,-0.003));
#8551=CARTESIAN_POINT('',(-0.0143375513012067,-0.000538279196646338,-0.003));
#8552=CARTESIAN_POINT('',(-0.0143568359356942,-0.000540400096474379,-0.003));
#8553=CARTESIAN_POINT('',(-0.0143826106564638,-0.000543685888089156,-0.003));
#8554=CARTESIAN_POINT('',(-0.0144137091661799,-0.000548311897403744,-0.003));
#8555=CARTESIAN_POINT('',(-0.0144504431308909,-0.000554518952935397,-0.003));
#8556=CARTESIAN_POINT('',(-0.0144926486338559,-0.000562525501609945,-0.003));
#8557=CARTESIAN_POINT('',(-0.0145402992963469,-0.000572554941015977,-0.003));
#8558=CARTESIAN_POINT('',(-0.0145933188611746,-0.000584827024031938,-0.003));
#8559=CARTESIAN_POINT('',(-0.0146516373030389,-0.000599560196322178,-0.003));
#8560=CARTESIAN_POINT('',(-0.0147151742965188,-0.000616970674829176,-0.003));
#8561=CARTESIAN_POINT('',(-0.0147838440957138,-0.000637272488675619,-0.003));
#8562=CARTESIAN_POINT('',(-0.0148575541889205,-0.000660677241909087,-0.003));
#8563=CARTESIAN_POINT('',(-0.014936205760818,-0.000687393958956741,-0.003));
#8564=CARTESIAN_POINT('',(-0.0150196936432565,-0.000717628907636368,-0.003));
#8565=CARTESIAN_POINT('',(-0.0151079064189586,-0.000751585434114769,-0.003));
#8566=CARTESIAN_POINT('',(-0.0152007264855546,-0.000789463783704015,-0.003));
#8567=CARTESIAN_POINT('',(-0.0152980301452462,-0.000831460979058376,-0.003));
#8568=CARTESIAN_POINT('',(-0.0153996876588481,-0.00087777048631092,-0.003));
#8569=CARTESIAN_POINT('',(-0.0155055634469016,-0.000928582713824877,-0.003));
#8570=CARTESIAN_POINT('',(-0.0156155157445555,-0.000984082295085246,-0.003));
#8571=CARTESIAN_POINT('',(-0.0157293983881923,-0.00104445782099406,-0.003));
#8572=CARTESIAN_POINT('',(-0.0158470543898106,-0.00110986350826296,-0.003));
#8573=CARTESIAN_POINT('',(-0.0159683411961109,-0.00118056620897807,-0.003));
#8574=CARTESIAN_POINT('',(-0.0160868845754045,-0.00125263995544009,-0.003));
#8575=CARTESIAN_POINT('',(-0.016165276361718,-0.00130287458382267,-0.003));
#8576=CARTESIAN_POINT('',(-0.0162017994834159,-0.0013263594908561,-0.003));
#8577=CARTESIAN_POINT('',(-0.0143178454023605,-0.000536652048786854,-0.003));
#8578=CARTESIAN_POINT('',(-0.0143424440546093,-0.000164080633649555,-0.003));
#8579=CARTESIAN_POINT('',(-0.0139690859033798,-0.000159809336386779,-0.003));
#8580=CARTESIAN_POINT('',(2.01488131734706E-15,1.73472347597656E-18,-0.003));
#8581=CARTESIAN_POINT('',(-0.0139690859033798,0.000159809336386782,-0.003));
#8582=CARTESIAN_POINT('',(-0.0143424440546093,0.000164080633649558,-0.003));
#8583=CARTESIAN_POINT('',(-0.0143178454023605,0.000536652048786856,-0.003));
#8584=CARTESIAN_POINT('',(-0.0139602017912399,0.000523130908914325,-0.003));
#8585=CARTESIAN_POINT('',(-0.0141222390716851,0.000529019585400913,-0.003));
#8586=CARTESIAN_POINT('',(-0.0143095289569585,0.000535825979216926,-0.003));
#8587=CARTESIAN_POINT('',(-0.0143214616093245,0.000536947025142436,-0.003));
#8588=CARTESIAN_POINT('',(-0.0143375513012067,0.000538279196646341,-0.003));
#8589=CARTESIAN_POINT('',(-0.0143568359356942,0.000540400096474382,-0.003));
#8590=CARTESIAN_POINT('',(-0.0143826106564638,0.00054368588808916,-0.003));
#8591=CARTESIAN_POINT('',(-0.0144137091661799,0.000548311897403748,-0.003));
#8592=CARTESIAN_POINT('',(-0.0144504431308909,0.000554518952935401,-0.003));
#8593=CARTESIAN_POINT('',(-0.0144926486338559,0.000562525501609948,-0.003));
#8594=CARTESIAN_POINT('',(-0.0145402992963469,0.00057255494101598,-0.003));
#8595=CARTESIAN_POINT('',(-0.0145933188611746,0.000584827024031941,-0.003));
#8596=CARTESIAN_POINT('',(-0.0146516373030389,0.000599560196322182,-0.003));
#8597=CARTESIAN_POINT('',(-0.0147151742965188,0.000616970674829179,-0.003));
#8598=CARTESIAN_POINT('',(-0.0147838440957138,0.000637272488675623,-0.003));
#8599=CARTESIAN_POINT('',(-0.0148575541889205,0.000660677241909091,-0.003));
#8600=CARTESIAN_POINT('',(-0.014936205760818,0.000687393958956744,-0.003));
#8601=CARTESIAN_POINT('',(-0.0150196936432565,0.000717628907636372,-0.003));
#8602=CARTESIAN_POINT('',(-0.0151079064189586,0.000751585434114772,-0.003));
#8603=CARTESIAN_POINT('',(-0.0152007264855546,0.000789463783704019,-0.003));
#8604=CARTESIAN_POINT('',(-0.0152980301452462,0.000831460979058379,-0.003));
#8605=CARTESIAN_POINT('',(-0.0153996876588481,0.000877770486310923,-0.003));
#8606=CARTESIAN_POINT('',(-0.0155055634469016,0.000928582713824881,-0.003));
#8607=CARTESIAN_POINT('',(-0.0156155157445555,0.00098408229508525,-0.003));
#8608=CARTESIAN_POINT('',(-0.0157293983881923,0.00104445782099407,-0.003));
#8609=CARTESIAN_POINT('',(-0.0158470543898106,0.00110986350826297,-0.003));
#8610=CARTESIAN_POINT('',(-0.0159683411961109,0.00118056620897807,-0.003));
#8611=CARTESIAN_POINT('',(-0.0160868845754045,0.00125263995544009,-0.003));
#8612=CARTESIAN_POINT('',(-0.016165276361718,0.00130287458382267,-0.003));
#8613=CARTESIAN_POINT('',(-0.0162017994834159,0.0013263594908561,-0.003));
#8614=CARTESIAN_POINT('',(-0.0137639029196525,0.00239078991514957,-0.003));
#8615=CARTESIAN_POINT('',(-0.0139236236214344,0.00241871936532557,-0.003));
#8616=CARTESIAN_POINT('',(-0.0141082359022029,0.00245100146426505,-0.003));
#8617=CARTESIAN_POINT('',(-0.014120140876039,0.00245238585381206,-0.003));
#8618=CARTESIAN_POINT('',(-0.0141361559435799,0.00245442802849571,-0.003));
#8619=CARTESIAN_POINT('',(-0.0141554601224042,0.00245636297638061,-0.003));
#8620=CARTESIAN_POINT('',(-0.0141813547581749,0.00245850785297167,-0.003));
#8621=CARTESIAN_POINT('',(-0.0142127354922584,0.00246044867679662,-0.003));
#8622=CARTESIAN_POINT('',(-0.0142499572511165,0.00246201468103421,-0.003));
#8623=CARTESIAN_POINT('',(-0.014292905117652,0.00246295811214131,-0.003));
#8624=CARTESIAN_POINT('',(-0.0143415997365459,0.0024630549698567,-0.003));
#8625=CARTESIAN_POINT('',(-0.0143960122062038,0.00246207444866838,-0.003));
#8626=CARTESIAN_POINT('',(-0.0144561194489538,0.00245978831739535,-0.003));
#8627=CARTESIAN_POINT('',(-0.0145218878487084,0.00245596838335999,-0.003));
#8628=CARTESIAN_POINT('',(-0.0145932780324773,0.00245038746691429,-0.003));
#8629=CARTESIAN_POINT('',(-0.0146702435051152,0.00244281935380214,-0.003));
#8630=CARTESIAN_POINT('',(-0.0147527310692751,0.00243303904242117,-0.003));
#8631=CARTESIAN_POINT('',(-0.0148406807404745,0.00242082290671248,-0.003));
#8632=CARTESIAN_POINT('',(-0.014934025814216,0.00240594887915633,-0.003));
#8633=CARTESIAN_POINT('',(-0.0150326928913653,0.00238819663937364,-0.003));
#8634=CARTESIAN_POINT('',(-0.0151366019405311,0.00236734775190947,-0.003));
#8635=CARTESIAN_POINT('',(-0.0152456662815111,0.00234318600403651,-0.003));
#8636=CARTESIAN_POINT('',(-0.0153597928857081,0.00231549695971666,-0.003));
#8637=CARTESIAN_POINT('',(-0.0154788814736329,0.00228407054557961,-0.003));
#8638=CARTESIAN_POINT('',(-0.0156028282859472,0.00224869190276219,-0.003));
#8639=CARTESIAN_POINT('',(-0.0157315118286713,0.00220917754491711,-0.003));
#8640=CARTESIAN_POINT('',(-0.0158648481453057,0.00216523681281901,-0.003));
#8641=CARTESIAN_POINT('',(-0.015995786041835,0.00211938460506544,-0.003));
#8642=CARTESIAN_POINT('',(-0.0160829091460594,0.00208654629267795,-0.003));
#8643=CARTESIAN_POINT('',(-0.0161235169366495,0.00207116817119588,-0.003));
#8644=CARTESIAN_POINT('',(-0.0141165423628406,0.00245192253252231,-0.003));
#8645=CARTESIAN_POINT('',(-0.0140631415226475,0.00282146671572175,-0.003));
#8646=CARTESIAN_POINT('',(-0.013697054090172,0.00274801915038862,-0.003));
#8647=CARTESIAN_POINT('',(1.97121199561739E-15,-4.17220565880778E-16,-0.003));
#8648=CARTESIAN_POINT('',(-0.0136306016314987,0.00306065338831181,-0.003));
#8649=CARTESIAN_POINT('',(-0.0139949129587024,0.00314245687198414,-0.003));
#8650=CARTESIAN_POINT('',(-0.0138933898931524,0.0035017723604218,-0.003));
#8651=CARTESIAN_POINT('',(-0.0135463728560697,0.00341418840199804,-0.003));
#8652=CARTESIAN_POINT('',(-0.0137036449084815,0.00345363784172776,-0.003));
#8653=CARTESIAN_POINT('',(-0.0138854269315568,0.0034992352562288,-0.003));
#8654=CARTESIAN_POINT('',(-0.0138968657482852,0.00350281274254052,-0.003));
#8655=CARTESIAN_POINT('',(-0.0139123268677664,0.00350746103794478,-0.003));
#8656=CARTESIAN_POINT('',(-0.0139307491268521,0.00351354509198607,-0.003));
#8657=CARTESIAN_POINT('',(-0.0139552774536421,0.00352211794694615,-0.003));
#8658=CARTESIAN_POINT('',(-0.013984734584889,0.00353310861059517,-0.003));
#8659=CARTESIAN_POINT('',(-0.0140193753049259,0.00354681744778458,-0.003));
#8660=CARTESIAN_POINT('',(-0.0140589938613164,0.00356342405164401,-0.003));
#8661=CARTESIAN_POINT('',(-0.0141035180048005,0.00358314145354283,-0.003));
#8662=CARTESIAN_POINT('',(-0.014152827455399,0.00360616874947066,-0.003));
#8663=CARTESIAN_POINT('',(-0.0142068083006251,0.00363270505245141,-0.003));
#8664=CARTESIAN_POINT('',(-0.0142653370163309,0.00366294515397454,-0.003));
#8665=CARTESIAN_POINT('',(-0.0143282852312129,0.00369708057853773,-0.003));
#8666=CARTESIAN_POINT('',(-0.014395518460215,0.00373529907186774,-0.003));
#8667=CARTESIAN_POINT('',(-0.0144668965887459,0.00377778454584607,-0.003));
#8668=CARTESIAN_POINT('',(-0.0145422738613418,0.00382471689515595,-0.003));
#8669=CARTESIAN_POINT('',(-0.0146214990174144,0.003876271857408,-0.003));
#8670=CARTESIAN_POINT('',(-0.0147044153911468,0.00393262085116627,-0.003));
#8671=CARTESIAN_POINT('',(-0.0147908610245211,0.00399393087544893,-0.003));
#8672=CARTESIAN_POINT('',(-0.0148806687895934,0.00406036419439645,-0.003));
#8673=CARTESIAN_POINT('',(-0.0149736664815171,0.00413207886693804,-0.003));
#8674=CARTESIAN_POINT('',(-0.0150696770458829,0.00420922601730412,-0.003));
#8675=CARTESIAN_POINT('',(-0.0151685183028457,0.0042919597261082,-0.003));
#8676=CARTESIAN_POINT('',(-0.0152700046315115,0.00438039820041595,-0.003));
#8677=CARTESIAN_POINT('',(-0.0153739411120438,0.00447477282245762,-0.003));
#8678=CARTESIAN_POINT('',(-0.0154749090595921,0.0045699181390595,-0.003));
#8679=CARTESIAN_POINT('',(-0.0155411434307673,0.00463535358912434,-0.003));
#8680=CARTESIAN_POINT('',(-0.0155719856478973,0.0046659188785787,-0.003));
#8681=CARTESIAN_POINT('',(-0.0129660554439423,0.00520022174763858,-0.003));
#8682=CARTESIAN_POINT('',(-0.0131164790059681,0.00526074867348412,-0.003));
#8683=CARTESIAN_POINT('',(-0.0132903452396942,0.00533070838254873,-0.003));
#8684=CARTESIAN_POINT('',(-0.0133017022305173,0.00533453770310203,-0.003));
#8685=CARTESIAN_POINT('',(-0.0133169427384166,0.00533986497114011,-0.003));
#8686=CARTESIAN_POINT('',(-0.0133354227763313,0.00534577120023048,-0.003));
#8687=CARTESIAN_POINT('',(-0.0133603056072636,0.00535325300362808,-0.003));
#8688=CARTESIAN_POINT('',(-0.0133905970770537,0.00536167583727831,-0.003));
#8689=CARTESIAN_POINT('',(-0.0134266798605869,0.00537094645938545,-0.003));
#8690=CARTESIAN_POINT('',(-0.0134684930628386,0.00538079863780773,-0.003));
#8691=CARTESIAN_POINT('',(-0.0135161034496269,0.0053910175594976,-0.003));
#8692=CARTESIAN_POINT('',(-0.013569530738091,0.00540137145361792,-0.003));
#8693=CARTESIAN_POINT('',(-0.0136287998067921,0.0054116322782688,-0.003));
#8694=CARTESIAN_POINT('',(-0.0136939252181602,0.00542156983815249,-0.003));
#8695=CARTESIAN_POINT('',(-0.0137649156929042,0.00543095373193643,-0.003));
#8696=CARTESIAN_POINT('',(-0.0138417727844978,0.00543955302180443,-0.003));
#8697=CARTESIAN_POINT('',(-0.0139244912385471,0.00544713656262863,-0.003));
#8698=CARTESIAN_POINT('',(-0.0140130588758466,0.00545347314364087,-0.003));
#8699=CARTESIAN_POINT('',(-0.0141074566199856,0.00545833168138467,-0.003));
#8700=CARTESIAN_POINT('',(-0.0142076584829597,0.00546148140947174,-0.003));
#8701=CARTESIAN_POINT('',(-0.01431363159754,0.00546269202632402,-0.003));
#8702=CARTESIAN_POINT('',(-0.0144253361308486,0.00546173402215361,-0.003));
#8703=CARTESIAN_POINT('',(-0.0145427256709454,0.00545837830513143,-0.003));
#8704=CARTESIAN_POINT('',(-0.0146657458063985,0.00545239854321616,-0.003));
#8705=CARTESIAN_POINT('',(-0.0147943397169293,0.00544356299994682,-0.003));
#8706=CARTESIAN_POINT('',(-0.01492842671245,0.0054316669385743,-0.003));
#8707=CARTESIAN_POINT('',(-0.0150679851025628,0.00541640859593693,-0.003));
#8708=CARTESIAN_POINT('',(-0.0152055949019399,0.00539878188839396,-0.003));
#8709=CARTESIAN_POINT('',(-0.0152976416263576,0.00538477508382857,-0.003));
#8710=CARTESIAN_POINT('',(-0.0153405593305333,0.00537817584559905,-0.003));
#8711=CARTESIAN_POINT('',(-0.0132982786833788,0.00533333633353058,-0.003));
#8712=CARTESIAN_POINT('',(-0.0131692122237058,0.0056837024307166,-0.003));
#8713=CARTESIAN_POINT('',(-0.012826395287466,0.00553574601383315,-0.003));
#8714=CARTESIAN_POINT('',(1.84139125075463E-15,-8.17941314462146E-16,-0.003));
#8715=CARTESIAN_POINT('',(-0.0126963946614377,0.0058277322005232,-0.003));
#8716=CARTESIAN_POINT('',(-0.0130357370114571,0.00598349266583193,-0.003));
#8717=CARTESIAN_POINT('',(-0.0128617265777321,0.00631384841653823,-0.003));
#8718=CARTESIAN_POINT('',(-0.0125405024243803,0.00615602947882083,-0.003));
#8719=CARTESIAN_POINT('',(-0.0126861357053934,0.00622731555197806,-0.003));
#8720=CARTESIAN_POINT('',(-0.0128544651195752,0.00630971116134977,-0.003));
#8721=CARTESIAN_POINT('',(-0.0128649101694853,0.00631558873472918,-0.003));
#8722=CARTESIAN_POINT('',(-0.0128790669914536,0.00632335000121965,-0.003));
#8723=CARTESIAN_POINT('',(-0.0128958217340156,0.00633313130711806,-0.003));
#8724=CARTESIAN_POINT('',(-0.0129180316612455,0.00634661655052455,-0.003));
#8725=CARTESIAN_POINT('',(-0.0129445599960366,0.00636349152376749,-0.003));
#8726=CARTESIAN_POINT('',(-0.0129755935057092,0.00638410300064718,-0.003));
#8727=CARTESIAN_POINT('',(-0.0130108935944999,0.00640858387141552,-0.003));
#8728=CARTESIAN_POINT('',(-0.0130503453002563,0.00643712749072955,-0.003));
#8729=CARTESIAN_POINT('',(-0.0130937895770214,0.00646990359623996,-0.003));
#8730=CARTESIAN_POINT('',(-0.0131410736036441,0.00650708326613566,-0.003));
#8731=CARTESIAN_POINT('',(-0.0131920360558477,0.00654883135313026,-0.003));
#8732=CARTESIAN_POINT('',(-0.0132465115473673,0.00659530850655685,-0.003));
#8733=CARTESIAN_POINT('',(-0.0133043294974364,0.00664667040843221,-0.003));
#8734=CARTESIAN_POINT('',(-0.0133653146158738,0.00670306782026043,-0.003));
#8735=CARTESIAN_POINT('',(-0.0134292869301143,0.00676464640132932,-0.003));
#8736=CARTESIAN_POINT('',(-0.0134960619470726,0.00683154660011645,-0.003));
#8737=CARTESIAN_POINT('',(-0.0135654507845323,0.00690390351662404,-0.003));
#8738=CARTESIAN_POINT('',(-0.0136372603025986,0.00698184682757572,-0.003));
#8739=CARTESIAN_POINT('',(-0.0137112932888623,0.00706550050339777,-0.003));
#8740=CARTESIAN_POINT('',(-0.0137873484392667,0.00715498334565175,-0.003));
#8741=CARTESIAN_POINT('',(-0.0138652211479718,0.00725040636445943,-0.003));
#8742=CARTESIAN_POINT('',(-0.0139447011810385,0.00735188239608365,-0.003));
#8743=CARTESIAN_POINT('',(-0.0140255823972036,0.00745948847172813,-0.003));
#8744=CARTESIAN_POINT('',(-0.0141076260290259,0.00757341039125345,-0.003));
#8745=CARTESIAN_POINT('',(-0.0141866057610232,0.00768746897110181,-0.003));
#8746=CARTESIAN_POINT('',(-0.0142377879572119,0.00776524539968695,-0.003));
#8747=CARTESIAN_POINT('',(-0.0142616013168882,0.00780155522174454,-0.003));
#8748=CARTESIAN_POINT('',(-0.0116015291272949,0.0077823789363233,-0.003));
#8749=CARTESIAN_POINT('',(-0.0117360813180916,0.0078728580207385,-0.003));
#8750=CARTESIAN_POINT('',(-0.0118916027160587,0.0079774377649382,-0.003));
#8751=CARTESIAN_POINT('',(-0.011901915368873,0.00798354465681448,-0.003));
#8752=CARTESIAN_POINT('',(-0.0119157152338034,0.00799192419103066,-0.003));
#8753=CARTESIAN_POINT('',(-0.0119325634644746,0.00800154357077401,-0.003));
#8754=CARTESIAN_POINT('',(-0.0119553469914558,0.00801403531026801,-0.003));
#8755=CARTESIAN_POINT('',(-0.0119832253143679,0.00802857203549577,-0.003));
#8756=CARTESIAN_POINT('',(-0.0120165921317915,0.008045142104801,-0.003));
#8757=CARTESIAN_POINT('',(-0.012055443232179,0.0080634724430654,-0.003));
#8758=CARTESIAN_POINT('',(-0.0120998885844991,0.00808336681281608,-0.003));
#8759=CARTESIAN_POINT('',(-0.0121499956628908,0.00810460260738849,-0.003));
#8760=CARTESIAN_POINT('',(-0.0122058362148362,0.00812696194068913,-0.003));
#8761=CARTESIAN_POINT('',(-0.0122674723448347,0.00815022267543925,-0.003));
#8762=CARTESIAN_POINT('',(-0.0123349604861575,0.00817416125826556,-0.003));
#8763=CARTESIAN_POINT('',(-0.0124083501730028,0.00819855212088251,-0.003));
#8764=CARTESIAN_POINT('',(-0.0124876843235724,0.008223168076788,-0.003));
#8765=CARTESIAN_POINT('',(-0.0125729990962273,0.00824778043552463,-0.003));
#8766=CARTESIAN_POINT('',(-0.0126643238763744,0.00827215919715514,-0.003));
#8767=CARTESIAN_POINT('',(-0.0127616812229393,0.0082960732348805,-0.003));
#8768=CARTESIAN_POINT('',(-0.0128650868693116,0.00831929044628358,-0.003));
#8769=CARTESIAN_POINT('',(-0.0129745495708254,0.008341578055195,-0.003));
#8770=CARTESIAN_POINT('',(-0.0130900715606224,0.00836270232640687,-0.003));
#8771=CARTESIAN_POINT('',(-0.0132116466733682,0.00838243056100315,-0.003));
#8772=CARTESIAN_POINT('',(-0.0133392675111633,0.0084005242729204,-0.003));
#8773=CARTESIAN_POINT('',(-0.0134728977143555,0.00841676642298607,-0.003));
#8774=CARTESIAN_POINT('',(-0.0136125788066235,0.00843085733260032,-0.003));
#8775=CARTESIAN_POINT('',(-0.0137508463002904,0.0084422264969699,-0.003));
#8776=CARTESIAN_POINT('',(-0.0138437937613551,0.00844766336479823,-0.003));
#8777=CARTESIAN_POINT('',(-0.013887145669502,0.00845013142819856,-0.003));
#8778=CARTESIAN_POINT('',(-0.0118988164132323,0.00798165774457642,-0.003));
#8779=CARTESIAN_POINT('',(-0.0116997251576969,0.00829753307605893,-0.003));
#8780=CARTESIAN_POINT('',(-0.0113951614628245,0.00808153421301663,-0.003));
#8781=CARTESIAN_POINT('',(1.63109287225834E-15,-1.18291410268363E-15,-0.003));
#8782=CARTESIAN_POINT('',(-0.011207294320611,0.00834011115101,-0.003));
#8783=CARTESIAN_POINT('',(-0.0115068368044048,0.00856302111819951,-0.003));
#8784=CARTESIAN_POINT('',(-0.0112679440934534,0.0088499789996458,-0.003));
#8785=CARTESIAN_POINT('',(-0.0109865518607385,0.0086288225275123,-0.003));
#8786=CARTESIAN_POINT('',(-0.0111141814971466,0.00872882969063155,-0.003));
#8787=CARTESIAN_POINT('',(-0.0112617014993009,0.00884442241136638,-0.003));
#8788=CARTESIAN_POINT('',(-0.0112706962835909,0.00885234319365309,-0.003));
#8789=CARTESIAN_POINT('',(-0.0112829300869943,0.00886287822664143,-0.003));
#8790=CARTESIAN_POINT('',(-0.0112972850503845,0.00887592929439328,-0.003));
#8791=CARTESIAN_POINT('',(-0.0113162058976591,0.00889373755639994,-0.003));
#8792=CARTESIAN_POINT('',(-0.011338646020467,0.00891575932193098,-0.003));
#8793=CARTESIAN_POINT('',(-0.0113647160064874,0.00894237261805648,-0.003));
#8794=CARTESIAN_POINT('',(-0.0113941548444095,0.00897365782420888,-0.003));
#8795=CARTESIAN_POINT('',(-0.0114268098835864,0.00900978016780662,-0.003));
#8796=CARTESIAN_POINT('',(-0.0114624902631547,0.00905087260981162,-0.003));
#8797=CARTESIAN_POINT('',(-0.0115010109323167,0.00909707071663998,-0.003));
#8798=CARTESIAN_POINT('',(-0.0115421798173116,0.00914850219737482,-0.003));
#8799=CARTESIAN_POINT('',(-0.011585801745087,0.00920528980503794,-0.003));
#8800=CARTESIAN_POINT('',(-0.0116316774943639,0.00926755035388495,-0.003));
#8801=CARTESIAN_POINT('',(-0.011679604260393,0.00933539486604136,-0.003));
#8802=CARTESIAN_POINT('',(-0.0117293757191725,0.00940892839938974,-0.003));
#8803=CARTESIAN_POINT('',(-0.0117807822083534,0.00948824997500218,-0.003));
#8804=CARTESIAN_POINT('',(-0.0118336108843788,0.00957345246980069,-0.003));
#8805=CARTESIAN_POINT('',(-0.0118876458666173,0.0096646225707193,-0.003));
#8806=CARTESIAN_POINT('',(-0.0119426684773231,0.00976184053636759,-0.003));
#8807=CARTESIAN_POINT('',(-0.0119984571111824,0.00986518071874114,-0.003));
#8808=CARTESIAN_POINT('',(-0.0120547885531817,0.00997470916217809,-0.003));
#8809=CARTESIAN_POINT('',(-0.0121114337035196,0.0100904925271044,-0.003));
#8810=CARTESIAN_POINT('',(-0.0121681749099264,0.0102125633022287,-0.003));
#8811=CARTESIAN_POINT('',(-0.0122247399926392,0.0103410535846964,-0.003));
#8812=CARTESIAN_POINT('',(-0.0122782797158104,0.0104690405205381,-0.003));
#8813=CARTESIAN_POINT('',(-0.0123121728294398,0.0105557587245017,-0.003));
#8814=CARTESIAN_POINT('',(-0.0123279165735753,0.0105962261657047,-0.003));
#8815=CARTESIAN_POINT('',(-0.00972996031747136,0.0100244088214933,-0.003));
#8816=CARTESIAN_POINT('',(-0.00984276056064827,0.0101408856943224,-0.003));
#8817=CARTESIAN_POINT('',(-0.00997314009149068,0.0102755148370064,-0.003));
#8818=CARTESIAN_POINT('',(-0.00998195769388251,0.0102836323997265,-0.003));
#8819=CARTESIAN_POINT('',(-0.00999371379552751,0.0102946979742661,-0.003));
#8820=CARTESIAN_POINT('',(-0.0100081938704281,0.0103076100916087,-0.003));
#8821=CARTESIAN_POINT('',(-0.0100278823440015,0.0103245658182412,-0.003));
#8822=CARTESIAN_POINT('',(-0.0100521291035495,0.0103445811103991,-0.003));
#8823=CARTESIAN_POINT('',(-0.0100813216648303,0.0103677264353618,-0.003));
#8824=CARTESIAN_POINT('',(-0.0101155126838384,0.0103937338097274,-0.003));
#8825=CARTESIAN_POINT('',(-0.0101548505265214,0.010422434148117,-0.003));
#8826=CARTESIAN_POINT('',(-0.0101994474750746,0.0104536237370181,-0.003));
#8827=CARTESIAN_POINT('',(-0.0102494190101915,0.0104871043688112,-0.003));
#8828=CARTESIAN_POINT('',(-0.0103048720641765,0.0105226716727018,-0.003));
#8829=CARTESIAN_POINT('',(-0.0103659083164582,0.0105601187136309,-0.003));
#8830=CARTESIAN_POINT('',(-0.0104326231170774,0.0105992351512601,-0.003));
#8831=CARTESIAN_POINT('',(-0.0105051056810999,0.0106398076868534,-0.003));
#8832=CARTESIAN_POINT('',(-0.0105834389241595,0.0106816201451344,-0.003));
#8833=CARTESIAN_POINT('',(-0.0106676994091972,0.0107244536617861,-0.003));
#8834=CARTESIAN_POINT('',(-0.0107579572561357,0.0107680868509489,-0.003));
#8835=CARTESIAN_POINT('',(-0.0108542761113583,0.0108122959533559,-0.003));
#8836=CARTESIAN_POINT('',(-0.0109567129357608,0.0108568550998919,-0.003));
#8837=CARTESIAN_POINT('',(-0.0110653185099677,0.0109015361273203,-0.003));
#8838=CARTESIAN_POINT('',(-0.0111801351841972,0.0109461101399098,-0.003));
#8839=CARTESIAN_POINT('',(-0.0113012053062523,0.0109903423249795,-0.003));
#8840=CARTESIAN_POINT('',(-0.0114285384360076,0.011034012826587,-0.003));
#8841=CARTESIAN_POINT('',(-0.0115622374964344,0.0110768371480871,-0.003));
#8842=CARTESIAN_POINT('',(-0.0116951197314369,0.011116705297331,-0.003));
#8843=CARTESIAN_POINT('',(-0.0117849056790887,0.0111413482203399,-0.003));
#8844=CARTESIAN_POINT('',(-0.0118267971047952,0.0111527757191564,-0.003));
#8845=CARTESIAN_POINT('',(-0.00997931876897169,0.0102811424119411,-0.003));
#8846=CARTESIAN_POINT('',(-0.00971890396078646,0.0105487217099963,-0.003));
#8847=CARTESIAN_POINT('',(-0.0094659044022063,0.0102741205875876,-0.003));
#8848=CARTESIAN_POINT('',(1.34950790839238E-15,-1.4961878683662E-15,-0.003));
#8849=CARTESIAN_POINT('',(-0.00922838143940868,0.0104879872239042,-0.003));
#8850=CARTESIAN_POINT('',(-0.009475032613071,0.0107683044577676,-0.003));
#8851=CARTESIAN_POINT('',(-0.00918169838269609,0.010999323033558,-0.003));
#8852=CARTESIAN_POINT('',(-0.00895243626145743,0.0107244946260671,-0.003));
#8853=CARTESIAN_POINT('',(-0.0090564842257145,0.0108488520862324,-0.003));
#8854=CARTESIAN_POINT('',(-0.00917674748386785,0.0109925899617589,-0.003));
#8855=CARTESIAN_POINT('',(-0.00918389888730235,0.0110022077767588,-0.003));
#8856=CARTESIAN_POINT('',(-0.0091936749962278,0.0110150561447507,-0.003));
#8857=CARTESIAN_POINT('',(-0.00920500279966327,0.0110308065800693,-0.003));
#8858=CARTESIAN_POINT('',(-0.00921980763516445,0.0110521595541729,-0.003));
#8859=CARTESIAN_POINT('',(-0.00923717880494289,0.0110783656551662,-0.003));
#8860=CARTESIAN_POINT('',(-0.00925714588382413,0.0111098176417921,-0.003));
#8861=CARTESIAN_POINT('',(-0.00927943685239735,0.0111465398696966,-0.003));
#8862=CARTESIAN_POINT('',(-0.00930386804308636,0.0111886622178286,-0.003));
#8863=CARTESIAN_POINT('',(-0.00933022512165728,0.0112362750594291,-0.003));
#8864=CARTESIAN_POINT('',(-0.00935829889527347,0.0112894725242386,-0.003));
#8865=CARTESIAN_POINT('',(-0.00938787493523533,0.01134833959621,-0.003));
#8866=CARTESIAN_POINT('',(-0.00941873681170144,0.0114129557671576,-0.003));
#8867=CARTESIAN_POINT('',(-0.00945066536980655,0.0114833938782324,-0.003));
#8868=CARTESIAN_POINT('',(-0.00948343915377367,0.0115597203599817,-0.003));
#8869=CARTESIAN_POINT('',(-0.00951683450551356,0.0116419950773492,-0.003));
#8870=CARTESIAN_POINT('',(-0.00955062575666409,0.0117302712963055,-0.003));
#8871=CARTESIAN_POINT('',(-0.00958458540461286,0.0118245956115253,-0.003));
#8872=CARTESIAN_POINT('',(-0.00961848426301113,0.011925007931518,-0.003));
#8873=CARTESIAN_POINT('',(-0.00965209174604329,0.0120315412953902,-0.003));
#8874=CARTESIAN_POINT('',(-0.00968517563235429,0.0121442223560323,-0.003));
#8875=CARTESIAN_POINT('',(-0.00971750385332417,0.0122630693055446,-0.003));
#8876=CARTESIAN_POINT('',(-0.00974883845605001,0.0123880997151356,-0.003));
#8877=CARTESIAN_POINT('',(-0.009778959789704,0.0125193001111062,-0.003));
#8878=CARTESIAN_POINT('',(-0.00980757415776335,0.0126567431146076,-0.003));
#8879=CARTESIAN_POINT('',(-0.00983333392929381,0.0127930647631969,-0.003));
#8880=CARTESIAN_POINT('',(-0.00984845666866104,0.0128849347409056,-0.003));
#8881=CARTESIAN_POINT('',(-0.00985544272009014,0.0129277911798892,-0.003));
#8882=CARTESIAN_POINT('',(-0.00743314555224461,0.0118283239387136,-0.003));
#8883=CARTESIAN_POINT('',(-0.00751926393589923,0.011965708001696,-0.003));
#8884=CARTESIAN_POINT('',(-0.00761880338848877,0.0121245026033066,-0.003));
#8885=CARTESIAN_POINT('',(-0.00762574056892209,0.0121342760604274,-0.003));
#8886=CARTESIAN_POINT('',(-0.00763493910922774,0.0121475440565844,-0.003));
#8887=CARTESIAN_POINT('',(-0.00764641817960146,0.0121631845900393,-0.003));
#8888=CARTESIAN_POINT('',(-0.0076621511189962,0.0121838632571938,-0.003));
#8889=CARTESIAN_POINT('',(-0.00768170661543883,0.0122084823519705,-0.003));
#8890=CARTESIAN_POINT('',(-0.00770544906556744,0.0122371913708261,-0.003));
#8891=CARTESIAN_POINT('',(-0.00773348569159873,0.012269739134236,-0.003));
#8892=CARTESIAN_POINT('',(-0.0077659967721556,0.0123059910987575,-0.003));
#8893=CARTESIAN_POINT('',(-0.00780313449021864,0.0123457713472879,-0.003));
#8894=CARTESIAN_POINT('',(-0.00784505301263246,0.0123889100133063,-0.003));
#8895=CARTESIAN_POINT('',(-0.00789189942605151,0.0124352294244865,-0.003));
#8896=CARTESIAN_POINT('',(-0.00794381621218293,0.012484548308139,-0.003));
#8897=CARTESIAN_POINT('',(-0.00800094036965576,0.0125366807447545,-0.003));
#8898=CARTESIAN_POINT('',(-0.00806340351127347,0.0125914366455415,-0.003));
#8899=CARTESIAN_POINT('',(-0.00813133168613143,0.0126486217983016,-0.003));
#8900=CARTESIAN_POINT('',(-0.00820484528853705,0.0127080380397588,-0.003));
#8901=CARTESIAN_POINT('',(-0.00828405893483276,0.0127694834006172,-0.003));
#8902=CARTESIAN_POINT('',(-0.00836908140274317,0.0128327522441142,-0.003));
#8903=CARTESIAN_POINT('',(-0.00846001536926151,0.0128976354797527,-0.003));
#8904=CARTESIAN_POINT('',(-0.00855695794313823,0.0129639204880957,-0.003));
#8905=CARTESIAN_POINT('',(-0.00865999813923605,0.0130313921804383,-0.003));
#8906=CARTESIAN_POINT('',(-0.00876922620025834,0.0130998296799235,-0.003));
#8907=CARTESIAN_POINT('',(-0.00888469718779438,0.0131690199225983,-0.003));
#8908=CARTESIAN_POINT('',(-0.00900657092587998,0.0132387060276407,-0.003));
#8909=CARTESIAN_POINT('',(-0.00912826031090875,0.0133053307323283,-0.003));
#8910=CARTESIAN_POINT('',(-0.00921096066839449,0.0133481026965325,-0.003));
#8911=CARTESIAN_POINT('',(-0.0092495607553399,0.0133679901942317,-0.003));
#8912=CARTESIAN_POINT('',(-0.00762367700842265,0.012131291821509,-0.003));
#8913=CARTESIAN_POINT('',(-0.00731332002431423,0.012338880586824,-0.003));
#8914=CARTESIAN_POINT('',(-0.00712294189676277,0.0120176785917806,-0.003));
#8915=CARTESIAN_POINT('',(1.00894297327227E-15,-1.74407104469522E-15,-0.003));
#8916=CARTESIAN_POINT('',(-0.006846144006617,0.0121774879281674,-0.003));
#8917=CARTESIAN_POINT('',(-0.00702912403029508,0.0125029612204735,-0.003));
#8918=CARTESIAN_POINT('',(-0.00669416839393787,0.0126679438702959,-0.003));
#8919=CARTESIAN_POINT('',(-0.00652705623899531,0.012351454847628,-0.003));
#8920=CARTESIAN_POINT('',(-0.00660297513578583,0.0124947275870969,-0.003));
#8921=CARTESIAN_POINT('',(-0.00669072556846971,0.0126603285825235,-0.003));
#8922=CARTESIAN_POINT('',(-0.00669572104040243,0.0126712230855698,-0.003));
#8923=CARTESIAN_POINT('',(-0.00670261219197892,0.0126858232532308,-0.003));
#8924=CARTESIAN_POINT('',(-0.00671041775609271,0.0127035846865137,-0.003));
#8925=CARTESIAN_POINT('',(-0.00672045953746757,0.012727549145283,-0.003));
#8926=CARTESIAN_POINT('',(-0.00673200255074105,0.0127567942493743,-0.003));
#8927=CARTESIAN_POINT('',(-0.00674499406532344,0.0127917103237615,-0.003));
#8928=CARTESIAN_POINT('',(-0.00675916294225714,0.012832264635846,-0.003));
#8929=CARTESIAN_POINT('',(-0.00677430252419133,0.0128785460397734,-0.003));
#8930=CARTESIAN_POINT('',(-0.00679018437095601,0.0129305983713198,-0.003));
#8931=CARTESIAN_POINT('',(-0.00680658429040647,0.0129884702096285,-0.003));
#8932=CARTESIAN_POINT('',(-0.00682327487046731,0.0130522000993157,-0.003));
#8933=CARTESIAN_POINT('',(-0.0068400278835309,0.0131218207968146,-0.003));
#8934=CARTESIAN_POINT('',(-0.00685661381926474,0.0131973579866636,-0.003));
#8935=CARTESIAN_POINT('',(-0.00687280224954448,0.0132788306044982,-0.003));
#8936=CARTESIAN_POINT('',(-0.00688836195712508,0.013366250705938,-0.003));
#8937=CARTESIAN_POINT('',(-0.00690306113042155,0.0134596234738735,-0.003));
#8938=CARTESIAN_POINT('',(-0.00691666755072184,0.0135589471843212,-0.003));
#8939=CARTESIAN_POINT('',(-0.0069289487425031,0.0136642132231726,-0.003));
#8940=CARTESIAN_POINT('',(-0.00693967228958655,0.0137754059660636,-0.003));
#8941=CARTESIAN_POINT('',(-0.00694860550376335,0.0138925032019206,-0.003));
#8942=CARTESIAN_POINT('',(-0.00695551760531941,0.0140154744755235,-0.003));
#8943=CARTESIAN_POINT('',(-0.00696017218793394,0.0141442875009175,-0.003));
#8944=CARTESIAN_POINT('',(-0.00696235720201628,0.0142788834308612,-0.003));
#8945=CARTESIAN_POINT('',(-0.00696177027023098,0.0144192722366187,-0.003));
#8946=CARTESIAN_POINT('',(-0.0069586242644957,0.0145579706877684,-0.003));
#8947=CARTESIAN_POINT('',(-0.00695431569332348,0.0146509772803552,-0.003));
#8948=CARTESIAN_POINT('',(-0.00695223872807594,0.0146943496850878,-0.003));
#8949=CARTESIAN_POINT('',(-0.00481146665819509,0.0131152845412167,-0.003));
#8950=CARTESIAN_POINT('',(-0.00486713939571986,0.013267571451558,-0.003));
#8951=CARTESIAN_POINT('',(-0.00493148841833507,0.0134435914260239,-0.003));
#8952=CARTESIAN_POINT('',(-0.00493624198873667,0.0134545936305709,-0.003));
#8953=CARTESIAN_POINT('',(-0.00494248094735212,0.0134694841732465,-0.003));
#8954=CARTESIAN_POINT('',(-0.00495045732274094,0.0134871695564499,-0.003));
#8955=CARTESIAN_POINT('',(-0.00496154712301044,0.0135106674071446,-0.003));
#8956=CARTESIAN_POINT('',(-0.00497555668731553,0.0135388143319628,-0.003));
#8957=CARTESIAN_POINT('',(-0.00499281136729238,0.0135718323228263,-0.003));
#8958=CARTESIAN_POINT('',(-0.00501346826525467,0.0136094979818379,-0.003));
#8959=CARTESIAN_POINT('',(-0.00503773169345952,0.0136517171876853,-0.003));
#8960=CARTESIAN_POINT('',(-0.0050657870845465,0.0136983495080975,-0.003));
#8961=CARTESIAN_POINT('',(-0.00509782055368036,0.013749260841634,-0.003));
#8962=CARTESIAN_POINT('',(-0.00513401291347304,0.01380430797957,-0.003));
#8963=CARTESIAN_POINT('',(-0.00517454122077588,0.0138633432340719,-0.003));
#8964=CARTESIAN_POINT('',(-0.00521957813530867,0.0139262132320345,-0.003));
#8965=CARTESIAN_POINT('',(-0.00526929191550147,0.0139927594024028,-0.003));
#8966=CARTESIAN_POINT('',(-0.00532384623496097,0.0140628179840616,-0.003));
#8967=CARTESIAN_POINT('',(-0.00538340005755194,0.0141362201754618,-0.003));
#8968=CARTESIAN_POINT('',(-0.00544810748675247,0.0142127922508989,-0.003));
#8969=CARTESIAN_POINT('',(-0.00551811767751996,0.0142923556834275,-0.003));
#8970=CARTESIAN_POINT('',(-0.00559357453546776,0.0143747272994267,-0.003));
#8971=CARTESIAN_POINT('',(-0.00567461725335377,0.014459719315749,-0.003));
#8972=CARTESIAN_POINT('',(-0.00576137762030871,0.0145471398511242,-0.003));
#8973=CARTESIAN_POINT('',(-0.00585398982989716,0.0146367916178978,-0.003));
#8974=CARTESIAN_POINT('',(-0.0059525520389673,0.0147284776560233,-0.003));
#8975=CARTESIAN_POINT('',(-0.00605727398754232,0.0148219799274267,-0.003));
#8976=CARTESIAN_POINT('',(-0.00616245211254116,0.0149124493682623,-0.003));
#8977=CARTESIAN_POINT('',(-0.00623445247739836,0.0149714810335835,-0.003));
#8978=CARTESIAN_POINT('',(-0.00626807421655936,0.0149989593510851,-0.003));
#8979=CARTESIAN_POINT('',(-0.0049348439801445,0.0134512455660803,-0.003));
#8980=CARTESIAN_POINT('',(-0.00458810890957646,0.0135897711734894,-0.003));
#8981=CARTESIAN_POINT('',(-0.00446867265076332,0.0132360063742928,-0.003));
#8982=CARTESIAN_POINT('',(6.24282388774621E-16,-1.91572994738967E-15,-0.003));
#8983=CARTESIAN_POINT('',(-0.00416469722929242,0.0133347739758994,-0.003));
#8984=CARTESIAN_POINT('',(-0.00427600899791595,0.0136911785819804,-0.003));
#8985=CARTESIAN_POINT('',(-0.00391407112418073,0.0137829147723628,-0.003));
#8986=CARTESIAN_POINT('',(-0.00381641253859835,0.0134385972234913,-0.003));
#8987=CARTESIAN_POINT('',(-0.00386088434783326,0.0135945235360502,-0.003));
#8988=CARTESIAN_POINT('',(-0.0039122868400661,0.0137747500932352,-0.003));
#8989=CARTESIAN_POINT('',(-0.00391490805440265,0.013786445142267,-0.003));
#8990=CARTESIAN_POINT('',(-0.00391861307223888,0.0138021590122109,-0.003));
#8991=CARTESIAN_POINT('',(-0.00392255525642396,0.0138211551835948,-0.003));
#8992=CARTESIAN_POINT('',(-0.00392739510964061,0.0138466837651874,-0.003));
#8993=CARTESIAN_POINT('',(-0.00393260548133955,0.0138776897209943,-0.003));
#8994=CARTESIAN_POINT('',(-0.00393805364009563,0.0139145438831464,-0.003));
#8995=CARTESIAN_POINT('',(-0.00394348117747799,0.0139571578613714,-0.003));
#8996=CARTESIAN_POINT('',(-0.00394866747827906,0.0140055756016599,-0.003));
#8997=CARTESIAN_POINT('',(-0.00395337998032435,0.0140597924864887,-0.003));
#8998=CARTESIAN_POINT('',(-0.00395738929043354,0.0141198094212627,-0.003));
#8999=CARTESIAN_POINT('',(-0.00396046495215442,0.0141856168266764,-0.003));
#9000=CARTESIAN_POINT('',(-0.00396237691475473,0.0142571992921687,-0.003));
#9001=CARTESIAN_POINT('',(-0.00396289534313757,0.0143345342231279,-0.003));
#9002=CARTESIAN_POINT('',(-0.003961790907646,0.0144175922326994,-0.003));
#9003=CARTESIAN_POINT('',(-0.00395883493718229,0.0145063370402904,-0.003));
#9004=CARTESIAN_POINT('',(-0.00395379960821719,0.0146007255191941,-0.003));
#9005=CARTESIAN_POINT('',(-0.003946458135011,0.0147007077021151,-0.003));
#9006=CARTESIAN_POINT('',(-0.00393658491316273,0.0148062268288048,-0.003));
#9007=CARTESIAN_POINT('',(-0.00392395585383263,0.0149172192942883,-0.003));
#9008=CARTESIAN_POINT('',(-0.00390834797154939,0.0150336149942584,-0.003));
#9009=CARTESIAN_POINT('',(-0.00388954186168568,0.0151553361572139,-0.003));
#9010=CARTESIAN_POINT('',(-0.00386731299659348,0.0152823020510877,-0.003));
#9011=CARTESIAN_POINT('',(-0.00384146619550391,0.015414411027003,-0.003));
#9012=CARTESIAN_POINT('',(-0.0038117036156094,0.0155516099705447,-0.003));
#9013=CARTESIAN_POINT('',(-0.00377978932815522,0.0156866234363905,-0.003));
#9014=CARTESIAN_POINT('',(-0.00375623775167859,0.0157767018094643,-0.003));
#9015=CARTESIAN_POINT('',(-0.00374518854310212,0.0158186945977352,-0.003));
#9016=CARTESIAN_POINT('',(-0.00197950358320386,0.0138290442751509,-0.003));
#9017=CARTESIAN_POINT('',(-0.0020022975088215,0.0139895783641157,-0.003));
#9018=CARTESIAN_POINT('',(-0.00202864374039324,0.0141751307939151,-0.003));
#9019=CARTESIAN_POINT('',(-0.0020310059469264,0.0141868808967551,-0.003));
#9020=CARTESIAN_POINT('',(-0.00203401265142231,0.0142027431977815,-0.003));
#9021=CARTESIAN_POINT('',(-0.00203813772594683,0.0142217004946237,-0.003));
#9022=CARTESIAN_POINT('',(-0.00204409970960455,0.014246990560028,-0.003));
#9023=CARTESIAN_POINT('',(-0.00205195105658662,0.0142774351592093,-0.003));
#9024=CARTESIAN_POINT('',(-0.00206196385409959,0.0143133190774419,-0.003));
#9025=CARTESIAN_POINT('',(-0.00207433821842912,0.0143544564620166,-0.003));
#9026=CARTESIAN_POINT('',(-0.00208929356604057,0.0144007977273042,-0.003));
#9027=CARTESIAN_POINT('',(-0.00210704047493628,0.0144522440634295,-0.003));
#9028=CARTESIAN_POINT('',(-0.00212778887447539,0.0145087029949088,-0.003));
#9029=CARTESIAN_POINT('',(-0.00215174540084855,0.0145700720355273,-0.003));
#9030=CARTESIAN_POINT('',(-0.00217911394781728,0.0146362435369744,-0.003));
#9031=CARTESIAN_POINT('',(-0.00221009529013386,0.0147071033756894,-0.003));
#9032=CARTESIAN_POINT('',(-0.00224488697815413,0.01478253142867,-0.003));
#9033=CARTESIAN_POINT('',(-0.00228368315667414,0.0148624015430306,-0.003));
#9034=CARTESIAN_POINT('',(-0.00232667441163227,0.0149465816563868,-0.003));
#9035=CARTESIAN_POINT('',(-0.00237404759858087,0.0150349338792725,-0.003));
#9036=CARTESIAN_POINT('',(-0.00242598573092273,0.0151273145970433,-0.003));
#9037=CARTESIAN_POINT('',(-0.00248266765352551,0.0152235745585212,-0.003));
#9038=CARTESIAN_POINT('',(-0.00254426855976306,0.0153235590238726,-0.003));
#9039=CARTESIAN_POINT('',(-0.00261095725321677,0.0154271077053942,-0.003));
#9040=CARTESIAN_POINT('',(-0.00268290601340968,0.0155340555270512,-0.003));
#9041=CARTESIAN_POINT('',(-0.0027602518025236,0.015644230240803,-0.003));
#9042=CARTESIAN_POINT('',(-0.00284324510992365,0.0157574621806334,-0.003));
#9043=CARTESIAN_POINT('',(-0.00292731518612946,0.015867822408932,-0.003));
#9044=CARTESIAN_POINT('',(-0.00298546879691778,0.0159405338083302,-0.003));
#9045=CARTESIAN_POINT('',(-0.00301264275695803,0.0159744020113038,-0.003));
#9046=CARTESIAN_POINT('',(-0.00203033458992536,0.0141833153331764,-0.003));
#9047=CARTESIAN_POINT('',(-0.00166237541930099,0.0142467235489161,-0.003));
#9048=CARTESIAN_POINT('',(-0.00161910096685506,0.0138758571648431,-0.003));
#9049=CARTESIAN_POINT('',(2.12337668248262E-16,-2.00366225869099E-15,-0.003));
#9050=CARTESIAN_POINT('',(0.0143178454130142,-0.000536652049490257,-0.003));
#9051=CARTESIAN_POINT('',(0.0143178454130142,-0.000536652049490257,0.));
#9052=CARTESIAN_POINT('',(0.0143697898304725,-0.000540081630695916,-0.003));
#9053=CARTESIAN_POINT('',(0.0143697898304725,-0.000540081630695916,-4.33680868994202E-19));
#9054=CARTESIAN_POINT('',(0.0146340847699454,-0.000583136711136018,-0.003));
#9055=CARTESIAN_POINT('',(0.0146340847699454,-0.000583136711136018,1.73472347597681E-18));
#9056=CARTESIAN_POINT('',(0.0152573545420247,-0.000790366578382136,-0.003));
#9057=CARTESIAN_POINT('',(0.0152573545420247,-0.000790366578382136,0.));
#9058=CARTESIAN_POINT('',(0.0158214327340215,-0.00108177804948762,-0.003));
#9059=CARTESIAN_POINT('',(0.0158214327340215,-0.00108177804948762,0.));
#9060=CARTESIAN_POINT('',(0.0162017994834159,-0.0013263594908561,-0.003));
#9061=CARTESIAN_POINT('',(0.0162017994834159,-0.0013263594908561,0.));
#9062=CARTESIAN_POINT('',(0.0143178454023756,-0.000536652048787849,0.));
#9063=CARTESIAN_POINT('',(0.0143178454130143,0.000536652049490258,-0.003));
#9064=CARTESIAN_POINT('',(0.0143178454130143,0.000536652049490258,-3.46944695195361E-18));
#9065=CARTESIAN_POINT('',(0.0143697898304724,0.000540081630695915,-0.003));
#9066=CARTESIAN_POINT('',(0.0143697898304724,0.000540081630695915,-3.90312782094782E-18));
#9067=CARTESIAN_POINT('',(0.0146340847699455,0.000583136711136034,-0.003));
#9068=CARTESIAN_POINT('',(0.0146340847699455,0.000583136711136034,-3.90312782094782E-18));
#9069=CARTESIAN_POINT('',(0.0152573545420247,0.000790366578382149,-0.003));
#9070=CARTESIAN_POINT('',(0.0152573545420247,0.000790366578382149,-3.03576608295941E-18));
#9071=CARTESIAN_POINT('',(0.0158214327340215,0.00108177804948763,-0.003));
#9072=CARTESIAN_POINT('',(0.0158214327340215,0.00108177804948763,-3.90312782094782E-18));
#9073=CARTESIAN_POINT('',(0.0162017994834159,0.0013263594908561,-0.003));
#9074=CARTESIAN_POINT('',(0.0162017994834159,0.0013263594908561,-3.46944695195361E-18));
#9075=CARTESIAN_POINT('',(0.0143178454023756,0.00053665204878785,-0.003));
#9076=CARTESIAN_POINT('',(-2.01488131734706E-15,-1.7347234759768E-18,-0.003));
#9077=CARTESIAN_POINT('',(0.0139690859033798,0.000159809336386781,-0.003));
#9078=CARTESIAN_POINT('',(0.0139690859033798,-0.000159809336386781,-0.003));
#9079=CARTESIAN_POINT('',(0.0143424440546093,-0.000164080633649556,-0.0015));
#9080=CARTESIAN_POINT('',(0.0143424440546093,0.000164080633649557,-0.0015));
#9081=CARTESIAN_POINT('',(0.0138933899034271,-0.00350177236332487,-0.003));
#9082=CARTESIAN_POINT('',(0.0138933899034271,-0.00350177236332487,0.));
#9083=CARTESIAN_POINT('',(0.0139434861607082,-0.00351592685161503,-0.003));
#9084=CARTESIAN_POINT('',(0.0139434861607082,-0.00351592685161503,0.));
#9085=CARTESIAN_POINT('',(0.0141930539670669,-0.00361299108298724,-0.003));
#9086=CARTESIAN_POINT('',(0.0141930539670669,-0.00361299108298724,0.));
#9087=CARTESIAN_POINT('',(0.0147596182871493,-0.00394527755258308,-0.003));
#9088=CARTESIAN_POINT('',(0.0147596182871493,-0.00394527755258308,-8.67361737988404E-19));
#9089=CARTESIAN_POINT('',(0.0152507821655958,-0.00434759943452262,-0.003));
#9090=CARTESIAN_POINT('',(0.0152507821655958,-0.00434759943452262,4.33680868994202E-19));
#9091=CARTESIAN_POINT('',(0.0155719856478973,-0.00466591887857871,-0.003));
#9092=CARTESIAN_POINT('',(0.0155719856478973,-0.00466591887857871,0.));
#9093=CARTESIAN_POINT('',(0.0138933898931669,-0.00350177236042591,0.));
#9094=CARTESIAN_POINT('',(0.0141165423734078,-0.00245192253404933,-0.003));
#9095=CARTESIAN_POINT('',(0.0141165423734078,-0.00245192253404933,0.));
#9096=CARTESIAN_POINT('',(0.0141680647307433,-0.00245936774908376,-0.003));
#9097=CARTESIAN_POINT('',(0.0141680647307433,-0.00245936774908376,0.));
#9098=CARTESIAN_POINT('',(0.0144355358462474,-0.00247220353319228,-0.003));
#9099=CARTESIAN_POINT('',(0.0144355358462474,-0.00247220353319228,-8.67361737988404E-19));
#9100=CARTESIAN_POINT('',(0.0150882711905039,-0.00239908720789372,-0.003));
#9101=CARTESIAN_POINT('',(0.0150882711905039,-0.00239908720789372,-4.33680868994202E-19));
#9102=CARTESIAN_POINT('',(0.0157006107723127,-0.002231322227257,-0.003));
#9103=CARTESIAN_POINT('',(0.0157006107723127,-0.002231322227257,-4.33680868994202E-19));
#9104=CARTESIAN_POINT('',(0.0161235169366495,-0.00207116817119589,-0.003));
#9105=CARTESIAN_POINT('',(0.0161235169366495,-0.00207116817119589,-4.33680868994202E-19));
#9106=CARTESIAN_POINT('',(0.0141165423628555,-0.00245192253252448,-0.003));
#9107=CARTESIAN_POINT('',(-1.97121199561739E-15,4.1722056588078E-16,-0.003));
#9108=CARTESIAN_POINT('',(0.013697054090172,-0.00274801915038863,-0.003));
#9109=CARTESIAN_POINT('',(0.0136306016314987,-0.00306065338831182,-0.003));
#9110=CARTESIAN_POINT('',(0.0139949129587024,-0.00314245687198414,-0.0015));
#9111=CARTESIAN_POINT('',(0.0140631415226475,-0.00282146671572176,-0.0015));
#9112=CARTESIAN_POINT('',(0.00918169838930209,-0.0109993230419459,-0.003));
#9113=CARTESIAN_POINT('',(0.00918169838930209,-0.0109993230419459,-4.33680868994202E-19));
#9114=CARTESIAN_POINT('',(0.00921390731332641,-0.0110402201047442,-0.003));
#9115=CARTESIAN_POINT('',(0.00921390731332641,-0.0110402201047442,-4.33680868994202E-19));
#9116=CARTESIAN_POINT('',(0.00935875898619379,-0.011265438993495,-0.003));
#9117=CARTESIAN_POINT('',(0.00935875898619379,-0.011265438993495,-8.67361737988404E-19));
#9118=CARTESIAN_POINT('',(0.00962180606318219,-0.0118672825462184,-0.003));
#9119=CARTESIAN_POINT('',(0.00962180606318219,-0.0118672825462184,1.30104260698261E-18));
#9120=CARTESIAN_POINT('',(0.00978268711898978,-0.0124814666701259,-0.003));
#9121=CARTESIAN_POINT('',(0.00978268711898978,-0.0124814666701259,0.));
#9122=CARTESIAN_POINT('',(0.00985544272009013,-0.0129277911798892,-0.003));
#9123=CARTESIAN_POINT('',(0.00985544272009013,-0.0129277911798892,0.));
#9124=CARTESIAN_POINT('',(0.00918169838270542,-0.0109993230335698,0.));
#9125=CARTESIAN_POINT('',(0.00997931877662314,-0.0102811424193877,-0.003));
#9126=CARTESIAN_POINT('',(0.00997931877662314,-0.0102811424193877,-3.03576608295941E-18));
#9127=CARTESIAN_POINT('',(0.0100166250517005,-0.0103174498066825,-0.003));
#9128=CARTESIAN_POINT('',(0.0100166250517005,-0.0103174498066825,-3.03576608295941E-18));
#9129=CARTESIAN_POINT('',(0.0102254690450471,-0.0104850497512699,-0.003));
#9130=CARTESIAN_POINT('',(0.0102254690450471,-0.0104850497512699,-3.46944695195361E-18));
#9131=CARTESIAN_POINT('',(0.010796519729092,-0.0108095656105412,-0.003));
#9132=CARTESIAN_POINT('',(0.010796519729092,-0.0108095656105412,-1.30104260698261E-18));
#9133=CARTESIAN_POINT('',(0.0113905226385734,-0.0110337650657271,-0.003));
#9134=CARTESIAN_POINT('',(0.0113905226385734,-0.0110337650657271,-2.60208521396521E-18));
#9135=CARTESIAN_POINT('',(0.0118267971047952,-0.0111527757191564,-0.003));
#9136=CARTESIAN_POINT('',(0.0118267971047952,-0.0111527757191564,-2.60208521396521E-18));
#9137=CARTESIAN_POINT('',(0.0099793187689825,-0.0102811424119516,-0.003));
#9138=CARTESIAN_POINT('',(-1.34950790839238E-15,1.4961878683662E-15,-0.003));
#9139=CARTESIAN_POINT('',(0.0094659044022063,-0.0102741205875876,-0.003));
#9140=CARTESIAN_POINT('',(0.00922838143940867,-0.0104879872239042,-0.003));
#9141=CARTESIAN_POINT('',(0.00947503261307099,-0.0107683044577676,-0.0015));
#9142=CARTESIAN_POINT('',(0.00971890396078646,-0.0105487217099963,-0.0015));
#9143=CARTESIAN_POINT('',(0.00669416839865558,-0.012667943879874,-0.003));
#9144=CARTESIAN_POINT('',(0.00669416839865558,-0.012667943879874,-8.67361737988404E-19));
#9145=CARTESIAN_POINT('',(0.0067171705029363,-0.0127146438555805,-0.003));
#9146=CARTESIAN_POINT('',(0.0067171705029363,-0.0127146438555805,-8.67361737988404E-19));
#9147=CARTESIAN_POINT('',(0.00681203117924958,-0.0129650575274756,-0.003));
#9148=CARTESIAN_POINT('',(0.00681203117924958,-0.0129650575274756,-1.30104260698261E-18));
#9149=CARTESIAN_POINT('',(0.00694419973583129,-0.0136084399171304,-0.003));
#9150=CARTESIAN_POINT('',(0.00694419973583129,-0.0136084399171304,-4.33680868994202E-19));
#9151=CARTESIAN_POINT('',(0.00697386909489802,-0.0142426516966732,-0.003));
#9152=CARTESIAN_POINT('',(0.00697386909489802,-0.0142426516966732,-4.33680868994202E-19));
#9153=CARTESIAN_POINT('',(0.00695223872807594,-0.0146943496850878,-0.003));
#9154=CARTESIAN_POINT('',(0.00695223872807594,-0.0146943496850878,-4.33680868994202E-19));
#9155=CARTESIAN_POINT('',(0.00669416839394454,-0.0126679438703094,0.));
#9156=CARTESIAN_POINT('',(0.00762367701435867,-0.0121312918303837,-0.003));
#9157=CARTESIAN_POINT('',(0.00762367701435867,-0.0121312918303837,0.));
#9158=CARTESIAN_POINT('',(0.00765261932753623,-0.0121745622248845,-0.003));
#9159=CARTESIAN_POINT('',(0.00765261932753623,-0.0121745622248845,0.));
#9160=CARTESIAN_POINT('',(0.0078220535906958,-0.0123819208163396,-0.003));
#9161=CARTESIAN_POINT('',(0.0078220535906958,-0.0123819208163396,-4.33680868994202E-19));
#9162=CARTESIAN_POINT('',(0.0083131548061935,-0.0128180733387483,-0.003));
#9163=CARTESIAN_POINT('',(0.0083131548061935,-0.0128180733387483,4.33680868994202E-19));
#9164=CARTESIAN_POINT('',(0.00884756363912337,-0.0131608736471854,-0.003));
#9165=CARTESIAN_POINT('',(0.00884756363912337,-0.0131608736471854,0.));
#9166=CARTESIAN_POINT('',(0.0092495607553399,-0.0133679901942317,-0.003));
#9167=CARTESIAN_POINT('',(0.0092495607553399,-0.0133679901942317,0.));
#9168=CARTESIAN_POINT('',(0.00762367700843104,-0.0121312918215216,-0.003));
#9169=CARTESIAN_POINT('',(-1.00894297327227E-15,1.74407104469522E-15,-0.003));
#9170=CARTESIAN_POINT('',(0.00712294189676278,-0.0120176785917806,-0.003));
#9171=CARTESIAN_POINT('',(0.00684614400661701,-0.0121774879281674,-0.003));
#9172=CARTESIAN_POINT('',(0.00702912403029509,-0.0125029612204735,-0.0015));
#9173=CARTESIAN_POINT('',(0.00731332002431423,-0.012338880586824,-0.0015));
#9174=CARTESIAN_POINT('',(0.011267944101659,-0.00884997900647697,-0.003));
#9175=CARTESIAN_POINT('',(0.011267944101659,-0.00884997900647697,0.));
#9176=CARTESIAN_POINT('',(0.0113079521608915,-0.0088832857584769,-0.003));
#9177=CARTESIAN_POINT('',(0.0113079521608915,-0.0088832857584769,0.));
#9178=CARTESIAN_POINT('',(0.0114964641171333,-0.00907346671792468,-0.003));
#9179=CARTESIAN_POINT('',(0.0114964641171333,-0.00907346671792468,-4.33680868994202E-19));
#9180=CARTESIAN_POINT('',(0.011878893295024,-0.0096074679824969,-0.003));
#9181=CARTESIAN_POINT('',(0.011878893295024,-0.0096074679824969,8.67361737988404E-19));
#9182=CARTESIAN_POINT('',(0.0121639547734406,-0.0101747816573723,-0.003));
#9183=CARTESIAN_POINT('',(0.0121639547734406,-0.0101747816573723,0.));
#9184=CARTESIAN_POINT('',(0.0123279165735753,-0.0105962261657047,-0.003));
#9185=CARTESIAN_POINT('',(0.0123279165735753,-0.0105962261657047,0.));
#9186=CARTESIAN_POINT('',(0.011267944093465,-0.00884997899965546,0.));
#9187=CARTESIAN_POINT('',(0.0118988164222648,-0.00798165775026946,-0.003));
#9188=CARTESIAN_POINT('',(0.0118988164222648,-0.00798165775026946,-4.33680868994202E-19));
#9189=CARTESIAN_POINT('',(0.0119428561960058,-0.0080094153233114,-0.003));
#9190=CARTESIAN_POINT('',(0.0119428561960058,-0.0080094153233114,-4.33680868994202E-19));
#9191=CARTESIAN_POINT('',(0.0121819824348855,-0.00812993169921881,-0.003));
#9192=CARTESIAN_POINT('',(0.0121819824348855,-0.00812993169921881,-8.67361737988404E-19));
#9193=CARTESIAN_POINT('',(0.0128080249323797,-0.00832862799510265,-0.003));
#9194=CARTESIAN_POINT('',(0.0128080249323797,-0.00832862799510265,4.33680868994202E-19));
#9195=CARTESIAN_POINT('',(0.013435661140926,-0.00842442800501778,-0.003));
#9196=CARTESIAN_POINT('',(0.013435661140926,-0.00842442800501778,-4.33680868994202E-19));
#9197=CARTESIAN_POINT('',(0.013887145669502,-0.00845013142819856,-0.003));
#9198=CARTESIAN_POINT('',(0.013887145669502,-0.00845013142819856,-4.33680868994202E-19));
#9199=CARTESIAN_POINT('',(0.0118988164132451,-0.00798165774458446,-0.003));
#9200=CARTESIAN_POINT('',(-1.63109287225834E-15,1.18291410268363E-15,-0.003));
#9201=CARTESIAN_POINT('',(0.0113951614628245,-0.00808153421301663,-0.003));
#9202=CARTESIAN_POINT('',(0.011207294320611,-0.00834011115101001,-0.003));
#9203=CARTESIAN_POINT('',(0.0115068368044048,-0.00856302111819951,-0.0015));
#9204=CARTESIAN_POINT('',(0.0116997251576969,-0.00829753307605893,-0.0015));
#9205=CARTESIAN_POINT('',(0.0128617265871787,-0.00631384842151407,-0.003));
#9206=CARTESIAN_POINT('',(0.0128617265871787,-0.00631384842151407,-9.54097911787244E-18));
#9207=CARTESIAN_POINT('',(0.012907785237451,-0.00633810919782967,-0.00300000000000001));
#9208=CARTESIAN_POINT('',(0.012907785237451,-0.00633810919782967,-2.29850860566927E-17));
#9209=CARTESIAN_POINT('',(0.0131317185999985,-0.00648494040745718,-0.00299999999999999));
#9210=CARTESIAN_POINT('',(0.0131317185999985,-0.00648494040745718,-3.90312782094782E-18));
#9211=CARTESIAN_POINT('',(0.013616815888619,-0.00692776096619399,-0.003));
#9212=CARTESIAN_POINT('',(0.013616815888619,-0.00692776096619399,-1.30104260698261E-17));
#9213=CARTESIAN_POINT('',(0.0140135992351615,-0.00742340986217232,-0.003));
#9214=CARTESIAN_POINT('',(0.0140135992351615,-0.00742340986217232,-9.54097911787244E-18));
#9215=CARTESIAN_POINT('',(0.0142616013168882,-0.00780155522174454,-0.003));
#9216=CARTESIAN_POINT('',(0.0142616013168882,-0.00780155522174454,-9.54097911787244E-18));
#9217=CARTESIAN_POINT('',(0.0128617265777455,-0.00631384841654525,0.));
#9218=CARTESIAN_POINT('',(0.0132982786933975,-0.00533333633722125,-0.003));
#9219=CARTESIAN_POINT('',(0.0132982786933975,-0.00533333633722125,0.));
#9220=CARTESIAN_POINT('',(0.0133471272163631,-0.00535133095687267,-0.003));
#9221=CARTESIAN_POINT('',(0.0133471272163631,-0.00535133095687267,0.));
#9222=CARTESIAN_POINT('',(0.0136060847366822,-0.00541949662017133,-0.003));
#9223=CARTESIAN_POINT('',(0.0136060847366822,-0.00541949662017133,0.));
#9224=CARTESIAN_POINT('',(0.0142597579863998,-0.00548368937108696,-0.003));
#9225=CARTESIAN_POINT('',(0.0142597579863998,-0.00548368937108696,-2.60208521396521E-18));
#9226=CARTESIAN_POINT('',(0.0148935967799652,-0.00544690301559847,-0.003));
#9227=CARTESIAN_POINT('',(0.0148935967799652,-0.00544690301559847,0.));
#9228=CARTESIAN_POINT('',(0.0153405593305333,-0.00537817584559905,-0.003));
#9229=CARTESIAN_POINT('',(0.0153405593305333,-0.00537817584559905,0.));
#9230=CARTESIAN_POINT('',(0.0132982786833929,-0.00533333633353579,-0.003));
#9231=CARTESIAN_POINT('',(-1.84139125075463E-15,8.17941314462145E-16,-0.003));
#9232=CARTESIAN_POINT('',(0.012826395287466,-0.00553574601383315,-0.003));
#9233=CARTESIAN_POINT('',(0.0126963946614378,-0.0058277322005232,-0.003));
#9234=CARTESIAN_POINT('',(0.0130357370114571,-0.00598349266583193,-0.0015));
#9235=CARTESIAN_POINT('',(0.0131692122237058,-0.0056837024307166,-0.0015));
#9236=CARTESIAN_POINT('',(0.00391407112680393,-0.0137829147827125,-0.003));
#9237=CARTESIAN_POINT('',(0.00391407112680393,-0.0137829147827125,3.46944695195361E-18));
#9238=CARTESIAN_POINT('',(0.00392686110900769,-0.0138333766582976,-0.003));
#9239=CARTESIAN_POINT('',(0.00392686110900769,-0.0138333766582976,3.46944695195361E-18));
#9240=CARTESIAN_POINT('',(0.00396758492201984,-0.0140980408342571,-0.003));
#9241=CARTESIAN_POINT('',(0.00396758492201984,-0.0140980408342571,3.46944695195361E-18));
#9242=CARTESIAN_POINT('',(0.00396309855805725,-0.0147548431631242,-0.003));
#9243=CARTESIAN_POINT('',(0.00396309855805725,-0.0147548431631242,3.90312782094782E-18));
#9244=CARTESIAN_POINT('',(0.00386025952702236,-0.0153813645002498,-0.003));
#9245=CARTESIAN_POINT('',(0.00386025952702236,-0.0153813645002498,3.03576608295941E-18));
#9246=CARTESIAN_POINT('',(0.00374518854310212,-0.0158186945977352,-0.003));
#9247=CARTESIAN_POINT('',(0.00374518854310212,-0.0158186945977352,3.03576608295941E-18));
#9248=CARTESIAN_POINT('',(0.00391407112418443,-0.0137829147723775,0.));
#9249=CARTESIAN_POINT('',(0.00493484398410565,-0.0134512455759952,-0.003));
#9250=CARTESIAN_POINT('',(0.00493484398410565,-0.0134512455759952,0.));
#9251=CARTESIAN_POINT('',(0.00495415741741696,-0.013499587853828,-0.00300000000000001));
#9252=CARTESIAN_POINT('',(0.00495415741741696,-0.013499587853828,-1.30104260698261E-17));
#9253=CARTESIAN_POINT('',(0.00507677686005357,-0.0137376425266873,-0.00299999999999999));
#9254=CARTESIAN_POINT('',(0.00507677686005357,-0.0137376425266873,5.63785129692462E-18));
#9255=CARTESIAN_POINT('',(0.0054664651273217,-0.0142663697541121,-0.003));
#9256=CARTESIAN_POINT('',(0.0054664651273217,-0.0142663697541121,-2.60208521396521E-18));
#9257=CARTESIAN_POINT('',(0.00591792365332295,-0.0147127888973829,-0.003));
#9258=CARTESIAN_POINT('',(0.00591792365332295,-0.0147127888973829,0.));
#9259=CARTESIAN_POINT('',(0.00626807421655936,-0.0149989593510851,-0.003));
#9260=CARTESIAN_POINT('',(0.00626807421655936,-0.0149989593510851,0.));
#9261=CARTESIAN_POINT('',(0.00493484398015009,-0.0134512455660943,-0.003));
#9262=CARTESIAN_POINT('',(-6.24282388774621E-16,1.91572994738967E-15,-0.003));
#9263=CARTESIAN_POINT('',(0.00446867265076331,-0.0132360063742928,-0.003));
#9264=CARTESIAN_POINT('',(0.00416469722929241,-0.0133347739758994,-0.003));
#9265=CARTESIAN_POINT('',(0.00427600899791595,-0.0136911785819804,-0.0015));
#9266=CARTESIAN_POINT('',(0.00458810890957646,-0.0135897711734894,-0.0015));
#9267=CARTESIAN_POINT('',(0.000962910164913874,-0.0142955061717835,-0.003));
#9268=CARTESIAN_POINT('',(0.000962910164913874,-0.0142955061717835,0.));
#9269=CARTESIAN_POINT('',(0.000964929041445156,-0.0143475245211411,-0.003));
#9270=CARTESIAN_POINT('',(0.000964929041445156,-0.0143475245211411,0.));
#9271=CARTESIAN_POINT('',(0.000949736165113136,-0.014614872106676,-0.003));
#9272=CARTESIAN_POINT('',(0.000949736165113136,-0.014614872106676,2.60208521396521E-18));
#9273=CARTESIAN_POINT('',(0.000808790956239267,-0.0152563889612968,-0.003));
#9274=CARTESIAN_POINT('',(0.000808790956239267,-0.0152563889612968,-1.73472347597681E-18));
#9275=CARTESIAN_POINT('',(0.000577938094235554,-0.0158478378671898,-0.003));
#9276=CARTESIAN_POINT('',(0.000577938094235554,-0.0158478378671898,-4.33680868994202E-19));
#9277=CARTESIAN_POINT('',(0.000374455647386203,-0.0162516866499431,-0.003));
#9278=CARTESIAN_POINT('',(0.000374455647386203,-0.0162516866499431,-4.33680868994202E-19));
#9279=CARTESIAN_POINT('',(0.00096291016450039,-0.0142955061611297,0.));
#9280=CARTESIAN_POINT('',(0.00203033459173852,-0.0141833153436982,-0.003));
#9281=CARTESIAN_POINT('',(0.00203033459173852,-0.0141833153436982,-4.33680868994202E-19));
#9282=CARTESIAN_POINT('',(0.00203917505547171,-0.0142346167153493,-0.003));
#9283=CARTESIAN_POINT('',(0.00203917505547171,-0.0142346167153493,0.));
#9284=CARTESIAN_POINT('',(0.00210962061954882,-0.0144929633380962,-0.003));
#9285=CARTESIAN_POINT('',(0.00210962061954882,-0.0144929633380962,-4.33680868994202E-19));
#9286=CARTESIAN_POINT('',(0.00238086469137596,-0.0150911573535838,-0.003));
#9287=CARTESIAN_POINT('',(0.00238086469137596,-0.0150911573535838,-2.16840434497101E-18));
#9288=CARTESIAN_POINT('',(0.00272964200652399,-0.0156216846729708,-0.003));
#9289=CARTESIAN_POINT('',(0.00272964200652399,-0.0156216846729708,0.));
#9290=CARTESIAN_POINT('',(0.00301264275695802,-0.0159744020113038,-0.003));
#9291=CARTESIAN_POINT('',(0.00301264275695802,-0.0159744020113038,-4.33680868994202E-19));
#9292=CARTESIAN_POINT('',(0.00203033458992791,-0.0141833153331913,-0.003));
#9293=CARTESIAN_POINT('',(-2.12337668248261E-16,2.00366225869099E-15,-0.003));
#9294=CARTESIAN_POINT('',(0.00161910096685505,-0.0138758571648431,-0.003));
#9295=CARTESIAN_POINT('',(0.00130123319861319,-0.0139092664135398,-0.003));
#9296=CARTESIAN_POINT('',(0.00133601185376021,-0.0142810257418908,-0.0015));
#9297=CARTESIAN_POINT('',(0.00166237541930098,-0.0142467235489161,-0.0015));
#9298=CARTESIAN_POINT('',(-0.00203033459173852,-0.0141833153436982,-0.003));
#9299=CARTESIAN_POINT('',(-0.00203033459173852,-0.0141833153436982,-4.33680868994202E-19));
#9300=CARTESIAN_POINT('',(-0.00203917505547175,-0.0142346167153495,-0.00300000000000001));
#9301=CARTESIAN_POINT('',(-0.00203917505547175,-0.0142346167153495,-1.34441069388203E-17));
#9302=CARTESIAN_POINT('',(-0.00210962061954876,-0.014492963338096,-0.00299999999999999));
#9303=CARTESIAN_POINT('',(-0.00210962061954876,-0.014492963338096,5.63785129692462E-18));
#9304=CARTESIAN_POINT('',(-0.00238086469137594,-0.0150911573535839,-0.003));
#9305=CARTESIAN_POINT('',(-0.00238086469137594,-0.0150911573535839,-3.90312782094782E-18));
#9306=CARTESIAN_POINT('',(-0.00272964200652403,-0.0156216846729708,-0.003));
#9307=CARTESIAN_POINT('',(-0.00272964200652403,-0.0156216846729708,-4.33680868994202E-19));
#9308=CARTESIAN_POINT('',(-0.00301264275695803,-0.0159744020113038,-0.003));
#9309=CARTESIAN_POINT('',(-0.00301264275695803,-0.0159744020113038,-4.33680868994202E-19));
#9310=CARTESIAN_POINT('',(-0.00203033458992792,-0.0141833153331912,0.));
#9311=CARTESIAN_POINT('',(-0.000962910164913881,-0.0142955061717835,-0.003));
#9312=CARTESIAN_POINT('',(-0.000962910164913881,-0.0142955061717835,-3.46944695195361E-18));
#9313=CARTESIAN_POINT('',(-0.000964929041445147,-0.0143475245211409,-0.003));
#9314=CARTESIAN_POINT('',(-0.000964929041445147,-0.0143475245211409,-3.46944695195361E-18));
#9315=CARTESIAN_POINT('',(-0.000949736165113141,-0.0146148721066761,-0.003));
#9316=CARTESIAN_POINT('',(-0.000949736165113141,-0.0146148721066761,-4.33680868994202E-18));
#9317=CARTESIAN_POINT('',(-0.000808790956239258,-0.0152563889612967,-0.003));
#9318=CARTESIAN_POINT('',(-0.000808790956239258,-0.0152563889612967,-4.33680868994202E-18));
#9319=CARTESIAN_POINT('',(-0.000577938094235553,-0.0158478378671898,-0.003));
#9320=CARTESIAN_POINT('',(-0.000577938094235553,-0.0158478378671898,-3.46944695195361E-18));
#9321=CARTESIAN_POINT('',(-0.000374455647386208,-0.0162516866499431,-0.003));
#9322=CARTESIAN_POINT('',(-0.000374455647386208,-0.0162516866499431,-3.46944695195361E-18));
#9323=CARTESIAN_POINT('',(-0.000962910164500397,-0.0142955061611297,-0.003));
#9324=CARTESIAN_POINT('',(2.08887227289725E-16,2.00402491464926E-15,-0.003));
#9325=CARTESIAN_POINT('',(-0.0013012331986132,-0.0139092664135398,-0.003));
#9326=CARTESIAN_POINT('',(-0.00161910096685506,-0.0138758571648431,-0.003));
#9327=CARTESIAN_POINT('',(-0.00166237541930098,-0.0142467235489161,-0.0015));
#9328=CARTESIAN_POINT('',(-0.00133601185376022,-0.0142810257418909,-0.0015));
#9329=CARTESIAN_POINT('',(-0.00493484398410565,-0.0134512455759952,-0.003));
#9330=CARTESIAN_POINT('',(-0.00493484398410565,-0.0134512455759952,3.46944695195361E-18));
#9331=CARTESIAN_POINT('',(-0.00495415741741699,-0.013499587853828,-0.003));
#9332=CARTESIAN_POINT('',(-0.00495415741741699,-0.013499587853828,3.46944695195361E-18));
#9333=CARTESIAN_POINT('',(-0.00507677686005353,-0.0137376425266872,-0.003));
#9334=CARTESIAN_POINT('',(-0.00507677686005353,-0.0137376425266872,3.90312782094782E-18));
#9335=CARTESIAN_POINT('',(-0.00546646512732169,-0.0142663697541121,-0.003));
#9336=CARTESIAN_POINT('',(-0.00546646512732169,-0.0142663697541121,3.46944695195361E-18));
#9337=CARTESIAN_POINT('',(-0.00591792365332294,-0.014712788897383,-0.003));
#9338=CARTESIAN_POINT('',(-0.00591792365332294,-0.014712788897383,3.46944695195361E-18));
#9339=CARTESIAN_POINT('',(-0.00626807421655936,-0.014998959351085,-0.003));
#9340=CARTESIAN_POINT('',(-0.00626807421655936,-0.014998959351085,3.46944695195361E-18));
#9341=CARTESIAN_POINT('',(-0.00493484398015009,-0.0134512455660943,0.));
#9342=CARTESIAN_POINT('',(-0.00391407112680394,-0.0137829147827125,-0.003));
#9343=CARTESIAN_POINT('',(-0.00391407112680394,-0.0137829147827125,0.));
#9344=CARTESIAN_POINT('',(-0.00392686110900764,-0.0138333766582975,-0.00299999999999999));
#9345=CARTESIAN_POINT('',(-0.00392686110900764,-0.0138333766582975,1.30104260698261E-17));
#9346=CARTESIAN_POINT('',(-0.00396758492201988,-0.0140980408342572,-0.00300000000000001));
#9347=CARTESIAN_POINT('',(-0.00396758492201988,-0.0140980408342572,-7.37257477290143E-18));
#9348=CARTESIAN_POINT('',(-0.00396309855805723,-0.0147548431631242,-0.003));
#9349=CARTESIAN_POINT('',(-0.00396309855805723,-0.0147548431631242,4.33680868994202E-18));
#9350=CARTESIAN_POINT('',(-0.00386025952702236,-0.0153813645002499,-0.003));
#9351=CARTESIAN_POINT('',(-0.00386025952702236,-0.0153813645002499,-4.33680868994202E-19));
#9352=CARTESIAN_POINT('',(-0.00374518854310213,-0.0158186945977352,-0.003));
#9353=CARTESIAN_POINT('',(-0.00374518854310213,-0.0158186945977352,-4.33680868994202E-19));
#9354=CARTESIAN_POINT('',(-0.00391407112418444,-0.0137829147723775,-0.003));
#9355=CARTESIAN_POINT('',(6.20982748643026E-16,1.9168020654589E-15,-0.003));
#9356=CARTESIAN_POINT('',(-0.00416469722929242,-0.0133347739758994,-0.003));
#9357=CARTESIAN_POINT('',(-0.00446867265076332,-0.0132360063742928,-0.003));
#9358=CARTESIAN_POINT('',(-0.00458810890957645,-0.0135897711734893,-0.0015));
#9359=CARTESIAN_POINT('',(-0.00427600899791596,-0.0136911785819804,-0.0015));
#9360=CARTESIAN_POINT('',(-0.0132982786933975,-0.00533333633722124,-0.003));
#9361=CARTESIAN_POINT('',(-0.0132982786933975,-0.00533333633722124,-1.30104260698261E-18));
#9362=CARTESIAN_POINT('',(-0.0133471272163633,-0.00535133095687275,-0.003));
#9363=CARTESIAN_POINT('',(-0.0133471272163633,-0.00535133095687275,-1.30104260698261E-18));
#9364=CARTESIAN_POINT('',(-0.013606084736682,-0.00541949662017128,-0.003));
#9365=CARTESIAN_POINT('',(-0.013606084736682,-0.00541949662017128,-2.60208521396521E-18));
#9366=CARTESIAN_POINT('',(-0.0142597579863998,-0.00548368937108698,-0.003));
#9367=CARTESIAN_POINT('',(-0.0142597579863998,-0.00548368937108698,4.33680868994202E-19));
#9368=CARTESIAN_POINT('',(-0.0148935967799652,-0.00544690301559848,-0.003));
#9369=CARTESIAN_POINT('',(-0.0148935967799652,-0.00544690301559848,-8.67361737988404E-19));
#9370=CARTESIAN_POINT('',(-0.0153405593305333,-0.00537817584559905,-0.003));
#9371=CARTESIAN_POINT('',(-0.0153405593305333,-0.00537817584559905,-8.67361737988404E-19));
#9372=CARTESIAN_POINT('',(-0.0132982786833929,-0.00533333633353578,0.));
#9373=CARTESIAN_POINT('',(-0.0128617265871787,-0.00631384842151408,-0.003));
#9374=CARTESIAN_POINT('',(-0.0128617265871787,-0.00631384842151408,-3.46944695195361E-18));
#9375=CARTESIAN_POINT('',(-0.0129077852374508,-0.0063381091978296,-0.003));
#9376=CARTESIAN_POINT('',(-0.0129077852374508,-0.0063381091978296,-3.46944695195361E-18));
#9377=CARTESIAN_POINT('',(-0.0131317185999986,-0.00648494040745725,-0.003));
#9378=CARTESIAN_POINT('',(-0.0131317185999986,-0.00648494040745725,-3.46944695195361E-18));
#9379=CARTESIAN_POINT('',(-0.013616815888619,-0.00692776096619399,-0.003));
#9380=CARTESIAN_POINT('',(-0.013616815888619,-0.00692776096619399,-3.03576608295941E-18));
#9381=CARTESIAN_POINT('',(-0.0140135992351613,-0.00742340986217233,-0.003));
#9382=CARTESIAN_POINT('',(-0.0140135992351613,-0.00742340986217233,-3.90312782094782E-18));
#9383=CARTESIAN_POINT('',(-0.0142616013168882,-0.00780155522174454,-0.003));
#9384=CARTESIAN_POINT('',(-0.0142616013168882,-0.00780155522174454,-3.90312782094782E-18));
#9385=CARTESIAN_POINT('',(-0.0128617265777455,-0.00631384841654526,-0.003));
#9386=CARTESIAN_POINT('',(1.83998009954807E-15,8.21110811965635E-16,-0.003));
#9387=CARTESIAN_POINT('',(-0.0126963946614378,-0.0058277322005232,-0.003));
#9388=CARTESIAN_POINT('',(-0.012826395287466,-0.00553574601383315,-0.003));
#9389=CARTESIAN_POINT('',(-0.0131692122237058,-0.00568370243071658,-0.0015));
#9390=CARTESIAN_POINT('',(-0.0130357370114571,-0.00598349266583194,-0.0015));
#9391=CARTESIAN_POINT('',(-0.0118988164222648,-0.00798165775026944,-0.003));
#9392=CARTESIAN_POINT('',(-0.0118988164222648,-0.00798165775026944,3.46944695195361E-18));
#9393=CARTESIAN_POINT('',(-0.0119428561960058,-0.00800941532331141,-0.003));
#9394=CARTESIAN_POINT('',(-0.0119428561960058,-0.00800941532331141,3.03576608295941E-18));
#9395=CARTESIAN_POINT('',(-0.0121819824348854,-0.0081299316992188,-0.003));
#9396=CARTESIAN_POINT('',(-0.0121819824348854,-0.0081299316992188,3.46944695195361E-18));
#9397=CARTESIAN_POINT('',(-0.0128080249323798,-0.00832862799510265,-0.003));
#9398=CARTESIAN_POINT('',(-0.0128080249323798,-0.00832862799510265,4.33680868994202E-18));
#9399=CARTESIAN_POINT('',(-0.0134356611409258,-0.00842442800501779,-0.003));
#9400=CARTESIAN_POINT('',(-0.0134356611409258,-0.00842442800501779,3.03576608295941E-18));
#9401=CARTESIAN_POINT('',(-0.013887145669502,-0.00845013142819855,-0.003));
#9402=CARTESIAN_POINT('',(-0.013887145669502,-0.00845013142819855,3.46944695195361E-18));
#9403=CARTESIAN_POINT('',(-0.0118988164132451,-0.00798165774458445,0.));
#9404=CARTESIAN_POINT('',(-0.011267944101659,-0.00884997900647697,-0.003));
#9405=CARTESIAN_POINT('',(-0.011267944101659,-0.00884997900647697,4.33680868994202E-19));
#9406=CARTESIAN_POINT('',(-0.0113079521608915,-0.00888328575847686,-0.003));
#9407=CARTESIAN_POINT('',(-0.0113079521608915,-0.00888328575847686,4.33680868994202E-19));
#9408=CARTESIAN_POINT('',(-0.0114964641171333,-0.00907346671792473,-0.003));
#9409=CARTESIAN_POINT('',(-0.0114964641171333,-0.00907346671792473,-8.67361737988404E-19));
#9410=CARTESIAN_POINT('',(-0.011878893295024,-0.00960746798249685,-0.003));
#9411=CARTESIAN_POINT('',(-0.011878893295024,-0.00960746798249685,2.60208521396521E-18));
#9412=CARTESIAN_POINT('',(-0.0121639547734406,-0.0101747816573725,-0.003));
#9413=CARTESIAN_POINT('',(-0.0121639547734406,-0.0101747816573725,8.67361737988404E-19));
#9414=CARTESIAN_POINT('',(-0.0123279165735753,-0.0105962261657047,-0.003));
#9415=CARTESIAN_POINT('',(-0.0123279165735753,-0.0105962261657047,8.67361737988404E-19));
#9416=CARTESIAN_POINT('',(-0.011267944093465,-0.00884997899965547,-0.003));
#9417=CARTESIAN_POINT('',(1.62905358250637E-15,1.18572094422884E-15,-0.003));
#9418=CARTESIAN_POINT('',(-0.011207294320611,-0.00834011115101,-0.003));
#9419=CARTESIAN_POINT('',(-0.0113951614628246,-0.00808153421301662,-0.003));
#9420=CARTESIAN_POINT('',(-0.0116997251576969,-0.00829753307605891,-0.0015));
#9421=CARTESIAN_POINT('',(-0.0115068368044049,-0.00856302111819953,-0.0015));
#9422=CARTESIAN_POINT('',(-0.00762367701435867,-0.0121312918303837,-0.003));
#9423=CARTESIAN_POINT('',(-0.00762367701435867,-0.0121312918303837,4.33680868994202E-19));
#9424=CARTESIAN_POINT('',(-0.00765261932753634,-0.0121745622248847,-0.003));
#9425=CARTESIAN_POINT('',(-0.00765261932753634,-0.0121745622248847,4.33680868994202E-19));
#9426=CARTESIAN_POINT('',(-0.00782205359069572,-0.0123819208163395,-0.003));
#9427=CARTESIAN_POINT('',(-0.00782205359069572,-0.0123819208163395,1.30104260698261E-18));
#9428=CARTESIAN_POINT('',(-0.00831315480619354,-0.0128180733387483,-0.003));
#9429=CARTESIAN_POINT('',(-0.00831315480619354,-0.0128180733387483,4.33680868994202E-19));
#9430=CARTESIAN_POINT('',(-0.00884756363912325,-0.0131608736471852,-0.003));
#9431=CARTESIAN_POINT('',(-0.00884756363912325,-0.0131608736471852,0.));
#9432=CARTESIAN_POINT('',(-0.00924956075533991,-0.0133679901942317,-0.003));
#9433=CARTESIAN_POINT('',(-0.00924956075533991,-0.0133679901942317,4.33680868994202E-19));
#9434=CARTESIAN_POINT('',(-0.00762367700843103,-0.0121312918215215,0.));
#9435=CARTESIAN_POINT('',(-0.00669416839865559,-0.012667943879874,-0.003));
#9436=CARTESIAN_POINT('',(-0.00669416839865559,-0.012667943879874,0.));
#9437=CARTESIAN_POINT('',(-0.00671717050293626,-0.0127146438555804,-0.003));
#9438=CARTESIAN_POINT('',(-0.00671717050293626,-0.0127146438555804,0.));
#9439=CARTESIAN_POINT('',(-0.0068120311792496,-0.0129650575274757,-0.003));
#9440=CARTESIAN_POINT('',(-0.0068120311792496,-0.0129650575274757,0.));
#9441=CARTESIAN_POINT('',(-0.00694419973583128,-0.0136084399171304,-0.003));
#9442=CARTESIAN_POINT('',(-0.00694419973583128,-0.0136084399171304,4.33680868994202E-19));
#9443=CARTESIAN_POINT('',(-0.00697386909489803,-0.014242651696673,-0.003));
#9444=CARTESIAN_POINT('',(-0.00697386909489803,-0.014242651696673,0.));
#9445=CARTESIAN_POINT('',(-0.00695223872807595,-0.0146943496850878,-0.003));
#9446=CARTESIAN_POINT('',(-0.00695223872807595,-0.0146943496850878,0.));
#9447=CARTESIAN_POINT('',(-0.00669416839394456,-0.0126679438703094,-0.003));
#9448=CARTESIAN_POINT('',(1.00593834407479E-15,1.7458057681712E-15,-0.003));
#9449=CARTESIAN_POINT('',(-0.00684614400661701,-0.0121774879281674,-0.003));
#9450=CARTESIAN_POINT('',(-0.00712294189676278,-0.0120176785917806,-0.003));
#9451=CARTESIAN_POINT('',(-0.00731332002431422,-0.012338880586824,-0.0015));
#9452=CARTESIAN_POINT('',(-0.00702912403029511,-0.0125029612204735,-0.0015));
#9453=CARTESIAN_POINT('',(-0.00997931877662314,-0.0102811424193876,-0.003));
#9454=CARTESIAN_POINT('',(-0.00997931877662314,-0.0102811424193876,-4.33680868994202E-19));
#9455=CARTESIAN_POINT('',(-0.0100166250517005,-0.0103174498066826,-0.003));
#9456=CARTESIAN_POINT('',(-0.0100166250517005,-0.0103174498066826,-4.33680868994202E-19));
#9457=CARTESIAN_POINT('',(-0.0102254690450471,-0.0104850497512698,-0.003));
#9458=CARTESIAN_POINT('',(-0.0102254690450471,-0.0104850497512698,-8.67361737988404E-19));
#9459=CARTESIAN_POINT('',(-0.0107965197290921,-0.0108095656105412,-0.003));
#9460=CARTESIAN_POINT('',(-0.0107965197290921,-0.0108095656105412,1.30104260698261E-18));
#9461=CARTESIAN_POINT('',(-0.0113905226385734,-0.0110337650657271,-0.003));
#9462=CARTESIAN_POINT('',(-0.0113905226385734,-0.0110337650657271,0.));
#9463=CARTESIAN_POINT('',(-0.0118267971047952,-0.0111527757191564,-0.003));
#9464=CARTESIAN_POINT('',(-0.0118267971047952,-0.0111527757191564,0.));
#9465=CARTESIAN_POINT('',(-0.00997931876898249,-0.0102811424119516,0.));
#9466=CARTESIAN_POINT('',(-0.0091816983893021,-0.0109993230419459,-0.003));
#9467=CARTESIAN_POINT('',(-0.0091816983893021,-0.0109993230419459,0.));
#9468=CARTESIAN_POINT('',(-0.00921390731332635,-0.0110402201047441,-0.00299999999999999));
#9469=CARTESIAN_POINT('',(-0.00921390731332635,-0.0110402201047441,1.30104260698261E-17));
#9470=CARTESIAN_POINT('',(-0.00935875898619386,-0.011265438993495,-0.00300000000000001));
#9471=CARTESIAN_POINT('',(-0.00935875898619386,-0.011265438993495,-6.50521303491303E-18));
#9472=CARTESIAN_POINT('',(-0.00962180606318217,-0.0118672825462184,-0.003));
#9473=CARTESIAN_POINT('',(-0.00962180606318217,-0.0118672825462184,4.33680868994202E-18));
#9474=CARTESIAN_POINT('',(-0.00978268711898978,-0.0124814666701259,-0.003));
#9475=CARTESIAN_POINT('',(-0.00978268711898978,-0.0124814666701259,0.));
#9476=CARTESIAN_POINT('',(-0.00985544272009013,-0.0129277911798892,-0.003));
#9477=CARTESIAN_POINT('',(-0.00985544272009013,-0.0129277911798892,0.));
#9478=CARTESIAN_POINT('',(-0.00918169838270544,-0.0109993230335699,-0.003));
#9479=CARTESIAN_POINT('',(1.34692960684277E-15,1.49850938150889E-15,-0.003));
#9480=CARTESIAN_POINT('',(-0.00922838143940868,-0.0104879872239042,-0.003));
#9481=CARTESIAN_POINT('',(-0.0094659044022063,-0.0102741205875876,-0.003));
#9482=CARTESIAN_POINT('',(-0.00971890396078644,-0.0105487217099962,-0.0015));
#9483=CARTESIAN_POINT('',(-0.00947503261307102,-0.0107683044577676,-0.0015));
#9484=CARTESIAN_POINT('',(-0.0141165423734077,-0.00245192253404932,-0.003));
#9485=CARTESIAN_POINT('',(-0.0141165423734077,-0.00245192253404932,0.));
#9486=CARTESIAN_POINT('',(-0.0141680647307434,-0.00245936774908378,-0.003));
#9487=CARTESIAN_POINT('',(-0.0141680647307434,-0.00245936774908378,0.));
#9488=CARTESIAN_POINT('',(-0.0144355358462473,-0.00247220353319226,-0.003));
#9489=CARTESIAN_POINT('',(-0.0144355358462473,-0.00247220353319226,-4.33680868994202E-19));
#9490=CARTESIAN_POINT('',(-0.0150882711905039,-0.00239908720789373,-0.003));
#9491=CARTESIAN_POINT('',(-0.0150882711905039,-0.00239908720789373,1.30104260698261E-18));
#9492=CARTESIAN_POINT('',(-0.0157006107723127,-0.002231322227257,-0.003));
#9493=CARTESIAN_POINT('',(-0.0157006107723127,-0.002231322227257,4.33680868994202E-19));
#9494=CARTESIAN_POINT('',(-0.0161235169366495,-0.00207116817119588,-0.003));
#9495=CARTESIAN_POINT('',(-0.0161235169366495,-0.00207116817119588,4.33680868994202E-19));
#9496=CARTESIAN_POINT('',(-0.0141165423628555,-0.00245192253252448,0.));
#9497=CARTESIAN_POINT('',(-0.0138933899034271,-0.00350177236332487,-0.003));
#9498=CARTESIAN_POINT('',(-0.0138933899034271,-0.00350177236332487,0.));
#9499=CARTESIAN_POINT('',(-0.013943486160708,-0.00351592685161499,-0.003));
#9500=CARTESIAN_POINT('',(-0.013943486160708,-0.00351592685161499,0.));
#9501=CARTESIAN_POINT('',(-0.0141930539670671,-0.00361299108298727,-0.003));
#9502=CARTESIAN_POINT('',(-0.0141930539670671,-0.00361299108298727,-4.33680868994202E-19));
#9503=CARTESIAN_POINT('',(-0.0147596182871493,-0.00394527755258308,-0.003));
#9504=CARTESIAN_POINT('',(-0.0147596182871493,-0.00394527755258308,4.33680868994202E-19));
#9505=CARTESIAN_POINT('',(-0.0152507821655958,-0.00434759943452262,-0.003));
#9506=CARTESIAN_POINT('',(-0.0152507821655958,-0.00434759943452262,0.));
#9507=CARTESIAN_POINT('',(-0.0155719856478973,-0.0046659188785787,-0.003));
#9508=CARTESIAN_POINT('',(-0.0155719856478973,-0.0046659188785787,0.));
#9509=CARTESIAN_POINT('',(-0.0138933898931669,-0.00350177236042591,-0.003));
#9510=CARTESIAN_POINT('',(1.9704906570354E-15,4.20614197092706E-16,-0.003));
#9511=CARTESIAN_POINT('',(-0.0136306016314987,-0.00306065338831181,-0.003));
#9512=CARTESIAN_POINT('',(-0.013697054090172,-0.00274801915038863,-0.003));
#9513=CARTESIAN_POINT('',(-0.0140631415226474,-0.00282146671572175,-0.0015));
#9514=CARTESIAN_POINT('',(-0.0139949129587024,-0.00314245687198415,-0.0015));
#9515=CARTESIAN_POINT('',(-0.0143178454130142,0.000536652049490259,-0.003));
#9516=CARTESIAN_POINT('',(-0.0143178454130142,0.000536652049490259,0.));
#9517=CARTESIAN_POINT('',(-0.0143697898304726,0.000540081630695921,-0.003));
#9518=CARTESIAN_POINT('',(-0.0143697898304726,0.000540081630695921,0.));
#9519=CARTESIAN_POINT('',(-0.0146340847699454,0.00058313671113602,-0.003));
#9520=CARTESIAN_POINT('',(-0.0146340847699454,0.00058313671113602,-4.33680868994202E-19));
#9521=CARTESIAN_POINT('',(-0.0152573545420247,0.000790366578382133,-0.003));
#9522=CARTESIAN_POINT('',(-0.0152573545420247,0.000790366578382133,8.67361737988404E-19));
#9523=CARTESIAN_POINT('',(-0.0158214327340215,0.00108177804948764,-0.003));
#9524=CARTESIAN_POINT('',(-0.0158214327340215,0.00108177804948764,-4.33680868994202E-19));
#9525=CARTESIAN_POINT('',(-0.0162017994834159,0.0013263594908561,-0.003));
#9526=CARTESIAN_POINT('',(-0.0162017994834159,0.0013263594908561,0.));
#9527=CARTESIAN_POINT('',(-0.0143178454023756,0.000536652048787851,0.));
#9528=CARTESIAN_POINT('',(-0.0143178454130143,-0.000536652049490256,-0.003));
#9529=CARTESIAN_POINT('',(-0.0143178454130143,-0.000536652049490256,4.33680868994202E-19));
#9530=CARTESIAN_POINT('',(-0.0143697898304724,-0.000540081630695913,-0.003));
#9531=CARTESIAN_POINT('',(-0.0143697898304724,-0.000540081630695913,0.));
#9532=CARTESIAN_POINT('',(-0.0146340847699455,-0.000583136711136032,-0.003));
#9533=CARTESIAN_POINT('',(-0.0146340847699455,-0.000583136711136032,0.));
#9534=CARTESIAN_POINT('',(-0.0152573545420247,-0.000790366578382147,-0.003));
#9535=CARTESIAN_POINT('',(-0.0152573545420247,-0.000790366578382147,8.67361737988404E-19));
#9536=CARTESIAN_POINT('',(-0.0158214327340215,-0.00108177804948762,-0.003));
#9537=CARTESIAN_POINT('',(-0.0158214327340215,-0.00108177804948762,0.));
#9538=CARTESIAN_POINT('',(-0.0162017994834159,-0.0013263594908561,-0.003));
#9539=CARTESIAN_POINT('',(-0.0162017994834159,-0.0013263594908561,4.33680868994202E-19));
#9540=CARTESIAN_POINT('',(-0.0143178454023756,-0.000536652048787848,-0.003));
#9541=CARTESIAN_POINT('',(2.01488131734706E-15,1.73472347597656E-18,-0.003));
#9542=CARTESIAN_POINT('',(-0.0139690859033798,-0.000159809336386779,-0.003));
#9543=CARTESIAN_POINT('',(-0.0139690859033798,0.000159809336386782,-0.003));
#9544=CARTESIAN_POINT('',(-0.0143424440546093,0.000164080633649558,-0.0015));
#9545=CARTESIAN_POINT('',(-0.0143424440546093,-0.000164080633649555,-0.0015));
#9546=CARTESIAN_POINT('',(-0.0138933899034271,0.00350177236332486,-0.003));
#9547=CARTESIAN_POINT('',(-0.0138933899034271,0.00350177236332486,4.33680868994202E-19));
#9548=CARTESIAN_POINT('',(-0.0139434861607082,0.00351592685161503,-0.003));
#9549=CARTESIAN_POINT('',(-0.0139434861607082,0.00351592685161503,8.67361737988404E-19));
#9550=CARTESIAN_POINT('',(-0.0141930539670669,0.00361299108298723,-0.003));
#9551=CARTESIAN_POINT('',(-0.0141930539670669,0.00361299108298723,0.));
#9552=CARTESIAN_POINT('',(-0.0147596182871493,0.00394527755258307,-0.003));
#9553=CARTESIAN_POINT('',(-0.0147596182871493,0.00394527755258307,8.67361737988404E-19));
#9554=CARTESIAN_POINT('',(-0.0152507821655958,0.00434759943452261,-0.003));
#9555=CARTESIAN_POINT('',(-0.0152507821655958,0.00434759943452261,8.67361737988404E-19));
#9556=CARTESIAN_POINT('',(-0.0155719856478973,0.0046659188785787,-0.003));
#9557=CARTESIAN_POINT('',(-0.0155719856478973,0.0046659188785787,4.33680868994202E-19));
#9558=CARTESIAN_POINT('',(-0.0138933898931669,0.0035017723604259,0.));
#9559=CARTESIAN_POINT('',(-0.0141165423734078,0.00245192253404932,-0.003));
#9560=CARTESIAN_POINT('',(-0.0141165423734078,0.00245192253404932,0.));
#9561=CARTESIAN_POINT('',(-0.0141680647307433,0.00245936774908376,-0.003));
#9562=CARTESIAN_POINT('',(-0.0141680647307433,0.00245936774908376,0.));
#9563=CARTESIAN_POINT('',(-0.0144355358462474,0.00247220353319226,-0.003));
#9564=CARTESIAN_POINT('',(-0.0144355358462474,0.00247220353319226,8.67361737988404E-19));
#9565=CARTESIAN_POINT('',(-0.0150882711905039,0.00239908720789372,-0.003));
#9566=CARTESIAN_POINT('',(-0.0150882711905039,0.00239908720789372,-1.73472347597681E-18));
#9567=CARTESIAN_POINT('',(-0.0157006107723127,0.00223132222725699,-0.003));
#9568=CARTESIAN_POINT('',(-0.0157006107723127,0.00223132222725699,0.));
#9569=CARTESIAN_POINT('',(-0.0161235169366495,0.00207116817119588,-0.003));
#9570=CARTESIAN_POINT('',(-0.0161235169366495,0.00207116817119588,0.));
#9571=CARTESIAN_POINT('',(-0.0141165423628555,0.00245192253252448,-0.003));
#9572=CARTESIAN_POINT('',(1.97121199561739E-15,-4.17220565880778E-16,-0.003));
#9573=CARTESIAN_POINT('',(-0.013697054090172,0.00274801915038862,-0.003));
#9574=CARTESIAN_POINT('',(-0.0136306016314987,0.00306065338831181,-0.003));
#9575=CARTESIAN_POINT('',(-0.0139949129587024,0.00314245687198414,-0.0015));
#9576=CARTESIAN_POINT('',(-0.0140631415226475,0.00282146671572175,-0.0015));
#9577=CARTESIAN_POINT('',(-0.0128617265871787,0.00631384842151407,-0.003));
#9578=CARTESIAN_POINT('',(-0.0128617265871787,0.00631384842151407,0.));
#9579=CARTESIAN_POINT('',(-0.0129077852374509,0.00633810919782967,-0.003));
#9580=CARTESIAN_POINT('',(-0.0129077852374509,0.00633810919782967,4.33680868994202E-19));
#9581=CARTESIAN_POINT('',(-0.0131317185999985,0.00648494040745719,-0.003));
#9582=CARTESIAN_POINT('',(-0.0131317185999985,0.00648494040745719,-1.30104260698261E-18));
#9583=CARTESIAN_POINT('',(-0.0136168158886191,0.00692776096619399,-0.003));
#9584=CARTESIAN_POINT('',(-0.0136168158886191,0.00692776096619399,8.67361737988404E-19));
#9585=CARTESIAN_POINT('',(-0.0140135992351613,0.00742340986217232,-0.003));
#9586=CARTESIAN_POINT('',(-0.0140135992351613,0.00742340986217232,-4.33680868994202E-19));
#9587=CARTESIAN_POINT('',(-0.0142616013168882,0.00780155522174454,-0.003));
#9588=CARTESIAN_POINT('',(-0.0142616013168882,0.00780155522174454,-4.33680868994202E-19));
#9589=CARTESIAN_POINT('',(-0.0128617265777455,0.00631384841654526,0.));
#9590=CARTESIAN_POINT('',(-0.0132982786933975,0.00533333633722125,-0.003));
#9591=CARTESIAN_POINT('',(-0.0132982786933975,0.00533333633722125,0.));
#9592=CARTESIAN_POINT('',(-0.0133471272163632,0.00535133095687272,-0.003));
#9593=CARTESIAN_POINT('',(-0.0133471272163632,0.00535133095687272,0.));
#9594=CARTESIAN_POINT('',(-0.0136060847366821,0.00541949662017132,-0.003));
#9595=CARTESIAN_POINT('',(-0.0136060847366821,0.00541949662017132,0.));
#9596=CARTESIAN_POINT('',(-0.0142597579863998,0.00548368937108695,-0.003));
#9597=CARTESIAN_POINT('',(-0.0142597579863998,0.00548368937108695,-2.60208521396521E-18));
#9598=CARTESIAN_POINT('',(-0.0148935967799652,0.00544690301559858,-0.003));
#9599=CARTESIAN_POINT('',(-0.0148935967799652,0.00544690301559858,0.));
#9600=CARTESIAN_POINT('',(-0.0153405593305333,0.00537817584559905,-0.003));
#9601=CARTESIAN_POINT('',(-0.0153405593305333,0.00537817584559905,0.));
#9602=CARTESIAN_POINT('',(-0.0132982786833929,0.0053333363335358,-0.003));
#9603=CARTESIAN_POINT('',(1.84139125075463E-15,-8.17941314462146E-16,-0.003));
#9604=CARTESIAN_POINT('',(-0.012826395287466,0.00553574601383315,-0.003));
#9605=CARTESIAN_POINT('',(-0.0126963946614377,0.0058277322005232,-0.003));
#9606=CARTESIAN_POINT('',(-0.0130357370114571,0.00598349266583193,-0.0015));
#9607=CARTESIAN_POINT('',(-0.0131692122237058,0.0056837024307166,-0.0015));
#9608=CARTESIAN_POINT('',(-0.00391407112680393,0.0137829147827125,-0.003));
#9609=CARTESIAN_POINT('',(-0.00391407112680393,0.0137829147827125,3.46944695195361E-18));
#9610=CARTESIAN_POINT('',(-0.00392686110900764,0.0138333766582975,-0.003));
#9611=CARTESIAN_POINT('',(-0.00392686110900764,0.0138333766582975,3.03576608295941E-18));
#9612=CARTESIAN_POINT('',(-0.00396758492201987,0.0140980408342571,-0.003));
#9613=CARTESIAN_POINT('',(-0.00396758492201987,0.0140980408342571,6.07153216591882E-18));
#9614=CARTESIAN_POINT('',(-0.00396309855805722,0.0147548431631242,-0.003));
#9615=CARTESIAN_POINT('',(-0.00396309855805722,0.0147548431631242,2.16840434497101E-18));
#9616=CARTESIAN_POINT('',(-0.00386025952702241,0.0153813645002498,-0.003));
#9617=CARTESIAN_POINT('',(-0.00386025952702241,0.0153813645002498,3.46944695195361E-18));
#9618=CARTESIAN_POINT('',(-0.00374518854310212,0.0158186945977352,-0.003));
#9619=CARTESIAN_POINT('',(-0.00374518854310212,0.0158186945977352,3.46944695195361E-18));
#9620=CARTESIAN_POINT('',(-0.00391407112418443,0.0137829147723775,0.));
#9621=CARTESIAN_POINT('',(-0.00493484398410565,0.0134512455759953,-0.003));
#9622=CARTESIAN_POINT('',(-0.00493484398410565,0.0134512455759953,9.54097911787244E-18));
#9623=CARTESIAN_POINT('',(-0.00495415741741695,0.0134995878538279,-0.003));
#9624=CARTESIAN_POINT('',(-0.00495415741741695,0.0134995878538279,9.54097911787244E-18));
#9625=CARTESIAN_POINT('',(-0.00507677686005358,0.0137376425266873,-0.003));
#9626=CARTESIAN_POINT('',(-0.00507677686005358,0.0137376425266873,1.04083408558608E-17));
#9627=CARTESIAN_POINT('',(-0.0054664651273217,0.0142663697541121,-0.003));
#9628=CARTESIAN_POINT('',(-0.0054664651273217,0.0142663697541121,9.97465998686664E-18));
#9629=CARTESIAN_POINT('',(-0.00591792365332295,0.0147127888973829,-0.003));
#9630=CARTESIAN_POINT('',(-0.00591792365332295,0.0147127888973829,9.54097911787244E-18));
#9631=CARTESIAN_POINT('',(-0.00626807421655936,0.0149989593510851,-0.003));
#9632=CARTESIAN_POINT('',(-0.00626807421655936,0.0149989593510851,9.54097911787244E-18));
#9633=CARTESIAN_POINT('',(-0.00493484398015009,0.0134512455660943,-0.003));
#9634=CARTESIAN_POINT('',(6.24282388774621E-16,-1.91572994738967E-15,-0.003));
#9635=CARTESIAN_POINT('',(-0.00446867265076332,0.0132360063742928,-0.003));
#9636=CARTESIAN_POINT('',(-0.00416469722929242,0.0133347739758994,-0.003));
#9637=CARTESIAN_POINT('',(-0.00427600899791595,0.0136911785819804,-0.0015));
#9638=CARTESIAN_POINT('',(-0.00458810890957646,0.0135897711734894,-0.0015));
#9639=CARTESIAN_POINT('',(-0.00669416839865557,0.012667943879874,-0.003));
#9640=CARTESIAN_POINT('',(-0.00669416839865557,0.012667943879874,0.));
#9641=CARTESIAN_POINT('',(-0.0067171705029363,0.0127146438555805,-0.003));
#9642=CARTESIAN_POINT('',(-0.0067171705029363,0.0127146438555805,0.));
#9643=CARTESIAN_POINT('',(-0.00681203117924955,0.0129650575274756,-0.003));
#9644=CARTESIAN_POINT('',(-0.00681203117924955,0.0129650575274756,4.33680868994202E-19));
#9645=CARTESIAN_POINT('',(-0.00694419973583128,0.0136084399171304,-0.003));
#9646=CARTESIAN_POINT('',(-0.00694419973583128,0.0136084399171304,0.));
#9647=CARTESIAN_POINT('',(-0.00697386909489802,0.0142426516966732,-0.003));
#9648=CARTESIAN_POINT('',(-0.00697386909489802,0.0142426516966732,0.));
#9649=CARTESIAN_POINT('',(-0.00695223872807594,0.0146943496850878,-0.003));
#9650=CARTESIAN_POINT('',(-0.00695223872807594,0.0146943496850878,0.));
#9651=CARTESIAN_POINT('',(-0.00669416839394454,0.0126679438703094,0.));
#9652=CARTESIAN_POINT('',(-0.00762367701435867,0.0121312918303837,-0.003));
#9653=CARTESIAN_POINT('',(-0.00762367701435867,0.0121312918303837,0.));
#9654=CARTESIAN_POINT('',(-0.00765261932753626,0.0121745622248846,-0.003));
#9655=CARTESIAN_POINT('',(-0.00765261932753626,0.0121745622248846,0.));
#9656=CARTESIAN_POINT('',(-0.00782205359069579,0.0123819208163396,-0.003));
#9657=CARTESIAN_POINT('',(-0.00782205359069579,0.0123819208163396,0.));
#9658=CARTESIAN_POINT('',(-0.00831315480619353,0.0128180733387483,-0.003));
#9659=CARTESIAN_POINT('',(-0.00831315480619353,0.0128180733387483,0.));
#9660=CARTESIAN_POINT('',(-0.00884756363912326,0.0131608736471854,-0.003));
#9661=CARTESIAN_POINT('',(-0.00884756363912326,0.0131608736471854,0.));
#9662=CARTESIAN_POINT('',(-0.0092495607553399,0.0133679901942317,-0.003));
#9663=CARTESIAN_POINT('',(-0.0092495607553399,0.0133679901942317,0.));
#9664=CARTESIAN_POINT('',(-0.00762367700843104,0.0121312918215216,-0.003));
#9665=CARTESIAN_POINT('',(1.00894297327227E-15,-1.74407104469522E-15,-0.003));
#9666=CARTESIAN_POINT('',(-0.00712294189676277,0.0120176785917806,-0.003));
#9667=CARTESIAN_POINT('',(-0.006846144006617,0.0121774879281674,-0.003));
#9668=CARTESIAN_POINT('',(-0.00702912403029508,0.0125029612204735,-0.0015));
#9669=CARTESIAN_POINT('',(-0.00731332002431423,0.012338880586824,-0.0015));
#9670=CARTESIAN_POINT('',(-0.011267944101659,0.00884997900647697,-0.003));
#9671=CARTESIAN_POINT('',(-0.011267944101659,0.00884997900647697,-4.33680868994202E-19));
#9672=CARTESIAN_POINT('',(-0.0113079521608915,0.00888328575847692,-0.003));
#9673=CARTESIAN_POINT('',(-0.0113079521608915,0.00888328575847692,-4.33680868994202E-19));
#9674=CARTESIAN_POINT('',(-0.0114964641171333,0.00907346671792466,-0.003));
#9675=CARTESIAN_POINT('',(-0.0114964641171333,0.00907346671792466,-4.33680868994202E-19));
#9676=CARTESIAN_POINT('',(-0.011878893295024,0.00960746798249689,-0.003));
#9677=CARTESIAN_POINT('',(-0.011878893295024,0.00960746798249689,8.67361737988404E-19));
#9678=CARTESIAN_POINT('',(-0.0121639547734406,0.0101747816573723,-0.003));
#9679=CARTESIAN_POINT('',(-0.0121639547734406,0.0101747816573723,-4.33680868994202E-19));
#9680=CARTESIAN_POINT('',(-0.0123279165735753,0.0105962261657047,-0.003));
#9681=CARTESIAN_POINT('',(-0.0123279165735753,0.0105962261657047,-4.33680868994202E-19));
#9682=CARTESIAN_POINT('',(-0.011267944093465,0.00884997899965546,0.));
#9683=CARTESIAN_POINT('',(-0.0118988164222648,0.00798165775026945,-0.003));
#9684=CARTESIAN_POINT('',(-0.0118988164222648,0.00798165775026945,-4.33680868994202E-19));
#9685=CARTESIAN_POINT('',(-0.0119428561960057,0.00800941532331137,-0.003));
#9686=CARTESIAN_POINT('',(-0.0119428561960057,0.00800941532331137,-4.33680868994202E-19));
#9687=CARTESIAN_POINT('',(-0.0121819824348855,0.00812993169921883,-0.003));
#9688=CARTESIAN_POINT('',(-0.0121819824348855,0.00812993169921883,-4.33680868994202E-19));
#9689=CARTESIAN_POINT('',(-0.0128080249323797,0.00832862799510264,-0.003));
#9690=CARTESIAN_POINT('',(-0.0128080249323797,0.00832862799510264,8.67361737988404E-19));
#9691=CARTESIAN_POINT('',(-0.013435661140926,0.00842442800501778,-0.003));
#9692=CARTESIAN_POINT('',(-0.013435661140926,0.00842442800501778,0.));
#9693=CARTESIAN_POINT('',(-0.013887145669502,0.00845013142819856,-0.003));
#9694=CARTESIAN_POINT('',(-0.013887145669502,0.00845013142819856,0.));
#9695=CARTESIAN_POINT('',(-0.0118988164132451,0.00798165774458446,-0.003));
#9696=CARTESIAN_POINT('',(1.63109287225834E-15,-1.18291410268363E-15,-0.003));
#9697=CARTESIAN_POINT('',(-0.0113951614628245,0.00808153421301663,-0.003));
#9698=CARTESIAN_POINT('',(-0.011207294320611,0.00834011115101,-0.003));
#9699=CARTESIAN_POINT('',(-0.0115068368044048,0.00856302111819951,-0.0015));
#9700=CARTESIAN_POINT('',(-0.0116997251576969,0.00829753307605893,-0.0015));
#9701=CARTESIAN_POINT('',(-0.0091816983893021,0.0109993230419459,-0.003));
#9702=CARTESIAN_POINT('',(-0.0091816983893021,0.0109993230419459,4.33680868994202E-19));
#9703=CARTESIAN_POINT('',(-0.00921390731332641,0.0110402201047442,-0.003));
#9704=CARTESIAN_POINT('',(-0.00921390731332641,0.0110402201047442,4.33680868994202E-19));
#9705=CARTESIAN_POINT('',(-0.00935875898619382,0.011265438993495,-0.003));
#9706=CARTESIAN_POINT('',(-0.00935875898619382,0.011265438993495,-1.30104260698261E-18));
#9707=CARTESIAN_POINT('',(-0.00962180606318219,0.0118672825462184,-0.003));
#9708=CARTESIAN_POINT('',(-0.00962180606318219,0.0118672825462184,1.30104260698261E-18));
#9709=CARTESIAN_POINT('',(-0.00978268711898979,0.0124814666701259,-0.003));
#9710=CARTESIAN_POINT('',(-0.00978268711898979,0.0124814666701259,-4.33680868994202E-19));
#9711=CARTESIAN_POINT('',(-0.00985544272009014,0.0129277911798892,-0.003));
#9712=CARTESIAN_POINT('',(-0.00985544272009014,0.0129277911798892,0.));
#9713=CARTESIAN_POINT('',(-0.00918169838270542,0.0109993230335698,0.));
#9714=CARTESIAN_POINT('',(-0.00997931877662316,0.0102811424193876,-0.003));
#9715=CARTESIAN_POINT('',(-0.00997931877662316,0.0102811424193876,4.33680868994202E-19));
#9716=CARTESIAN_POINT('',(-0.0100166250517005,0.0103174498066825,-0.003));
#9717=CARTESIAN_POINT('',(-0.0100166250517005,0.0103174498066825,4.33680868994202E-19));
#9718=CARTESIAN_POINT('',(-0.0102254690450472,0.0104850497512699,-0.003));
#9719=CARTESIAN_POINT('',(-0.0102254690450472,0.0104850497512699,0.));
#9720=CARTESIAN_POINT('',(-0.0107965197290921,0.0108095656105411,-0.003));
#9721=CARTESIAN_POINT('',(-0.0107965197290921,0.0108095656105411,8.67361737988404E-19));
#9722=CARTESIAN_POINT('',(-0.0113905226385734,0.0110337650657273,-0.003));
#9723=CARTESIAN_POINT('',(-0.0113905226385734,0.0110337650657273,4.33680868994202E-19));
#9724=CARTESIAN_POINT('',(-0.0118267971047952,0.0111527757191564,-0.003));
#9725=CARTESIAN_POINT('',(-0.0118267971047952,0.0111527757191564,4.33680868994202E-19));
#9726=CARTESIAN_POINT('',(-0.0099793187689825,0.0102811424119516,-0.003));
#9727=CARTESIAN_POINT('',(1.34950790839238E-15,-1.4961878683662E-15,-0.003));
#9728=CARTESIAN_POINT('',(-0.0094659044022063,0.0102741205875876,-0.003));
#9729=CARTESIAN_POINT('',(-0.00922838143940868,0.0104879872239042,-0.003));
#9730=CARTESIAN_POINT('',(-0.009475032613071,0.0107683044577676,-0.0015));
#9731=CARTESIAN_POINT('',(-0.00971890396078646,0.0105487217099963,-0.0015));
#9732=CARTESIAN_POINT('',(0.0141165423734077,0.00245192253404932,-0.003));
#9733=CARTESIAN_POINT('',(0.0141165423734077,0.00245192253404932,0.));
#9734=CARTESIAN_POINT('',(0.0141680647307434,0.00245936774908378,-0.00299999999999999));
#9735=CARTESIAN_POINT('',(0.0141680647307434,0.00245936774908378,1.30104260698261E-17));
#9736=CARTESIAN_POINT('',(0.0144355358462473,0.00247220353319226,-0.00300000000000001));
#9737=CARTESIAN_POINT('',(0.0144355358462473,0.00247220353319226,-6.93889390390723E-18));
#9738=CARTESIAN_POINT('',(0.0150882711905039,0.00239908720789373,-0.003));
#9739=CARTESIAN_POINT('',(0.0150882711905039,0.00239908720789373,4.77048955893622E-18));
#9740=CARTESIAN_POINT('',(0.0157006107723127,0.002231322227257,-0.003));
#9741=CARTESIAN_POINT('',(0.0157006107723127,0.002231322227257,0.));
#9742=CARTESIAN_POINT('',(0.0161235169366495,0.00207116817119588,-0.003));
#9743=CARTESIAN_POINT('',(0.0161235169366495,0.00207116817119588,0.));
#9744=CARTESIAN_POINT('',(0.0141165423628555,0.00245192253252447,0.));
#9745=CARTESIAN_POINT('',(0.0138933899034271,0.00350177236332487,-0.003));
#9746=CARTESIAN_POINT('',(0.0138933899034271,0.00350177236332487,-3.90312782094782E-18));
#9747=CARTESIAN_POINT('',(0.0139434861607081,0.00351592685161498,-0.003));
#9748=CARTESIAN_POINT('',(0.0139434861607081,0.00351592685161498,-3.90312782094782E-18));
#9749=CARTESIAN_POINT('',(0.014193053967067,0.00361299108298728,-0.003));
#9750=CARTESIAN_POINT('',(0.014193053967067,0.00361299108298728,-4.33680868994202E-18));
#9751=CARTESIAN_POINT('',(0.0147596182871493,0.00394527755258308,-0.003));
#9752=CARTESIAN_POINT('',(0.0147596182871493,0.00394527755258308,-2.16840434497101E-18));
#9753=CARTESIAN_POINT('',(0.0152507821655958,0.00434759943452262,-0.003));
#9754=CARTESIAN_POINT('',(0.0152507821655958,0.00434759943452262,-3.90312782094782E-18));
#9755=CARTESIAN_POINT('',(0.0155719856478974,0.0046659188785787,-0.003));
#9756=CARTESIAN_POINT('',(0.0155719856478974,0.0046659188785787,-3.90312782094782E-18));
#9757=CARTESIAN_POINT('',(0.0138933898931669,0.00350177236042591,-0.003));
#9758=CARTESIAN_POINT('',(-1.9704906570354E-15,-4.20614197092705E-16,-0.003));
#9759=CARTESIAN_POINT('',(0.0136306016314987,0.00306065338831181,-0.003));
#9760=CARTESIAN_POINT('',(0.013697054090172,0.00274801915038862,-0.003));
#9761=CARTESIAN_POINT('',(0.0140631415226474,0.00282146671572175,-0.0015));
#9762=CARTESIAN_POINT('',(0.0139949129587024,0.00314245687198414,-0.0015));
#9763=CARTESIAN_POINT('',(0.0132982786933975,0.00533333633722124,-0.003));
#9764=CARTESIAN_POINT('',(0.0132982786933975,0.00533333633722124,-1.30104260698261E-18));
#9765=CARTESIAN_POINT('',(0.0133471272163633,0.00535133095687275,-0.003));
#9766=CARTESIAN_POINT('',(0.0133471272163633,0.00535133095687275,-1.30104260698261E-18));
#9767=CARTESIAN_POINT('',(0.013606084736682,0.00541949662017128,-0.003));
#9768=CARTESIAN_POINT('',(0.013606084736682,0.00541949662017128,-2.60208521396521E-18));
#9769=CARTESIAN_POINT('',(0.0142597579863998,0.00548368937108698,-0.003));
#9770=CARTESIAN_POINT('',(0.0142597579863998,0.00548368937108698,4.33680868994202E-19));
#9771=CARTESIAN_POINT('',(0.0148935967799652,0.00544690301559848,-0.003));
#9772=CARTESIAN_POINT('',(0.0148935967799652,0.00544690301559848,-8.67361737988404E-19));
#9773=CARTESIAN_POINT('',(0.0153405593305333,0.00537817584559905,-0.003));
#9774=CARTESIAN_POINT('',(0.0153405593305333,0.00537817584559905,-8.67361737988404E-19));
#9775=CARTESIAN_POINT('',(0.0132982786833929,0.00533333633353578,0.));
#9776=CARTESIAN_POINT('',(0.0128617265871787,0.00631384842151408,-0.003));
#9777=CARTESIAN_POINT('',(0.0128617265871787,0.00631384842151408,-3.46944695195361E-18));
#9778=CARTESIAN_POINT('',(0.0129077852374508,0.0063381091978296,-0.003));
#9779=CARTESIAN_POINT('',(0.0129077852374508,0.0063381091978296,-3.46944695195361E-18));
#9780=CARTESIAN_POINT('',(0.0131317185999986,0.00648494040745725,-0.003));
#9781=CARTESIAN_POINT('',(0.0131317185999986,0.00648494040745725,-3.46944695195361E-18));
#9782=CARTESIAN_POINT('',(0.013616815888619,0.00692776096619399,-0.003));
#9783=CARTESIAN_POINT('',(0.013616815888619,0.00692776096619399,-3.03576608295941E-18));
#9784=CARTESIAN_POINT('',(0.0140135992351613,0.00742340986217233,-0.003));
#9785=CARTESIAN_POINT('',(0.0140135992351613,0.00742340986217233,-3.90312782094782E-18));
#9786=CARTESIAN_POINT('',(0.0142616013168882,0.00780155522174454,-0.003));
#9787=CARTESIAN_POINT('',(0.0142616013168882,0.00780155522174454,-3.90312782094782E-18));
#9788=CARTESIAN_POINT('',(0.0128617265777455,0.00631384841654526,-0.003));
#9789=CARTESIAN_POINT('',(-1.83998009954807E-15,-8.21110811965635E-16,-0.003));
#9790=CARTESIAN_POINT('',(0.0126963946614378,0.0058277322005232,-0.003));
#9791=CARTESIAN_POINT('',(0.012826395287466,0.00553574601383315,-0.003));
#9792=CARTESIAN_POINT('',(0.0131692122237058,0.00568370243071658,-0.0015));
#9793=CARTESIAN_POINT('',(0.0130357370114571,0.00598349266583194,-0.0015));
#9794=CARTESIAN_POINT('',(0.00997931877662314,0.0102811424193876,-0.003));
#9795=CARTESIAN_POINT('',(0.00997931877662314,0.0102811424193876,-3.03576608295941E-18));
#9796=CARTESIAN_POINT('',(0.0100166250517005,0.0103174498066825,-0.003));
#9797=CARTESIAN_POINT('',(0.0100166250517005,0.0103174498066825,-3.03576608295941E-18));
#9798=CARTESIAN_POINT('',(0.0102254690450471,0.0104850497512699,-0.003));
#9799=CARTESIAN_POINT('',(0.0102254690450471,0.0104850497512699,-3.46944695195361E-18));
#9800=CARTESIAN_POINT('',(0.010796519729092,0.0108095656105411,-0.003));
#9801=CARTESIAN_POINT('',(0.010796519729092,0.0108095656105411,-2.16840434497101E-18));
#9802=CARTESIAN_POINT('',(0.0113905226385734,0.0110337650657273,-0.003));
#9803=CARTESIAN_POINT('',(0.0113905226385734,0.0110337650657273,-3.03576608295941E-18));
#9804=CARTESIAN_POINT('',(0.0118267971047952,0.0111527757191564,-0.003));
#9805=CARTESIAN_POINT('',(0.0118267971047952,0.0111527757191564,-3.03576608295941E-18));
#9806=CARTESIAN_POINT('',(0.00997931876898249,0.0102811424119516,0.));
#9807=CARTESIAN_POINT('',(0.0091816983893021,0.0109993230419459,-0.003));
#9808=CARTESIAN_POINT('',(0.0091816983893021,0.0109993230419459,-4.33680868994202E-19));
#9809=CARTESIAN_POINT('',(0.00921390731332635,0.0110402201047442,-0.003));
#9810=CARTESIAN_POINT('',(0.00921390731332635,0.0110402201047442,0.));
#9811=CARTESIAN_POINT('',(0.00935875898619385,0.011265438993495,-0.003));
#9812=CARTESIAN_POINT('',(0.00935875898619385,0.011265438993495,-4.33680868994202E-19));
#9813=CARTESIAN_POINT('',(0.00962180606318217,0.0118672825462184,-0.003));
#9814=CARTESIAN_POINT('',(0.00962180606318217,0.0118672825462184,8.67361737988404E-19));
#9815=CARTESIAN_POINT('',(0.00978268711898979,0.0124814666701259,-0.003));
#9816=CARTESIAN_POINT('',(0.00978268711898979,0.0124814666701259,0.));
#9817=CARTESIAN_POINT('',(0.00985544272009014,0.0129277911798892,-0.003));
#9818=CARTESIAN_POINT('',(0.00985544272009014,0.0129277911798892,-4.33680868994202E-19));
#9819=CARTESIAN_POINT('',(0.00918169838270544,0.0109993230335699,-0.003));
#9820=CARTESIAN_POINT('',(-1.34692960684277E-15,-1.49850938150889E-15,-0.003));
#9821=CARTESIAN_POINT('',(0.00922838143940868,0.0104879872239042,-0.003));
#9822=CARTESIAN_POINT('',(0.0094659044022063,0.0102741205875876,-0.003));
#9823=CARTESIAN_POINT('',(0.00971890396078644,0.0105487217099962,-0.0015));
#9824=CARTESIAN_POINT('',(0.00947503261307102,0.0107683044577676,-0.0015));
#9825=CARTESIAN_POINT('',(0.0118988164222648,0.00798165775026944,-0.003));
#9826=CARTESIAN_POINT('',(0.0118988164222648,0.00798165775026944,3.46944695195361E-18));
#9827=CARTESIAN_POINT('',(0.0119428561960058,0.00800941532331141,-0.003));
#9828=CARTESIAN_POINT('',(0.0119428561960058,0.00800941532331141,3.03576608295941E-18));
#9829=CARTESIAN_POINT('',(0.0121819824348855,0.00812993169921881,-0.003));
#9830=CARTESIAN_POINT('',(0.0121819824348855,0.00812993169921881,3.46944695195361E-18));
#9831=CARTESIAN_POINT('',(0.0128080249323797,0.00832862799510262,-0.003));
#9832=CARTESIAN_POINT('',(0.0128080249323797,0.00832862799510262,4.33680868994202E-18));
#9833=CARTESIAN_POINT('',(0.013435661140926,0.00842442800501788,-0.003));
#9834=CARTESIAN_POINT('',(0.013435661140926,0.00842442800501788,3.03576608295941E-18));
#9835=CARTESIAN_POINT('',(0.013887145669502,0.00845013142819855,-0.003));
#9836=CARTESIAN_POINT('',(0.013887145669502,0.00845013142819855,3.46944695195361E-18));
#9837=CARTESIAN_POINT('',(0.0118988164132451,0.00798165774458445,0.));
#9838=CARTESIAN_POINT('',(0.011267944101659,0.00884997900647697,-0.003));
#9839=CARTESIAN_POINT('',(0.011267944101659,0.00884997900647697,-3.03576608295941E-18));
#9840=CARTESIAN_POINT('',(0.0113079521608915,0.00888328575847686,-0.003));
#9841=CARTESIAN_POINT('',(0.0113079521608915,0.00888328575847686,-3.03576608295941E-18));
#9842=CARTESIAN_POINT('',(0.0114964641171333,0.00907346671792472,-0.003));
#9843=CARTESIAN_POINT('',(0.0114964641171333,0.00907346671792472,-3.46944695195361E-18));
#9844=CARTESIAN_POINT('',(0.011878893295024,0.00960746798249689,-0.003));
#9845=CARTESIAN_POINT('',(0.011878893295024,0.00960746798249689,-2.16840434497101E-18));
#9846=CARTESIAN_POINT('',(0.0121639547734406,0.0101747816573723,-0.003));
#9847=CARTESIAN_POINT('',(0.0121639547734406,0.0101747816573723,-3.03576608295941E-18));
#9848=CARTESIAN_POINT('',(0.0123279165735753,0.0105962261657047,-0.003));
#9849=CARTESIAN_POINT('',(0.0123279165735753,0.0105962261657047,-3.03576608295941E-18));
#9850=CARTESIAN_POINT('',(0.011267944093465,0.00884997899965547,-0.003));
#9851=CARTESIAN_POINT('',(-1.62905358250637E-15,-1.18572094422884E-15,-0.003));
#9852=CARTESIAN_POINT('',(0.011207294320611,0.00834011115101,-0.003));
#9853=CARTESIAN_POINT('',(0.0113951614628246,0.00808153421301663,-0.003));
#9854=CARTESIAN_POINT('',(0.0116997251576969,0.00829753307605891,-0.0015));
#9855=CARTESIAN_POINT('',(0.0115068368044049,0.00856302111819953,-0.0015));
#9856=CARTESIAN_POINT('',(0.00762367701435866,0.0121312918303837,-0.003));
#9857=CARTESIAN_POINT('',(0.00762367701435866,0.0121312918303837,-4.33680868994202E-19));
#9858=CARTESIAN_POINT('',(0.0076526193275363,0.0121745622248847,-0.003));
#9859=CARTESIAN_POINT('',(0.0076526193275363,0.0121745622248847,-4.33680868994202E-19));
#9860=CARTESIAN_POINT('',(0.00782205359069572,0.0123819208163395,-0.003));
#9861=CARTESIAN_POINT('',(0.00782205359069572,0.0123819208163395,-4.33680868994202E-19));
#9862=CARTESIAN_POINT('',(0.0083131548061935,0.0128180733387483,-0.003));
#9863=CARTESIAN_POINT('',(0.0083131548061935,0.0128180733387483,0.));
#9864=CARTESIAN_POINT('',(0.00884756363912335,0.0131608736471854,-0.003));
#9865=CARTESIAN_POINT('',(0.00884756363912335,0.0131608736471854,-8.67361737988404E-19));
#9866=CARTESIAN_POINT('',(0.0092495607553399,0.0133679901942317,-0.003));
#9867=CARTESIAN_POINT('',(0.0092495607553399,0.0133679901942317,-8.67361737988404E-19));
#9868=CARTESIAN_POINT('',(0.00762367700843103,0.0121312918215215,0.));
#9869=CARTESIAN_POINT('',(0.00669416839865559,0.012667943879874,-0.003));
#9870=CARTESIAN_POINT('',(0.00669416839865559,0.012667943879874,9.10729824887824E-18));
#9871=CARTESIAN_POINT('',(0.00671717050293622,0.0127146438555804,-0.003));
#9872=CARTESIAN_POINT('',(0.00671717050293622,0.0127146438555804,9.10729824887824E-18));
#9873=CARTESIAN_POINT('',(0.00681203117924963,0.0129650575274757,-0.003));
#9874=CARTESIAN_POINT('',(0.00681203117924963,0.0129650575274757,9.10729824887824E-18));
#9875=CARTESIAN_POINT('',(0.00694419973583126,0.0136084399171304,-0.003));
#9876=CARTESIAN_POINT('',(0.00694419973583126,0.0136084399171304,1.0842021724855E-17));
#9877=CARTESIAN_POINT('',(0.00697386909489802,0.0142426516966732,-0.003));
#9878=CARTESIAN_POINT('',(0.00697386909489802,0.0142426516966732,9.54097911787244E-18));
#9879=CARTESIAN_POINT('',(0.00695223872807594,0.0146943496850878,-0.003));
#9880=CARTESIAN_POINT('',(0.00695223872807594,0.0146943496850878,9.54097911787244E-18));
#9881=CARTESIAN_POINT('',(0.00669416839394455,0.0126679438703094,-0.003));
#9882=CARTESIAN_POINT('',(-1.00593834407479E-15,-1.7458057681712E-15,-0.003));
#9883=CARTESIAN_POINT('',(0.00684614400661701,0.0121774879281674,-0.003));
#9884=CARTESIAN_POINT('',(0.00712294189676278,0.0120176785917806,-0.003));
#9885=CARTESIAN_POINT('',(0.00731332002431421,0.012338880586824,-0.0015));
#9886=CARTESIAN_POINT('',(0.0070291240302951,0.0125029612204735,-0.0015));
#9887=CARTESIAN_POINT('',(0.00493484398410565,0.0134512455759952,-0.003));
#9888=CARTESIAN_POINT('',(0.00493484398410565,0.0134512455759952,3.46944695195361E-18));
#9889=CARTESIAN_POINT('',(0.00495415741741696,0.0134995878538279,-0.003));
#9890=CARTESIAN_POINT('',(0.00495415741741696,0.0134995878538279,3.46944695195361E-18));
#9891=CARTESIAN_POINT('',(0.00507677686005354,0.0137376425266873,-0.003));
#9892=CARTESIAN_POINT('',(0.00507677686005354,0.0137376425266873,3.03576608295941E-18));
#9893=CARTESIAN_POINT('',(0.00546646512732168,0.014266369754112,-0.003));
#9894=CARTESIAN_POINT('',(0.00546646512732168,0.014266369754112,4.33680868994202E-18));
#9895=CARTESIAN_POINT('',(0.00591792365332294,0.014712788897383,-0.003));
#9896=CARTESIAN_POINT('',(0.00591792365332294,0.014712788897383,3.46944695195361E-18));
#9897=CARTESIAN_POINT('',(0.00626807421655936,0.014998959351085,-0.003));
#9898=CARTESIAN_POINT('',(0.00626807421655936,0.014998959351085,3.46944695195361E-18));
#9899=CARTESIAN_POINT('',(0.00493484398015009,0.0134512455660943,0.));
#9900=CARTESIAN_POINT('',(0.00391407112680394,0.0137829147827125,-0.003));
#9901=CARTESIAN_POINT('',(0.00391407112680394,0.0137829147827125,-4.33680868994202E-19));
#9902=CARTESIAN_POINT('',(0.00392686110900765,0.0138333766582974,-0.003));
#9903=CARTESIAN_POINT('',(0.00392686110900765,0.0138333766582974,-4.33680868994202E-19));
#9904=CARTESIAN_POINT('',(0.00396758492201987,0.0140980408342572,-0.003));
#9905=CARTESIAN_POINT('',(0.00396758492201987,0.0140980408342572,-8.67361737988404E-19));
#9906=CARTESIAN_POINT('',(0.00396309855805722,0.0147548431631242,-0.003));
#9907=CARTESIAN_POINT('',(0.00396309855805722,0.0147548431631242,8.67361737988404E-19));
#9908=CARTESIAN_POINT('',(0.00386025952702241,0.0153813645002499,-0.003));
#9909=CARTESIAN_POINT('',(0.00386025952702241,0.0153813645002499,-4.33680868994202E-19));
#9910=CARTESIAN_POINT('',(0.00374518854310212,0.0158186945977352,-0.003));
#9911=CARTESIAN_POINT('',(0.00374518854310212,0.0158186945977352,-4.33680868994202E-19));
#9912=CARTESIAN_POINT('',(0.00391407112418444,0.0137829147723775,-0.003));
#9913=CARTESIAN_POINT('',(-6.20982748643026E-16,-1.9168020654589E-15,-0.003));
#9914=CARTESIAN_POINT('',(0.00416469722929242,0.0133347739758994,-0.003));
#9915=CARTESIAN_POINT('',(0.00446867265076332,0.0132360063742928,-0.003));
#9916=CARTESIAN_POINT('',(0.00458810890957645,0.0135897711734893,-0.0015));
#9917=CARTESIAN_POINT('',(0.00427600899791596,0.0136911785819804,-0.0015));
#9918=CARTESIAN_POINT('',(0.00203033459173852,0.0141833153436982,-0.003));
#9919=CARTESIAN_POINT('',(0.00203033459173852,0.0141833153436982,4.33680868994202E-19));
#9920=CARTESIAN_POINT('',(0.00203917505547174,0.0142346167153495,-0.003));
#9921=CARTESIAN_POINT('',(0.00203917505547174,0.0142346167153495,4.33680868994202E-19));
#9922=CARTESIAN_POINT('',(0.00210962061954877,0.014492963338096,-0.003));
#9923=CARTESIAN_POINT('',(0.00210962061954877,0.014492963338096,-1.30104260698261E-18));
#9924=CARTESIAN_POINT('',(0.00238086469137594,0.0150911573535839,-0.003));
#9925=CARTESIAN_POINT('',(0.00238086469137594,0.0150911573535839,1.73472347597681E-18));
#9926=CARTESIAN_POINT('',(0.00272964200652403,0.0156216846729708,-0.003));
#9927=CARTESIAN_POINT('',(0.00272964200652403,0.0156216846729708,4.33680868994202E-19));
#9928=CARTESIAN_POINT('',(0.00301264275695803,0.0159744020113038,-0.003));
#9929=CARTESIAN_POINT('',(0.00301264275695803,0.0159744020113038,4.33680868994202E-19));
#9930=CARTESIAN_POINT('',(0.00203033458992792,0.0141833153331912,0.));
#9931=CARTESIAN_POINT('',(0.000962910164913882,0.0142955061717835,-0.003));
#9932=CARTESIAN_POINT('',(0.000962910164913882,0.0142955061717835,0.));
#9933=CARTESIAN_POINT('',(0.000964929041445152,0.0143475245211409,-0.003));
#9934=CARTESIAN_POINT('',(0.000964929041445152,0.0143475245211409,0.));
#9935=CARTESIAN_POINT('',(0.000949736165113141,0.0146148721066761,-0.003));
#9936=CARTESIAN_POINT('',(0.000949736165113141,0.0146148721066761,8.67361737988404E-19));
#9937=CARTESIAN_POINT('',(0.000808790956239259,0.0152563889612967,-0.003));
#9938=CARTESIAN_POINT('',(0.000808790956239259,0.0152563889612967,-4.33680868994202E-19));
#9939=CARTESIAN_POINT('',(0.000577938094235561,0.0158478378671898,-0.003));
#9940=CARTESIAN_POINT('',(0.000577938094235561,0.0158478378671898,-4.33680868994202E-19));
#9941=CARTESIAN_POINT('',(0.00037445564738621,0.0162516866499431,-0.003));
#9942=CARTESIAN_POINT('',(0.00037445564738621,0.0162516866499431,-4.33680868994202E-19));
#9943=CARTESIAN_POINT('',(0.000962910164500398,0.0142955061611297,-0.003));
#9944=CARTESIAN_POINT('',(-2.08887227289725E-16,-2.00402491464926E-15,-0.003));
#9945=CARTESIAN_POINT('',(0.0013012331986132,0.0139092664135398,-0.003));
#9946=CARTESIAN_POINT('',(0.00161910096685506,0.0138758571648431,-0.003));
#9947=CARTESIAN_POINT('',(0.00166237541930098,0.0142467235489161,-0.0015));
#9948=CARTESIAN_POINT('',(0.00133601185376022,0.0142810257418909,-0.0015));
#9949=CARTESIAN_POINT('',(-0.000962910164913883,0.0142955061717835,-0.003));
#9950=CARTESIAN_POINT('',(-0.000962910164913883,0.0142955061717835,-4.33680868994202E-19));
#9951=CARTESIAN_POINT('',(-0.000964929041445158,0.014347524521141,-0.003));
#9952=CARTESIAN_POINT('',(-0.000964929041445158,0.014347524521141,-4.33680868994202E-19));
#9953=CARTESIAN_POINT('',(-0.000949736165113148,0.014614872106676,-0.003));
#9954=CARTESIAN_POINT('',(-0.000949736165113148,0.014614872106676,-8.67361737988404E-19));
#9955=CARTESIAN_POINT('',(-0.000808790956239272,0.0152563889612967,-0.003));
#9956=CARTESIAN_POINT('',(-0.000808790956239272,0.0152563889612967,4.33680868994202E-19));
#9957=CARTESIAN_POINT('',(-0.000577938094235568,0.0158478378671898,-0.003));
#9958=CARTESIAN_POINT('',(-0.000577938094235568,0.0158478378671898,-4.33680868994202E-19));
#9959=CARTESIAN_POINT('',(-0.000374455647386212,0.0162516866499431,-0.003));
#9960=CARTESIAN_POINT('',(-0.000374455647386212,0.0162516866499431,0.));
#9961=CARTESIAN_POINT('',(-0.000962910164500399,0.0142955061611297,0.));
#9962=CARTESIAN_POINT('',(-0.00203033459173853,0.0141833153436982,-0.003));
#9963=CARTESIAN_POINT('',(-0.00203033459173853,0.0141833153436982,-4.33680868994202E-19));
#9964=CARTESIAN_POINT('',(-0.00203917505547173,0.0142346167153494,-0.003));
#9965=CARTESIAN_POINT('',(-0.00203917505547173,0.0142346167153494,-4.33680868994202E-19));
#9966=CARTESIAN_POINT('',(-0.00210962061954882,0.0144929633380962,-0.003));
#9967=CARTESIAN_POINT('',(-0.00210962061954882,0.0144929633380962,-2.60208521396521E-18));
#9968=CARTESIAN_POINT('',(-0.00238086469137596,0.0150911573535838,-0.003));
#9969=CARTESIAN_POINT('',(-0.00238086469137596,0.0150911573535838,-8.67361737988404E-19));
#9970=CARTESIAN_POINT('',(-0.00272964200652404,0.0156216846729708,-0.003));
#9971=CARTESIAN_POINT('',(-0.00272964200652404,0.0156216846729708,-8.67361737988404E-19));
#9972=CARTESIAN_POINT('',(-0.00301264275695803,0.0159744020113038,-0.003));
#9973=CARTESIAN_POINT('',(-0.00301264275695803,0.0159744020113038,-8.67361737988404E-19));
#9974=CARTESIAN_POINT('',(-0.00203033458992792,0.0141833153331913,-0.003));
#9975=CARTESIAN_POINT('',(2.12337668248262E-16,-2.00366225869099E-15,-0.003));
#9976=CARTESIAN_POINT('',(-0.00161910096685506,0.0138758571648431,-0.003));
#9977=CARTESIAN_POINT('',(-0.0013012331986132,0.0139092664135398,-0.003));
#9978=CARTESIAN_POINT('',(-0.00133601185376022,0.0142810257418908,-0.0015));
#9979=CARTESIAN_POINT('',(-0.00166237541930099,0.0142467235489161,-0.0015));
#9980=CARTESIAN_POINT('',(0.,8.94298325077355E-20,0.009525));
#9981=CARTESIAN_POINT('',(0.,8.94298325077355E-20,0.009525));
#9982=CARTESIAN_POINT('',(0.0014605,8.94298325077355E-20,0.009525));
#9983=CARTESIAN_POINT('',(-3.46944695195361E-18,0.,0.009525));
#9984=MECHANICAL_DESIGN_GEOMETRIC_PRESENTATION_REPRESENTATION('',(#3463),
#9985);
#9985=(
GEOMETRIC_REPRESENTATION_CONTEXT(3)
GLOBAL_UNCERTAINTY_ASSIGNED_CONTEXT((#9986))
GLOBAL_UNIT_ASSIGNED_CONTEXT((#9989,#9988,#9987))
REPRESENTATION_CONTEXT('Spur gear (30 teeth)','TOP_LEVEL_ASSEMBLY_PART')
);
#9986=UNCERTAINTY_MEASURE_WITH_UNIT(LENGTH_MEASURE(2.E-5),#9989,
'DISTANCE_ACCURACY_VALUE','Maximum Tolerance applied to model');
#9987=(
NAMED_UNIT(*)
SI_UNIT($,.STERADIAN.)
SOLID_ANGLE_UNIT()
);
#9988=(
NAMED_UNIT(*)
PLANE_ANGLE_UNIT()
SI_UNIT($,.RADIAN.)
);
#9989=(
LENGTH_UNIT()
NAMED_UNIT(*)
SI_UNIT($,.METRE.)
);
#9990=PRODUCT_DEFINITION_SHAPE('','',#9991);
#9991=PRODUCT_DEFINITION('','',#9993,#9992);
#9992=PRODUCT_DEFINITION_CONTEXT('',#9999,'design');
#9993=PRODUCT_DEFINITION_FORMATION_WITH_SPECIFIED_SOURCE('','',#9995,
 .NOT_KNOWN.);
#9994=PRODUCT_RELATED_PRODUCT_CATEGORY('','',(#9995));
#9995=PRODUCT('Spur gear (30 teeth)','Spur gear (30 teeth)',
'Spur gear (30 teeth)',(#9997));
#9996=PRODUCT_CATEGORY('','');
#9997=PRODUCT_CONTEXT('',#9999,'mechanical');
#9998=APPLICATION_PROTOCOL_DEFINITION('international standard',
'ap242_managed_model_based_3d_engineering',2020,#9999);
#9999=APPLICATION_CONTEXT('managed model based 3d engineering');
ENDSEC;
END-ISO-10303-21;
