ISO-10303-21;
HEADER;
/* Generated by software containing ST-Developer
 * from STEP Tools, Inc. (www.steptools.com) 
 */
/* OPTION: using custom renumber hook */

FILE_DESCRIPTION(
/* description */ ('STEP AP242 Edition 2',
'CAx-IF Rec.Pracs.---Representation and Presentation of Product Manufa
cturing Information (PMI)---4.0---2014-10-13',
'CAx-IF Rec.Pracs.---3D Tessellated Geometry---0.4---2014-09-14','2;1',
'CAx-IF Rec.Pracs.---User Defined Attributes---1.5---2016-08-15'),
/* implementation_level */ '2;1');

FILE_NAME(
/* name */ 'Body - Spur gear (8 teeth)',
/* time_stamp */ '2026-08-03T01:29:05Z',
/* author */ (''),
/* organization */ (''),
/* preprocessor_version */ 'ST-DEVELOPER v20',
/* originating_system */ 'ONSHAPE BY PTC INC, 1.218',
/* authorisation */ '  ');

FILE_SCHEMA (('AP242_MANAGED_MODEL_BASED_3D_ENGINEERING_MIM_LF { 1 0 10303 442 3 1 4 }'));
ENDSEC;

DATA;
#10=SHAPE_REPRESENTATION_RELATIONSHIP('','',#987,#11);
#11=ADVANCED_BREP_SHAPE_REPRESENTATION('',(#985),#3501);
#12=B_SPLINE_SURFACE_WITH_KNOTS('',3,1,((#3055,#3056),(#3057,#3058),(#3059,
#3060),(#3061,#3062),(#3063,#3064),(#3065,#3066),(#3067,#3068),(#3069,#3070),
(#3071,#3072),(#3073,#3074),(#3075,#3076),(#3077,#3078)),
 .SURF_OF_LINEAR_EXTRUSION.,.F.,.F.,.F.,(4,1,1,1,1,1,1,1,1,4),(2,2),(0.0309030341653893,
0.0912087583932449,0.151514482621101,0.211820206848956,0.272125931076812,
0.392737379532523,0.513348827988235,0.633960276443946,0.754571724899657,
0.99579462181108),(0.,1.),.UNSPECIFIED.);
#13=B_SPLINE_SURFACE_WITH_KNOTS('',3,1,((#3080,#3081),(#3082,#3083),(#3084,
#3085),(#3086,#3087),(#3088,#3089),(#3090,#3091),(#3092,#3093),(#3094,#3095),
(#3096,#3097),(#3098,#3099),(#3100,#3101),(#3102,#3103)),
 .SURF_OF_LINEAR_EXTRUSION.,.F.,.F.,.F.,(4,1,1,1,1,1,1,1,1,4),(2,2),(0.0309030341653876,
0.0912087583932433,0.151514482621099,0.211820206848955,0.27212593107681,
0.392737379532522,0.513348827988233,0.633960276443945,0.754571724899656,
0.995794621811079),(0.,1.),.UNSPECIFIED.);
#14=B_SPLINE_SURFACE_WITH_KNOTS('',3,1,((#3110,#3111),(#3112,#3113),(#3114,
#3115),(#3116,#3117),(#3118,#3119),(#3120,#3121),(#3122,#3123),(#3124,#3125),
(#3126,#3127),(#3128,#3129),(#3130,#3131),(#3132,#3133)),
 .SURF_OF_LINEAR_EXTRUSION.,.F.,.F.,.F.,(4,1,1,1,1,1,1,1,1,4),(2,2),(0.0309030341653884,
0.0912087583932441,0.1515144826211,0.211820206848956,0.272125931076811,
0.392737379532523,0.513348827988234,0.633960276443946,0.754571724899657,
0.99579462181108),(0.,1.),.UNSPECIFIED.);
#15=B_SPLINE_SURFACE_WITH_KNOTS('',3,1,((#3135,#3136),(#3137,#3138),(#3139,
#3140),(#3141,#3142),(#3143,#3144),(#3145,#3146),(#3147,#3148),(#3149,#3150),
(#3151,#3152),(#3153,#3154),(#3155,#3156),(#3157,#3158)),
 .SURF_OF_LINEAR_EXTRUSION.,.F.,.F.,.F.,(4,1,1,1,1,1,1,1,1,4),(2,2),(0.0309030341653875,
0.0912087583932432,0.151514482621099,0.211820206848955,0.27212593107681,
0.392737379532522,0.513348827988233,0.633960276443945,0.754571724899656,
0.995794621811079),(0.,1.),.UNSPECIFIED.);
#16=B_SPLINE_SURFACE_WITH_KNOTS('',3,1,((#3165,#3166),(#3167,#3168),(#3169,
#3170),(#3171,#3172),(#3173,#3174),(#3175,#3176),(#3177,#3178),(#3179,#3180),
(#3181,#3182),(#3183,#3184),(#3185,#3186),(#3187,#3188)),
 .SURF_OF_LINEAR_EXTRUSION.,.F.,.F.,.F.,(4,1,1,1,1,1,1,1,1,4),(2,2),(0.0309030341653893,
0.0912087583932449,0.151514482621101,0.211820206848956,0.272125931076812,
0.392737379532523,0.513348827988235,0.633960276443946,0.754571724899657,
0.99579462181108),(0.,1.),.UNSPECIFIED.);
#17=B_SPLINE_SURFACE_WITH_KNOTS('',3,1,((#3190,#3191),(#3192,#3193),(#3194,
#3195),(#3196,#3197),(#3198,#3199),(#3200,#3201),(#3202,#3203),(#3204,#3205),
(#3206,#3207),(#3208,#3209),(#3210,#3211),(#3212,#3213)),
 .SURF_OF_LINEAR_EXTRUSION.,.F.,.F.,.F.,(4,1,1,1,1,1,1,1,1,4),(2,2),(0.030903034165388,
0.0912087583932437,0.151514482621099,0.211820206848955,0.272125931076811,
0.392737379532522,0.513348827988234,0.633960276443945,0.754571724899656,
0.995794621811079),(0.,1.),.UNSPECIFIED.);
#18=B_SPLINE_SURFACE_WITH_KNOTS('',3,1,((#3220,#3221),(#3222,#3223),(#3224,
#3225),(#3226,#3227),(#3228,#3229),(#3230,#3231),(#3232,#3233),(#3234,#3235),
(#3236,#3237),(#3238,#3239),(#3240,#3241),(#3242,#3243)),
 .SURF_OF_LINEAR_EXTRUSION.,.F.,.F.,.F.,(4,1,1,1,1,1,1,1,1,4),(2,2),(0.0309030341653883,
0.091208758393244,0.1515144826211,0.211820206848956,0.272125931076811,0.392737379532523,
0.513348827988234,0.633960276443946,0.754571724899657,0.99579462181108),
(0.,1.),.UNSPECIFIED.);
#19=B_SPLINE_SURFACE_WITH_KNOTS('',3,1,((#3245,#3246),(#3247,#3248),(#3249,
#3250),(#3251,#3252),(#3253,#3254),(#3255,#3256),(#3257,#3258),(#3259,#3260),
(#3261,#3262),(#3263,#3264),(#3265,#3266),(#3267,#3268)),
 .SURF_OF_LINEAR_EXTRUSION.,.F.,.F.,.F.,(4,1,1,1,1,1,1,1,1,4),(2,2),(0.0309030341653871,
0.0912087583932428,0.151514482621099,0.211820206848954,0.27212593107681,
0.392737379532522,0.513348827988233,0.633960276443944,0.754571724899656,
0.995794621811079),(0.,1.),.UNSPECIFIED.);
#20=B_SPLINE_SURFACE_WITH_KNOTS('',3,1,((#3275,#3276),(#3277,#3278),(#3279,
#3280),(#3281,#3282),(#3283,#3284),(#3285,#3286),(#3287,#3288),(#3289,#3290),
(#3291,#3292),(#3293,#3294),(#3295,#3296),(#3297,#3298)),
 .SURF_OF_LINEAR_EXTRUSION.,.F.,.F.,.F.,(4,1,1,1,1,1,1,1,1,4),(2,2),(0.0309030341653892,
0.0912087583932449,0.151514482621101,0.211820206848956,0.272125931076812,
0.392737379532523,0.513348827988235,0.633960276443946,0.754571724899657,
0.99579462181108),(0.,1.),.UNSPECIFIED.);
#21=B_SPLINE_SURFACE_WITH_KNOTS('',3,1,((#3300,#3301),(#3302,#3303),(#3304,
#3305),(#3306,#3307),(#3308,#3309),(#3310,#3311),(#3312,#3313),(#3314,#3315),
(#3316,#3317),(#3318,#3319),(#3320,#3321),(#3322,#3323)),
 .SURF_OF_LINEAR_EXTRUSION.,.F.,.F.,.F.,(4,1,1,1,1,1,1,1,1,4),(2,2),(0.0309030341653876,
0.0912087583932433,0.151514482621099,0.211820206848955,0.27212593107681,
0.392737379532522,0.513348827988233,0.633960276443945,0.754571724899656,
0.995794621811079),(0.,1.),.UNSPECIFIED.);
#22=B_SPLINE_SURFACE_WITH_KNOTS('',3,1,((#3330,#3331),(#3332,#3333),(#3334,
#3335),(#3336,#3337),(#3338,#3339),(#3340,#3341),(#3342,#3343),(#3344,#3345),
(#3346,#3347),(#3348,#3349),(#3350,#3351),(#3352,#3353)),
 .SURF_OF_LINEAR_EXTRUSION.,.F.,.F.,.F.,(4,1,1,1,1,1,1,1,1,4),(2,2),(0.0309030341653866,
0.0912087583932425,0.151514482621098,0.211820206848954,0.27212593107681,
0.392737379532522,0.513348827988233,0.633960276443945,0.754571724899657,
0.99579462181108),(0.,1.),.UNSPECIFIED.);
#23=B_SPLINE_SURFACE_WITH_KNOTS('',3,1,((#3355,#3356),(#3357,#3358),(#3359,
#3360),(#3361,#3362),(#3363,#3364),(#3365,#3366),(#3367,#3368),(#3369,#3370),
(#3371,#3372),(#3373,#3374),(#3375,#3376),(#3377,#3378)),
 .SURF_OF_LINEAR_EXTRUSION.,.F.,.F.,.F.,(4,1,1,1,1,1,1,1,1,4),(2,2),(0.0309030341653851,
0.0912087583932409,0.151514482621097,0.211820206848953,0.272125931076809,
0.39273737953252,0.513348827988232,0.633960276443944,0.754571724899656,
0.995794621811079),(0.,1.),.UNSPECIFIED.);
#24=B_SPLINE_SURFACE_WITH_KNOTS('',3,1,((#3385,#3386),(#3387,#3388),(#3389,
#3390),(#3391,#3392),(#3393,#3394),(#3395,#3396),(#3397,#3398),(#3399,#3400),
(#3401,#3402),(#3403,#3404),(#3405,#3406),(#3407,#3408)),
 .SURF_OF_LINEAR_EXTRUSION.,.F.,.F.,.F.,(4,1,1,1,1,1,1,1,1,4),(2,2),(0.0309030341653891,
0.0912087583932448,0.1515144826211,0.211820206848956,0.272125931076812,
0.392737379532523,0.513348827988235,0.633960276443946,0.754571724899657,
0.99579462181108),(0.,1.),.UNSPECIFIED.);
#25=B_SPLINE_SURFACE_WITH_KNOTS('',3,1,((#3410,#3411),(#3412,#3413),(#3414,
#3415),(#3416,#3417),(#3418,#3419),(#3420,#3421),(#3422,#3423),(#3424,#3425),
(#3426,#3427),(#3428,#3429),(#3430,#3431),(#3432,#3433)),
 .SURF_OF_LINEAR_EXTRUSION.,.F.,.F.,.F.,(4,1,1,1,1,1,1,1,1,4),(2,2),(0.0309030341653868,
0.0912087583932426,0.151514482621098,0.211820206848954,0.27212593107681,
0.392737379532521,0.513348827988233,0.633960276443944,0.754571724899656,
0.995794621811079),(0.,1.),.UNSPECIFIED.);
#26=B_SPLINE_SURFACE_WITH_KNOTS('',3,1,((#3440,#3441),(#3442,#3443),(#3444,
#3445),(#3446,#3447),(#3448,#3449),(#3450,#3451),(#3452,#3453),(#3454,#3455),
(#3456,#3457),(#3458,#3459),(#3460,#3461),(#3462,#3463)),
 .SURF_OF_LINEAR_EXTRUSION.,.F.,.F.,.F.,(4,1,1,1,1,1,1,1,1,4),(2,2),(0.030903034165387,
0.0912087583932428,0.151514482621099,0.211820206848954,0.27212593107681,
0.392737379532522,0.513348827988234,0.633960276443945,0.754571724899657,
0.99579462181108),(0.,1.),.UNSPECIFIED.);
#27=B_SPLINE_SURFACE_WITH_KNOTS('',3,1,((#3465,#3466),(#3467,#3468),(#3469,
#3470),(#3471,#3472),(#3473,#3474),(#3475,#3476),(#3477,#3478),(#3479,#3480),
(#3481,#3482),(#3483,#3484),(#3485,#3486),(#3487,#3488)),
 .SURF_OF_LINEAR_EXTRUSION.,.F.,.F.,.F.,(4,1,1,1,1,1,1,1,1,4),(2,2),(0.0309030341653872,
0.091208758393243,0.151514482621099,0.211820206848954,0.27212593107681,
0.392737379532522,0.513348827988233,0.633960276443945,0.754571724899656,
0.995794621811079),(0.,1.),.UNSPECIFIED.);
#28=B_SPLINE_CURVE_WITH_KNOTS('',3,(#1430,#1431,#1432,#1433,#1434,#1435,
#1436,#1437,#1438,#1439,#1440,#1441,#1442,#1443,#1444,#1445,#1446,#1447,
#1448,#1449,#1450,#1451,#1452,#1453,#1454,#1455,#1456,#1457,#1458,#1459,
#1460,#1461,#1462,#1463,#1464,#1465,#1466,#1467,#1468,#1469,#1470,#1471,
#1472,#1473,#1474,#1475,#1476),.UNSPECIFIED.,.F.,.F.,(4,1,1,1,1,1,1,1,1,
1,1,1,1,1,1,1,1,1,1,1,1,1,1,1,1,1,1,1,1,1,1,1,1,1,1,1,1,1,1,1,1,1,1,1,4),
(0.,0.117870478777119,0.123441594283797,0.13063387205547,0.13914388941622,
0.148793341881275,0.159461212846655,0.171058411187198,0.183515800479508,
0.196777704066442,0.210798033078737,0.225537814778095,0.24096353043496,
0.25704595073,0.273759292155215,0.291080588892722,0.308989214182249,0.327466508325821,
0.346495484598557,0.366060593264735,0.386147529722528,0.406743076702576,
0.427834973121863,0.449411804069023,0.471462907735001,0.493978296074037,
0.516948586695432,0.540364944021212,0.56421902814928,0.588502950171311,
0.613209232934156,0.638330776420684,0.6638608270735,0.689792950502311,0.716121007109673,
0.742839130245765,0.769941706564479,0.797423358303581,0.825278927253219,
0.853503460211409,0.882092195753731,0.911040552168399,0.940344116427944,
0.969998634085745,0.995794621811079),.UNSPECIFIED.);
#29=B_SPLINE_CURVE_WITH_KNOTS('',3,(#1480,#1481,#1482,#1483,#1484,#1485,
#1486,#1487,#1488,#1489,#1490,#1491,#1492,#1493,#1494,#1495,#1496,#1497,
#1498,#1499,#1500,#1501,#1502,#1503,#1504,#1505,#1506,#1507,#1508,#1509,
#1510,#1511,#1512,#1513,#1514,#1515,#1516,#1517,#1518,#1519,#1520,#1521,
#1522,#1523,#1524,#1525,#1526),.UNSPECIFIED.,.F.,.F.,(4,1,1,1,1,1,1,1,1,
1,1,1,1,1,1,1,1,1,1,1,1,1,1,1,1,1,1,1,1,1,1,1,1,1,1,1,1,1,1,1,1,1,1,1,4),
(0.,0.117870478777119,0.123441594283798,0.13063387205547,0.13914388941622,
0.148793341881276,0.159461212846655,0.171058411187198,0.183515800479508,
0.196777704066442,0.210798033078737,0.225537814778095,0.24096353043496,
0.257045950730001,0.273759292155215,0.291080588892722,0.308989214182249,
0.327466508325821,0.346495484598557,0.366060593264735,0.386147529722528,
0.406743076702576,0.427834973121863,0.449411804069023,0.471462907735001,
0.493978296074037,0.516948586695432,0.540364944021212,0.56421902814928,
0.588502950171311,0.613209232934156,0.638330776420684,0.6638608270735,0.689792950502311,
0.716121007109673,0.742839130245765,0.769941706564479,0.797423358303581,
0.825278927253219,0.853503460211409,0.882092195753731,0.911040552168399,
0.940344116427944,0.969998634085745,0.99579462181108),.UNSPECIFIED.);
#30=B_SPLINE_CURVE_WITH_KNOTS('',3,(#1534,#1535,#1536,#1537,#1538,#1539,
#1540,#1541,#1542,#1543,#1544,#1545,#1546,#1547,#1548,#1549,#1550,#1551,
#1552,#1553,#1554,#1555,#1556,#1557,#1558,#1559,#1560,#1561,#1562,#1563,
#1564,#1565,#1566,#1567,#1568,#1569,#1570,#1571,#1572,#1573,#1574,#1575,
#1576,#1577,#1578,#1579,#1580),.UNSPECIFIED.,.F.,.F.,(4,1,1,1,1,1,1,1,1,
1,1,1,1,1,1,1,1,1,1,1,1,1,1,1,1,1,1,1,1,1,1,1,1,1,1,1,1,1,1,1,1,1,1,1,4),
(0.,0.117870478777119,0.123441594283797,0.13063387205547,0.13914388941622,
0.148793341881275,0.159461212846655,0.171058411187198,0.183515800479508,
0.196777704066442,0.210798033078737,0.225537814778095,0.24096353043496,
0.25704595073,0.273759292155215,0.291080588892722,0.308989214182249,0.327466508325821,
0.346495484598557,0.366060593264735,0.386147529722528,0.406743076702576,
0.427834973121863,0.449411804069023,0.471462907735001,0.493978296074037,
0.516948586695432,0.540364944021212,0.56421902814928,0.588502950171311,
0.613209232934156,0.638330776420684,0.6638608270735,0.689792950502311,0.716121007109673,
0.742839130245765,0.769941706564479,0.797423358303581,0.825278927253219,
0.853503460211409,0.882092195753731,0.911040552168399,0.940344116427944,
0.969998634085745,0.995794621811079),.UNSPECIFIED.);
#31=B_SPLINE_CURVE_WITH_KNOTS('',3,(#1581,#1582,#1583,#1584,#1585,#1586,
#1587,#1588,#1589,#1590,#1591,#1592,#1593,#1594,#1595,#1596,#1597,#1598,
#1599,#1600,#1601,#1602,#1603,#1604,#1605,#1606,#1607,#1608,#1609,#1610,
#1611,#1612,#1613,#1614,#1615,#1616,#1617,#1618,#1619,#1620,#1621,#1622,
#1623,#1624,#1625,#1626,#1627),.UNSPECIFIED.,.F.,.F.,(4,1,1,1,1,1,1,1,1,
1,1,1,1,1,1,1,1,1,1,1,1,1,1,1,1,1,1,1,1,1,1,1,1,1,1,1,1,1,1,1,1,1,1,1,4),
(0.,0.117870478777119,0.123441594283798,0.13063387205547,0.13914388941622,
0.148793341881276,0.159461212846655,0.171058411187198,0.183515800479508,
0.196777704066442,0.210798033078737,0.225537814778095,0.24096353043496,
0.257045950730001,0.273759292155215,0.291080588892722,0.308989214182249,
0.327466508325821,0.346495484598557,0.366060593264735,0.386147529722528,
0.406743076702576,0.427834973121863,0.449411804069023,0.471462907735001,
0.493978296074037,0.516948586695432,0.540364944021212,0.56421902814928,
0.588502950171311,0.613209232934156,0.638330776420684,0.6638608270735,0.689792950502311,
0.716121007109673,0.742839130245765,0.769941706564479,0.797423358303581,
0.825278927253219,0.853503460211409,0.882092195753731,0.911040552168399,
0.940344116427944,0.969998634085745,0.99579462181108),.UNSPECIFIED.);
#32=B_SPLINE_CURVE_WITH_KNOTS('',3,(#1635,#1636,#1637,#1638,#1639,#1640,
#1641,#1642,#1643,#1644,#1645,#1646,#1647,#1648,#1649,#1650,#1651,#1652,
#1653,#1654,#1655,#1656,#1657,#1658,#1659,#1660,#1661,#1662,#1663,#1664,
#1665,#1666,#1667,#1668,#1669,#1670,#1671,#1672,#1673,#1674,#1675,#1676,
#1677,#1678,#1679,#1680,#1681),.UNSPECIFIED.,.F.,.F.,(4,1,1,1,1,1,1,1,1,
1,1,1,1,1,1,1,1,1,1,1,1,1,1,1,1,1,1,1,1,1,1,1,1,1,1,1,1,1,1,1,1,1,1,1,4),
(0.,0.117870478777119,0.123441594283797,0.13063387205547,0.13914388941622,
0.148793341881275,0.159461212846655,0.171058411187198,0.183515800479508,
0.196777704066442,0.210798033078737,0.225537814778095,0.24096353043496,
0.25704595073,0.273759292155215,0.291080588892722,0.308989214182249,0.327466508325821,
0.346495484598557,0.366060593264735,0.386147529722528,0.406743076702576,
0.427834973121863,0.449411804069023,0.471462907735001,0.493978296074037,
0.516948586695432,0.540364944021212,0.56421902814928,0.588502950171311,
0.613209232934156,0.638330776420684,0.6638608270735,0.689792950502311,0.716121007109673,
0.742839130245765,0.769941706564479,0.797423358303581,0.825278927253219,
0.853503460211409,0.882092195753731,0.911040552168399,0.940344116427944,
0.969998634085745,0.995794621811079),.UNSPECIFIED.);
#33=B_SPLINE_CURVE_WITH_KNOTS('',3,(#1682,#1683,#1684,#1685,#1686,#1687,
#1688,#1689,#1690,#1691,#1692,#1693,#1694,#1695,#1696,#1697,#1698,#1699,
#1700,#1701,#1702,#1703,#1704,#1705,#1706,#1707,#1708,#1709,#1710,#1711,
#1712,#1713,#1714,#1715,#1716,#1717,#1718,#1719,#1720,#1721,#1722,#1723,
#1724,#1725,#1726,#1727,#1728),.UNSPECIFIED.,.F.,.F.,(4,1,1,1,1,1,1,1,1,
1,1,1,1,1,1,1,1,1,1,1,1,1,1,1,1,1,1,1,1,1,1,1,1,1,1,1,1,1,1,1,1,1,1,1,4),
(0.,0.117870478777119,0.123441594283798,0.13063387205547,0.13914388941622,
0.148793341881276,0.159461212846655,0.171058411187198,0.183515800479508,
0.196777704066442,0.210798033078737,0.225537814778095,0.24096353043496,
0.257045950730001,0.273759292155215,0.291080588892722,0.308989214182249,
0.327466508325821,0.346495484598557,0.366060593264735,0.386147529722528,
0.406743076702576,0.427834973121863,0.449411804069023,0.471462907735001,
0.493978296074037,0.516948586695432,0.540364944021212,0.56421902814928,
0.588502950171311,0.613209232934156,0.638330776420684,0.6638608270735,0.689792950502311,
0.716121007109673,0.742839130245765,0.769941706564479,0.797423358303581,
0.825278927253219,0.853503460211409,0.882092195753731,0.911040552168399,
0.940344116427944,0.969998634085745,0.99579462181108),.UNSPECIFIED.);
#34=B_SPLINE_CURVE_WITH_KNOTS('',3,(#1736,#1737,#1738,#1739,#1740,#1741,
#1742,#1743,#1744,#1745,#1746,#1747,#1748,#1749,#1750,#1751,#1752,#1753,
#1754,#1755,#1756,#1757,#1758,#1759,#1760,#1761,#1762,#1763,#1764,#1765,
#1766,#1767,#1768,#1769,#1770,#1771,#1772,#1773,#1774,#1775,#1776,#1777,
#1778,#1779,#1780,#1781,#1782),.UNSPECIFIED.,.F.,.F.,(4,1,1,1,1,1,1,1,1,
1,1,1,1,1,1,1,1,1,1,1,1,1,1,1,1,1,1,1,1,1,1,1,1,1,1,1,1,1,1,1,1,1,1,1,4),
(0.,0.117870478777119,0.123441594283797,0.13063387205547,0.13914388941622,
0.148793341881275,0.159461212846655,0.171058411187198,0.183515800479508,
0.196777704066442,0.210798033078737,0.225537814778095,0.24096353043496,
0.25704595073,0.273759292155215,0.291080588892722,0.308989214182249,0.327466508325821,
0.346495484598557,0.366060593264735,0.386147529722528,0.406743076702576,
0.427834973121863,0.449411804069023,0.471462907735001,0.493978296074037,
0.516948586695432,0.540364944021212,0.56421902814928,0.588502950171311,
0.613209232934156,0.638330776420684,0.6638608270735,0.689792950502311,0.716121007109673,
0.742839130245765,0.769941706564479,0.797423358303581,0.825278927253219,
0.853503460211409,0.882092195753731,0.911040552168399,0.940344116427944,
0.969998634085745,0.995794621811079),.UNSPECIFIED.);
#35=B_SPLINE_CURVE_WITH_KNOTS('',3,(#1783,#1784,#1785,#1786,#1787,#1788,
#1789,#1790,#1791,#1792,#1793,#1794,#1795,#1796,#1797,#1798,#1799,#1800,
#1801,#1802,#1803,#1804,#1805,#1806,#1807,#1808,#1809,#1810,#1811,#1812,
#1813,#1814,#1815,#1816,#1817,#1818,#1819,#1820,#1821,#1822,#1823,#1824,
#1825,#1826,#1827,#1828,#1829),.UNSPECIFIED.,.F.,.F.,(4,1,1,1,1,1,1,1,1,
1,1,1,1,1,1,1,1,1,1,1,1,1,1,1,1,1,1,1,1,1,1,1,1,1,1,1,1,1,1,1,1,1,1,1,4),
(0.,0.117870478777119,0.123441594283798,0.13063387205547,0.13914388941622,
0.148793341881276,0.159461212846655,0.171058411187198,0.183515800479508,
0.196777704066442,0.210798033078737,0.225537814778095,0.24096353043496,
0.257045950730001,0.273759292155215,0.291080588892722,0.308989214182249,
0.327466508325821,0.346495484598557,0.366060593264735,0.386147529722528,
0.406743076702576,0.427834973121863,0.449411804069023,0.471462907735001,
0.493978296074037,0.516948586695432,0.540364944021212,0.56421902814928,
0.588502950171311,0.613209232934156,0.638330776420684,0.6638608270735,0.689792950502311,
0.716121007109673,0.742839130245765,0.769941706564479,0.797423358303581,
0.825278927253219,0.853503460211409,0.882092195753731,0.911040552168399,
0.940344116427944,0.969998634085745,0.99579462181108),.UNSPECIFIED.);
#36=B_SPLINE_CURVE_WITH_KNOTS('',3,(#1837,#1838,#1839,#1840,#1841,#1842,
#1843,#1844,#1845,#1846,#1847,#1848,#1849,#1850,#1851,#1852,#1853,#1854,
#1855,#1856,#1857,#1858,#1859,#1860,#1861,#1862,#1863,#1864,#1865,#1866,
#1867,#1868,#1869,#1870,#1871,#1872,#1873,#1874,#1875,#1876,#1877,#1878,
#1879,#1880,#1881,#1882,#1883),.UNSPECIFIED.,.F.,.F.,(4,1,1,1,1,1,1,1,1,
1,1,1,1,1,1,1,1,1,1,1,1,1,1,1,1,1,1,1,1,1,1,1,1,1,1,1,1,1,1,1,1,1,1,1,4),
(0.,0.117870478777119,0.123441594283797,0.13063387205547,0.13914388941622,
0.148793341881275,0.159461212846655,0.171058411187198,0.183515800479508,
0.196777704066442,0.210798033078737,0.225537814778095,0.24096353043496,
0.25704595073,0.273759292155215,0.291080588892722,0.308989214182249,0.327466508325821,
0.346495484598557,0.366060593264735,0.386147529722528,0.406743076702576,
0.427834973121863,0.449411804069023,0.471462907735001,0.493978296074037,
0.516948586695432,0.540364944021212,0.56421902814928,0.588502950171311,
0.613209232934156,0.638330776420684,0.6638608270735,0.689792950502311,0.716121007109673,
0.742839130245765,0.769941706564479,0.797423358303581,0.825278927253219,
0.853503460211409,0.882092195753731,0.911040552168399,0.940344116427944,
0.969998634085745,0.995794621811079),.UNSPECIFIED.);
#37=B_SPLINE_CURVE_WITH_KNOTS('',3,(#1884,#1885,#1886,#1887,#1888,#1889,
#1890,#1891,#1892,#1893,#1894,#1895,#1896,#1897,#1898,#1899,#1900,#1901,
#1902,#1903,#1904,#1905,#1906,#1907,#1908,#1909,#1910,#1911,#1912,#1913,
#1914,#1915,#1916,#1917,#1918,#1919,#1920,#1921,#1922,#1923,#1924,#1925,
#1926,#1927,#1928,#1929,#1930),.UNSPECIFIED.,.F.,.F.,(4,1,1,1,1,1,1,1,1,
1,1,1,1,1,1,1,1,1,1,1,1,1,1,1,1,1,1,1,1,1,1,1,1,1,1,1,1,1,1,1,1,1,1,1,4),
(0.,0.117870478777119,0.123441594283798,0.13063387205547,0.13914388941622,
0.148793341881276,0.159461212846655,0.171058411187198,0.183515800479508,
0.196777704066442,0.210798033078737,0.225537814778095,0.24096353043496,
0.257045950730001,0.273759292155215,0.291080588892722,0.308989214182249,
0.327466508325821,0.346495484598557,0.366060593264735,0.386147529722528,
0.406743076702576,0.427834973121863,0.449411804069023,0.471462907735001,
0.493978296074037,0.516948586695432,0.540364944021212,0.56421902814928,
0.588502950171311,0.613209232934156,0.638330776420684,0.6638608270735,0.689792950502311,
0.716121007109673,0.742839130245765,0.769941706564479,0.797423358303581,
0.825278927253219,0.853503460211409,0.882092195753731,0.911040552168399,
0.940344116427944,0.969998634085745,0.99579462181108),.UNSPECIFIED.);
#38=B_SPLINE_CURVE_WITH_KNOTS('',3,(#1938,#1939,#1940,#1941,#1942,#1943,
#1944,#1945,#1946,#1947,#1948,#1949,#1950,#1951,#1952,#1953,#1954,#1955,
#1956,#1957,#1958,#1959,#1960,#1961,#1962,#1963,#1964,#1965,#1966,#1967,
#1968,#1969,#1970,#1971,#1972,#1973,#1974,#1975,#1976,#1977,#1978,#1979,
#1980,#1981,#1982,#1983,#1984),.UNSPECIFIED.,.F.,.F.,(4,1,1,1,1,1,1,1,1,
1,1,1,1,1,1,1,1,1,1,1,1,1,1,1,1,1,1,1,1,1,1,1,1,1,1,1,1,1,1,1,1,1,1,1,4),
(0.,0.117870478777119,0.123441594283797,0.13063387205547,0.13914388941622,
0.148793341881275,0.159461212846655,0.171058411187198,0.183515800479508,
0.196777704066442,0.210798033078737,0.225537814778095,0.24096353043496,
0.25704595073,0.273759292155215,0.291080588892722,0.308989214182249,0.327466508325821,
0.346495484598557,0.366060593264735,0.386147529722528,0.406743076702576,
0.427834973121863,0.449411804069023,0.471462907735001,0.493978296074037,
0.516948586695432,0.540364944021212,0.56421902814928,0.588502950171311,
0.613209232934156,0.638330776420684,0.6638608270735,0.689792950502311,0.716121007109673,
0.742839130245765,0.769941706564479,0.797423358303581,0.825278927253219,
0.853503460211409,0.882092195753731,0.911040552168399,0.940344116427944,
0.969998634085745,0.995794621811079),.UNSPECIFIED.);
#39=B_SPLINE_CURVE_WITH_KNOTS('',3,(#1985,#1986,#1987,#1988,#1989,#1990,
#1991,#1992,#1993,#1994,#1995,#1996,#1997,#1998,#1999,#2000,#2001,#2002,
#2003,#2004,#2005,#2006,#2007,#2008,#2009,#2010,#2011,#2012,#2013,#2014,
#2015,#2016,#2017,#2018,#2019,#2020,#2021,#2022,#2023,#2024,#2025,#2026,
#2027,#2028,#2029,#2030,#2031),.UNSPECIFIED.,.F.,.F.,(4,1,1,1,1,1,1,1,1,
1,1,1,1,1,1,1,1,1,1,1,1,1,1,1,1,1,1,1,1,1,1,1,1,1,1,1,1,1,1,1,1,1,1,1,4),
(0.,0.117870478777119,0.123441594283798,0.13063387205547,0.13914388941622,
0.148793341881276,0.159461212846655,0.171058411187198,0.183515800479508,
0.196777704066442,0.210798033078737,0.225537814778095,0.24096353043496,
0.257045950730001,0.273759292155215,0.291080588892722,0.308989214182249,
0.327466508325821,0.346495484598557,0.366060593264735,0.386147529722528,
0.406743076702576,0.427834973121863,0.449411804069023,0.471462907735001,
0.493978296074037,0.516948586695432,0.540364944021212,0.56421902814928,
0.588502950171311,0.613209232934156,0.638330776420684,0.6638608270735,0.689792950502311,
0.716121007109673,0.742839130245765,0.769941706564479,0.797423358303581,
0.825278927253219,0.853503460211409,0.882092195753731,0.911040552168399,
0.940344116427944,0.969998634085745,0.99579462181108),.UNSPECIFIED.);
#40=B_SPLINE_CURVE_WITH_KNOTS('',3,(#2039,#2040,#2041,#2042,#2043,#2044,
#2045,#2046,#2047,#2048,#2049,#2050,#2051,#2052,#2053,#2054,#2055,#2056,
#2057,#2058,#2059,#2060,#2061,#2062,#2063,#2064,#2065,#2066,#2067,#2068,
#2069,#2070,#2071,#2072,#2073,#2074,#2075,#2076,#2077,#2078,#2079,#2080,
#2081,#2082,#2083,#2084,#2085),.UNSPECIFIED.,.F.,.F.,(4,1,1,1,1,1,1,1,1,
1,1,1,1,1,1,1,1,1,1,1,1,1,1,1,1,1,1,1,1,1,1,1,1,1,1,1,1,1,1,1,1,1,1,1,4),
(0.,0.117870478777119,0.123441594283797,0.13063387205547,0.13914388941622,
0.148793341881275,0.159461212846655,0.171058411187198,0.183515800479508,
0.196777704066442,0.210798033078737,0.225537814778095,0.24096353043496,
0.25704595073,0.273759292155215,0.291080588892722,0.308989214182249,0.327466508325821,
0.346495484598557,0.366060593264735,0.386147529722528,0.406743076702576,
0.427834973121863,0.449411804069023,0.471462907735001,0.493978296074037,
0.516948586695432,0.540364944021212,0.56421902814928,0.588502950171311,
0.613209232934156,0.638330776420684,0.6638608270735,0.689792950502311,0.716121007109673,
0.742839130245765,0.769941706564479,0.797423358303581,0.825278927253219,
0.853503460211409,0.882092195753731,0.911040552168399,0.940344116427944,
0.969998634085745,0.995794621811079),.UNSPECIFIED.);
#41=B_SPLINE_CURVE_WITH_KNOTS('',3,(#2086,#2087,#2088,#2089,#2090,#2091,
#2092,#2093,#2094,#2095,#2096,#2097,#2098,#2099,#2100,#2101,#2102,#2103,
#2104,#2105,#2106,#2107,#2108,#2109,#2110,#2111,#2112,#2113,#2114,#2115,
#2116,#2117,#2118,#2119,#2120,#2121,#2122,#2123,#2124,#2125,#2126,#2127,
#2128,#2129,#2130,#2131,#2132),.UNSPECIFIED.,.F.,.F.,(4,1,1,1,1,1,1,1,1,
1,1,1,1,1,1,1,1,1,1,1,1,1,1,1,1,1,1,1,1,1,1,1,1,1,1,1,1,1,1,1,1,1,1,1,4),
(0.,0.117870478777119,0.123441594283798,0.13063387205547,0.13914388941622,
0.148793341881276,0.159461212846655,0.171058411187198,0.183515800479508,
0.196777704066442,0.210798033078737,0.225537814778095,0.24096353043496,
0.257045950730001,0.273759292155215,0.291080588892722,0.308989214182249,
0.327466508325821,0.346495484598557,0.366060593264735,0.386147529722528,
0.406743076702576,0.427834973121863,0.449411804069023,0.471462907735001,
0.493978296074037,0.516948586695432,0.540364944021212,0.56421902814928,
0.588502950171311,0.613209232934156,0.638330776420684,0.6638608270735,0.689792950502311,
0.716121007109673,0.742839130245765,0.769941706564479,0.797423358303581,
0.825278927253219,0.853503460211409,0.882092195753731,0.911040552168399,
0.940344116427944,0.969998634085745,0.99579462181108),.UNSPECIFIED.);
#42=B_SPLINE_CURVE_WITH_KNOTS('',3,(#2140,#2141,#2142,#2143,#2144,#2145,
#2146,#2147,#2148,#2149,#2150,#2151,#2152,#2153,#2154,#2155,#2156,#2157,
#2158,#2159,#2160,#2161,#2162,#2163,#2164,#2165,#2166,#2167,#2168,#2169,
#2170,#2171,#2172,#2173,#2174,#2175,#2176,#2177,#2178,#2179,#2180,#2181,
#2182,#2183,#2184,#2185,#2186),.UNSPECIFIED.,.F.,.F.,(4,1,1,1,1,1,1,1,1,
1,1,1,1,1,1,1,1,1,1,1,1,1,1,1,1,1,1,1,1,1,1,1,1,1,1,1,1,1,1,1,1,1,1,1,4),
(0.,0.117870478777119,0.123441594283797,0.13063387205547,0.13914388941622,
0.148793341881275,0.159461212846655,0.171058411187198,0.183515800479508,
0.196777704066442,0.210798033078737,0.225537814778095,0.24096353043496,
0.25704595073,0.273759292155215,0.291080588892722,0.308989214182249,0.327466508325821,
0.346495484598557,0.366060593264735,0.386147529722528,0.406743076702576,
0.427834973121863,0.449411804069023,0.471462907735001,0.493978296074037,
0.516948586695432,0.540364944021212,0.56421902814928,0.588502950171311,
0.613209232934156,0.638330776420684,0.6638608270735,0.689792950502311,0.716121007109673,
0.742839130245765,0.769941706564479,0.797423358303581,0.825278927253219,
0.853503460211409,0.882092195753731,0.911040552168399,0.940344116427944,
0.969998634085745,0.995794621811079),.UNSPECIFIED.);
#43=B_SPLINE_CURVE_WITH_KNOTS('',3,(#2187,#2188,#2189,#2190,#2191,#2192,
#2193,#2194,#2195,#2196,#2197,#2198,#2199,#2200,#2201,#2202,#2203,#2204,
#2205,#2206,#2207,#2208,#2209,#2210,#2211,#2212,#2213,#2214,#2215,#2216,
#2217,#2218,#2219,#2220,#2221,#2222,#2223,#2224,#2225,#2226,#2227,#2228,
#2229,#2230,#2231,#2232,#2233),.UNSPECIFIED.,.F.,.F.,(4,1,1,1,1,1,1,1,1,
1,1,1,1,1,1,1,1,1,1,1,1,1,1,1,1,1,1,1,1,1,1,1,1,1,1,1,1,1,1,1,1,1,1,1,4),
(0.,0.117870478777119,0.123441594283798,0.13063387205547,0.13914388941622,
0.148793341881276,0.159461212846655,0.171058411187198,0.183515800479508,
0.196777704066442,0.210798033078737,0.225537814778095,0.24096353043496,
0.257045950730001,0.273759292155215,0.291080588892722,0.308989214182249,
0.327466508325821,0.346495484598557,0.366060593264735,0.386147529722528,
0.406743076702576,0.427834973121863,0.449411804069023,0.471462907735001,
0.493978296074037,0.516948586695432,0.540364944021212,0.56421902814928,
0.588502950171311,0.613209232934156,0.638330776420684,0.6638608270735,0.689792950502311,
0.716121007109673,0.742839130245765,0.769941706564479,0.797423358303581,
0.825278927253219,0.853503460211409,0.882092195753731,0.911040552168399,
0.940344116427944,0.969998634085745,0.99579462181108),.UNSPECIFIED.);
#44=B_SPLINE_CURVE_WITH_KNOTS('',3,(#2248,#2249,#2250,#2251,#2252,#2253,
#2254,#2255,#2256,#2257,#2258,#2259,#2260,#2261,#2262,#2263,#2264,#2265,
#2266,#2267,#2268,#2269,#2270,#2271,#2272,#2273,#2274,#2275,#2276,#2277,
#2278,#2279,#2280,#2281,#2282,#2283,#2284,#2285,#2286,#2287,#2288,#2289,
#2290,#2291,#2292,#2293,#2294),.UNSPECIFIED.,.F.,.F.,(4,1,1,1,1,1,1,1,1,
1,1,1,1,1,1,1,1,1,1,1,1,1,1,1,1,1,1,1,1,1,1,1,1,1,1,1,1,1,1,1,1,1,1,1,4),
(0.,0.117870478777119,0.123441594283798,0.13063387205547,0.13914388941622,
0.148793341881276,0.159461212846655,0.171058411187198,0.183515800479508,
0.196777704066442,0.210798033078737,0.225537814778095,0.24096353043496,
0.257045950730001,0.273759292155215,0.291080588892722,0.308989214182249,
0.327466508325821,0.346495484598557,0.366060593264735,0.386147529722528,
0.406743076702576,0.427834973121863,0.449411804069023,0.471462907735001,
0.493978296074037,0.516948586695432,0.540364944021212,0.56421902814928,
0.588502950171311,0.613209232934156,0.638330776420684,0.6638608270735,0.689792950502311,
0.716121007109673,0.742839130245765,0.769941706564479,0.797423358303581,
0.825278927253219,0.853503460211409,0.882092195753731,0.911040552168399,
0.940344116427944,0.969998634085745,0.99579462181108),.UNSPECIFIED.);
#45=B_SPLINE_CURVE_WITH_KNOTS('',3,(#2295,#2296,#2297,#2298,#2299,#2300,
#2301,#2302,#2303,#2304,#2305,#2306,#2307,#2308,#2309,#2310,#2311,#2312,
#2313,#2314,#2315,#2316,#2317,#2318,#2319,#2320,#2321,#2322,#2323,#2324,
#2325,#2326,#2327,#2328,#2329,#2330,#2331,#2332,#2333,#2334,#2335,#2336,
#2337,#2338,#2339,#2340,#2341),.UNSPECIFIED.,.F.,.F.,(4,1,1,1,1,1,1,1,1,
1,1,1,1,1,1,1,1,1,1,1,1,1,1,1,1,1,1,1,1,1,1,1,1,1,1,1,1,1,1,1,1,1,1,1,4),
(0.,0.117870478777119,0.123441594283797,0.13063387205547,0.13914388941622,
0.148793341881275,0.159461212846655,0.171058411187198,0.183515800479508,
0.196777704066442,0.210798033078737,0.225537814778095,0.24096353043496,
0.25704595073,0.273759292155215,0.291080588892722,0.308989214182249,0.327466508325821,
0.346495484598557,0.366060593264735,0.386147529722528,0.406743076702576,
0.427834973121863,0.449411804069023,0.471462907735001,0.493978296074037,
0.516948586695432,0.540364944021212,0.56421902814928,0.588502950171311,
0.613209232934156,0.638330776420684,0.6638608270735,0.689792950502311,0.716121007109673,
0.742839130245765,0.769941706564479,0.797423358303581,0.825278927253219,
0.853503460211409,0.882092195753731,0.911040552168399,0.940344116427944,
0.969998634085745,0.995794621811079),.UNSPECIFIED.);
#46=B_SPLINE_CURVE_WITH_KNOTS('',3,(#2349,#2350,#2351,#2352,#2353,#2354,
#2355,#2356,#2357,#2358,#2359,#2360,#2361,#2362,#2363,#2364,#2365,#2366,
#2367,#2368,#2369,#2370,#2371,#2372,#2373,#2374,#2375,#2376,#2377,#2378,
#2379,#2380,#2381,#2382,#2383,#2384,#2385,#2386,#2387,#2388,#2389,#2390,
#2391,#2392,#2393,#2394,#2395),.UNSPECIFIED.,.F.,.F.,(4,1,1,1,1,1,1,1,1,
1,1,1,1,1,1,1,1,1,1,1,1,1,1,1,1,1,1,1,1,1,1,1,1,1,1,1,1,1,1,1,1,1,1,1,4),
(0.,0.117870478777119,0.123441594283798,0.13063387205547,0.13914388941622,
0.148793341881276,0.159461212846655,0.171058411187198,0.183515800479508,
0.196777704066442,0.210798033078737,0.225537814778095,0.24096353043496,
0.257045950730001,0.273759292155215,0.291080588892722,0.308989214182249,
0.327466508325821,0.346495484598557,0.366060593264735,0.386147529722528,
0.406743076702576,0.427834973121863,0.449411804069023,0.471462907735001,
0.493978296074037,0.516948586695432,0.540364944021212,0.56421902814928,
0.588502950171311,0.613209232934156,0.638330776420684,0.6638608270735,0.689792950502311,
0.716121007109673,0.742839130245765,0.769941706564479,0.797423358303581,
0.825278927253219,0.853503460211409,0.882092195753731,0.911040552168399,
0.940344116427944,0.969998634085745,0.99579462181108),.UNSPECIFIED.);
#47=B_SPLINE_CURVE_WITH_KNOTS('',3,(#2396,#2397,#2398,#2399,#2400,#2401,
#2402,#2403,#2404,#2405,#2406,#2407,#2408,#2409,#2410,#2411,#2412,#2413,
#2414,#2415,#2416,#2417,#2418,#2419,#2420,#2421,#2422,#2423,#2424,#2425,
#2426,#2427,#2428,#2429,#2430,#2431,#2432,#2433,#2434,#2435,#2436,#2437,
#2438,#2439,#2440,#2441,#2442),.UNSPECIFIED.,.F.,.F.,(4,1,1,1,1,1,1,1,1,
1,1,1,1,1,1,1,1,1,1,1,1,1,1,1,1,1,1,1,1,1,1,1,1,1,1,1,1,1,1,1,1,1,1,1,4),
(0.,0.117870478777119,0.123441594283797,0.13063387205547,0.13914388941622,
0.148793341881275,0.159461212846655,0.171058411187198,0.183515800479508,
0.196777704066442,0.210798033078737,0.225537814778095,0.24096353043496,
0.25704595073,0.273759292155215,0.291080588892722,0.308989214182249,0.327466508325821,
0.346495484598557,0.366060593264735,0.386147529722528,0.406743076702576,
0.427834973121863,0.449411804069023,0.471462907735001,0.493978296074037,
0.516948586695432,0.540364944021212,0.56421902814928,0.588502950171311,
0.613209232934156,0.638330776420684,0.6638608270735,0.689792950502311,0.716121007109673,
0.742839130245765,0.769941706564479,0.797423358303581,0.825278927253219,
0.853503460211409,0.882092195753731,0.911040552168399,0.940344116427944,
0.969998634085745,0.995794621811079),.UNSPECIFIED.);
#48=B_SPLINE_CURVE_WITH_KNOTS('',3,(#2450,#2451,#2452,#2453,#2454,#2455,
#2456,#2457,#2458,#2459,#2460,#2461,#2462,#2463,#2464,#2465,#2466,#2467,
#2468,#2469,#2470,#2471,#2472,#2473,#2474,#2475,#2476,#2477,#2478,#2479,
#2480,#2481,#2482,#2483,#2484,#2485,#2486,#2487,#2488,#2489,#2490,#2491,
#2492,#2493,#2494,#2495,#2496),.UNSPECIFIED.,.F.,.F.,(4,1,1,1,1,1,1,1,1,
1,1,1,1,1,1,1,1,1,1,1,1,1,1,1,1,1,1,1,1,1,1,1,1,1,1,1,1,1,1,1,1,1,1,1,4),
(0.,0.117870478777119,0.123441594283798,0.13063387205547,0.13914388941622,
0.148793341881276,0.159461212846655,0.171058411187198,0.183515800479508,
0.196777704066442,0.210798033078737,0.225537814778095,0.24096353043496,
0.257045950730001,0.273759292155215,0.291080588892722,0.308989214182249,
0.327466508325821,0.346495484598557,0.366060593264735,0.386147529722528,
0.406743076702576,0.427834973121863,0.449411804069023,0.471462907735001,
0.493978296074037,0.516948586695432,0.540364944021212,0.56421902814928,
0.588502950171311,0.613209232934156,0.638330776420684,0.6638608270735,0.689792950502311,
0.716121007109673,0.742839130245765,0.769941706564479,0.797423358303581,
0.825278927253219,0.853503460211409,0.882092195753731,0.911040552168399,
0.940344116427944,0.969998634085745,0.99579462181108),.UNSPECIFIED.);
#49=B_SPLINE_CURVE_WITH_KNOTS('',3,(#2497,#2498,#2499,#2500,#2501,#2502,
#2503,#2504,#2505,#2506,#2507,#2508,#2509,#2510,#2511,#2512,#2513,#2514,
#2515,#2516,#2517,#2518,#2519,#2520,#2521,#2522,#2523,#2524,#2525,#2526,
#2527,#2528,#2529,#2530,#2531,#2532,#2533,#2534,#2535,#2536,#2537,#2538,
#2539,#2540,#2541,#2542,#2543),.UNSPECIFIED.,.F.,.F.,(4,1,1,1,1,1,1,1,1,
1,1,1,1,1,1,1,1,1,1,1,1,1,1,1,1,1,1,1,1,1,1,1,1,1,1,1,1,1,1,1,1,1,1,1,4),
(0.,0.117870478777119,0.123441594283797,0.13063387205547,0.13914388941622,
0.148793341881275,0.159461212846655,0.171058411187198,0.183515800479508,
0.196777704066442,0.210798033078737,0.225537814778095,0.24096353043496,
0.25704595073,0.273759292155215,0.291080588892722,0.308989214182249,0.327466508325821,
0.346495484598557,0.366060593264735,0.386147529722528,0.406743076702576,
0.427834973121863,0.449411804069023,0.471462907735001,0.493978296074037,
0.516948586695432,0.540364944021212,0.56421902814928,0.588502950171311,
0.613209232934156,0.638330776420684,0.6638608270735,0.689792950502311,0.716121007109673,
0.742839130245765,0.769941706564479,0.797423358303581,0.825278927253219,
0.853503460211409,0.882092195753731,0.911040552168399,0.940344116427944,
0.969998634085745,0.995794621811079),.UNSPECIFIED.);
#50=B_SPLINE_CURVE_WITH_KNOTS('',3,(#2551,#2552,#2553,#2554,#2555,#2556,
#2557,#2558,#2559,#2560,#2561,#2562,#2563,#2564,#2565,#2566,#2567,#2568,
#2569,#2570,#2571,#2572,#2573,#2574,#2575,#2576,#2577,#2578,#2579,#2580,
#2581,#2582,#2583,#2584,#2585,#2586,#2587,#2588,#2589,#2590,#2591,#2592,
#2593,#2594,#2595,#2596,#2597),.UNSPECIFIED.,.F.,.F.,(4,1,1,1,1,1,1,1,1,
1,1,1,1,1,1,1,1,1,1,1,1,1,1,1,1,1,1,1,1,1,1,1,1,1,1,1,1,1,1,1,1,1,1,1,4),
(0.,0.117870478777119,0.123441594283798,0.13063387205547,0.13914388941622,
0.148793341881276,0.159461212846655,0.171058411187198,0.183515800479508,
0.196777704066442,0.210798033078737,0.225537814778095,0.24096353043496,
0.257045950730001,0.273759292155215,0.291080588892722,0.308989214182249,
0.327466508325821,0.346495484598557,0.366060593264735,0.386147529722528,
0.406743076702576,0.427834973121863,0.449411804069023,0.471462907735001,
0.493978296074037,0.516948586695432,0.540364944021212,0.56421902814928,
0.588502950171311,0.613209232934156,0.638330776420684,0.6638608270735,0.689792950502311,
0.716121007109673,0.742839130245765,0.769941706564479,0.797423358303581,
0.825278927253219,0.853503460211409,0.882092195753731,0.911040552168399,
0.940344116427944,0.969998634085745,0.99579462181108),.UNSPECIFIED.);
#51=B_SPLINE_CURVE_WITH_KNOTS('',3,(#2598,#2599,#2600,#2601,#2602,#2603,
#2604,#2605,#2606,#2607,#2608,#2609,#2610,#2611,#2612,#2613,#2614,#2615,
#2616,#2617,#2618,#2619,#2620,#2621,#2622,#2623,#2624,#2625,#2626,#2627,
#2628,#2629,#2630,#2631,#2632,#2633,#2634,#2635,#2636,#2637,#2638,#2639,
#2640,#2641,#2642,#2643,#2644),.UNSPECIFIED.,.F.,.F.,(4,1,1,1,1,1,1,1,1,
1,1,1,1,1,1,1,1,1,1,1,1,1,1,1,1,1,1,1,1,1,1,1,1,1,1,1,1,1,1,1,1,1,1,1,4),
(0.,0.117870478777119,0.123441594283797,0.13063387205547,0.13914388941622,
0.148793341881275,0.159461212846655,0.171058411187198,0.183515800479508,
0.196777704066442,0.210798033078737,0.225537814778095,0.24096353043496,
0.25704595073,0.273759292155215,0.291080588892722,0.308989214182249,0.327466508325821,
0.346495484598557,0.366060593264735,0.386147529722528,0.406743076702576,
0.427834973121863,0.449411804069023,0.471462907735001,0.493978296074037,
0.516948586695432,0.540364944021212,0.56421902814928,0.588502950171311,
0.613209232934156,0.638330776420684,0.6638608270735,0.689792950502311,0.716121007109673,
0.742839130245765,0.769941706564479,0.797423358303581,0.825278927253219,
0.853503460211409,0.882092195753731,0.911040552168399,0.940344116427944,
0.969998634085745,0.995794621811079),.UNSPECIFIED.);
#52=B_SPLINE_CURVE_WITH_KNOTS('',3,(#2652,#2653,#2654,#2655,#2656,#2657,
#2658,#2659,#2660,#2661,#2662,#2663,#2664,#2665,#2666,#2667,#2668,#2669,
#2670,#2671,#2672,#2673,#2674,#2675,#2676,#2677,#2678,#2679,#2680,#2681,
#2682,#2683,#2684,#2685,#2686,#2687,#2688,#2689,#2690,#2691,#2692,#2693,
#2694,#2695,#2696,#2697,#2698),.UNSPECIFIED.,.F.,.F.,(4,1,1,1,1,1,1,1,1,
1,1,1,1,1,1,1,1,1,1,1,1,1,1,1,1,1,1,1,1,1,1,1,1,1,1,1,1,1,1,1,1,1,1,1,4),
(0.,0.117870478777119,0.123441594283798,0.13063387205547,0.13914388941622,
0.148793341881276,0.159461212846655,0.171058411187198,0.183515800479508,
0.196777704066442,0.210798033078737,0.225537814778095,0.24096353043496,
0.257045950730001,0.273759292155215,0.291080588892722,0.308989214182249,
0.327466508325821,0.346495484598557,0.366060593264735,0.386147529722528,
0.406743076702576,0.427834973121863,0.449411804069023,0.471462907735001,
0.493978296074037,0.516948586695432,0.540364944021212,0.56421902814928,
0.588502950171311,0.613209232934156,0.638330776420684,0.6638608270735,0.689792950502311,
0.716121007109673,0.742839130245765,0.769941706564479,0.797423358303581,
0.825278927253219,0.853503460211409,0.882092195753731,0.911040552168399,
0.940344116427944,0.969998634085745,0.99579462181108),.UNSPECIFIED.);
#53=B_SPLINE_CURVE_WITH_KNOTS('',3,(#2699,#2700,#2701,#2702,#2703,#2704,
#2705,#2706,#2707,#2708,#2709,#2710,#2711,#2712,#2713,#2714,#2715,#2716,
#2717,#2718,#2719,#2720,#2721,#2722,#2723,#2724,#2725,#2726,#2727,#2728,
#2729,#2730,#2731,#2732,#2733,#2734,#2735,#2736,#2737,#2738,#2739,#2740,
#2741,#2742,#2743,#2744,#2745),.UNSPECIFIED.,.F.,.F.,(4,1,1,1,1,1,1,1,1,
1,1,1,1,1,1,1,1,1,1,1,1,1,1,1,1,1,1,1,1,1,1,1,1,1,1,1,1,1,1,1,1,1,1,1,4),
(0.,0.117870478777119,0.123441594283797,0.13063387205547,0.13914388941622,
0.148793341881275,0.159461212846655,0.171058411187198,0.183515800479508,
0.196777704066442,0.210798033078737,0.225537814778095,0.24096353043496,
0.25704595073,0.273759292155215,0.291080588892722,0.308989214182249,0.327466508325821,
0.346495484598557,0.366060593264735,0.386147529722528,0.406743076702576,
0.427834973121863,0.449411804069023,0.471462907735001,0.493978296074037,
0.516948586695432,0.540364944021212,0.56421902814928,0.588502950171311,
0.613209232934156,0.638330776420684,0.6638608270735,0.689792950502311,0.716121007109673,
0.742839130245765,0.769941706564479,0.797423358303581,0.825278927253219,
0.853503460211409,0.882092195753731,0.911040552168399,0.940344116427944,
0.969998634085745,0.995794621811079),.UNSPECIFIED.);
#54=B_SPLINE_CURVE_WITH_KNOTS('',3,(#2753,#2754,#2755,#2756,#2757,#2758,
#2759,#2760,#2761,#2762,#2763,#2764,#2765,#2766,#2767,#2768,#2769,#2770,
#2771,#2772,#2773,#2774,#2775,#2776,#2777,#2778,#2779,#2780,#2781,#2782,
#2783,#2784,#2785,#2786,#2787,#2788,#2789,#2790,#2791,#2792,#2793,#2794,
#2795,#2796,#2797,#2798,#2799),.UNSPECIFIED.,.F.,.F.,(4,1,1,1,1,1,1,1,1,
1,1,1,1,1,1,1,1,1,1,1,1,1,1,1,1,1,1,1,1,1,1,1,1,1,1,1,1,1,1,1,1,1,1,1,4),
(0.,0.117870478777119,0.123441594283798,0.13063387205547,0.13914388941622,
0.148793341881276,0.159461212846655,0.171058411187198,0.183515800479508,
0.196777704066442,0.210798033078737,0.225537814778095,0.24096353043496,
0.257045950730001,0.273759292155215,0.291080588892722,0.308989214182249,
0.327466508325821,0.346495484598557,0.366060593264735,0.386147529722528,
0.406743076702576,0.427834973121863,0.449411804069023,0.471462907735001,
0.493978296074037,0.516948586695432,0.540364944021212,0.56421902814928,
0.588502950171311,0.613209232934156,0.638330776420684,0.6638608270735,0.689792950502311,
0.716121007109673,0.742839130245765,0.769941706564479,0.797423358303581,
0.825278927253219,0.853503460211409,0.882092195753731,0.911040552168399,
0.940344116427944,0.969998634085745,0.99579462181108),.UNSPECIFIED.);
#55=B_SPLINE_CURVE_WITH_KNOTS('',3,(#2800,#2801,#2802,#2803,#2804,#2805,
#2806,#2807,#2808,#2809,#2810,#2811,#2812,#2813,#2814,#2815,#2816,#2817,
#2818,#2819,#2820,#2821,#2822,#2823,#2824,#2825,#2826,#2827,#2828,#2829,
#2830,#2831,#2832,#2833,#2834,#2835,#2836,#2837,#2838,#2839,#2840,#2841,
#2842,#2843,#2844,#2845,#2846),.UNSPECIFIED.,.F.,.F.,(4,1,1,1,1,1,1,1,1,
1,1,1,1,1,1,1,1,1,1,1,1,1,1,1,1,1,1,1,1,1,1,1,1,1,1,1,1,1,1,1,1,1,1,1,4),
(0.,0.117870478777119,0.123441594283797,0.13063387205547,0.13914388941622,
0.148793341881275,0.159461212846655,0.171058411187198,0.183515800479508,
0.196777704066442,0.210798033078737,0.225537814778095,0.24096353043496,
0.25704595073,0.273759292155215,0.291080588892722,0.308989214182249,0.327466508325821,
0.346495484598557,0.366060593264735,0.386147529722528,0.406743076702576,
0.427834973121863,0.449411804069023,0.471462907735001,0.493978296074037,
0.516948586695432,0.540364944021212,0.56421902814928,0.588502950171311,
0.613209232934156,0.638330776420684,0.6638608270735,0.689792950502311,0.716121007109673,
0.742839130245765,0.769941706564479,0.797423358303581,0.825278927253219,
0.853503460211409,0.882092195753731,0.911040552168399,0.940344116427944,
0.969998634085745,0.995794621811079),.UNSPECIFIED.);
#56=B_SPLINE_CURVE_WITH_KNOTS('',3,(#2854,#2855,#2856,#2857,#2858,#2859,
#2860,#2861,#2862,#2863,#2864,#2865,#2866,#2867,#2868,#2869,#2870,#2871,
#2872,#2873,#2874,#2875,#2876,#2877,#2878,#2879,#2880,#2881,#2882,#2883,
#2884,#2885,#2886,#2887,#2888,#2889,#2890,#2891,#2892,#2893,#2894,#2895,
#2896,#2897,#2898,#2899,#2900),.UNSPECIFIED.,.F.,.F.,(4,1,1,1,1,1,1,1,1,
1,1,1,1,1,1,1,1,1,1,1,1,1,1,1,1,1,1,1,1,1,1,1,1,1,1,1,1,1,1,1,1,1,1,1,4),
(0.,0.117870478777119,0.123441594283798,0.13063387205547,0.13914388941622,
0.148793341881276,0.159461212846655,0.171058411187198,0.183515800479508,
0.196777704066442,0.210798033078737,0.225537814778095,0.24096353043496,
0.257045950730001,0.273759292155215,0.291080588892722,0.308989214182249,
0.327466508325821,0.346495484598557,0.366060593264735,0.386147529722528,
0.406743076702576,0.427834973121863,0.449411804069023,0.471462907735001,
0.493978296074037,0.516948586695432,0.540364944021212,0.56421902814928,
0.588502950171311,0.613209232934156,0.638330776420684,0.6638608270735,0.689792950502311,
0.716121007109673,0.742839130245765,0.769941706564479,0.797423358303581,
0.825278927253219,0.853503460211409,0.882092195753731,0.911040552168399,
0.940344116427944,0.969998634085745,0.99579462181108),.UNSPECIFIED.);
#57=B_SPLINE_CURVE_WITH_KNOTS('',3,(#2901,#2902,#2903,#2904,#2905,#2906,
#2907,#2908,#2909,#2910,#2911,#2912,#2913,#2914,#2915,#2916,#2917,#2918,
#2919,#2920,#2921,#2922,#2923,#2924,#2925,#2926,#2927,#2928,#2929,#2930,
#2931,#2932,#2933,#2934,#2935,#2936,#2937,#2938,#2939,#2940,#2941,#2942,
#2943,#2944,#2945,#2946,#2947),.UNSPECIFIED.,.F.,.F.,(4,1,1,1,1,1,1,1,1,
1,1,1,1,1,1,1,1,1,1,1,1,1,1,1,1,1,1,1,1,1,1,1,1,1,1,1,1,1,1,1,1,1,1,1,4),
(0.,0.117870478777119,0.123441594283797,0.13063387205547,0.13914388941622,
0.148793341881275,0.159461212846655,0.171058411187198,0.183515800479508,
0.196777704066442,0.210798033078737,0.225537814778095,0.24096353043496,
0.25704595073,0.273759292155215,0.291080588892722,0.308989214182249,0.327466508325821,
0.346495484598557,0.366060593264735,0.386147529722528,0.406743076702576,
0.427834973121863,0.449411804069023,0.471462907735001,0.493978296074037,
0.516948586695432,0.540364944021212,0.56421902814928,0.588502950171311,
0.613209232934156,0.638330776420684,0.6638608270735,0.689792950502311,0.716121007109673,
0.742839130245765,0.769941706564479,0.797423358303581,0.825278927253219,
0.853503460211409,0.882092195753731,0.911040552168399,0.940344116427944,
0.969998634085745,0.995794621811079),.UNSPECIFIED.);
#58=B_SPLINE_CURVE_WITH_KNOTS('',3,(#2955,#2956,#2957,#2958,#2959,#2960,
#2961,#2962,#2963,#2964,#2965,#2966,#2967,#2968,#2969,#2970,#2971,#2972,
#2973,#2974,#2975,#2976,#2977,#2978,#2979,#2980,#2981,#2982,#2983,#2984,
#2985,#2986,#2987,#2988,#2989,#2990,#2991,#2992,#2993,#2994,#2995,#2996,
#2997,#2998,#2999,#3000,#3001),.UNSPECIFIED.,.F.,.F.,(4,1,1,1,1,1,1,1,1,
1,1,1,1,1,1,1,1,1,1,1,1,1,1,1,1,1,1,1,1,1,1,1,1,1,1,1,1,1,1,1,1,1,1,1,4),
(0.,0.117870478777119,0.123441594283798,0.13063387205547,0.13914388941622,
0.148793341881276,0.159461212846655,0.171058411187198,0.183515800479508,
0.196777704066442,0.210798033078737,0.225537814778095,0.24096353043496,
0.257045950730001,0.273759292155215,0.291080588892722,0.308989214182249,
0.327466508325821,0.346495484598557,0.366060593264735,0.386147529722528,
0.406743076702576,0.427834973121863,0.449411804069023,0.471462907735001,
0.493978296074037,0.516948586695432,0.540364944021212,0.56421902814928,
0.588502950171311,0.613209232934156,0.638330776420684,0.6638608270735,0.689792950502311,
0.716121007109673,0.742839130245765,0.769941706564479,0.797423358303581,
0.825278927253219,0.853503460211409,0.882092195753731,0.911040552168399,
0.940344116427944,0.969998634085745,0.99579462181108),.UNSPECIFIED.);
#59=B_SPLINE_CURVE_WITH_KNOTS('',3,(#3002,#3003,#3004,#3005,#3006,#3007,
#3008,#3009,#3010,#3011,#3012,#3013,#3014,#3015,#3016,#3017,#3018,#3019,
#3020,#3021,#3022,#3023,#3024,#3025,#3026,#3027,#3028,#3029,#3030,#3031,
#3032,#3033,#3034,#3035,#3036,#3037,#3038,#3039,#3040,#3041,#3042,#3043,
#3044,#3045,#3046,#3047,#3048),.UNSPECIFIED.,.F.,.F.,(4,1,1,1,1,1,1,1,1,
1,1,1,1,1,1,1,1,1,1,1,1,1,1,1,1,1,1,1,1,1,1,1,1,1,1,1,1,1,1,1,1,1,1,1,4),
(0.,0.117870478777119,0.123441594283797,0.13063387205547,0.13914388941622,
0.148793341881275,0.159461212846655,0.171058411187198,0.183515800479508,
0.196777704066442,0.210798033078737,0.225537814778095,0.24096353043496,
0.25704595073,0.273759292155215,0.291080588892722,0.308989214182249,0.327466508325821,
0.346495484598557,0.366060593264735,0.386147529722528,0.406743076702576,
0.427834973121863,0.449411804069023,0.471462907735001,0.493978296074037,
0.516948586695432,0.540364944021212,0.56421902814928,0.588502950171311,
0.613209232934156,0.638330776420684,0.6638608270735,0.689792950502311,0.716121007109673,
0.742839130245765,0.769941706564479,0.797423358303581,0.825278927253219,
0.853503460211409,0.882092195753731,0.911040552168399,0.940344116427944,
0.969998634085745,0.995794621811079),.UNSPECIFIED.);
#60=PLANE('',#1013);
#61=PLANE('',#1041);
#62=PLANE('',#1091);
#63=PLANE('',#1094);
#64=LINE('',#1364,#112);
#65=LINE('',#1369,#113);
#66=LINE('',#1373,#114);
#67=LINE('',#1378,#115);
#68=LINE('',#1385,#116);
#69=LINE('',#1389,#117);
#70=LINE('',#1391,#118);
#71=LINE('',#1396,#119);
#72=LINE('',#1403,#120);
#73=LINE('',#1407,#121);
#74=LINE('',#1409,#122);
#75=LINE('',#1414,#123);
#76=LINE('',#1421,#124);
#77=LINE('',#1425,#125);
#78=LINE('',#2239,#126);
#79=LINE('',#2243,#127);
#80=LINE('',#3079,#128);
#81=LINE('',#3104,#129);
#82=LINE('',#3106,#130);
#83=LINE('',#3107,#131);
#84=LINE('',#3134,#132);
#85=LINE('',#3159,#133);
#86=LINE('',#3161,#134);
#87=LINE('',#3162,#135);
#88=LINE('',#3189,#136);
#89=LINE('',#3214,#137);
#90=LINE('',#3216,#138);
#91=LINE('',#3217,#139);
#92=LINE('',#3244,#140);
#93=LINE('',#3269,#141);
#94=LINE('',#3271,#142);
#95=LINE('',#3272,#143);
#96=LINE('',#3299,#144);
#97=LINE('',#3324,#145);
#98=LINE('',#3326,#146);
#99=LINE('',#3327,#147);
#100=LINE('',#3354,#148);
#101=LINE('',#3379,#149);
#102=LINE('',#3381,#150);
#103=LINE('',#3382,#151);
#104=LINE('',#3409,#152);
#105=LINE('',#3434,#153);
#106=LINE('',#3436,#154);
#107=LINE('',#3437,#155);
#108=LINE('',#3464,#156);
#109=LINE('',#3489,#157);
#110=LINE('',#3491,#158);
#111=LINE('',#3492,#159);
#112=VECTOR('',#1105,1.);
#113=VECTOR('',#1108,1.);
#114=VECTOR('',#1113,1.);
#115=VECTOR('',#1116,1.);
#116=VECTOR('',#1123,1.);
#117=VECTOR('',#1126,1.);
#118=VECTOR('',#1129,1.);
#119=VECTOR('',#1132,1.);
#120=VECTOR('',#1139,1.);
#121=VECTOR('',#1142,1.);
#122=VECTOR('',#1145,1.);
#123=VECTOR('',#1148,1.);
#124=VECTOR('',#1155,1.);
#125=VECTOR('',#1158,1.);
#126=VECTOR('',#1213,1.);
#127=VECTOR('',#1216,1.);
#128=VECTOR('',#1269,1.);
#129=VECTOR('',#1270,1.);
#130=VECTOR('',#1273,1.);
#131=VECTOR('',#1274,1.);
#132=VECTOR('',#1279,1.);
#133=VECTOR('',#1280,1.);
#134=VECTOR('',#1283,1.);
#135=VECTOR('',#1284,1.);
#136=VECTOR('',#1289,1.);
#137=VECTOR('',#1290,1.);
#138=VECTOR('',#1293,1.);
#139=VECTOR('',#1294,1.);
#140=VECTOR('',#1299,1.);
#141=VECTOR('',#1300,1.);
#142=VECTOR('',#1303,1.);
#143=VECTOR('',#1304,1.);
#144=VECTOR('',#1309,1.);
#145=VECTOR('',#1310,1.);
#146=VECTOR('',#1313,1.);
#147=VECTOR('',#1314,1.);
#148=VECTOR('',#1319,1.);
#149=VECTOR('',#1320,1.);
#150=VECTOR('',#1323,1.);
#151=VECTOR('',#1324,1.);
#152=VECTOR('',#1329,1.);
#153=VECTOR('',#1330,1.);
#154=VECTOR('',#1333,1.);
#155=VECTOR('',#1334,1.);
#156=VECTOR('',#1339,1.);
#157=VECTOR('',#1340,1.);
#158=VECTOR('',#1343,1.);
#159=VECTOR('',#1344,1.);
#160=ORIENTED_EDGE('',*,*,#456,.T.);
#161=ORIENTED_EDGE('',*,*,#457,.F.);
#162=ORIENTED_EDGE('',*,*,#458,.F.);
#163=ORIENTED_EDGE('',*,*,#459,.F.);
#164=ORIENTED_EDGE('',*,*,#460,.T.);
#165=ORIENTED_EDGE('',*,*,#461,.T.);
#166=ORIENTED_EDGE('',*,*,#462,.F.);
#167=ORIENTED_EDGE('',*,*,#463,.F.);
#168=ORIENTED_EDGE('',*,*,#464,.T.);
#169=ORIENTED_EDGE('',*,*,#465,.T.);
#170=ORIENTED_EDGE('',*,*,#466,.F.);
#171=ORIENTED_EDGE('',*,*,#467,.T.);
#172=ORIENTED_EDGE('',*,*,#468,.T.);
#173=ORIENTED_EDGE('',*,*,#469,.F.);
#174=ORIENTED_EDGE('',*,*,#470,.F.);
#175=ORIENTED_EDGE('',*,*,#471,.F.);
#176=ORIENTED_EDGE('',*,*,#472,.T.);
#177=ORIENTED_EDGE('',*,*,#473,.T.);
#178=ORIENTED_EDGE('',*,*,#474,.F.);
#179=ORIENTED_EDGE('',*,*,#475,.T.);
#180=ORIENTED_EDGE('',*,*,#476,.T.);
#181=ORIENTED_EDGE('',*,*,#477,.F.);
#182=ORIENTED_EDGE('',*,*,#478,.F.);
#183=ORIENTED_EDGE('',*,*,#479,.F.);
#184=ORIENTED_EDGE('',*,*,#480,.T.);
#185=ORIENTED_EDGE('',*,*,#481,.T.);
#186=ORIENTED_EDGE('',*,*,#482,.F.);
#187=ORIENTED_EDGE('',*,*,#483,.T.);
#188=ORIENTED_EDGE('',*,*,#484,.T.);
#189=ORIENTED_EDGE('',*,*,#485,.F.);
#190=ORIENTED_EDGE('',*,*,#456,.F.);
#191=ORIENTED_EDGE('',*,*,#486,.F.);
#192=ORIENTED_EDGE('',*,*,#487,.T.);
#193=ORIENTED_EDGE('',*,*,#488,.T.);
#194=ORIENTED_EDGE('',*,*,#489,.F.);
#195=ORIENTED_EDGE('',*,*,#490,.F.);
#196=ORIENTED_EDGE('',*,*,#491,.T.);
#197=ORIENTED_EDGE('',*,*,#492,.F.);
#198=ORIENTED_EDGE('',*,*,#493,.T.);
#199=ORIENTED_EDGE('',*,*,#479,.T.);
#200=ORIENTED_EDGE('',*,*,#494,.F.);
#201=ORIENTED_EDGE('',*,*,#495,.F.);
#202=ORIENTED_EDGE('',*,*,#496,.T.);
#203=ORIENTED_EDGE('',*,*,#497,.F.);
#204=ORIENTED_EDGE('',*,*,#498,.T.);
#205=ORIENTED_EDGE('',*,*,#482,.T.);
#206=ORIENTED_EDGE('',*,*,#499,.F.);
#207=ORIENTED_EDGE('',*,*,#500,.F.);
#208=ORIENTED_EDGE('',*,*,#501,.T.);
#209=ORIENTED_EDGE('',*,*,#502,.F.);
#210=ORIENTED_EDGE('',*,*,#503,.T.);
#211=ORIENTED_EDGE('',*,*,#471,.T.);
#212=ORIENTED_EDGE('',*,*,#504,.F.);
#213=ORIENTED_EDGE('',*,*,#505,.F.);
#214=ORIENTED_EDGE('',*,*,#506,.T.);
#215=ORIENTED_EDGE('',*,*,#507,.F.);
#216=ORIENTED_EDGE('',*,*,#508,.T.);
#217=ORIENTED_EDGE('',*,*,#474,.T.);
#218=ORIENTED_EDGE('',*,*,#509,.F.);
#219=ORIENTED_EDGE('',*,*,#510,.F.);
#220=ORIENTED_EDGE('',*,*,#511,.T.);
#221=ORIENTED_EDGE('',*,*,#512,.F.);
#222=ORIENTED_EDGE('',*,*,#513,.T.);
#223=ORIENTED_EDGE('',*,*,#463,.T.);
#224=ORIENTED_EDGE('',*,*,#514,.F.);
#225=ORIENTED_EDGE('',*,*,#515,.F.);
#226=ORIENTED_EDGE('',*,*,#516,.T.);
#227=ORIENTED_EDGE('',*,*,#517,.F.);
#228=ORIENTED_EDGE('',*,*,#518,.T.);
#229=ORIENTED_EDGE('',*,*,#466,.T.);
#230=ORIENTED_EDGE('',*,*,#519,.F.);
#231=ORIENTED_EDGE('',*,*,#520,.F.);
#232=ORIENTED_EDGE('',*,*,#521,.T.);
#233=ORIENTED_EDGE('',*,*,#522,.F.);
#234=ORIENTED_EDGE('',*,*,#523,.T.);
#235=ORIENTED_EDGE('',*,*,#459,.T.);
#236=ORIENTED_EDGE('',*,*,#524,.F.);
#237=ORIENTED_EDGE('',*,*,#525,.F.);
#238=ORIENTED_EDGE('',*,*,#526,.T.);
#239=ORIENTED_EDGE('',*,*,#488,.F.);
#240=ORIENTED_EDGE('',*,*,#527,.T.);
#241=ORIENTED_EDGE('',*,*,#528,.T.);
#242=ORIENTED_EDGE('',*,*,#529,.F.);
#243=ORIENTED_EDGE('',*,*,#530,.F.);
#244=ORIENTED_EDGE('',*,*,#531,.T.);
#245=ORIENTED_EDGE('',*,*,#461,.F.);
#246=ORIENTED_EDGE('',*,*,#532,.F.);
#247=ORIENTED_EDGE('',*,*,#533,.F.);
#248=ORIENTED_EDGE('',*,*,#534,.F.);
#249=ORIENTED_EDGE('',*,*,#535,.F.);
#250=ORIENTED_EDGE('',*,*,#536,.T.);
#251=ORIENTED_EDGE('',*,*,#468,.F.);
#252=ORIENTED_EDGE('',*,*,#537,.F.);
#253=ORIENTED_EDGE('',*,*,#538,.F.);
#254=ORIENTED_EDGE('',*,*,#539,.F.);
#255=ORIENTED_EDGE('',*,*,#540,.F.);
#256=ORIENTED_EDGE('',*,*,#541,.T.);
#257=ORIENTED_EDGE('',*,*,#465,.F.);
#258=ORIENTED_EDGE('',*,*,#542,.F.);
#259=ORIENTED_EDGE('',*,*,#543,.F.);
#260=ORIENTED_EDGE('',*,*,#544,.F.);
#261=ORIENTED_EDGE('',*,*,#545,.F.);
#262=ORIENTED_EDGE('',*,*,#546,.T.);
#263=ORIENTED_EDGE('',*,*,#476,.F.);
#264=ORIENTED_EDGE('',*,*,#547,.F.);
#265=ORIENTED_EDGE('',*,*,#548,.F.);
#266=ORIENTED_EDGE('',*,*,#549,.F.);
#267=ORIENTED_EDGE('',*,*,#550,.F.);
#268=ORIENTED_EDGE('',*,*,#551,.T.);
#269=ORIENTED_EDGE('',*,*,#473,.F.);
#270=ORIENTED_EDGE('',*,*,#552,.F.);
#271=ORIENTED_EDGE('',*,*,#553,.F.);
#272=ORIENTED_EDGE('',*,*,#554,.F.);
#273=ORIENTED_EDGE('',*,*,#555,.F.);
#274=ORIENTED_EDGE('',*,*,#556,.T.);
#275=ORIENTED_EDGE('',*,*,#484,.F.);
#276=ORIENTED_EDGE('',*,*,#557,.F.);
#277=ORIENTED_EDGE('',*,*,#558,.F.);
#278=ORIENTED_EDGE('',*,*,#559,.F.);
#279=ORIENTED_EDGE('',*,*,#560,.F.);
#280=ORIENTED_EDGE('',*,*,#561,.T.);
#281=ORIENTED_EDGE('',*,*,#481,.F.);
#282=ORIENTED_EDGE('',*,*,#562,.F.);
#283=ORIENTED_EDGE('',*,*,#563,.F.);
#284=ORIENTED_EDGE('',*,*,#564,.F.);
#285=ORIENTED_EDGE('',*,*,#565,.F.);
#286=ORIENTED_EDGE('',*,*,#566,.T.);
#287=ORIENTED_EDGE('',*,*,#528,.F.);
#288=ORIENTED_EDGE('',*,*,#567,.F.);
#289=ORIENTED_EDGE('',*,*,#568,.F.);
#290=ORIENTED_EDGE('',*,*,#569,.F.);
#291=ORIENTED_EDGE('',*,*,#570,.T.);
#292=ORIENTED_EDGE('',*,*,#489,.T.);
#293=ORIENTED_EDGE('',*,*,#529,.T.);
#294=ORIENTED_EDGE('',*,*,#566,.F.);
#295=ORIENTED_EDGE('',*,*,#571,.F.);
#296=ORIENTED_EDGE('',*,*,#562,.T.);
#297=ORIENTED_EDGE('',*,*,#480,.F.);
#298=ORIENTED_EDGE('',*,*,#493,.F.);
#299=ORIENTED_EDGE('',*,*,#572,.F.);
#300=ORIENTED_EDGE('',*,*,#564,.T.);
#301=ORIENTED_EDGE('',*,*,#573,.F.);
#302=ORIENTED_EDGE('',*,*,#491,.F.);
#303=ORIENTED_EDGE('',*,*,#574,.F.);
#304=ORIENTED_EDGE('',*,*,#490,.T.);
#305=ORIENTED_EDGE('',*,*,#571,.T.);
#306=ORIENTED_EDGE('',*,*,#565,.T.);
#307=ORIENTED_EDGE('',*,*,#574,.T.);
#308=ORIENTED_EDGE('',*,*,#492,.T.);
#309=ORIENTED_EDGE('',*,*,#573,.T.);
#310=ORIENTED_EDGE('',*,*,#563,.T.);
#311=ORIENTED_EDGE('',*,*,#572,.T.);
#312=ORIENTED_EDGE('',*,*,#499,.T.);
#313=ORIENTED_EDGE('',*,*,#485,.T.);
#314=ORIENTED_EDGE('',*,*,#556,.F.);
#315=ORIENTED_EDGE('',*,*,#575,.F.);
#316=ORIENTED_EDGE('',*,*,#552,.T.);
#317=ORIENTED_EDGE('',*,*,#472,.F.);
#318=ORIENTED_EDGE('',*,*,#503,.F.);
#319=ORIENTED_EDGE('',*,*,#576,.F.);
#320=ORIENTED_EDGE('',*,*,#554,.T.);
#321=ORIENTED_EDGE('',*,*,#577,.F.);
#322=ORIENTED_EDGE('',*,*,#501,.F.);
#323=ORIENTED_EDGE('',*,*,#578,.F.);
#324=ORIENTED_EDGE('',*,*,#500,.T.);
#325=ORIENTED_EDGE('',*,*,#575,.T.);
#326=ORIENTED_EDGE('',*,*,#555,.T.);
#327=ORIENTED_EDGE('',*,*,#578,.T.);
#328=ORIENTED_EDGE('',*,*,#502,.T.);
#329=ORIENTED_EDGE('',*,*,#577,.T.);
#330=ORIENTED_EDGE('',*,*,#553,.T.);
#331=ORIENTED_EDGE('',*,*,#576,.T.);
#332=ORIENTED_EDGE('',*,*,#494,.T.);
#333=ORIENTED_EDGE('',*,*,#478,.T.);
#334=ORIENTED_EDGE('',*,*,#561,.F.);
#335=ORIENTED_EDGE('',*,*,#579,.F.);
#336=ORIENTED_EDGE('',*,*,#557,.T.);
#337=ORIENTED_EDGE('',*,*,#483,.F.);
#338=ORIENTED_EDGE('',*,*,#498,.F.);
#339=ORIENTED_EDGE('',*,*,#580,.F.);
#340=ORIENTED_EDGE('',*,*,#559,.T.);
#341=ORIENTED_EDGE('',*,*,#581,.F.);
#342=ORIENTED_EDGE('',*,*,#496,.F.);
#343=ORIENTED_EDGE('',*,*,#582,.F.);
#344=ORIENTED_EDGE('',*,*,#495,.T.);
#345=ORIENTED_EDGE('',*,*,#579,.T.);
#346=ORIENTED_EDGE('',*,*,#560,.T.);
#347=ORIENTED_EDGE('',*,*,#582,.T.);
#348=ORIENTED_EDGE('',*,*,#497,.T.);
#349=ORIENTED_EDGE('',*,*,#581,.T.);
#350=ORIENTED_EDGE('',*,*,#558,.T.);
#351=ORIENTED_EDGE('',*,*,#580,.T.);
#352=ORIENTED_EDGE('',*,*,#509,.T.);
#353=ORIENTED_EDGE('',*,*,#477,.T.);
#354=ORIENTED_EDGE('',*,*,#546,.F.);
#355=ORIENTED_EDGE('',*,*,#583,.F.);
#356=ORIENTED_EDGE('',*,*,#542,.T.);
#357=ORIENTED_EDGE('',*,*,#464,.F.);
#358=ORIENTED_EDGE('',*,*,#513,.F.);
#359=ORIENTED_EDGE('',*,*,#584,.F.);
#360=ORIENTED_EDGE('',*,*,#544,.T.);
#361=ORIENTED_EDGE('',*,*,#585,.F.);
#362=ORIENTED_EDGE('',*,*,#511,.F.);
#363=ORIENTED_EDGE('',*,*,#586,.F.);
#364=ORIENTED_EDGE('',*,*,#510,.T.);
#365=ORIENTED_EDGE('',*,*,#583,.T.);
#366=ORIENTED_EDGE('',*,*,#545,.T.);
#367=ORIENTED_EDGE('',*,*,#586,.T.);
#368=ORIENTED_EDGE('',*,*,#512,.T.);
#369=ORIENTED_EDGE('',*,*,#585,.T.);
#370=ORIENTED_EDGE('',*,*,#543,.T.);
#371=ORIENTED_EDGE('',*,*,#584,.T.);
#372=ORIENTED_EDGE('',*,*,#504,.T.);
#373=ORIENTED_EDGE('',*,*,#470,.T.);
#374=ORIENTED_EDGE('',*,*,#551,.F.);
#375=ORIENTED_EDGE('',*,*,#587,.F.);
#376=ORIENTED_EDGE('',*,*,#547,.T.);
#377=ORIENTED_EDGE('',*,*,#475,.F.);
#378=ORIENTED_EDGE('',*,*,#508,.F.);
#379=ORIENTED_EDGE('',*,*,#588,.F.);
#380=ORIENTED_EDGE('',*,*,#549,.T.);
#381=ORIENTED_EDGE('',*,*,#589,.F.);
#382=ORIENTED_EDGE('',*,*,#506,.F.);
#383=ORIENTED_EDGE('',*,*,#590,.F.);
#384=ORIENTED_EDGE('',*,*,#505,.T.);
#385=ORIENTED_EDGE('',*,*,#587,.T.);
#386=ORIENTED_EDGE('',*,*,#550,.T.);
#387=ORIENTED_EDGE('',*,*,#590,.T.);
#388=ORIENTED_EDGE('',*,*,#507,.T.);
#389=ORIENTED_EDGE('',*,*,#589,.T.);
#390=ORIENTED_EDGE('',*,*,#548,.T.);
#391=ORIENTED_EDGE('',*,*,#588,.T.);
#392=ORIENTED_EDGE('',*,*,#519,.T.);
#393=ORIENTED_EDGE('',*,*,#469,.T.);
#394=ORIENTED_EDGE('',*,*,#536,.F.);
#395=ORIENTED_EDGE('',*,*,#591,.F.);
#396=ORIENTED_EDGE('',*,*,#532,.T.);
#397=ORIENTED_EDGE('',*,*,#460,.F.);
#398=ORIENTED_EDGE('',*,*,#523,.F.);
#399=ORIENTED_EDGE('',*,*,#592,.F.);
#400=ORIENTED_EDGE('',*,*,#534,.T.);
#401=ORIENTED_EDGE('',*,*,#593,.F.);
#402=ORIENTED_EDGE('',*,*,#521,.F.);
#403=ORIENTED_EDGE('',*,*,#594,.F.);
#404=ORIENTED_EDGE('',*,*,#520,.T.);
#405=ORIENTED_EDGE('',*,*,#591,.T.);
#406=ORIENTED_EDGE('',*,*,#535,.T.);
#407=ORIENTED_EDGE('',*,*,#594,.T.);
#408=ORIENTED_EDGE('',*,*,#522,.T.);
#409=ORIENTED_EDGE('',*,*,#593,.T.);
#410=ORIENTED_EDGE('',*,*,#533,.T.);
#411=ORIENTED_EDGE('',*,*,#592,.T.);
#412=ORIENTED_EDGE('',*,*,#514,.T.);
#413=ORIENTED_EDGE('',*,*,#462,.T.);
#414=ORIENTED_EDGE('',*,*,#541,.F.);
#415=ORIENTED_EDGE('',*,*,#595,.F.);
#416=ORIENTED_EDGE('',*,*,#537,.T.);
#417=ORIENTED_EDGE('',*,*,#467,.F.);
#418=ORIENTED_EDGE('',*,*,#518,.F.);
#419=ORIENTED_EDGE('',*,*,#596,.F.);
#420=ORIENTED_EDGE('',*,*,#539,.T.);
#421=ORIENTED_EDGE('',*,*,#597,.F.);
#422=ORIENTED_EDGE('',*,*,#516,.F.);
#423=ORIENTED_EDGE('',*,*,#598,.F.);
#424=ORIENTED_EDGE('',*,*,#515,.T.);
#425=ORIENTED_EDGE('',*,*,#595,.T.);
#426=ORIENTED_EDGE('',*,*,#540,.T.);
#427=ORIENTED_EDGE('',*,*,#598,.T.);
#428=ORIENTED_EDGE('',*,*,#517,.T.);
#429=ORIENTED_EDGE('',*,*,#597,.T.);
#430=ORIENTED_EDGE('',*,*,#538,.T.);
#431=ORIENTED_EDGE('',*,*,#596,.T.);
#432=ORIENTED_EDGE('',*,*,#524,.T.);
#433=ORIENTED_EDGE('',*,*,#458,.T.);
#434=ORIENTED_EDGE('',*,*,#531,.F.);
#435=ORIENTED_EDGE('',*,*,#599,.F.);
#436=ORIENTED_EDGE('',*,*,#567,.T.);
#437=ORIENTED_EDGE('',*,*,#527,.F.);
#438=ORIENTED_EDGE('',*,*,#487,.F.);
#439=ORIENTED_EDGE('',*,*,#600,.F.);
#440=ORIENTED_EDGE('',*,*,#569,.T.);
#441=ORIENTED_EDGE('',*,*,#601,.F.);
#442=ORIENTED_EDGE('',*,*,#526,.F.);
#443=ORIENTED_EDGE('',*,*,#602,.F.);
#444=ORIENTED_EDGE('',*,*,#525,.T.);
#445=ORIENTED_EDGE('',*,*,#599,.T.);
#446=ORIENTED_EDGE('',*,*,#530,.T.);
#447=ORIENTED_EDGE('',*,*,#602,.T.);
#448=ORIENTED_EDGE('',*,*,#486,.T.);
#449=ORIENTED_EDGE('',*,*,#601,.T.);
#450=ORIENTED_EDGE('',*,*,#568,.T.);
#451=ORIENTED_EDGE('',*,*,#600,.T.);
#452=ORIENTED_EDGE('',*,*,#603,.F.);
#453=ORIENTED_EDGE('',*,*,#603,.T.);
#454=ORIENTED_EDGE('',*,*,#570,.F.);
#455=ORIENTED_EDGE('',*,*,#457,.T.);
#456=EDGE_CURVE('',#604,#604,#704,.T.);
#457=EDGE_CURVE('',#605,#605,#705,.T.);
#458=EDGE_CURVE('',#606,#607,#64,.T.);
#459=EDGE_CURVE('',#608,#606,#706,.T.);
#460=EDGE_CURVE('',#608,#609,#65,.T.);
#461=EDGE_CURVE('',#609,#607,#707,.T.);
#462=EDGE_CURVE('',#610,#611,#66,.T.);
#463=EDGE_CURVE('',#612,#610,#708,.T.);
#464=EDGE_CURVE('',#612,#613,#67,.T.);
#465=EDGE_CURVE('',#613,#611,#709,.T.);
#466=EDGE_CURVE('',#614,#615,#710,.T.);
#467=EDGE_CURVE('',#614,#616,#68,.T.);
#468=EDGE_CURVE('',#616,#617,#711,.T.);
#469=EDGE_CURVE('',#615,#617,#69,.T.);
#470=EDGE_CURVE('',#618,#619,#70,.T.);
#471=EDGE_CURVE('',#620,#618,#712,.T.);
#472=EDGE_CURVE('',#620,#621,#71,.T.);
#473=EDGE_CURVE('',#621,#619,#713,.T.);
#474=EDGE_CURVE('',#622,#623,#714,.T.);
#475=EDGE_CURVE('',#622,#624,#72,.T.);
#476=EDGE_CURVE('',#624,#625,#715,.T.);
#477=EDGE_CURVE('',#623,#625,#73,.T.);
#478=EDGE_CURVE('',#626,#627,#74,.T.);
#479=EDGE_CURVE('',#628,#626,#716,.T.);
#480=EDGE_CURVE('',#628,#629,#75,.T.);
#481=EDGE_CURVE('',#629,#627,#717,.T.);
#482=EDGE_CURVE('',#630,#631,#718,.T.);
#483=EDGE_CURVE('',#630,#632,#76,.T.);
#484=EDGE_CURVE('',#632,#633,#719,.T.);
#485=EDGE_CURVE('',#631,#633,#77,.T.);
#486=EDGE_CURVE('',#634,#635,#720,.T.);
#487=EDGE_CURVE('',#634,#636,#28,.T.);
#488=EDGE_CURVE('',#636,#637,#721,.T.);
#489=EDGE_CURVE('',#638,#637,#29,.T.);
#490=EDGE_CURVE('',#639,#638,#722,.T.);
#491=EDGE_CURVE('',#639,#640,#723,.T.);
#492=EDGE_CURVE('',#641,#640,#724,.T.);
#493=EDGE_CURVE('',#641,#628,#30,.T.);
#494=EDGE_CURVE('',#642,#626,#31,.T.);
#495=EDGE_CURVE('',#643,#642,#725,.T.);
#496=EDGE_CURVE('',#643,#644,#726,.T.);
#497=EDGE_CURVE('',#645,#644,#727,.T.);
#498=EDGE_CURVE('',#645,#630,#32,.T.);
#499=EDGE_CURVE('',#646,#631,#33,.T.);
#500=EDGE_CURVE('',#647,#646,#728,.T.);
#501=EDGE_CURVE('',#647,#648,#729,.T.);
#502=EDGE_CURVE('',#649,#648,#730,.T.);
#503=EDGE_CURVE('',#649,#620,#34,.T.);
#504=EDGE_CURVE('',#650,#618,#35,.T.);
#505=EDGE_CURVE('',#651,#650,#731,.T.);
#506=EDGE_CURVE('',#651,#652,#732,.T.);
#507=EDGE_CURVE('',#653,#652,#733,.T.);
#508=EDGE_CURVE('',#653,#622,#36,.T.);
#509=EDGE_CURVE('',#654,#623,#37,.T.);
#510=EDGE_CURVE('',#655,#654,#734,.T.);
#511=EDGE_CURVE('',#655,#656,#735,.T.);
#512=EDGE_CURVE('',#657,#656,#736,.T.);
#513=EDGE_CURVE('',#657,#612,#38,.T.);
#514=EDGE_CURVE('',#658,#610,#39,.T.);
#515=EDGE_CURVE('',#659,#658,#737,.T.);
#516=EDGE_CURVE('',#659,#660,#738,.T.);
#517=EDGE_CURVE('',#661,#660,#739,.T.);
#518=EDGE_CURVE('',#661,#614,#40,.T.);
#519=EDGE_CURVE('',#662,#615,#41,.T.);
#520=EDGE_CURVE('',#663,#662,#740,.T.);
#521=EDGE_CURVE('',#663,#664,#741,.T.);
#522=EDGE_CURVE('',#665,#664,#742,.T.);
#523=EDGE_CURVE('',#665,#608,#42,.T.);
#524=EDGE_CURVE('',#666,#606,#43,.T.);
#525=EDGE_CURVE('',#667,#666,#743,.T.);
#526=EDGE_CURVE('',#667,#635,#744,.T.);
#527=EDGE_CURVE('',#636,#668,#78,.T.);
#528=EDGE_CURVE('',#668,#669,#745,.T.);
#529=EDGE_CURVE('',#637,#669,#79,.T.);
#530=EDGE_CURVE('',#670,#671,#746,.F.);
#531=EDGE_CURVE('',#670,#607,#44,.T.);
#532=EDGE_CURVE('',#672,#609,#45,.T.);
#533=EDGE_CURVE('',#673,#672,#747,.F.);
#534=EDGE_CURVE('',#674,#673,#748,.T.);
#535=EDGE_CURVE('',#675,#674,#749,.F.);
#536=EDGE_CURVE('',#675,#617,#46,.T.);
#537=EDGE_CURVE('',#676,#616,#47,.T.);
#538=EDGE_CURVE('',#677,#676,#750,.F.);
#539=EDGE_CURVE('',#678,#677,#751,.T.);
#540=EDGE_CURVE('',#679,#678,#752,.F.);
#541=EDGE_CURVE('',#679,#611,#48,.T.);
#542=EDGE_CURVE('',#680,#613,#49,.T.);
#543=EDGE_CURVE('',#681,#680,#753,.F.);
#544=EDGE_CURVE('',#682,#681,#754,.T.);
#545=EDGE_CURVE('',#683,#682,#755,.F.);
#546=EDGE_CURVE('',#683,#625,#50,.T.);
#547=EDGE_CURVE('',#684,#624,#51,.T.);
#548=EDGE_CURVE('',#685,#684,#756,.F.);
#549=EDGE_CURVE('',#686,#685,#757,.T.);
#550=EDGE_CURVE('',#687,#686,#758,.F.);
#551=EDGE_CURVE('',#687,#619,#52,.T.);
#552=EDGE_CURVE('',#688,#621,#53,.T.);
#553=EDGE_CURVE('',#689,#688,#759,.F.);
#554=EDGE_CURVE('',#690,#689,#760,.T.);
#555=EDGE_CURVE('',#691,#690,#761,.F.);
#556=EDGE_CURVE('',#691,#633,#54,.T.);
#557=EDGE_CURVE('',#692,#632,#55,.T.);
#558=EDGE_CURVE('',#693,#692,#762,.F.);
#559=EDGE_CURVE('',#694,#693,#763,.T.);
#560=EDGE_CURVE('',#695,#694,#764,.F.);
#561=EDGE_CURVE('',#695,#627,#56,.T.);
#562=EDGE_CURVE('',#696,#629,#57,.T.);
#563=EDGE_CURVE('',#697,#696,#765,.F.);
#564=EDGE_CURVE('',#698,#697,#766,.T.);
#565=EDGE_CURVE('',#699,#698,#767,.F.);
#566=EDGE_CURVE('',#699,#669,#58,.T.);
#567=EDGE_CURVE('',#700,#668,#59,.T.);
#568=EDGE_CURVE('',#701,#700,#768,.F.);
#569=EDGE_CURVE('',#671,#701,#769,.T.);
#570=EDGE_CURVE('',#702,#702,#770,.T.);
#571=EDGE_CURVE('',#638,#699,#80,.T.);
#572=EDGE_CURVE('',#696,#641,#81,.F.);
#573=EDGE_CURVE('',#640,#697,#82,.T.);
#574=EDGE_CURVE('',#698,#639,#83,.F.);
#575=EDGE_CURVE('',#646,#691,#84,.T.);
#576=EDGE_CURVE('',#688,#649,#85,.F.);
#577=EDGE_CURVE('',#648,#689,#86,.T.);
#578=EDGE_CURVE('',#690,#647,#87,.F.);
#579=EDGE_CURVE('',#642,#695,#88,.T.);
#580=EDGE_CURVE('',#692,#645,#89,.F.);
#581=EDGE_CURVE('',#644,#693,#90,.T.);
#582=EDGE_CURVE('',#694,#643,#91,.F.);
#583=EDGE_CURVE('',#654,#683,#92,.T.);
#584=EDGE_CURVE('',#680,#657,#93,.F.);
#585=EDGE_CURVE('',#656,#681,#94,.T.);
#586=EDGE_CURVE('',#682,#655,#95,.F.);
#587=EDGE_CURVE('',#650,#687,#96,.T.);
#588=EDGE_CURVE('',#684,#653,#97,.F.);
#589=EDGE_CURVE('',#652,#685,#98,.T.);
#590=EDGE_CURVE('',#686,#651,#99,.F.);
#591=EDGE_CURVE('',#662,#675,#100,.T.);
#592=EDGE_CURVE('',#672,#665,#101,.F.);
#593=EDGE_CURVE('',#664,#673,#102,.T.);
#594=EDGE_CURVE('',#674,#663,#103,.F.);
#595=EDGE_CURVE('',#658,#679,#104,.T.);
#596=EDGE_CURVE('',#676,#661,#105,.F.);
#597=EDGE_CURVE('',#660,#677,#106,.T.);
#598=EDGE_CURVE('',#678,#659,#107,.F.);
#599=EDGE_CURVE('',#666,#670,#108,.T.);
#600=EDGE_CURVE('',#700,#634,#109,.F.);
#601=EDGE_CURVE('',#635,#701,#110,.T.);
#602=EDGE_CURVE('',#671,#667,#111,.F.);
#603=EDGE_CURVE('',#703,#703,#771,.T.);
#604=VERTEX_POINT('',#1360);
#605=VERTEX_POINT('',#1362);
#606=VERTEX_POINT('',#1365);
#607=VERTEX_POINT('',#1366);
#608=VERTEX_POINT('',#1368);
#609=VERTEX_POINT('',#1370);
#610=VERTEX_POINT('',#1374);
#611=VERTEX_POINT('',#1375);
#612=VERTEX_POINT('',#1377);
#613=VERTEX_POINT('',#1379);
#614=VERTEX_POINT('',#1383);
#615=VERTEX_POINT('',#1384);
#616=VERTEX_POINT('',#1386);
#617=VERTEX_POINT('',#1388);
#618=VERTEX_POINT('',#1392);
#619=VERTEX_POINT('',#1393);
#620=VERTEX_POINT('',#1395);
#621=VERTEX_POINT('',#1397);
#622=VERTEX_POINT('',#1401);
#623=VERTEX_POINT('',#1402);
#624=VERTEX_POINT('',#1404);
#625=VERTEX_POINT('',#1406);
#626=VERTEX_POINT('',#1410);
#627=VERTEX_POINT('',#1411);
#628=VERTEX_POINT('',#1413);
#629=VERTEX_POINT('',#1415);
#630=VERTEX_POINT('',#1419);
#631=VERTEX_POINT('',#1420);
#632=VERTEX_POINT('',#1422);
#633=VERTEX_POINT('',#1424);
#634=VERTEX_POINT('',#1428);
#635=VERTEX_POINT('',#1429);
#636=VERTEX_POINT('',#1477);
#637=VERTEX_POINT('',#1479);
#638=VERTEX_POINT('',#1527);
#639=VERTEX_POINT('',#1529);
#640=VERTEX_POINT('',#1531);
#641=VERTEX_POINT('',#1533);
#642=VERTEX_POINT('',#1628);
#643=VERTEX_POINT('',#1630);
#644=VERTEX_POINT('',#1632);
#645=VERTEX_POINT('',#1634);
#646=VERTEX_POINT('',#1729);
#647=VERTEX_POINT('',#1731);
#648=VERTEX_POINT('',#1733);
#649=VERTEX_POINT('',#1735);
#650=VERTEX_POINT('',#1830);
#651=VERTEX_POINT('',#1832);
#652=VERTEX_POINT('',#1834);
#653=VERTEX_POINT('',#1836);
#654=VERTEX_POINT('',#1931);
#655=VERTEX_POINT('',#1933);
#656=VERTEX_POINT('',#1935);
#657=VERTEX_POINT('',#1937);
#658=VERTEX_POINT('',#2032);
#659=VERTEX_POINT('',#2034);
#660=VERTEX_POINT('',#2036);
#661=VERTEX_POINT('',#2038);
#662=VERTEX_POINT('',#2133);
#663=VERTEX_POINT('',#2135);
#664=VERTEX_POINT('',#2137);
#665=VERTEX_POINT('',#2139);
#666=VERTEX_POINT('',#2234);
#667=VERTEX_POINT('',#2236);
#668=VERTEX_POINT('',#2240);
#669=VERTEX_POINT('',#2242);
#670=VERTEX_POINT('',#2246);
#671=VERTEX_POINT('',#2247);
#672=VERTEX_POINT('',#2342);
#673=VERTEX_POINT('',#2344);
#674=VERTEX_POINT('',#2346);
#675=VERTEX_POINT('',#2348);
#676=VERTEX_POINT('',#2443);
#677=VERTEX_POINT('',#2445);
#678=VERTEX_POINT('',#2447);
#679=VERTEX_POINT('',#2449);
#680=VERTEX_POINT('',#2544);
#681=VERTEX_POINT('',#2546);
#682=VERTEX_POINT('',#2548);
#683=VERTEX_POINT('',#2550);
#684=VERTEX_POINT('',#2645);
#685=VERTEX_POINT('',#2647);
#686=VERTEX_POINT('',#2649);
#687=VERTEX_POINT('',#2651);
#688=VERTEX_POINT('',#2746);
#689=VERTEX_POINT('',#2748);
#690=VERTEX_POINT('',#2750);
#691=VERTEX_POINT('',#2752);
#692=VERTEX_POINT('',#2847);
#693=VERTEX_POINT('',#2849);
#694=VERTEX_POINT('',#2851);
#695=VERTEX_POINT('',#2853);
#696=VERTEX_POINT('',#2948);
#697=VERTEX_POINT('',#2950);
#698=VERTEX_POINT('',#2952);
#699=VERTEX_POINT('',#2954);
#700=VERTEX_POINT('',#3049);
#701=VERTEX_POINT('',#3051);
#702=VERTEX_POINT('',#3054);
#703=VERTEX_POINT('',#3497);
#704=CIRCLE('',#990,0.0015875);
#705=CIRCLE('',#991,0.0015875);
#706=CIRCLE('',#993,0.00508);
#707=CIRCLE('',#994,0.00508);
#708=CIRCLE('',#996,0.00508);
#709=CIRCLE('',#997,0.00508);
#710=CIRCLE('',#999,0.00508);
#711=CIRCLE('',#1000,0.00508);
#712=CIRCLE('',#1002,0.00508);
#713=CIRCLE('',#1003,0.00508);
#714=CIRCLE('',#1005,0.00508);
#715=CIRCLE('',#1006,0.00508);
#716=CIRCLE('',#1008,0.00508);
#717=CIRCLE('',#1009,0.00508);
#718=CIRCLE('',#1011,0.00508);
#719=CIRCLE('',#1012,0.00508);
#720=CIRCLE('',#1014,0.000409976331293532);
#721=CIRCLE('',#1015,0.00508);
#722=CIRCLE('',#1016,0.000409976331293532);
#723=CIRCLE('',#1017,0.002794);
#724=CIRCLE('',#1018,0.000409976331293532);
#725=CIRCLE('',#1019,0.000409976331293532);
#726=CIRCLE('',#1020,0.002794);
#727=CIRCLE('',#1021,0.000409976331293532);
#728=CIRCLE('',#1022,0.000409976331293532);
#729=CIRCLE('',#1023,0.002794);
#730=CIRCLE('',#1024,0.000409976331293532);
#731=CIRCLE('',#1025,0.000409976331293532);
#732=CIRCLE('',#1026,0.002794);
#733=CIRCLE('',#1027,0.000409976331293532);
#734=CIRCLE('',#1028,0.000409976331293532);
#735=CIRCLE('',#1029,0.002794);
#736=CIRCLE('',#1030,0.000409976331293532);
#737=CIRCLE('',#1031,0.000409976331293532);
#738=CIRCLE('',#1032,0.002794);
#739=CIRCLE('',#1033,0.000409976331293532);
#740=CIRCLE('',#1034,0.000409976331293532);
#741=CIRCLE('',#1035,0.002794);
#742=CIRCLE('',#1036,0.000409976331293532);
#743=CIRCLE('',#1037,0.000409976331293532);
#744=CIRCLE('',#1038,0.002794);
#745=CIRCLE('',#1040,0.00508);
#746=CIRCLE('',#1042,0.000409976331293532);
#747=CIRCLE('',#1043,0.000409976331293532);
#748=CIRCLE('',#1044,0.002794);
#749=CIRCLE('',#1045,0.000409976331293532);
#750=CIRCLE('',#1046,0.000409976331293532);
#751=CIRCLE('',#1047,0.002794);
#752=CIRCLE('',#1048,0.000409976331293532);
#753=CIRCLE('',#1049,0.000409976331293532);
#754=CIRCLE('',#1050,0.002794);
#755=CIRCLE('',#1051,0.000409976331293532);
#756=CIRCLE('',#1052,0.000409976331293532);
#757=CIRCLE('',#1053,0.002794);
#758=CIRCLE('',#1054,0.000409976331293532);
#759=CIRCLE('',#1055,0.000409976331293532);
#760=CIRCLE('',#1056,0.002794);
#761=CIRCLE('',#1057,0.000409976331293532);
#762=CIRCLE('',#1058,0.000409976331293532);
#763=CIRCLE('',#1059,0.002794);
#764=CIRCLE('',#1060,0.000409976331293532);
#765=CIRCLE('',#1061,0.000409976331293532);
#766=CIRCLE('',#1062,0.002794);
#767=CIRCLE('',#1063,0.000409976331293532);
#768=CIRCLE('',#1064,0.000409976331293532);
#769=CIRCLE('',#1065,0.002794);
#770=CIRCLE('',#1066,0.0015875);
#771=CIRCLE('',#1092,0.0015875);
#772=EDGE_LOOP('',(#160));
#773=EDGE_LOOP('',(#161));
#774=EDGE_LOOP('',(#162,#163,#164,#165));
#775=EDGE_LOOP('',(#166,#167,#168,#169));
#776=EDGE_LOOP('',(#170,#171,#172,#173));
#777=EDGE_LOOP('',(#174,#175,#176,#177));
#778=EDGE_LOOP('',(#178,#179,#180,#181));
#779=EDGE_LOOP('',(#182,#183,#184,#185));
#780=EDGE_LOOP('',(#186,#187,#188,#189));
#781=EDGE_LOOP('',(#190));
#782=EDGE_LOOP('',(#191,#192,#193,#194,#195,#196,#197,#198,#199,#200,#201,
#202,#203,#204,#205,#206,#207,#208,#209,#210,#211,#212,#213,#214,#215,#216,
#217,#218,#219,#220,#221,#222,#223,#224,#225,#226,#227,#228,#229,#230,#231,
#232,#233,#234,#235,#236,#237,#238));
#783=EDGE_LOOP('',(#239,#240,#241,#242));
#784=EDGE_LOOP('',(#243,#244,#245,#246,#247,#248,#249,#250,#251,#252,#253,
#254,#255,#256,#257,#258,#259,#260,#261,#262,#263,#264,#265,#266,#267,#268,
#269,#270,#271,#272,#273,#274,#275,#276,#277,#278,#279,#280,#281,#282,#283,
#284,#285,#286,#287,#288,#289,#290));
#785=EDGE_LOOP('',(#291));
#786=EDGE_LOOP('',(#292,#293,#294,#295));
#787=EDGE_LOOP('',(#296,#297,#298,#299));
#788=EDGE_LOOP('',(#300,#301,#302,#303));
#789=EDGE_LOOP('',(#304,#305,#306,#307));
#790=EDGE_LOOP('',(#308,#309,#310,#311));
#791=EDGE_LOOP('',(#312,#313,#314,#315));
#792=EDGE_LOOP('',(#316,#317,#318,#319));
#793=EDGE_LOOP('',(#320,#321,#322,#323));
#794=EDGE_LOOP('',(#324,#325,#326,#327));
#795=EDGE_LOOP('',(#328,#329,#330,#331));
#796=EDGE_LOOP('',(#332,#333,#334,#335));
#797=EDGE_LOOP('',(#336,#337,#338,#339));
#798=EDGE_LOOP('',(#340,#341,#342,#343));
#799=EDGE_LOOP('',(#344,#345,#346,#347));
#800=EDGE_LOOP('',(#348,#349,#350,#351));
#801=EDGE_LOOP('',(#352,#353,#354,#355));
#802=EDGE_LOOP('',(#356,#357,#358,#359));
#803=EDGE_LOOP('',(#360,#361,#362,#363));
#804=EDGE_LOOP('',(#364,#365,#366,#367));
#805=EDGE_LOOP('',(#368,#369,#370,#371));
#806=EDGE_LOOP('',(#372,#373,#374,#375));
#807=EDGE_LOOP('',(#376,#377,#378,#379));
#808=EDGE_LOOP('',(#380,#381,#382,#383));
#809=EDGE_LOOP('',(#384,#385,#386,#387));
#810=EDGE_LOOP('',(#388,#389,#390,#391));
#811=EDGE_LOOP('',(#392,#393,#394,#395));
#812=EDGE_LOOP('',(#396,#397,#398,#399));
#813=EDGE_LOOP('',(#400,#401,#402,#403));
#814=EDGE_LOOP('',(#404,#405,#406,#407));
#815=EDGE_LOOP('',(#408,#409,#410,#411));
#816=EDGE_LOOP('',(#412,#413,#414,#415));
#817=EDGE_LOOP('',(#416,#417,#418,#419));
#818=EDGE_LOOP('',(#420,#421,#422,#423));
#819=EDGE_LOOP('',(#424,#425,#426,#427));
#820=EDGE_LOOP('',(#428,#429,#430,#431));
#821=EDGE_LOOP('',(#432,#433,#434,#435));
#822=EDGE_LOOP('',(#436,#437,#438,#439));
#823=EDGE_LOOP('',(#440,#441,#442,#443));
#824=EDGE_LOOP('',(#444,#445,#446,#447));
#825=EDGE_LOOP('',(#448,#449,#450,#451));
#826=EDGE_LOOP('',(#452));
#827=EDGE_LOOP('',(#453));
#828=EDGE_LOOP('',(#454));
#829=EDGE_LOOP('',(#455));
#830=FACE_BOUND('',#772,.T.);
#831=FACE_BOUND('',#773,.T.);
#832=FACE_BOUND('',#774,.T.);
#833=FACE_BOUND('',#775,.T.);
#834=FACE_BOUND('',#776,.T.);
#835=FACE_BOUND('',#777,.T.);
#836=FACE_BOUND('',#778,.T.);
#837=FACE_BOUND('',#779,.T.);
#838=FACE_BOUND('',#780,.T.);
#839=FACE_BOUND('',#781,.T.);
#840=FACE_BOUND('',#782,.T.);
#841=FACE_BOUND('',#783,.T.);
#842=FACE_BOUND('',#784,.T.);
#843=FACE_BOUND('',#785,.T.);
#844=FACE_BOUND('',#786,.T.);
#845=FACE_BOUND('',#787,.T.);
#846=FACE_BOUND('',#788,.T.);
#847=FACE_BOUND('',#789,.T.);
#848=FACE_BOUND('',#790,.T.);
#849=FACE_BOUND('',#791,.T.);
#850=FACE_BOUND('',#792,.T.);
#851=FACE_BOUND('',#793,.T.);
#852=FACE_BOUND('',#794,.T.);
#853=FACE_BOUND('',#795,.T.);
#854=FACE_BOUND('',#796,.T.);
#855=FACE_BOUND('',#797,.T.);
#856=FACE_BOUND('',#798,.T.);
#857=FACE_BOUND('',#799,.T.);
#858=FACE_BOUND('',#800,.T.);
#859=FACE_BOUND('',#801,.T.);
#860=FACE_BOUND('',#802,.T.);
#861=FACE_BOUND('',#803,.T.);
#862=FACE_BOUND('',#804,.T.);
#863=FACE_BOUND('',#805,.T.);
#864=FACE_BOUND('',#806,.T.);
#865=FACE_BOUND('',#807,.T.);
#866=FACE_BOUND('',#808,.T.);
#867=FACE_BOUND('',#809,.T.);
#868=FACE_BOUND('',#810,.T.);
#869=FACE_BOUND('',#811,.T.);
#870=FACE_BOUND('',#812,.T.);
#871=FACE_BOUND('',#813,.T.);
#872=FACE_BOUND('',#814,.T.);
#873=FACE_BOUND('',#815,.T.);
#874=FACE_BOUND('',#816,.T.);
#875=FACE_BOUND('',#817,.T.);
#876=FACE_BOUND('',#818,.T.);
#877=FACE_BOUND('',#819,.T.);
#878=FACE_BOUND('',#820,.T.);
#879=FACE_BOUND('',#821,.T.);
#880=FACE_BOUND('',#822,.T.);
#881=FACE_BOUND('',#823,.T.);
#882=FACE_BOUND('',#824,.T.);
#883=FACE_BOUND('',#825,.T.);
#884=FACE_BOUND('',#826,.T.);
#885=FACE_BOUND('',#827,.T.);
#886=FACE_BOUND('',#828,.T.);
#887=FACE_BOUND('',#829,.T.);
#888=CYLINDRICAL_SURFACE('',#989,0.0015875);
#889=CYLINDRICAL_SURFACE('',#992,0.00508);
#890=CYLINDRICAL_SURFACE('',#995,0.00508);
#891=CYLINDRICAL_SURFACE('',#998,0.00508);
#892=CYLINDRICAL_SURFACE('',#1001,0.00508);
#893=CYLINDRICAL_SURFACE('',#1004,0.00508);
#894=CYLINDRICAL_SURFACE('',#1007,0.00508);
#895=CYLINDRICAL_SURFACE('',#1010,0.00508);
#896=CYLINDRICAL_SURFACE('',#1039,0.00508);
#897=CYLINDRICAL_SURFACE('',#1067,0.002794);
#898=CYLINDRICAL_SURFACE('',#1068,0.000409976331293532);
#899=CYLINDRICAL_SURFACE('',#1069,0.000409976331293532);
#900=CYLINDRICAL_SURFACE('',#1070,0.002794);
#901=CYLINDRICAL_SURFACE('',#1071,0.000409976331293532);
#902=CYLINDRICAL_SURFACE('',#1072,0.000409976331293532);
#903=CYLINDRICAL_SURFACE('',#1073,0.002794);
#904=CYLINDRICAL_SURFACE('',#1074,0.000409976331293532);
#905=CYLINDRICAL_SURFACE('',#1075,0.000409976331293532);
#906=CYLINDRICAL_SURFACE('',#1076,0.002794);
#907=CYLINDRICAL_SURFACE('',#1077,0.000409976331293532);
#908=CYLINDRICAL_SURFACE('',#1078,0.000409976331293532);
#909=CYLINDRICAL_SURFACE('',#1079,0.002794);
#910=CYLINDRICAL_SURFACE('',#1080,0.000409976331293532);
#911=CYLINDRICAL_SURFACE('',#1081,0.000409976331293532);
#912=CYLINDRICAL_SURFACE('',#1082,0.002794);
#913=CYLINDRICAL_SURFACE('',#1083,0.000409976331293532);
#914=CYLINDRICAL_SURFACE('',#1084,0.000409976331293532);
#915=CYLINDRICAL_SURFACE('',#1085,0.002794);
#916=CYLINDRICAL_SURFACE('',#1086,0.000409976331293532);
#917=CYLINDRICAL_SURFACE('',#1087,0.000409976331293532);
#918=CYLINDRICAL_SURFACE('',#1088,0.002794);
#919=CYLINDRICAL_SURFACE('',#1089,0.000409976331293532);
#920=CYLINDRICAL_SURFACE('',#1090,0.000409976331293532);
#921=CYLINDRICAL_SURFACE('',#1093,0.0015875);
#922=ADVANCED_FACE('',(#830,#831),#888,.F.);
#923=ADVANCED_FACE('',(#832),#889,.T.);
#924=ADVANCED_FACE('',(#833),#890,.T.);
#925=ADVANCED_FACE('',(#834),#891,.T.);
#926=ADVANCED_FACE('',(#835),#892,.T.);
#927=ADVANCED_FACE('',(#836),#893,.T.);
#928=ADVANCED_FACE('',(#837),#894,.T.);
#929=ADVANCED_FACE('',(#838),#895,.T.);
#930=ADVANCED_FACE('',(#839,#840),#60,.T.);
#931=ADVANCED_FACE('',(#841),#896,.T.);
#932=ADVANCED_FACE('',(#842,#843),#61,.F.);
#933=ADVANCED_FACE('',(#844),#12,.T.);
#934=ADVANCED_FACE('',(#845),#13,.F.);
#935=ADVANCED_FACE('',(#846),#897,.T.);
#936=ADVANCED_FACE('',(#847),#898,.F.);
#937=ADVANCED_FACE('',(#848),#899,.F.);
#938=ADVANCED_FACE('',(#849),#14,.T.);
#939=ADVANCED_FACE('',(#850),#15,.F.);
#940=ADVANCED_FACE('',(#851),#900,.T.);
#941=ADVANCED_FACE('',(#852),#901,.F.);
#942=ADVANCED_FACE('',(#853),#902,.F.);
#943=ADVANCED_FACE('',(#854),#16,.T.);
#944=ADVANCED_FACE('',(#855),#17,.F.);
#945=ADVANCED_FACE('',(#856),#903,.T.);
#946=ADVANCED_FACE('',(#857),#904,.F.);
#947=ADVANCED_FACE('',(#858),#905,.F.);
#948=ADVANCED_FACE('',(#859),#18,.T.);
#949=ADVANCED_FACE('',(#860),#19,.F.);
#950=ADVANCED_FACE('',(#861),#906,.T.);
#951=ADVANCED_FACE('',(#862),#907,.F.);
#952=ADVANCED_FACE('',(#863),#908,.F.);
#953=ADVANCED_FACE('',(#864),#20,.T.);
#954=ADVANCED_FACE('',(#865),#21,.F.);
#955=ADVANCED_FACE('',(#866),#909,.T.);
#956=ADVANCED_FACE('',(#867),#910,.F.);
#957=ADVANCED_FACE('',(#868),#911,.F.);
#958=ADVANCED_FACE('',(#869),#22,.T.);
#959=ADVANCED_FACE('',(#870),#23,.F.);
#960=ADVANCED_FACE('',(#871),#912,.T.);
#961=ADVANCED_FACE('',(#872),#913,.F.);
#962=ADVANCED_FACE('',(#873),#914,.F.);
#963=ADVANCED_FACE('',(#874),#24,.T.);
#964=ADVANCED_FACE('',(#875),#25,.F.);
#965=ADVANCED_FACE('',(#876),#915,.T.);
#966=ADVANCED_FACE('',(#877),#916,.F.);
#967=ADVANCED_FACE('',(#878),#917,.F.);
#968=ADVANCED_FACE('',(#879),#26,.T.);
#969=ADVANCED_FACE('',(#880),#27,.F.);
#970=ADVANCED_FACE('',(#881),#918,.T.);
#971=ADVANCED_FACE('',(#882),#919,.F.);
#972=ADVANCED_FACE('',(#883),#920,.F.);
#973=ADVANCED_FACE('',(#884),#62,.T.);
#974=ADVANCED_FACE('',(#885,#886),#921,.T.);
#975=ADVANCED_FACE('',(#887),#63,.F.);
#976=CLOSED_SHELL('',(#922,#923,#924,#925,#926,#927,#928,#929,#930,#931,
#932,#933,#934,#935,#936,#937,#938,#939,#940,#941,#942,#943,#944,#945,#946,
#947,#948,#949,#950,#951,#952,#953,#954,#955,#956,#957,#958,#959,#960,#961,
#962,#963,#964,#965,#966,#967,#968,#969,#970,#971,#972,#973,#974,#975));
#977=STYLED_ITEM('',(#978),#985);
#978=PRESENTATION_STYLE_ASSIGNMENT((#979));
#979=SURFACE_STYLE_USAGE(.BOTH.,#980);
#980=SURFACE_SIDE_STYLE('',(#981));
#981=SURFACE_STYLE_FILL_AREA(#982);
#982=FILL_AREA_STYLE('',(#983));
#983=FILL_AREA_STYLE_COLOUR('',#984);
#984=COLOUR_RGB('',0.972549019607843,0.529411764705882,0.00392156862745098);
#985=MANIFOLD_SOLID_BREP('Spur gear (8 teeth)',#976);
#986=SHAPE_DEFINITION_REPRESENTATION(#3506,#987);
#987=SHAPE_REPRESENTATION('Spur gear (8 teeth)',(#988),#3501);
#988=AXIS2_PLACEMENT_3D('',#1357,#1095,#1096);
#989=AXIS2_PLACEMENT_3D('',#1358,#1097,#1098);
#990=AXIS2_PLACEMENT_3D('',#1359,#1099,#1100);
#991=AXIS2_PLACEMENT_3D('',#1361,#1101,#1102);
#992=AXIS2_PLACEMENT_3D('',#1363,#1103,#1104);
#993=AXIS2_PLACEMENT_3D('',#1367,#1106,#1107);
#994=AXIS2_PLACEMENT_3D('',#1371,#1109,#1110);
#995=AXIS2_PLACEMENT_3D('',#1372,#1111,#1112);
#996=AXIS2_PLACEMENT_3D('',#1376,#1114,#1115);
#997=AXIS2_PLACEMENT_3D('',#1380,#1117,#1118);
#998=AXIS2_PLACEMENT_3D('',#1381,#1119,#1120);
#999=AXIS2_PLACEMENT_3D('',#1382,#1121,#1122);
#1000=AXIS2_PLACEMENT_3D('',#1387,#1124,#1125);
#1001=AXIS2_PLACEMENT_3D('',#1390,#1127,#1128);
#1002=AXIS2_PLACEMENT_3D('',#1394,#1130,#1131);
#1003=AXIS2_PLACEMENT_3D('',#1398,#1133,#1134);
#1004=AXIS2_PLACEMENT_3D('',#1399,#1135,#1136);
#1005=AXIS2_PLACEMENT_3D('',#1400,#1137,#1138);
#1006=AXIS2_PLACEMENT_3D('',#1405,#1140,#1141);
#1007=AXIS2_PLACEMENT_3D('',#1408,#1143,#1144);
#1008=AXIS2_PLACEMENT_3D('',#1412,#1146,#1147);
#1009=AXIS2_PLACEMENT_3D('',#1416,#1149,#1150);
#1010=AXIS2_PLACEMENT_3D('',#1417,#1151,#1152);
#1011=AXIS2_PLACEMENT_3D('',#1418,#1153,#1154);
#1012=AXIS2_PLACEMENT_3D('',#1423,#1156,#1157);
#1013=AXIS2_PLACEMENT_3D('',#1426,#1159,#1160);
#1014=AXIS2_PLACEMENT_3D('',#1427,#1161,#1162);
#1015=AXIS2_PLACEMENT_3D('',#1478,#1163,#1164);
#1016=AXIS2_PLACEMENT_3D('',#1528,#1165,#1166);
#1017=AXIS2_PLACEMENT_3D('',#1530,#1167,#1168);
#1018=AXIS2_PLACEMENT_3D('',#1532,#1169,#1170);
#1019=AXIS2_PLACEMENT_3D('',#1629,#1171,#1172);
#1020=AXIS2_PLACEMENT_3D('',#1631,#1173,#1174);
#1021=AXIS2_PLACEMENT_3D('',#1633,#1175,#1176);
#1022=AXIS2_PLACEMENT_3D('',#1730,#1177,#1178);
#1023=AXIS2_PLACEMENT_3D('',#1732,#1179,#1180);
#1024=AXIS2_PLACEMENT_3D('',#1734,#1181,#1182);
#1025=AXIS2_PLACEMENT_3D('',#1831,#1183,#1184);
#1026=AXIS2_PLACEMENT_3D('',#1833,#1185,#1186);
#1027=AXIS2_PLACEMENT_3D('',#1835,#1187,#1188);
#1028=AXIS2_PLACEMENT_3D('',#1932,#1189,#1190);
#1029=AXIS2_PLACEMENT_3D('',#1934,#1191,#1192);
#1030=AXIS2_PLACEMENT_3D('',#1936,#1193,#1194);
#1031=AXIS2_PLACEMENT_3D('',#2033,#1195,#1196);
#1032=AXIS2_PLACEMENT_3D('',#2035,#1197,#1198);
#1033=AXIS2_PLACEMENT_3D('',#2037,#1199,#1200);
#1034=AXIS2_PLACEMENT_3D('',#2134,#1201,#1202);
#1035=AXIS2_PLACEMENT_3D('',#2136,#1203,#1204);
#1036=AXIS2_PLACEMENT_3D('',#2138,#1205,#1206);
#1037=AXIS2_PLACEMENT_3D('',#2235,#1207,#1208);
#1038=AXIS2_PLACEMENT_3D('',#2237,#1209,#1210);
#1039=AXIS2_PLACEMENT_3D('',#2238,#1211,#1212);
#1040=AXIS2_PLACEMENT_3D('',#2241,#1214,#1215);
#1041=AXIS2_PLACEMENT_3D('',#2244,#1217,#1218);
#1042=AXIS2_PLACEMENT_3D('',#2245,#1219,#1220);
#1043=AXIS2_PLACEMENT_3D('',#2343,#1221,#1222);
#1044=AXIS2_PLACEMENT_3D('',#2345,#1223,#1224);
#1045=AXIS2_PLACEMENT_3D('',#2347,#1225,#1226);
#1046=AXIS2_PLACEMENT_3D('',#2444,#1227,#1228);
#1047=AXIS2_PLACEMENT_3D('',#2446,#1229,#1230);
#1048=AXIS2_PLACEMENT_3D('',#2448,#1231,#1232);
#1049=AXIS2_PLACEMENT_3D('',#2545,#1233,#1234);
#1050=AXIS2_PLACEMENT_3D('',#2547,#1235,#1236);
#1051=AXIS2_PLACEMENT_3D('',#2549,#1237,#1238);
#1052=AXIS2_PLACEMENT_3D('',#2646,#1239,#1240);
#1053=AXIS2_PLACEMENT_3D('',#2648,#1241,#1242);
#1054=AXIS2_PLACEMENT_3D('',#2650,#1243,#1244);
#1055=AXIS2_PLACEMENT_3D('',#2747,#1245,#1246);
#1056=AXIS2_PLACEMENT_3D('',#2749,#1247,#1248);
#1057=AXIS2_PLACEMENT_3D('',#2751,#1249,#1250);
#1058=AXIS2_PLACEMENT_3D('',#2848,#1251,#1252);
#1059=AXIS2_PLACEMENT_3D('',#2850,#1253,#1254);
#1060=AXIS2_PLACEMENT_3D('',#2852,#1255,#1256);
#1061=AXIS2_PLACEMENT_3D('',#2949,#1257,#1258);
#1062=AXIS2_PLACEMENT_3D('',#2951,#1259,#1260);
#1063=AXIS2_PLACEMENT_3D('',#2953,#1261,#1262);
#1064=AXIS2_PLACEMENT_3D('',#3050,#1263,#1264);
#1065=AXIS2_PLACEMENT_3D('',#3052,#1265,#1266);
#1066=AXIS2_PLACEMENT_3D('',#3053,#1267,#1268);
#1067=AXIS2_PLACEMENT_3D('',#3105,#1271,#1272);
#1068=AXIS2_PLACEMENT_3D('',#3108,#1275,#1276);
#1069=AXIS2_PLACEMENT_3D('',#3109,#1277,#1278);
#1070=AXIS2_PLACEMENT_3D('',#3160,#1281,#1282);
#1071=AXIS2_PLACEMENT_3D('',#3163,#1285,#1286);
#1072=AXIS2_PLACEMENT_3D('',#3164,#1287,#1288);
#1073=AXIS2_PLACEMENT_3D('',#3215,#1291,#1292);
#1074=AXIS2_PLACEMENT_3D('',#3218,#1295,#1296);
#1075=AXIS2_PLACEMENT_3D('',#3219,#1297,#1298);
#1076=AXIS2_PLACEMENT_3D('',#3270,#1301,#1302);
#1077=AXIS2_PLACEMENT_3D('',#3273,#1305,#1306);
#1078=AXIS2_PLACEMENT_3D('',#3274,#1307,#1308);
#1079=AXIS2_PLACEMENT_3D('',#3325,#1311,#1312);
#1080=AXIS2_PLACEMENT_3D('',#3328,#1315,#1316);
#1081=AXIS2_PLACEMENT_3D('',#3329,#1317,#1318);
#1082=AXIS2_PLACEMENT_3D('',#3380,#1321,#1322);
#1083=AXIS2_PLACEMENT_3D('',#3383,#1325,#1326);
#1084=AXIS2_PLACEMENT_3D('',#3384,#1327,#1328);
#1085=AXIS2_PLACEMENT_3D('',#3435,#1331,#1332);
#1086=AXIS2_PLACEMENT_3D('',#3438,#1335,#1336);
#1087=AXIS2_PLACEMENT_3D('',#3439,#1337,#1338);
#1088=AXIS2_PLACEMENT_3D('',#3490,#1341,#1342);
#1089=AXIS2_PLACEMENT_3D('',#3493,#1345,#1346);
#1090=AXIS2_PLACEMENT_3D('',#3494,#1347,#1348);
#1091=AXIS2_PLACEMENT_3D('',#3495,#1349,#1350);
#1092=AXIS2_PLACEMENT_3D('',#3496,#1351,#1352);
#1093=AXIS2_PLACEMENT_3D('',#3498,#1353,#1354);
#1094=AXIS2_PLACEMENT_3D('',#3499,#1355,#1356);
#1095=DIRECTION('',(0.,0.,1.));
#1096=DIRECTION('',(1.,0.,0.));
#1097=DIRECTION('',(0.,0.,1.));
#1098=DIRECTION('',(1.,0.,0.));
#1099=DIRECTION('',(0.,0.,-1.));
#1100=DIRECTION('',(-1.,0.,0.));
#1101=DIRECTION('',(0.,0.,-1.));
#1102=DIRECTION('',(-1.,0.,0.));
#1103=DIRECTION('',(0.,0.,1.));
#1104=DIRECTION('',(1.,0.,0.));
#1105=DIRECTION('',(0.,0.,1.));
#1106=DIRECTION('',(0.,0.,-1.));
#1107=DIRECTION('',(-1.,0.,0.));
#1108=DIRECTION('',(0.,0.,1.));
#1109=DIRECTION('',(0.,0.,-1.));
#1110=DIRECTION('',(-1.,0.,0.));
#1111=DIRECTION('',(0.,0.,1.));
#1112=DIRECTION('',(1.,0.,0.));
#1113=DIRECTION('',(0.,0.,1.));
#1114=DIRECTION('',(0.,0.,-1.));
#1115=DIRECTION('',(-1.,0.,0.));
#1116=DIRECTION('',(0.,0.,1.));
#1117=DIRECTION('',(0.,0.,-1.));
#1118=DIRECTION('',(-1.,0.,0.));
#1119=DIRECTION('',(0.,0.,1.));
#1120=DIRECTION('',(1.,0.,0.));
#1121=DIRECTION('',(0.,0.,-1.));
#1122=DIRECTION('',(-1.,0.,0.));
#1123=DIRECTION('',(0.,0.,1.));
#1124=DIRECTION('',(0.,0.,-1.));
#1125=DIRECTION('',(-1.,0.,0.));
#1126=DIRECTION('',(0.,0.,1.));
#1127=DIRECTION('',(0.,0.,1.));
#1128=DIRECTION('',(1.,0.,0.));
#1129=DIRECTION('',(0.,0.,1.));
#1130=DIRECTION('',(0.,0.,-1.));
#1131=DIRECTION('',(-1.,0.,0.));
#1132=DIRECTION('',(0.,0.,1.));
#1133=DIRECTION('',(0.,0.,-1.));
#1134=DIRECTION('',(-1.,0.,0.));
#1135=DIRECTION('',(0.,0.,1.));
#1136=DIRECTION('',(1.,0.,0.));
#1137=DIRECTION('',(0.,0.,-1.));
#1138=DIRECTION('',(-1.,0.,0.));
#1139=DIRECTION('',(0.,0.,1.));
#1140=DIRECTION('',(0.,0.,-1.));
#1141=DIRECTION('',(-1.,0.,0.));
#1142=DIRECTION('',(0.,0.,1.));
#1143=DIRECTION('',(0.,0.,1.));
#1144=DIRECTION('',(1.,0.,0.));
#1145=DIRECTION('',(0.,0.,1.));
#1146=DIRECTION('',(0.,0.,-1.));
#1147=DIRECTION('',(-1.,0.,0.));
#1148=DIRECTION('',(0.,0.,1.));
#1149=DIRECTION('',(0.,0.,-1.));
#1150=DIRECTION('',(-1.,0.,0.));
#1151=DIRECTION('',(0.,0.,1.));
#1152=DIRECTION('',(1.,0.,0.));
#1153=DIRECTION('',(0.,0.,-1.));
#1154=DIRECTION('',(-1.,0.,0.));
#1155=DIRECTION('',(0.,0.,1.));
#1156=DIRECTION('',(0.,0.,-1.));
#1157=DIRECTION('',(-1.,0.,0.));
#1158=DIRECTION('',(0.,0.,1.));
#1159=DIRECTION('',(0.,0.,-1.));
#1160=DIRECTION('',(1.,0.,0.));
#1161=DIRECTION('',(0.,0.,-1.));
#1162=DIRECTION('',(-0.707106781186547,-0.707106781186548,0.));
#1163=DIRECTION('',(0.,0.,-1.));
#1164=DIRECTION('',(-1.,0.,0.));
#1165=DIRECTION('',(0.,0.,-1.));
#1166=DIRECTION('',(-1.,0.,0.));
#1167=DIRECTION('',(0.,0.,-1.));
#1168=DIRECTION('',(-1.,0.,0.));
#1169=DIRECTION('',(0.,0.,-1.));
#1170=DIRECTION('',(-1.,0.,0.));
#1171=DIRECTION('',(0.,0.,-1.));
#1172=DIRECTION('',(-0.707106781186548,0.707106781186548,0.));
#1173=DIRECTION('',(0.,0.,-1.));
#1174=DIRECTION('',(-0.707106781186548,0.707106781186548,0.));
#1175=DIRECTION('',(0.,0.,-1.));
#1176=DIRECTION('',(-0.707106781186548,0.707106781186548,0.));
#1177=DIRECTION('',(0.,0.,-1.));
#1178=DIRECTION('',(-6.12323399573677E-17,1.,0.));
#1179=DIRECTION('',(0.,0.,-1.));
#1180=DIRECTION('',(-6.12323399573677E-17,1.,0.));
#1181=DIRECTION('',(0.,0.,-1.));
#1182=DIRECTION('',(-6.12323399573677E-17,1.,0.));
#1183=DIRECTION('',(0.,0.,-1.));
#1184=DIRECTION('',(0.707106781186548,0.707106781186548,0.));
#1185=DIRECTION('',(0.,0.,-1.));
#1186=DIRECTION('',(0.707106781186548,0.707106781186548,0.));
#1187=DIRECTION('',(0.,0.,-1.));
#1188=DIRECTION('',(0.707106781186548,0.707106781186548,0.));
#1189=DIRECTION('',(0.,0.,-1.));
#1190=DIRECTION('',(1.,1.22464679914735E-16,0.));
#1191=DIRECTION('',(0.,0.,-1.));
#1192=DIRECTION('',(1.,1.22464679914735E-16,0.));
#1193=DIRECTION('',(0.,0.,-1.));
#1194=DIRECTION('',(1.,1.22464679914735E-16,0.));
#1195=DIRECTION('',(0.,0.,-1.));
#1196=DIRECTION('',(0.707106781186548,-0.707106781186548,0.));
#1197=DIRECTION('',(0.,0.,-1.));
#1198=DIRECTION('',(0.707106781186548,-0.707106781186548,0.));
#1199=DIRECTION('',(0.,0.,-1.));
#1200=DIRECTION('',(0.707106781186548,-0.707106781186548,0.));
#1201=DIRECTION('',(0.,0.,-1.));
#1202=DIRECTION('',(1.83697019872103E-16,-1.,0.));
#1203=DIRECTION('',(0.,0.,-1.));
#1204=DIRECTION('',(1.83697019872103E-16,-1.,0.));
#1205=DIRECTION('',(0.,0.,-1.));
#1206=DIRECTION('',(1.83697019872103E-16,-1.,0.));
#1207=DIRECTION('',(0.,0.,-1.));
#1208=DIRECTION('',(-0.707106781186547,-0.707106781186548,0.));
#1209=DIRECTION('',(0.,0.,-1.));
#1210=DIRECTION('',(-0.707106781186547,-0.707106781186548,0.));
#1211=DIRECTION('',(0.,0.,1.));
#1212=DIRECTION('',(1.,0.,0.));
#1213=DIRECTION('',(0.,0.,1.));
#1214=DIRECTION('',(0.,0.,-1.));
#1215=DIRECTION('',(-1.,0.,0.));
#1216=DIRECTION('',(0.,0.,1.));
#1217=DIRECTION('',(0.,0.,-1.));
#1218=DIRECTION('',(1.,0.,0.));
#1219=DIRECTION('',(0.,0.,-1.));
#1220=DIRECTION('',(-0.707106781186547,-0.707106781186548,0.));
#1221=DIRECTION('',(0.,0.,-1.));
#1222=DIRECTION('',(1.83697019872103E-16,-1.,0.));
#1223=DIRECTION('',(0.,0.,-1.));
#1224=DIRECTION('',(1.83697019872103E-16,-1.,0.));
#1225=DIRECTION('',(0.,0.,-1.));
#1226=DIRECTION('',(1.83697019872103E-16,-1.,0.));
#1227=DIRECTION('',(0.,0.,-1.));
#1228=DIRECTION('',(0.707106781186548,-0.707106781186548,0.));
#1229=DIRECTION('',(0.,0.,-1.));
#1230=DIRECTION('',(0.707106781186548,-0.707106781186548,0.));
#1231=DIRECTION('',(0.,0.,-1.));
#1232=DIRECTION('',(0.707106781186548,-0.707106781186548,0.));
#1233=DIRECTION('',(0.,0.,-1.));
#1234=DIRECTION('',(1.,1.22464679914735E-16,0.));
#1235=DIRECTION('',(0.,0.,-1.));
#1236=DIRECTION('',(1.,1.22464679914735E-16,0.));
#1237=DIRECTION('',(0.,0.,-1.));
#1238=DIRECTION('',(1.,1.22464679914735E-16,0.));
#1239=DIRECTION('',(0.,0.,-1.));
#1240=DIRECTION('',(0.707106781186548,0.707106781186548,0.));
#1241=DIRECTION('',(0.,0.,-1.));
#1242=DIRECTION('',(0.707106781186548,0.707106781186548,0.));
#1243=DIRECTION('',(0.,0.,-1.));
#1244=DIRECTION('',(0.707106781186548,0.707106781186548,0.));
#1245=DIRECTION('',(0.,0.,-1.));
#1246=DIRECTION('',(-6.12323399573677E-17,1.,0.));
#1247=DIRECTION('',(0.,0.,-1.));
#1248=DIRECTION('',(-6.12323399573677E-17,1.,0.));
#1249=DIRECTION('',(0.,0.,-1.));
#1250=DIRECTION('',(-6.12323399573677E-17,1.,0.));
#1251=DIRECTION('',(0.,0.,-1.));
#1252=DIRECTION('',(-0.707106781186548,0.707106781186548,0.));
#1253=DIRECTION('',(0.,0.,-1.));
#1254=DIRECTION('',(-0.707106781186548,0.707106781186548,0.));
#1255=DIRECTION('',(0.,0.,-1.));
#1256=DIRECTION('',(-0.707106781186548,0.707106781186548,0.));
#1257=DIRECTION('',(0.,0.,-1.));
#1258=DIRECTION('',(-1.,0.,0.));
#1259=DIRECTION('',(0.,0.,-1.));
#1260=DIRECTION('',(-1.,0.,0.));
#1261=DIRECTION('',(0.,0.,-1.));
#1262=DIRECTION('',(-1.,0.,0.));
#1263=DIRECTION('',(0.,0.,-1.));
#1264=DIRECTION('',(-0.707106781186547,-0.707106781186548,0.));
#1265=DIRECTION('',(0.,0.,-1.));
#1266=DIRECTION('',(-0.707106781186547,-0.707106781186548,0.));
#1267=DIRECTION('',(0.,0.,-1.));
#1268=DIRECTION('',(-1.,0.,0.));
#1269=DIRECTION('',(0.,0.,1.));
#1270=DIRECTION('',(0.,0.,1.));
#1271=DIRECTION('',(0.,0.,1.));
#1272=DIRECTION('',(1.,0.,0.));
#1273=DIRECTION('',(0.,0.,1.));
#1274=DIRECTION('',(0.,0.,1.));
#1275=DIRECTION('',(0.,0.,1.));
#1276=DIRECTION('',(1.,0.,0.));
#1277=DIRECTION('',(0.,0.,1.));
#1278=DIRECTION('',(1.,0.,0.));
#1279=DIRECTION('',(0.,0.,1.));
#1280=DIRECTION('',(0.,0.,1.));
#1281=DIRECTION('',(0.,0.,1.));
#1282=DIRECTION('',(6.12323399573677E-17,-1.,0.));
#1283=DIRECTION('',(0.,0.,1.));
#1284=DIRECTION('',(0.,0.,1.));
#1285=DIRECTION('',(0.,0.,1.));
#1286=DIRECTION('',(6.12323399573677E-17,-1.,0.));
#1287=DIRECTION('',(0.,0.,1.));
#1288=DIRECTION('',(6.12323399573677E-17,-1.,0.));
#1289=DIRECTION('',(0.,0.,1.));
#1290=DIRECTION('',(0.,0.,1.));
#1291=DIRECTION('',(0.,0.,1.));
#1292=DIRECTION('',(0.707106781186548,-0.707106781186548,0.));
#1293=DIRECTION('',(0.,0.,1.));
#1294=DIRECTION('',(0.,0.,1.));
#1295=DIRECTION('',(0.,0.,1.));
#1296=DIRECTION('',(0.707106781186548,-0.707106781186548,0.));
#1297=DIRECTION('',(0.,0.,1.));
#1298=DIRECTION('',(0.707106781186548,-0.707106781186548,0.));
#1299=DIRECTION('',(0.,0.,1.));
#1300=DIRECTION('',(0.,0.,1.));
#1301=DIRECTION('',(0.,0.,1.));
#1302=DIRECTION('',(-1.,-1.22464679914735E-16,0.));
#1303=DIRECTION('',(0.,0.,1.));
#1304=DIRECTION('',(0.,0.,1.));
#1305=DIRECTION('',(0.,0.,1.));
#1306=DIRECTION('',(-1.,-1.22464679914735E-16,0.));
#1307=DIRECTION('',(0.,0.,1.));
#1308=DIRECTION('',(-1.,-1.22464679914735E-16,0.));
#1309=DIRECTION('',(0.,0.,1.));
#1310=DIRECTION('',(0.,0.,1.));
#1311=DIRECTION('',(0.,0.,1.));
#1312=DIRECTION('',(-0.707106781186548,-0.707106781186548,0.));
#1313=DIRECTION('',(0.,0.,1.));
#1314=DIRECTION('',(0.,0.,1.));
#1315=DIRECTION('',(0.,0.,1.));
#1316=DIRECTION('',(-0.707106781186548,-0.707106781186548,0.));
#1317=DIRECTION('',(0.,0.,1.));
#1318=DIRECTION('',(-0.707106781186548,-0.707106781186548,0.));
#1319=DIRECTION('',(0.,0.,1.));
#1320=DIRECTION('',(0.,0.,1.));
#1321=DIRECTION('',(0.,0.,1.));
#1322=DIRECTION('',(-1.83697019872103E-16,1.,0.));
#1323=DIRECTION('',(0.,0.,1.));
#1324=DIRECTION('',(0.,0.,1.));
#1325=DIRECTION('',(0.,0.,1.));
#1326=DIRECTION('',(-1.83697019872103E-16,1.,0.));
#1327=DIRECTION('',(0.,0.,1.));
#1328=DIRECTION('',(-1.83697019872103E-16,1.,0.));
#1329=DIRECTION('',(0.,0.,1.));
#1330=DIRECTION('',(0.,0.,1.));
#1331=DIRECTION('',(0.,0.,1.));
#1332=DIRECTION('',(-0.707106781186548,0.707106781186548,0.));
#1333=DIRECTION('',(0.,0.,1.));
#1334=DIRECTION('',(0.,0.,1.));
#1335=DIRECTION('',(0.,0.,1.));
#1336=DIRECTION('',(-0.707106781186548,0.707106781186548,0.));
#1337=DIRECTION('',(0.,0.,1.));
#1338=DIRECTION('',(-0.707106781186548,0.707106781186548,0.));
#1339=DIRECTION('',(0.,0.,1.));
#1340=DIRECTION('',(0.,0.,1.));
#1341=DIRECTION('',(0.,0.,1.));
#1342=DIRECTION('',(0.707106781186547,0.707106781186548,0.));
#1343=DIRECTION('',(0.,0.,1.));
#1344=DIRECTION('',(0.,0.,1.));
#1345=DIRECTION('',(0.,0.,1.));
#1346=DIRECTION('',(0.707106781186547,0.707106781186548,0.));
#1347=DIRECTION('',(0.,0.,1.));
#1348=DIRECTION('',(0.707106781186547,0.707106781186548,0.));
#1349=DIRECTION('',(0.,0.,1.));
#1350=DIRECTION('',(1.,0.,0.));
#1351=DIRECTION('',(0.,0.,-1.));
#1352=DIRECTION('',(-1.,0.,0.));
#1353=DIRECTION('',(0.,0.,-1.));
#1354=DIRECTION('',(-1.,0.,0.));
#1355=DIRECTION('',(0.,0.,1.));
#1356=DIRECTION('',(1.,0.,0.));
#1357=CARTESIAN_POINT('',(0.,0.,0.));
#1358=CARTESIAN_POINT('',(0.,0.019304,-0.008080000096));
#1359=CARTESIAN_POINT('',(0.,0.019304,-0.008080000096));
#1360=CARTESIAN_POINT('',(-0.0015875,0.019304,-0.008080000096));
#1361=CARTESIAN_POINT('',(0.,0.019304,-0.001));
#1362=CARTESIAN_POINT('',(-0.0015875,0.019304,-0.001));
#1363=CARTESIAN_POINT('',(0.,0.019304,-0.008080000096));
#1364=CARTESIAN_POINT('',(0.000671911329972826,0.0243393684239211,-0.008080000096));
#1365=CARTESIAN_POINT('',(0.000671911329972826,0.0243393684239211,-0.008080000096));
#1366=CARTESIAN_POINT('',(0.000671911329972826,0.0243393684239211,0.));
#1367=CARTESIAN_POINT('',(0.,0.019304,-0.008080000096));
#1368=CARTESIAN_POINT('',(0.000124066179148636,0.0243824847723666,-0.008080000096));
#1369=CARTESIAN_POINT('',(0.000124066179148636,0.0243824847723666,-0.008080000096));
#1370=CARTESIAN_POINT('',(0.000124066179148636,0.0243824847723666,0.));
#1371=CARTESIAN_POINT('',(0.,0.019304,0.));
#1372=CARTESIAN_POINT('',(0.,0.019304,-0.008080000096));
#1373=CARTESIAN_POINT('',(-0.00503536842392112,0.0199759113299729,-0.008080000096));
#1374=CARTESIAN_POINT('',(-0.00503536842392112,0.0199759113299729,-0.008080000096));
#1375=CARTESIAN_POINT('',(-0.00503536842392112,0.0199759113299729,0.));
#1376=CARTESIAN_POINT('',(0.,0.019304,-0.008080000096));
#1377=CARTESIAN_POINT('',(-0.00507848477236657,0.0194280661791487,-0.008080000096));
#1378=CARTESIAN_POINT('',(-0.00507848477236657,0.0194280661791487,-0.008080000096));
#1379=CARTESIAN_POINT('',(-0.00507848477236657,0.0194280661791487,0.));
#1380=CARTESIAN_POINT('',(0.,0.019304,0.));
#1381=CARTESIAN_POINT('',(0.,0.019304,-0.008080000096));
#1382=CARTESIAN_POINT('',(0.,0.019304,-0.008080000096));
#1383=CARTESIAN_POINT('',(-0.00350330298410111,0.0229827590572849,-0.008080000096));
#1384=CARTESIAN_POINT('',(-0.00308543010054739,0.0233396562161071,-0.008080000096));
#1385=CARTESIAN_POINT('',(-0.00350330298410111,0.0229827590572849,-0.008080000096));
#1386=CARTESIAN_POINT('',(-0.00350330298410111,0.0229827590572849,0.));
#1387=CARTESIAN_POINT('',(0.,0.019304,0.));
#1388=CARTESIAN_POINT('',(-0.00308543010054739,0.0233396562161071,0.));
#1389=CARTESIAN_POINT('',(-0.00308543010054739,0.0233396562161071,-0.008080000096));
#1390=CARTESIAN_POINT('',(0.,0.019304,-0.008080000096));
#1391=CARTESIAN_POINT('',(-0.000671911329972828,0.0142686315760789,-0.008080000096));
#1392=CARTESIAN_POINT('',(-0.000671911329972828,0.0142686315760789,-0.008080000096));
#1393=CARTESIAN_POINT('',(-0.000671911329972828,0.0142686315760789,0.));
#1394=CARTESIAN_POINT('',(0.,0.019304,-0.008080000096));
#1395=CARTESIAN_POINT('',(-0.000124066179148636,0.0142255152276334,-0.008080000096));
#1396=CARTESIAN_POINT('',(-0.000124066179148636,0.0142255152276334,-0.008080000096));
#1397=CARTESIAN_POINT('',(-0.000124066179148636,0.0142255152276334,0.));
#1398=CARTESIAN_POINT('',(0.,0.019304,0.));
#1399=CARTESIAN_POINT('',(0.,0.019304,-0.008080000096));
#1400=CARTESIAN_POINT('',(0.,0.019304,-0.008080000096));
#1401=CARTESIAN_POINT('',(-0.00367875905728493,0.0158006970158989,-0.008080000096));
#1402=CARTESIAN_POINT('',(-0.0040356562161071,0.0162185698994526,-0.008080000096));
#1403=CARTESIAN_POINT('',(-0.00367875905728493,0.0158006970158989,-0.008080000096));
#1404=CARTESIAN_POINT('',(-0.00367875905728493,0.0158006970158989,0.));
#1405=CARTESIAN_POINT('',(0.,0.019304,0.));
#1406=CARTESIAN_POINT('',(-0.0040356562161071,0.0162185698994526,0.));
#1407=CARTESIAN_POINT('',(-0.0040356562161071,0.0162185698994526,-0.008080000096));
#1408=CARTESIAN_POINT('',(0.,0.019304,-0.008080000096));
#1409=CARTESIAN_POINT('',(0.00503536842392112,0.0186320886700272,-0.008080000096));
#1410=CARTESIAN_POINT('',(0.00503536842392112,0.0186320886700272,-0.008080000096));
#1411=CARTESIAN_POINT('',(0.00503536842392112,0.0186320886700272,0.));
#1412=CARTESIAN_POINT('',(0.,0.019304,-0.008080000096));
#1413=CARTESIAN_POINT('',(0.00507848477236657,0.0191799338208514,-0.008080000096));
#1414=CARTESIAN_POINT('',(0.00507848477236657,0.0191799338208514,-0.008080000096));
#1415=CARTESIAN_POINT('',(0.00507848477236657,0.0191799338208514,0.));
#1416=CARTESIAN_POINT('',(0.,0.019304,0.));
#1417=CARTESIAN_POINT('',(0.,0.019304,-0.008080000096));
#1418=CARTESIAN_POINT('',(0.,0.019304,-0.008080000096));
#1419=CARTESIAN_POINT('',(0.00350330298410111,0.0156252409427151,-0.008080000096));
#1420=CARTESIAN_POINT('',(0.00308543010054739,0.0152683437838929,-0.008080000096));
#1421=CARTESIAN_POINT('',(0.00350330298410111,0.0156252409427151,-0.008080000096));
#1422=CARTESIAN_POINT('',(0.00350330298410111,0.0156252409427151,0.));
#1423=CARTESIAN_POINT('',(0.,0.019304,0.));
#1424=CARTESIAN_POINT('',(0.00308543010054739,0.0152683437838929,0.));
#1425=CARTESIAN_POINT('',(0.00308543010054739,0.0152683437838929,-0.008080000096));
#1426=CARTESIAN_POINT('',(0.,0.019304,-0.008080000096));
#1427=CARTESIAN_POINT('',(0.00160401747033186,0.0220775522865739,-0.008080000096));
#1428=CARTESIAN_POINT('',(0.00192980535981059,0.021828669094514,-0.008080000096));
#1429=CARTESIAN_POINT('',(0.00139876963769513,0.021722652414189,-0.008080000096));
#1430=CARTESIAN_POINT('',(0.00169685475095445,0.0215237116826658,-0.008080000096));
#1431=CARTESIAN_POINT('',(0.00199956317465512,0.0219200049293546,-0.008080000096));
#1432=CARTESIAN_POINT('',(0.00231657902809373,0.0223350288664988,-0.008080000096));
#1433=CARTESIAN_POINT('',(0.00232103965068618,0.0223401077611429,-0.008080000096));
#1434=CARTESIAN_POINT('',(0.00232386287043711,0.0223434789392303,-0.008080000096));
#1435=CARTESIAN_POINT('',(0.00232727297212438,0.0223473269783471,-0.008080000096));
#1436=CARTESIAN_POINT('',(0.00233196181657239,0.0223524424465342,-0.008080000096));
#1437=CARTESIAN_POINT('',(0.00233775344950334,0.0223585002808654,-0.008080000096));
#1438=CARTESIAN_POINT('',(0.00234475933188502,0.0223655453536943,-0.008080000096));
#1439=CARTESIAN_POINT('',(0.00235299839855756,0.0223735040087743,-0.008080000096));
#1440=CARTESIAN_POINT('',(0.00236251626760764,0.0223823374286831,-0.008080000096));
#1441=CARTESIAN_POINT('',(0.00237334875323871,0.0223919947970862,-0.008080000096));
#1442=CARTESIAN_POINT('',(0.00238553273881072,0.0224024273584508,-0.008080000096));
#1443=CARTESIAN_POINT('',(0.00239910292162589,0.0224135843101964,-0.008080000096));
#1444=CARTESIAN_POINT('',(0.00241409272176508,0.0224254140486406,-0.008080000096));
#1445=CARTESIAN_POINT('',(0.00243053398028603,0.0224378638576764,-0.008080000096));
#1446=CARTESIAN_POINT('',(0.00244845700903553,0.0224508800489905,-0.008080000096));
#1447=CARTESIAN_POINT('',(0.00246789054117548,0.0224644079739987,-0.008080000096));
#1448=CARTESIAN_POINT('',(0.00248886171150579,0.0224783920734451,-0.008080000096));
#1449=CARTESIAN_POINT('',(0.00251139602974919,0.0224927759172553,-0.008080000096));
#1450=CARTESIAN_POINT('',(0.00253551735722747,0.0225075022480159,-0.008080000096));
#1451=CARTESIAN_POINT('',(0.00256124788398095,0.0225225130242442,-0.008080000096));
#1452=CARTESIAN_POINT('',(0.00258860810716735,0.0225377494644814,-0.008080000096));
#1453=CARTESIAN_POINT('',(0.00261761681051574,0.022553152091876,-0.008080000096));
#1454=CARTESIAN_POINT('',(0.00264829104491095,0.0225686607793147,-0.008080000096));
#1455=CARTESIAN_POINT('',(0.00268064611010065,0.0225842147950446,-0.008080000096));
#1456=CARTESIAN_POINT('',(0.00271469553754077,0.022599752848768,-0.008080000096));
#1457=CARTESIAN_POINT('',(0.00275045107438842,0.0226152131381781,-0.008080000096));
#1458=CARTESIAN_POINT('',(0.00278792266865255,0.0226305333959084,-0.008080000096));
#1459=CARTESIAN_POINT('',(0.00282711845551214,0.0226456509368684,-0.008080000096));
#1460=CARTESIAN_POINT('',(0.00286804474480993,0.0226605027059368,-0.008080000096));
#1461=CARTESIAN_POINT('',(0.00291070600973495,0.0226750253259785,-0.008080000096));
#1462=CARTESIAN_POINT('',(0.00295510487668268,0.0226891551461865,-0.008080000096));
#1463=CARTESIAN_POINT('',(0.00300124211637381,0.0227028282906011,-0.008080000096));
#1464=CARTESIAN_POINT('',(0.00304911663595602,0.0227159807072335,-0.008080000096));
#1465=CARTESIAN_POINT('',(0.00309872547317349,0.0227285482160246,-0.008080000096));
#1466=CARTESIAN_POINT('',(0.00315006378849045,0.0227404665622551,-0.008080000096));
#1467=CARTESIAN_POINT('',(0.00320312487089071,0.0227516714500159,-0.008080000096));
#1468=CARTESIAN_POINT('',(0.00325790009742102,0.0227620986524346,-0.008080000096));
#1469=CARTESIAN_POINT('',(0.00331437907490605,0.0227716838299868,-0.008080000096));
#1470=CARTESIAN_POINT('',(0.00337254909377756,0.0227803634610106,-0.008080000096));
#1471=CARTESIAN_POINT('',(0.00343239720625484,0.0227880715389422,-0.008080000096));
#1472=CARTESIAN_POINT('',(0.00349390232597843,0.0227947523754312,-0.008080000096));
#1473=CARTESIAN_POINT('',(0.00355706527920621,0.0228003121573116,-0.008080000096));
#1474=CARTESIAN_POINT('',(0.00361873466052448,0.0228045909891636,-0.008080000096));
#1475=CARTESIAN_POINT('',(0.00365968858468315,0.0228064611578354,-0.008080000096));
#1476=CARTESIAN_POINT('',(0.00367875905728492,0.0228073029841011,-0.008080000096));
#1477=CARTESIAN_POINT('',(0.00367875905728492,0.0228073029841011,-0.008080000096));
#1478=CARTESIAN_POINT('',(0.,0.019304,-0.008080000096));
#1479=CARTESIAN_POINT('',(0.0040356562161071,0.0223894301005474,-0.008080000096));
#1480=CARTESIAN_POINT('',(0.00245782991366842,0.0206327242435798,-0.008080000096));
#1481=CARTESIAN_POINT('',(0.00289659816320421,0.0208697119022241,-0.008080000096));
#1482=CARTESIAN_POINT('',(0.00335610467243138,0.0211179007168632,-0.008080000096));
#1483=CARTESIAN_POINT('',(0.00336181883256356,0.0211215119076229,-0.008080000096));
#1484=CARTESIAN_POINT('',(0.00336559015472593,0.0211237730004131,-0.008080000096));
#1485=CARTESIAN_POINT('',(0.0033699242755289,0.0211265391521492,-0.008080000096));
#1486=CARTESIAN_POINT('',(0.00337571026068682,0.0211303700336121,-0.008080000096));
#1487=CARTESIAN_POINT('',(0.00338259952402437,0.0211351427078581,-0.008080000096));
#1488=CARTESIAN_POINT('',(0.00339065382177853,0.0211409602440029,-0.008080000096));
#1489=CARTESIAN_POINT('',(0.00339980336659534,0.0211478528661429,-0.008080000096));
#1490=CARTESIAN_POINT('',(0.00341001695519996,0.0211558717031131,-0.008080000096));
#1491=CARTESIAN_POINT('',(0.00342124999946723,0.0211650600776107,-0.008080000096));
#1492=CARTESIAN_POINT('',(0.00343346011395468,0.021175462045946,-0.008080000096));
#1493=CARTESIAN_POINT('',(0.00344660254939949,0.0211871198255145,-0.008080000096));
#1494=CARTESIAN_POINT('',(0.00346063156549899,0.0212000744975348,-0.008080000096));
#1495=CARTESIAN_POINT('',(0.00347550007620768,0.0212143657576643,-0.008080000096));
#1496=CARTESIAN_POINT('',(0.00349115979602179,0.0212300319432633,-0.008080000096));
#1497=CARTESIAN_POINT('',(0.00350756124402907,0.0212471099826627,-0.008080000096));
#1498=CARTESIAN_POINT('',(0.00352465378981787,0.0212656353679706,-0.008080000096));
#1499=CARTESIAN_POINT('',(0.00354238568866158,0.0212856421224512,-0.008080000096));
#1500=CARTESIAN_POINT('',(0.00356070412081368,0.0213071627706866,-0.008080000096));
#1501=CARTESIAN_POINT('',(0.0035795552306656,0.0213302283092093,-0.008080000096));
#1502=CARTESIAN_POINT('',(0.00359888416691751,0.021354868178269,-0.008080000096));
#1503=CARTESIAN_POINT('',(0.00361863512339956,0.0213811102345653,-0.008080000096));
#1504=CARTESIAN_POINT('',(0.00363875138060882,0.0214089807250112,-0.008080000096));
#1505=CARTESIAN_POINT('',(0.00365917534790899,0.0214385042615283,-0.008080000096));
#1506=CARTESIAN_POINT('',(0.00367984860637366,0.0214697037968929,-0.008080000096));
#1507=CARTESIAN_POINT('',(0.00370071195224515,0.0215026006016458,-0.008080000096));
#1508=CARTESIAN_POINT('',(0.00372170544098327,0.0215372142420816,-0.008080000096));
#1509=CARTESIAN_POINT('',(0.00374276843187713,0.0215735625593305,-0.008080000096));
#1510=CARTESIAN_POINT('',(0.00376383963319558,0.0216116616495446,-0.008080000096));
#1511=CARTESIAN_POINT('',(0.00378485714784217,0.0216515258452089,-0.008080000096));
#1512=CARTESIAN_POINT('',(0.00380575851951567,0.0216931676975635,-0.008080000096));
#1513=CARTESIAN_POINT('',(0.00382648077924272,0.0217365979602417,-0.008080000096));
#1514=CARTESIAN_POINT('',(0.00384696049266117,0.0217818255737848,-0.008080000096));
#1515=CARTESIAN_POINT('',(0.0038671338064758,0.0218288576523804,-0.008080000096));
#1516=CARTESIAN_POINT('',(0.00388693649997956,0.021877699467728,-0.008080000096));
#1517=CARTESIAN_POINT('',(0.00390630401901835,0.0219283544495314,-0.008080000096));
#1518=CARTESIAN_POINT('',(0.00392517157853196,0.0219808241282965,-0.008080000096));
#1519=CARTESIAN_POINT('',(0.00394347400527168,0.0220351083037246,-0.008080000096));
#1520=CARTESIAN_POINT('',(0.00396114657141809,0.0220912043597002,-0.008080000096));
#1521=CARTESIAN_POINT('',(0.00397812205757857,0.0221491098335529,-0.008080000096));
#1522=CARTESIAN_POINT('',(0.00399434216238543,0.0222088126101086,-0.008080000096));
#1523=CARTESIAN_POINT('',(0.00400971435692354,0.0222703281810651,-0.008080000096));
#1524=CARTESIAN_POINT('',(0.00402358772593101,0.0223305689531931,-0.008080000096));
#1525=CARTESIAN_POINT('',(0.00403184147494005,0.0223707261077505,-0.008080000096));
#1526=CARTESIAN_POINT('',(0.0040356562161071,0.0223894301005474,-0.008080000096));
#1527=CARTESIAN_POINT('',(0.00279547429760617,0.0208151009942991,-0.008080000096));
#1528=CARTESIAN_POINT('',(0.00299032887036658,0.0204543901853464,-0.008080000096));
#1529=CARTESIAN_POINT('',(0.00260769056943411,0.020307187865798,-0.008080000096));
#1530=CARTESIAN_POINT('',(-8.02309607639273E-18,0.019304,-0.008080000096));
#1531=CARTESIAN_POINT('',(0.00269932501953833,0.0200251660272742,-0.008080000096));
#1532=CARTESIAN_POINT('',(0.00309540926022521,0.0201309859993985,-0.008080000096));
#1533=CARTESIAN_POINT('',(0.00314978909327521,0.0197246321806908,-0.008080000096));
#1534=CARTESIAN_POINT('',(0.00276943068418053,0.0196737156820035,-0.008080000096));
#1535=CARTESIAN_POINT('',(0.00326369950537357,0.0197398901449545,-0.008080000096));
#1536=CARTESIAN_POINT('',(0.00378132980539308,0.0198091923255538,-0.008080000096));
#1537=CARTESIAN_POINT('',(0.00378807526272034,0.0198096295099142,-0.008080000096));
#1538=CARTESIAN_POINT('',(0.00379245536343716,0.0198100169749698,-0.008080000096));
#1539=CARTESIAN_POINT('',(0.0037975876440185,0.0198103266434958,-0.008080000096));
#1540=CARTESIAN_POINT('',(0.00380452033996762,0.0198106283120348,-0.008080000096));
#1541=CARTESIAN_POINT('',(0.00381289917862221,0.0198108165448501,-0.008080000096));
#1542=CARTESIAN_POINT('',(0.00382283470433369,0.0198108442566811,-0.008080000096));
#1543=CARTESIAN_POINT('',(0.00383428822322478,0.0198106459757425,-0.008080000096));
#1544=CARTESIAN_POINT('',(0.00384726454409107,0.0198101619971133,-0.008080000096));
#1545=CARTESIAN_POINT('',(0.00386175305882412,0.0198093310637527,-0.008080000096));
#1546=CARTESIAN_POINT('',(0.00387774537253008,0.019808092619819,-0.008080000096));
#1547=CARTESIAN_POINT('',(0.00389523009705724,0.019806386207765,-0.008080000096));
#1548=CARTESIAN_POINT('',(0.00391419437465788,0.0198041517067116,-0.008080000096));
#1549=CARTESIAN_POINT('',(0.00393462344444304,0.0198013293257139,-0.008080000096));
#1550=CARTESIAN_POINT('',(0.00395650077675455,0.0197978596676891,-0.008080000096));
#1551=CARTESIAN_POINT('',(0.00397980804662185,0.0197936837728392,-0.008080000096));
#1552=CARTESIAN_POINT('',(0.00400452515491916,0.0197887431676366,-0.008080000096));
#1553=CARTESIAN_POINT('',(0.00403063023765618,0.019782979911895,-0.008080000096));
#1554=CARTESIAN_POINT('',(0.0040580996802301,0.0197763366460066,-0.008080000096));
#1555=CARTESIAN_POINT('',(0.00408690813184294,0.0197687566377177,-0.008080000096));
#1556=CARTESIAN_POINT('',(0.00411702852140562,0.0197601838285806,-0.008080000096));
#1557=CARTESIAN_POINT('',(0.00414843207453554,0.0197505628800084,-0.008080000096));
#1558=CARTESIAN_POINT('',(0.00418108833173931,0.019739839218915,-0.008080000096));
#1559=CARTESIAN_POINT('',(0.00421496516773799,0.0197279590829109,-0.008080000096));
#1560=CARTESIAN_POINT('',(0.00425002881193067,0.0197148695650268,-0.008080000096));
#1561=CARTESIAN_POINT('',(0.00428624386998155,0.0197005186579378,-0.008080000096));
#1562=CARTESIAN_POINT('',(0.00432357334651825,0.0196848552976625,-0.008080000096));
#1563=CARTESIAN_POINT('',(0.00436197866892829,0.0196678294067077,-0.008080000096));
#1564=CARTESIAN_POINT('',(0.00440141971224044,0.0196493919366373,-0.008080000096));
#1565=CARTESIAN_POINT('',(0.00444185482507502,0.019629494910027,-0.008080000096));
#1566=CARTESIAN_POINT('',(0.00448324085665678,0.0196080914618173,-0.008080000096));
#1567=CARTESIAN_POINT('',(0.00452553318484327,0.0195851358799021,-0.008080000096));
#1568=CARTESIAN_POINT('',(0.00456868574527573,0.0195605836454493,-0.008080000096));
#1569=CARTESIAN_POINT('',(0.00461265106116775,0.0195343914709348,-0.008080000096));
#1570=CARTESIAN_POINT('',(0.00465738027550321,0.0195065173434797,-0.008080000096));
#1571=CARTESIAN_POINT('',(0.00470282317880365,0.0194769205444155,-0.008080000096));
#1572=CARTESIAN_POINT('',(0.00474892825846326,0.0194455617558339,-0.008080000096));
#1573=CARTESIAN_POINT('',(0.00479564267048345,0.0194124028319057,-0.008080000096));
#1574=CARTESIAN_POINT('',(0.00484291251124436,0.019377407843055,-0.008080000096));
#1575=CARTESIAN_POINT('',(0.00489068195159359,0.0193405392710565,-0.008080000096));
#1576=CARTESIAN_POINT('',(0.00493889670361324,0.0193017726486076,-0.008080000096));
#1577=CARTESIAN_POINT('',(0.00498749101562996,0.0192610410555301,-0.008080000096));
#1578=CARTESIAN_POINT('',(0.00503412344436979,0.0192204598088265,-0.008080000096));
#1579=CARTESIAN_POINT('',(0.0050644046508083,0.0191928234202874,-0.008080000096));
#1580=CARTESIAN_POINT('',(0.00507848477236657,0.0191799338208514,-0.008080000096));
#1581=CARTESIAN_POINT('',(0.00267749812192032,0.0185056017240042,-0.008080000096));
#1582=CARTESIAN_POINT('',(0.00315532970702133,0.018362921299873,-0.008080000096));
#1583=CARTESIAN_POINT('',(0.00365574586954118,0.018213497125045,-0.008080000096));
#1584=CARTESIAN_POINT('',(0.00366233988839376,0.0182120101011411,-0.008080000096));
#1585=CARTESIAN_POINT('',(0.00366660544991371,0.0182109422077109,-0.008080000096));
#1586=CARTESIAN_POINT('',(0.00367162610077434,0.018209833486151,-0.008080000096));
#1587=CARTESIAN_POINT('',(0.00367842625237568,0.0182084510190703,-0.008080000096));
#1588=CARTESIAN_POINT('',(0.00368667248752276,0.0182069543645707,-0.008080000096));
#1589=CARTESIAN_POINT('',(0.00369648135534024,0.0182053727352689,-0.008080000096));
#1590=CARTESIAN_POINT('',(0.0037078248803803,0.0182037768499395,-0.008080000096));
#1591=CARTESIAN_POINT('',(0.00372071715214171,0.0182022249261758,-0.008080000096));
#1592=CARTESIAN_POINT('',(0.00373515727583184,0.0182007791263164,-0.008080000096));
#1593=CARTESIAN_POINT('',(0.0037511464329326,0.0181995005739108,-0.008080000096));
#1594=CARTESIAN_POINT('',(0.00376868283314339,0.0181984507636729,-0.008080000096));
#1595=CARTESIAN_POINT('',(0.00378776318199429,0.0181976910876892,-0.008080000096));
#1596=CARTESIAN_POINT('',(0.00380838225369181,0.0181972829098902,-0.008080000096));
#1597=CARTESIAN_POINT('',(0.00383053301383619,0.0181972874818905,-0.008080000096));
#1598=CARTESIAN_POINT('',(0.00385420658641213,0.018197765904252,-0.008080000096));
#1599=CARTESIAN_POINT('',(0.00387939226702246,0.0181987790747923,-0.008080000096));
#1600=CARTESIAN_POINT('',(0.00390607752470093,0.0182003876406393,-0.008080000096));
#1601=CARTESIAN_POINT('',(0.00393424800859918,0.0182026519493467,-0.008080000096));
#1602=CARTESIAN_POINT('',(0.00396388755490947,0.0182056320004386,-0.008080000096));
#1603=CARTESIAN_POINT('',(0.00399497819530596,0.0182093873970415,-0.008080000096));
#1604=CARTESIAN_POINT('',(0.00402750016652872,0.0182139772977374,-0.008080000096));
#1605=CARTESIAN_POINT('',(0.00406143192120277,0.0182194603686419,-0.008080000096));
#1606=CARTESIAN_POINT('',(0.00409675013985532,0.0182258947357412,-0.008080000096));
#1607=CARTESIAN_POINT('',(0.00413342974413105,0.0182333379375177,-0.008080000096));
#1608=CARTESIAN_POINT('',(0.00417144391119519,0.0182418468778939,-0.008080000096));
#1609=CARTESIAN_POINT('',(0.00421076408931643,0.0182514777795201,-0.008080000096));
#1610=CARTESIAN_POINT('',(0.00425136001462095,0.0182622861374384,-0.008080000096));
#1611=CARTESIAN_POINT('',(0.00429319972900842,0.0182743266731459,-0.008080000096));
#1612=CARTESIAN_POINT('',(0.00433624959921947,0.0182876532890963,-0.008080000096));
#1613=CARTESIAN_POINT('',(0.00438047433704697,0.0183023190236309,-0.008080000096));
#1614=CARTESIAN_POINT('',(0.00442583702066998,0.018318376006505,-0.008080000096));
#1615=CARTESIAN_POINT('',(0.00447229911713811,0.0183358754145032,-0.008080000096));
#1616=CARTESIAN_POINT('',(0.00451982050584366,0.0183548674292141,-0.008080000096));
#1617=CARTESIAN_POINT('',(0.00456835950354368,0.0183754011891896,-0.008080000096));
#1618=CARTESIAN_POINT('',(0.00461787288872484,0.0183975247662765,-0.008080000096));
#1619=CARTESIAN_POINT('',(0.00466831593366291,0.0184212850526616,-0.008080000096));
#1620=CARTESIAN_POINT('',(0.00471964241227902,0.0184467279911581,-0.008080000096));
#1621=CARTESIAN_POINT('',(0.0047718047052203,0.0184738975013732,-0.008080000096));
#1622=CARTESIAN_POINT('',(0.00482475353982739,0.0185028393732242,-0.008080000096));
#1623=CARTESIAN_POINT('',(0.00487843912408608,0.0185335862652819,-0.008080000096));
#1624=CARTESIAN_POINT('',(0.00493280698445756,0.0185662145596542,-0.008080000096));
#1625=CARTESIAN_POINT('',(0.00498521359623626,0.0185990012648267,-0.008080000096));
#1626=CARTESIAN_POINT('',(0.00501944527443149,0.018621560379233,-0.008080000096));
#1627=CARTESIAN_POINT('',(0.00503536842392112,0.0186320886700272,-0.008080000096));
#1628=CARTESIAN_POINT('',(0.0030452085925966,0.0183958109276565,-0.008080000096));
#1629=CARTESIAN_POINT('',(0.002927930523283,0.0180029668788548,-0.008080000096));
#1630=CARTESIAN_POINT('',(0.00255327662759292,0.0181694452578268,-0.008080000096));
#1631=CARTESIAN_POINT('',(-6.93889390390723E-18,0.019304,-0.008080000096));
#1632=CARTESIAN_POINT('',(0.002418652414189,0.0179052303623049,-0.008080000096));
#1633=CARTESIAN_POINT('',(0.0027735522865739,0.0176999825296682,-0.008080000096));
#1634=CARTESIAN_POINT('',(0.00252466909451405,0.0173741946401894,-0.008080000096));
#1635=CARTESIAN_POINT('',(0.00221971168266586,0.0176071452490455,-0.008080000096));
#1636=CARTESIAN_POINT('',(0.00261600492935455,0.0173044368253449,-0.008080000096));
#1637=CARTESIAN_POINT('',(0.00303102886649876,0.0169874209719062,-0.008080000096));
#1638=CARTESIAN_POINT('',(0.00303610776114296,0.0169829603493138,-0.008080000096));
#1639=CARTESIAN_POINT('',(0.00303947893923031,0.0169801371295629,-0.008080000096));
#1640=CARTESIAN_POINT('',(0.00304332697834708,0.0169767270278756,-0.008080000096));
#1641=CARTESIAN_POINT('',(0.00304844244653412,0.0169720381834276,-0.008080000096));
#1642=CARTESIAN_POINT('',(0.00305450028086543,0.0169662465504967,-0.008080000096));
#1643=CARTESIAN_POINT('',(0.00306154535369424,0.016959240668115,-0.008080000096));
#1644=CARTESIAN_POINT('',(0.00306950400877436,0.0169510016014425,-0.008080000096));
#1645=CARTESIAN_POINT('',(0.0030783374286831,0.0169414837323924,-0.008080000096));
#1646=CARTESIAN_POINT('',(0.00308799479708615,0.0169306512467613,-0.008080000096));
#1647=CARTESIAN_POINT('',(0.00309842735845082,0.0169184672611893,-0.008080000096));
#1648=CARTESIAN_POINT('',(0.00310958431019633,0.0169048970783741,-0.008080000096));
#1649=CARTESIAN_POINT('',(0.00312141404864056,0.0168899072782349,-0.008080000096));
#1650=CARTESIAN_POINT('',(0.00313386385767646,0.0168734660197139,-0.008080000096));
#1651=CARTESIAN_POINT('',(0.00314688004899044,0.0168555429909645,-0.008080000096));
#1652=CARTESIAN_POINT('',(0.00316040797399872,0.0168361094588245,-0.008080000096));
#1653=CARTESIAN_POINT('',(0.0031743920734451,0.0168151382884942,-0.008080000096));
#1654=CARTESIAN_POINT('',(0.00318877591725528,0.0167926039702508,-0.008080000096));
#1655=CARTESIAN_POINT('',(0.00320350224801586,0.0167684826427725,-0.008080000096));
#1656=CARTESIAN_POINT('',(0.00321851302424423,0.016742752116019,-0.008080000096));
#1657=CARTESIAN_POINT('',(0.00323374946448133,0.0167153918928327,-0.008080000096));
#1658=CARTESIAN_POINT('',(0.00324915209187598,0.0166863831894843,-0.008080000096));
#1659=CARTESIAN_POINT('',(0.00326466077931467,0.0166557089550891,-0.008080000096));
#1660=CARTESIAN_POINT('',(0.0032802147950446,0.0166233538898993,-0.008080000096));
#1661=CARTESIAN_POINT('',(0.003295752848768,0.0165893044624593,-0.008080000096));
#1662=CARTESIAN_POINT('',(0.00331121313817802,0.0165535489256116,-0.008080000096));
#1663=CARTESIAN_POINT('',(0.0033265333959084,0.0165160773313475,-0.008080000096));
#1664=CARTESIAN_POINT('',(0.00334165093686839,0.0164768815444878,-0.008080000096));
#1665=CARTESIAN_POINT('',(0.00335650270593679,0.01643595525519,-0.008080000096));
#1666=CARTESIAN_POINT('',(0.00337102532597852,0.016393293990265,-0.008080000096));
#1667=CARTESIAN_POINT('',(0.0033851551461865,0.0163488951233174,-0.008080000096));
#1668=CARTESIAN_POINT('',(0.00339882829060106,0.0163027578836262,-0.008080000096));
#1669=CARTESIAN_POINT('',(0.00341198070723354,0.016254883364044,-0.008080000096));
#1670=CARTESIAN_POINT('',(0.00342454821602459,0.0162052745268265,-0.008080000096));
#1671=CARTESIAN_POINT('',(0.00343646656225514,0.0161539362115096,-0.008080000096));
#1672=CARTESIAN_POINT('',(0.00344767145001597,0.0161008751291093,-0.008080000096));
#1673=CARTESIAN_POINT('',(0.00345809865243457,0.016046099902579,-0.008080000096));
#1674=CARTESIAN_POINT('',(0.00346768382998676,0.0159896209250939,-0.008080000096));
#1675=CARTESIAN_POINT('',(0.00347636346101056,0.0159314509062225,-0.008080000096));
#1676=CARTESIAN_POINT('',(0.00348407153894214,0.0158716027937452,-0.008080000096));
#1677=CARTESIAN_POINT('',(0.00349075237543119,0.0158100976740215,-0.008080000096));
#1678=CARTESIAN_POINT('',(0.00349631215731165,0.0157469347207938,-0.008080000096));
#1679=CARTESIAN_POINT('',(0.00350059098916364,0.0156852653394755,-0.008080000096));
#1680=CARTESIAN_POINT('',(0.00350246115783532,0.0156443114153169,-0.008080000096));
#1681=CARTESIAN_POINT('',(0.00350330298410111,0.0156252409427151,-0.008080000096));
#1682=CARTESIAN_POINT('',(0.00132872424357979,0.0168461700863316,-0.008080000096));
#1683=CARTESIAN_POINT('',(0.00156571190222408,0.0164074018367958,-0.008080000096));
#1684=CARTESIAN_POINT('',(0.00181390071686317,0.0159478953275686,-0.008080000096));
#1685=CARTESIAN_POINT('',(0.00181751190762286,0.0159421811674364,-0.008080000096));
#1686=CARTESIAN_POINT('',(0.00181977300041315,0.015938409845274,-0.008080000096));
#1687=CARTESIAN_POINT('',(0.00182253915214922,0.0159340757244711,-0.008080000096));
#1688=CARTESIAN_POINT('',(0.0018263700336121,0.0159282897393132,-0.008080000096));
#1689=CARTESIAN_POINT('',(0.00183114270785809,0.0159214004759757,-0.008080000096));
#1690=CARTESIAN_POINT('',(0.00183696024400291,0.0159133461782214,-0.008080000096));
#1691=CARTESIAN_POINT('',(0.00184385286614288,0.0159041966334047,-0.008080000096));
#1692=CARTESIAN_POINT('',(0.00185187170311304,0.0158939830448,-0.008080000096));
#1693=CARTESIAN_POINT('',(0.0018610600776107,0.0158827500005328,-0.008080000096));
#1694=CARTESIAN_POINT('',(0.00187146204594607,0.0158705398860454,-0.008080000096));
#1695=CARTESIAN_POINT('',(0.00188311982551456,0.0158573974506005,-0.008080000096));
#1696=CARTESIAN_POINT('',(0.00189607449753481,0.015843368434501,-0.008080000096));
#1697=CARTESIAN_POINT('',(0.00191036575766428,0.0158284999237923,-0.008080000096));
#1698=CARTESIAN_POINT('',(0.00192603194326324,0.0158128402039782,-0.008080000096));
#1699=CARTESIAN_POINT('',(0.00194310998266267,0.0157964387559709,-0.008080000096));
#1700=CARTESIAN_POINT('',(0.0019616353679706,0.0157793462101821,-0.008080000096));
#1701=CARTESIAN_POINT('',(0.0019816421224512,0.0157616143113385,-0.008080000096));
#1702=CARTESIAN_POINT('',(0.00200316277068663,0.0157432958791863,-0.008080000096));
#1703=CARTESIAN_POINT('',(0.00202622830920929,0.0157244447693344,-0.008080000096));
#1704=CARTESIAN_POINT('',(0.00205086817826897,0.0157051158330825,-0.008080000096));
#1705=CARTESIAN_POINT('',(0.00207711023456526,0.0156853648766004,-0.008080000096));
#1706=CARTESIAN_POINT('',(0.00210498072501115,0.0156652486193912,-0.008080000096));
#1707=CARTESIAN_POINT('',(0.00213450426152826,0.015644824652091,-0.008080000096));
#1708=CARTESIAN_POINT('',(0.00216570379689283,0.0156241513936263,-0.008080000096));
#1709=CARTESIAN_POINT('',(0.00219860060164576,0.0156032880477549,-0.008080000096));
#1710=CARTESIAN_POINT('',(0.00223321424208162,0.0155822945590167,-0.008080000096));
#1711=CARTESIAN_POINT('',(0.00226956255933049,0.0155612315681229,-0.008080000096));
#1712=CARTESIAN_POINT('',(0.00230766164954463,0.0155401603668044,-0.008080000096));
#1713=CARTESIAN_POINT('',(0.0023475258452089,0.0155191428521579,-0.008080000096));
#1714=CARTESIAN_POINT('',(0.00238916769756345,0.0154982414804843,-0.008080000096));
#1715=CARTESIAN_POINT('',(0.00243259796024171,0.0154775192207573,-0.008080000096));
#1716=CARTESIAN_POINT('',(0.00247782557378476,0.0154570395073389,-0.008080000096));
#1717=CARTESIAN_POINT('',(0.00252485765238032,0.0154368661935242,-0.008080000096));
#1718=CARTESIAN_POINT('',(0.00257369946772793,0.0154170635000205,-0.008080000096));
#1719=CARTESIAN_POINT('',(0.00262435444953134,0.0153976959809817,-0.008080000096));
#1720=CARTESIAN_POINT('',(0.00267682412829655,0.0153788284214681,-0.008080000096));
#1721=CARTESIAN_POINT('',(0.00273110830372457,0.0153605259947283,-0.008080000096));
#1722=CARTESIAN_POINT('',(0.0027872043597002,0.0153428534285819,-0.008080000096));
#1723=CARTESIAN_POINT('',(0.00284510983355292,0.0153258779424214,-0.008080000096));
#1724=CARTESIAN_POINT('',(0.00290481261010863,0.0153096578376146,-0.008080000096));
#1725=CARTESIAN_POINT('',(0.00296632818106507,0.0152942856430765,-0.008080000096));
#1726=CARTESIAN_POINT('',(0.00302656895319307,0.015280412274069,-0.008080000096));
#1727=CARTESIAN_POINT('',(0.00306672610775051,0.01527215852506,-0.008080000096));
#1728=CARTESIAN_POINT('',(0.00308543010054739,0.0152683437838929,-0.008080000096));
#1729=CARTESIAN_POINT('',(0.00151110099429902,0.0165085257023938,-0.008080000096));
#1730=CARTESIAN_POINT('',(0.00115039018534639,0.0163136711296335,-0.008080000096));
#1731=CARTESIAN_POINT('',(0.00100318786579804,0.0166963094305659,-0.008080000096));
#1732=CARTESIAN_POINT('',(-3.46944695195361E-18,0.019304,-0.008080000096));
#1733=CARTESIAN_POINT('',(0.000721166027274175,0.0166046749804617,-0.008080000096));
#1734=CARTESIAN_POINT('',(0.000826985999398511,0.0162085907397748,-0.008080000096));
#1735=CARTESIAN_POINT('',(0.000420632180690775,0.0161542109067248,-0.008080000096));
#1736=CARTESIAN_POINT('',(0.000369715682003533,0.0165345693158194,-0.008080000096));
#1737=CARTESIAN_POINT('',(0.000435890144954497,0.0160403004946264,-0.008080000096));
#1738=CARTESIAN_POINT('',(0.000505192325553829,0.015522670194607,-0.008080000096));
#1739=CARTESIAN_POINT('',(0.000505629509914243,0.0155159247372797,-0.008080000096));
#1740=CARTESIAN_POINT('',(0.000506016974969725,0.0155115446365628,-0.008080000096));
#1741=CARTESIAN_POINT('',(0.000506326643495859,0.0155064123559815,-0.008080000096));
#1742=CARTESIAN_POINT('',(0.000506628312034751,0.0154994796600324,-0.008080000096));
#1743=CARTESIAN_POINT('',(0.000506816544850106,0.0154911008213778,-0.008080000096));
#1744=CARTESIAN_POINT('',(0.00050684425668103,0.0154811652956663,-0.008080000096));
#1745=CARTESIAN_POINT('',(0.000506645975742504,0.0154697117767753,-0.008080000096));
#1746=CARTESIAN_POINT('',(0.000506161997113289,0.015456735455909,-0.008080000096));
#1747=CARTESIAN_POINT('',(0.000505331063752654,0.0154422469411759,-0.008080000096));
#1748=CARTESIAN_POINT('',(0.00050409261981892,0.0154262546274699,-0.008080000096));
#1749=CARTESIAN_POINT('',(0.00050238620776499,0.0154087699029428,-0.008080000096));
#1750=CARTESIAN_POINT('',(0.00050015170671152,0.0153898056253422,-0.008080000096));
#1751=CARTESIAN_POINT('',(0.00049732932571387,0.0153693765555569,-0.008080000096));
#1752=CARTESIAN_POINT('',(0.000493859667689042,0.0153474992232455,-0.008080000096));
#1753=CARTESIAN_POINT('',(0.000489683772839211,0.0153241919533781,-0.008080000096));
#1754=CARTESIAN_POINT('',(0.000484743167636553,0.0152994748450809,-0.008080000096));
#1755=CARTESIAN_POINT('',(0.000478979911894939,0.0152733697623438,-0.008080000096));
#1756=CARTESIAN_POINT('',(0.000472336646006627,0.0152459003197699,-0.008080000096));
#1757=CARTESIAN_POINT('',(0.000464756637717691,0.0152170918681571,-0.008080000096));
#1758=CARTESIAN_POINT('',(0.000456183828580609,0.0151869714785944,-0.008080000096));
#1759=CARTESIAN_POINT('',(0.000446562880008379,0.0151555679254644,-0.008080000096));
#1760=CARTESIAN_POINT('',(0.000435839218915022,0.0151229116682607,-0.008080000096));
#1761=CARTESIAN_POINT('',(0.000423959082910968,0.015089034832262,-0.008080000096));
#1762=CARTESIAN_POINT('',(0.000410869565026801,0.0150539711880694,-0.008080000096));
#1763=CARTESIAN_POINT('',(0.000396518657937782,0.0150177561300185,-0.008080000096));
#1764=CARTESIAN_POINT('',(0.000380855297662422,0.0149804266534817,-0.008080000096));
#1765=CARTESIAN_POINT('',(0.000363829406707736,0.0149420213310717,-0.008080000096));
#1766=CARTESIAN_POINT('',(0.000345391936637352,0.0149025802877596,-0.008080000096));
#1767=CARTESIAN_POINT('',(0.000325494910026977,0.014862145174925,-0.008080000096));
#1768=CARTESIAN_POINT('',(0.000304091461817254,0.0148207591433432,-0.008080000096));
#1769=CARTESIAN_POINT('',(0.000281135879902108,0.0147784668151567,-0.008080000096));
#1770=CARTESIAN_POINT('',(0.000256583645449296,0.0147353142547243,-0.008080000096));
#1771=CARTESIAN_POINT('',(0.000230391470934816,0.0146913489388323,-0.008080000096));
#1772=CARTESIAN_POINT('',(0.00020251734347965,0.0146466197244968,-0.008080000096));
#1773=CARTESIAN_POINT('',(0.00017292054441544,0.0146011768211964,-0.008080000096));
#1774=CARTESIAN_POINT('',(0.000141561755833835,0.0145550717415367,-0.008080000096));
#1775=CARTESIAN_POINT('',(0.000108402831905711,0.0145083573295166,-0.008080000096));
#1776=CARTESIAN_POINT('',(7.34078430550469E-5,0.0144610874887556,-0.008080000096));
#1777=CARTESIAN_POINT('',(3.65392710564814E-5,0.0144133180484064,-0.008080000096));
#1778=CARTESIAN_POINT('',(-2.22735139235667E-6,0.0143651032963868,-0.008080000096));
#1779=CARTESIAN_POINT('',(-4.29589444699042E-5,0.01431650898437,-0.008080000096));
#1780=CARTESIAN_POINT('',(-8.35401911735249E-5,0.0142698765556302,-0.008080000096));
#1781=CARTESIAN_POINT('',(-0.000111176579712605,0.0142395953491917,-0.008080000096));
#1782=CARTESIAN_POINT('',(-0.000124066179148636,0.0142255152276334,-0.008080000096));
#1783=CARTESIAN_POINT('',(-0.000798398275995853,0.0166265018780797,-0.008080000096));
#1784=CARTESIAN_POINT('',(-0.000941078700127062,0.0161486702929786,-0.008080000096));
#1785=CARTESIAN_POINT('',(-0.001090502874955,0.0156482541304589,-0.008080000096));
#1786=CARTESIAN_POINT('',(-0.00109198989885892,0.0156416601116063,-0.008080000096));
#1787=CARTESIAN_POINT('',(-0.00109305779228906,0.0156373945500863,-0.008080000096));
#1788=CARTESIAN_POINT('',(-0.00109416651384896,0.0156323738992257,-0.008080000096));
#1789=CARTESIAN_POINT('',(-0.00109554898092963,0.0156255737476243,-0.008080000096));
#1790=CARTESIAN_POINT('',(-0.00109704563542927,0.0156173275124773,-0.008080000096));
#1791=CARTESIAN_POINT('',(-0.00109862726473113,0.0156075186446597,-0.008080000096));
#1792=CARTESIAN_POINT('',(-0.00110022315006054,0.0155961751196197,-0.008080000096));
#1793=CARTESIAN_POINT('',(-0.00110177507382428,0.0155832828478583,-0.008080000096));
#1794=CARTESIAN_POINT('',(-0.00110322087368366,0.0155688427241682,-0.008080000096));
#1795=CARTESIAN_POINT('',(-0.00110449942608918,0.0155528535670674,-0.008080000096));
#1796=CARTESIAN_POINT('',(-0.00110554923632704,0.0155353171668566,-0.008080000096));
#1797=CARTESIAN_POINT('',(-0.00110630891231082,0.0155162368180057,-0.008080000096));
#1798=CARTESIAN_POINT('',(-0.00110671709010983,0.0154956177463082,-0.008080000096));
#1799=CARTESIAN_POINT('',(-0.00110671251810951,0.0154734669861638,-0.008080000096));
#1800=CARTESIAN_POINT('',(-0.00110623409574802,0.0154497934135879,-0.008080000096));
#1801=CARTESIAN_POINT('',(-0.00110522092520771,0.0154246077329776,-0.008080000096));
#1802=CARTESIAN_POINT('',(-0.00110361235936064,0.0153979224752991,-0.008080000096));
#1803=CARTESIAN_POINT('',(-0.00110134805065329,0.0153697519914008,-0.008080000096));
#1804=CARTESIAN_POINT('',(-0.00109836799956138,0.0153401124450905,-0.008080000096));
#1805=CARTESIAN_POINT('',(-0.00109461260295858,0.0153090218046941,-0.008080000096));
#1806=CARTESIAN_POINT('',(-0.00109002270226257,0.0152764998334713,-0.008080000096));
#1807=CARTESIAN_POINT('',(-0.00108453963135805,0.0152425680787972,-0.008080000096));
#1808=CARTESIAN_POINT('',(-0.00107810526425887,0.0152072498601447,-0.008080000096));
#1809=CARTESIAN_POINT('',(-0.00107066206248231,0.0151705702558689,-0.008080000096));
#1810=CARTESIAN_POINT('',(-0.00106215312210611,0.0151325560888048,-0.008080000096));
#1811=CARTESIAN_POINT('',(-0.00105252222047985,0.0150932359106836,-0.008080000096));
#1812=CARTESIAN_POINT('',(-0.00104171386256157,0.015052639985379,-0.008080000096));
#1813=CARTESIAN_POINT('',(-0.00102967332685414,0.0150108002709916,-0.008080000096));
#1814=CARTESIAN_POINT('',(-0.00101634671090369,0.0149677504007805,-0.008080000096));
#1815=CARTESIAN_POINT('',(-0.00100168097636904,0.014923525662953,-0.008080000096));
#1816=CARTESIAN_POINT('',(-0.000985623993495036,0.01487816297933,-0.008080000096));
#1817=CARTESIAN_POINT('',(-0.000968124585496803,0.0148317008828619,-0.008080000096));
#1818=CARTESIAN_POINT('',(-0.000949132570785913,0.0147841794941563,-0.008080000096));
#1819=CARTESIAN_POINT('',(-0.000928598810810422,0.0147356404964563,-0.008080000096));
#1820=CARTESIAN_POINT('',(-0.000906475233723444,0.0146861271112752,-0.008080000096));
#1821=CARTESIAN_POINT('',(-0.000882714947338393,0.0146356840663371,-0.008080000096));
#1822=CARTESIAN_POINT('',(-0.000857272008841949,0.014584357587721,-0.008080000096));
#1823=CARTESIAN_POINT('',(-0.000830102498626858,0.0145321952947797,-0.008080000096));
#1824=CARTESIAN_POINT('',(-0.000801160626775785,0.0144792464601726,-0.008080000096));
#1825=CARTESIAN_POINT('',(-0.000770413734718058,0.0144255608759139,-0.008080000096));
#1826=CARTESIAN_POINT('',(-0.000737785440345831,0.0143711930155424,-0.008080000096));
#1827=CARTESIAN_POINT('',(-0.000704998735173294,0.0143187864037637,-0.008080000096));
#1828=CARTESIAN_POINT('',(-0.000682439620767066,0.0142845547255685,-0.008080000096));
#1829=CARTESIAN_POINT('',(-0.000671911329972828,0.0142686315760789,-0.008080000096));
#1830=CARTESIAN_POINT('',(-0.000908189072343449,0.0162587914074034,-0.008080000096));
#1831=CARTESIAN_POINT('',(-0.00130103312114524,0.016376069476717,-0.008080000096));
#1832=CARTESIAN_POINT('',(-0.00113455474217321,0.0167507233724071,-0.008080000096));
#1833=CARTESIAN_POINT('',(1.7347234759768E-18,0.019304,-0.008080000096));
#1834=CARTESIAN_POINT('',(-0.00139876963769513,0.016885347585811,-0.008080000096));
#1835=CARTESIAN_POINT('',(-0.00160401747033186,0.0165304477134261,-0.008080000096));
#1836=CARTESIAN_POINT('',(-0.0019298053598106,0.0167793309054859,-0.008080000096));
#1837=CARTESIAN_POINT('',(-0.00169685475095445,0.0170842883173342,-0.008080000096));
#1838=CARTESIAN_POINT('',(-0.00199956317465512,0.0166879950706454,-0.008080000096));
#1839=CARTESIAN_POINT('',(-0.00231657902809374,0.0162729711335013,-0.008080000096));
#1840=CARTESIAN_POINT('',(-0.00232103965068618,0.0162678922388571,-0.008080000096));
#1841=CARTESIAN_POINT('',(-0.00232386287043712,0.0162645210607697,-0.008080000096));
#1842=CARTESIAN_POINT('',(-0.00232727297212438,0.016260673021653,-0.008080000096));
#1843=CARTESIAN_POINT('',(-0.00233196181657239,0.0162555575534659,-0.008080000096));
#1844=CARTESIAN_POINT('',(-0.00233775344950334,0.0162494997191346,-0.008080000096));
#1845=CARTESIAN_POINT('',(-0.00234475933188502,0.0162424546463058,-0.008080000096));
#1846=CARTESIAN_POINT('',(-0.00235299839855756,0.0162344959912257,-0.008080000096));
#1847=CARTESIAN_POINT('',(-0.00236251626760764,0.0162256625713169,-0.008080000096));
#1848=CARTESIAN_POINT('',(-0.00237334875323871,0.0162160052029139,-0.008080000096));
#1849=CARTESIAN_POINT('',(-0.00238553273881072,0.0162055726415492,-0.008080000096));
#1850=CARTESIAN_POINT('',(-0.00239910292162589,0.0161944156898037,-0.008080000096));
#1851=CARTESIAN_POINT('',(-0.00241409272176508,0.0161825859513595,-0.008080000096));
#1852=CARTESIAN_POINT('',(-0.00243053398028603,0.0161701361423236,-0.008080000096));
#1853=CARTESIAN_POINT('',(-0.00244845700903553,0.0161571199510095,-0.008080000096));
#1854=CARTESIAN_POINT('',(-0.00246789054117548,0.0161435920260013,-0.008080000096));
#1855=CARTESIAN_POINT('',(-0.0024888617115058,0.0161296079265549,-0.008080000096));
#1856=CARTESIAN_POINT('',(-0.00251139602974919,0.0161152240827447,-0.008080000096));
#1857=CARTESIAN_POINT('',(-0.00253551735722747,0.0161004977519842,-0.008080000096));
#1858=CARTESIAN_POINT('',(-0.00256124788398095,0.0160854869757558,-0.008080000096));
#1859=CARTESIAN_POINT('',(-0.00258860810716735,0.0160702505355187,-0.008080000096));
#1860=CARTESIAN_POINT('',(-0.00261761681051574,0.016054847908124,-0.008080000096));
#1861=CARTESIAN_POINT('',(-0.00264829104491095,0.0160393392206854,-0.008080000096));
#1862=CARTESIAN_POINT('',(-0.00268064611010065,0.0160237852049554,-0.008080000096));
#1863=CARTESIAN_POINT('',(-0.00271469553754077,0.016008247151232,-0.008080000096));
#1864=CARTESIAN_POINT('',(-0.00275045107438843,0.015992786861822,-0.008080000096));
#1865=CARTESIAN_POINT('',(-0.00278792266865255,0.0159774666040916,-0.008080000096));
#1866=CARTESIAN_POINT('',(-0.00282711845551214,0.0159623490631316,-0.008080000096));
#1867=CARTESIAN_POINT('',(-0.00286804474480993,0.0159474972940632,-0.008080000096));
#1868=CARTESIAN_POINT('',(-0.00291070600973495,0.0159329746740215,-0.008080000096));
#1869=CARTESIAN_POINT('',(-0.00295510487668268,0.0159188448538135,-0.008080000096));
#1870=CARTESIAN_POINT('',(-0.00300124211637381,0.015905171709399,-0.008080000096));
#1871=CARTESIAN_POINT('',(-0.00304911663595602,0.0158920192927665,-0.008080000096));
#1872=CARTESIAN_POINT('',(-0.00309872547317349,0.0158794517839754,-0.008080000096));
#1873=CARTESIAN_POINT('',(-0.00315006378849045,0.0158675334377449,-0.008080000096));
#1874=CARTESIAN_POINT('',(-0.00320312487089071,0.015856328549984,-0.008080000096));
#1875=CARTESIAN_POINT('',(-0.00325790009742102,0.0158459013475654,-0.008080000096));
#1876=CARTESIAN_POINT('',(-0.00331437907490606,0.0158363161700132,-0.008080000096));
#1877=CARTESIAN_POINT('',(-0.00337254909377756,0.0158276365389895,-0.008080000096));
#1878=CARTESIAN_POINT('',(-0.00343239720625484,0.0158199284610579,-0.008080000096));
#1879=CARTESIAN_POINT('',(-0.00349390232597843,0.0158132476245688,-0.008080000096));
#1880=CARTESIAN_POINT('',(-0.00355706527920621,0.0158076878426884,-0.008080000096));
#1881=CARTESIAN_POINT('',(-0.00361873466052448,0.0158034090108364,-0.008080000096));
#1882=CARTESIAN_POINT('',(-0.00365968858468315,0.0158015388421647,-0.008080000096));
#1883=CARTESIAN_POINT('',(-0.00367875905728493,0.0158006970158989,-0.008080000096));
#1884=CARTESIAN_POINT('',(-0.00245782991366842,0.0179752757564202,-0.008080000096));
#1885=CARTESIAN_POINT('',(-0.00289659816320421,0.0177382880977759,-0.008080000096));
#1886=CARTESIAN_POINT('',(-0.00335610467243138,0.0174900992831368,-0.008080000096));
#1887=CARTESIAN_POINT('',(-0.00336181883256356,0.0174864880923771,-0.008080000096));
#1888=CARTESIAN_POINT('',(-0.00336559015472593,0.0174842269995868,-0.008080000096));
#1889=CARTESIAN_POINT('',(-0.0033699242755289,0.0174814608478508,-0.008080000096));
#1890=CARTESIAN_POINT('',(-0.00337571026068682,0.0174776299663879,-0.008080000096));
#1891=CARTESIAN_POINT('',(-0.00338259952402437,0.0174728572921419,-0.008080000096));
#1892=CARTESIAN_POINT('',(-0.00339065382177853,0.0174670397559971,-0.008080000096));
#1893=CARTESIAN_POINT('',(-0.00339980336659534,0.0174601471338571,-0.008080000096));
#1894=CARTESIAN_POINT('',(-0.00341001695519996,0.0174521282968869,-0.008080000096));
#1895=CARTESIAN_POINT('',(-0.00342124999946723,0.0174429399223893,-0.008080000096));
#1896=CARTESIAN_POINT('',(-0.00343346011395468,0.017432537954054,-0.008080000096));
#1897=CARTESIAN_POINT('',(-0.00344660254939949,0.0174208801744855,-0.008080000096));
#1898=CARTESIAN_POINT('',(-0.00346063156549898,0.0174079255024652,-0.008080000096));
#1899=CARTESIAN_POINT('',(-0.00347550007620768,0.0173936342423358,-0.008080000096));
#1900=CARTESIAN_POINT('',(-0.00349115979602179,0.0173779680567368,-0.008080000096));
#1901=CARTESIAN_POINT('',(-0.00350756124402907,0.0173608900173374,-0.008080000096));
#1902=CARTESIAN_POINT('',(-0.00352465378981787,0.0173423646320294,-0.008080000096));
#1903=CARTESIAN_POINT('',(-0.00354238568866158,0.0173223578775488,-0.008080000096));
#1904=CARTESIAN_POINT('',(-0.00356070412081368,0.0173008372293134,-0.008080000096));
#1905=CARTESIAN_POINT('',(-0.0035795552306656,0.0172777716907907,-0.008080000096));
#1906=CARTESIAN_POINT('',(-0.00359888416691751,0.017253131821731,-0.008080000096));
#1907=CARTESIAN_POINT('',(-0.00361863512339956,0.0172268897654347,-0.008080000096));
#1908=CARTESIAN_POINT('',(-0.00363875138060882,0.0171990192749889,-0.008080000096));
#1909=CARTESIAN_POINT('',(-0.00365917534790899,0.0171694957384718,-0.008080000096));
#1910=CARTESIAN_POINT('',(-0.00367984860637366,0.0171382962031072,-0.008080000096));
#1911=CARTESIAN_POINT('',(-0.00370071195224515,0.0171053993983543,-0.008080000096));
#1912=CARTESIAN_POINT('',(-0.00372170544098327,0.0170707857579184,-0.008080000096));
#1913=CARTESIAN_POINT('',(-0.00374276843187713,0.0170344374406695,-0.008080000096));
#1914=CARTESIAN_POINT('',(-0.00376383963319558,0.0169963383504554,-0.008080000096));
#1915=CARTESIAN_POINT('',(-0.00378485714784217,0.0169564741547911,-0.008080000096));
#1916=CARTESIAN_POINT('',(-0.00380575851951567,0.0169148323024366,-0.008080000096));
#1917=CARTESIAN_POINT('',(-0.00382648077924272,0.0168714020397583,-0.008080000096));
#1918=CARTESIAN_POINT('',(-0.00384696049266117,0.0168261744262152,-0.008080000096));
#1919=CARTESIAN_POINT('',(-0.0038671338064758,0.0167791423476197,-0.008080000096));
#1920=CARTESIAN_POINT('',(-0.00388693649997956,0.016730300532272,-0.008080000096));
#1921=CARTESIAN_POINT('',(-0.00390630401901835,0.0166796455504686,-0.008080000096));
#1922=CARTESIAN_POINT('',(-0.00392517157853196,0.0166271758717034,-0.008080000096));
#1923=CARTESIAN_POINT('',(-0.00394347400527168,0.0165728916962754,-0.008080000096));
#1924=CARTESIAN_POINT('',(-0.00396114657141809,0.0165167956402998,-0.008080000096));
#1925=CARTESIAN_POINT('',(-0.00397812205757857,0.0164588901664471,-0.008080000096));
#1926=CARTESIAN_POINT('',(-0.00399434216238543,0.0163991873898914,-0.008080000096));
#1927=CARTESIAN_POINT('',(-0.00400971435692354,0.0163376718189349,-0.008080000096));
#1928=CARTESIAN_POINT('',(-0.00402358772593101,0.0162774310468069,-0.008080000096));
#1929=CARTESIAN_POINT('',(-0.00403184147494005,0.0162372738922495,-0.008080000096));
#1930=CARTESIAN_POINT('',(-0.0040356562161071,0.0162185698994526,-0.008080000096));
#1931=CARTESIAN_POINT('',(-0.00279547429760617,0.017792899005701,-0.008080000096));
#1932=CARTESIAN_POINT('',(-0.00299032887036658,0.0181536098146536,-0.008080000096));
#1933=CARTESIAN_POINT('',(-0.00260769056943411,0.018300812134202,-0.008080000096));
#1934=CARTESIAN_POINT('',(8.02309607639273E-18,0.019304,-0.008080000096));
#1935=CARTESIAN_POINT('',(-0.00269932501953833,0.0185828339727259,-0.008080000096));
#1936=CARTESIAN_POINT('',(-0.00309540926022521,0.0184770140006015,-0.008080000096));
#1937=CARTESIAN_POINT('',(-0.00314978909327521,0.0188833678193093,-0.008080000096));
#1938=CARTESIAN_POINT('',(-0.00276943068418053,0.0189342843179965,-0.008080000096));
#1939=CARTESIAN_POINT('',(-0.00326369950537357,0.0188681098550455,-0.008080000096));
#1940=CARTESIAN_POINT('',(-0.00378132980539308,0.0187988076744462,-0.008080000096));
#1941=CARTESIAN_POINT('',(-0.00378807526272034,0.0187983704900858,-0.008080000096));
#1942=CARTESIAN_POINT('',(-0.00379245536343716,0.0187979830250303,-0.008080000096));
#1943=CARTESIAN_POINT('',(-0.0037975876440185,0.0187976733565041,-0.008080000096));
#1944=CARTESIAN_POINT('',(-0.00380452033996762,0.0187973716879653,-0.008080000096));
#1945=CARTESIAN_POINT('',(-0.00381289917862221,0.0187971834551499,-0.008080000096));
#1946=CARTESIAN_POINT('',(-0.00382283470433369,0.018797155743319,-0.008080000096));
#1947=CARTESIAN_POINT('',(-0.00383428822322478,0.0187973540242575,-0.008080000096));
#1948=CARTESIAN_POINT('',(-0.00384726454409107,0.0187978380028867,-0.008080000096));
#1949=CARTESIAN_POINT('',(-0.00386175305882412,0.0187986689362474,-0.008080000096));
#1950=CARTESIAN_POINT('',(-0.00387774537253008,0.0187999073801811,-0.008080000096));
#1951=CARTESIAN_POINT('',(-0.00389523009705724,0.018801613792235,-0.008080000096));
#1952=CARTESIAN_POINT('',(-0.00391419437465788,0.0188038482932885,-0.008080000096));
#1953=CARTESIAN_POINT('',(-0.00393462344444304,0.0188066706742862,-0.008080000096));
#1954=CARTESIAN_POINT('',(-0.00395650077675455,0.0188101403323109,-0.008080000096));
#1955=CARTESIAN_POINT('',(-0.00397980804662185,0.0188143162271608,-0.008080000096));
#1956=CARTESIAN_POINT('',(-0.00400452515491916,0.0188192568323634,-0.008080000096));
#1957=CARTESIAN_POINT('',(-0.00403063023765618,0.0188250200881051,-0.008080000096));
#1958=CARTESIAN_POINT('',(-0.0040580996802301,0.0188316633539934,-0.008080000096));
#1959=CARTESIAN_POINT('',(-0.00408690813184294,0.0188392433622823,-0.008080000096));
#1960=CARTESIAN_POINT('',(-0.00411702852140562,0.0188478161714194,-0.008080000096));
#1961=CARTESIAN_POINT('',(-0.00414843207453554,0.0188574371199916,-0.008080000096));
#1962=CARTESIAN_POINT('',(-0.00418108833173931,0.018868160781085,-0.008080000096));
#1963=CARTESIAN_POINT('',(-0.00421496516773799,0.0188800409170891,-0.008080000096));
#1964=CARTESIAN_POINT('',(-0.00425002881193067,0.0188931304349732,-0.008080000096));
#1965=CARTESIAN_POINT('',(-0.00428624386998155,0.0189074813420622,-0.008080000096));
#1966=CARTESIAN_POINT('',(-0.00432357334651825,0.0189231447023376,-0.008080000096));
#1967=CARTESIAN_POINT('',(-0.00436197866892829,0.0189401705932922,-0.008080000096));
#1968=CARTESIAN_POINT('',(-0.00440141971224044,0.0189586080633627,-0.008080000096));
#1969=CARTESIAN_POINT('',(-0.00444185482507502,0.018978505089973,-0.008080000096));
#1970=CARTESIAN_POINT('',(-0.00448324085665678,0.0189999085381828,-0.008080000096));
#1971=CARTESIAN_POINT('',(-0.00452553318484327,0.0190228641200979,-0.008080000096));
#1972=CARTESIAN_POINT('',(-0.00456868574527573,0.0190474163545507,-0.008080000096));
#1973=CARTESIAN_POINT('',(-0.00461265106116775,0.0190736085290652,-0.008080000096));
#1974=CARTESIAN_POINT('',(-0.00465738027550321,0.0191014826565204,-0.008080000096));
#1975=CARTESIAN_POINT('',(-0.00470282317880365,0.0191310794555846,-0.008080000096));
#1976=CARTESIAN_POINT('',(-0.00474892825846326,0.0191624382441661,-0.008080000096));
#1977=CARTESIAN_POINT('',(-0.00479564267048345,0.0191955971680943,-0.008080000096));
#1978=CARTESIAN_POINT('',(-0.00484291251124436,0.019230592156945,-0.008080000096));
#1979=CARTESIAN_POINT('',(-0.00489068195159359,0.0192674607289435,-0.008080000096));
#1980=CARTESIAN_POINT('',(-0.00493889670361324,0.0193062273513924,-0.008080000096));
#1981=CARTESIAN_POINT('',(-0.00498749101562996,0.0193469589444699,-0.008080000096));
#1982=CARTESIAN_POINT('',(-0.00503412344436979,0.0193875401911736,-0.008080000096));
#1983=CARTESIAN_POINT('',(-0.0050644046508083,0.0194151765797126,-0.008080000096));
#1984=CARTESIAN_POINT('',(-0.00507848477236657,0.0194280661791487,-0.008080000096));
#1985=CARTESIAN_POINT('',(-0.00267749812192032,0.0201023982759958,-0.008080000096));
#1986=CARTESIAN_POINT('',(-0.00315532970702133,0.020245078700127,-0.008080000096));
#1987=CARTESIAN_POINT('',(-0.00365574586954118,0.020394502874955,-0.008080000096));
#1988=CARTESIAN_POINT('',(-0.00366233988839376,0.0203959898988589,-0.008080000096));
#1989=CARTESIAN_POINT('',(-0.00366660544991371,0.0203970577922891,-0.008080000096));
#1990=CARTESIAN_POINT('',(-0.00367162610077434,0.0203981665138489,-0.008080000096));
#1991=CARTESIAN_POINT('',(-0.00367842625237568,0.0203995489809296,-0.008080000096));
#1992=CARTESIAN_POINT('',(-0.00368667248752277,0.0204010456354293,-0.008080000096));
#1993=CARTESIAN_POINT('',(-0.00369648135534024,0.0204026272647311,-0.008080000096));
#1994=CARTESIAN_POINT('',(-0.0037078248803803,0.0204042231500605,-0.008080000096));
#1995=CARTESIAN_POINT('',(-0.00372071715214171,0.0204057750738243,-0.008080000096));
#1996=CARTESIAN_POINT('',(-0.00373515727583184,0.0204072208736836,-0.008080000096));
#1997=CARTESIAN_POINT('',(-0.00375114643293261,0.0204084994260892,-0.008080000096));
#1998=CARTESIAN_POINT('',(-0.00376868283314339,0.0204095492363271,-0.008080000096));
#1999=CARTESIAN_POINT('',(-0.00378776318199429,0.0204103089123108,-0.008080000096));
#2000=CARTESIAN_POINT('',(-0.00380838225369181,0.0204107170901098,-0.008080000096));
#2001=CARTESIAN_POINT('',(-0.00383053301383619,0.0204107125181095,-0.008080000096));
#2002=CARTESIAN_POINT('',(-0.00385420658641213,0.0204102340957481,-0.008080000096));
#2003=CARTESIAN_POINT('',(-0.00387939226702246,0.0204092209252077,-0.008080000096));
#2004=CARTESIAN_POINT('',(-0.00390607752470093,0.0204076123593607,-0.008080000096));
#2005=CARTESIAN_POINT('',(-0.00393424800859918,0.0204053480506533,-0.008080000096));
#2006=CARTESIAN_POINT('',(-0.00396388755490947,0.0204023679995614,-0.008080000096));
#2007=CARTESIAN_POINT('',(-0.00399497819530596,0.0203986126029586,-0.008080000096));
#2008=CARTESIAN_POINT('',(-0.00402750016652872,0.0203940227022626,-0.008080000096));
#2009=CARTESIAN_POINT('',(-0.00406143192120277,0.020388539631358,-0.008080000096));
#2010=CARTESIAN_POINT('',(-0.00409675013985532,0.0203821052642589,-0.008080000096));
#2011=CARTESIAN_POINT('',(-0.00413342974413105,0.0203746620624823,-0.008080000096));
#2012=CARTESIAN_POINT('',(-0.00417144391119519,0.0203661531221061,-0.008080000096));
#2013=CARTESIAN_POINT('',(-0.00421076408931643,0.0203565222204798,-0.008080000096));
#2014=CARTESIAN_POINT('',(-0.00425136001462095,0.0203457138625616,-0.008080000096));
#2015=CARTESIAN_POINT('',(-0.00429319972900842,0.0203336733268541,-0.008080000096));
#2016=CARTESIAN_POINT('',(-0.00433624959921947,0.0203203467109037,-0.008080000096));
#2017=CARTESIAN_POINT('',(-0.00438047433704697,0.0203056809763691,-0.008080000096));
#2018=CARTESIAN_POINT('',(-0.00442583702066998,0.020289623993495,-0.008080000096));
#2019=CARTESIAN_POINT('',(-0.00447229911713811,0.0202721245854968,-0.008080000096));
#2020=CARTESIAN_POINT('',(-0.00451982050584366,0.0202531325707859,-0.008080000096));
#2021=CARTESIAN_POINT('',(-0.00456835950354368,0.0202325988108104,-0.008080000096));
#2022=CARTESIAN_POINT('',(-0.00461787288872484,0.0202104752337234,-0.008080000096));
#2023=CARTESIAN_POINT('',(-0.00466831593366291,0.0201867149473384,-0.008080000096));
#2024=CARTESIAN_POINT('',(-0.00471964241227902,0.020161272008842,-0.008080000096));
#2025=CARTESIAN_POINT('',(-0.0047718047052203,0.0201341024986268,-0.008080000096));
#2026=CARTESIAN_POINT('',(-0.00482475353982739,0.0201051606267758,-0.008080000096));
#2027=CARTESIAN_POINT('',(-0.00487843912408608,0.020074413734718,-0.008080000096));
#2028=CARTESIAN_POINT('',(-0.00493280698445756,0.0200417854403458,-0.008080000096));
#2029=CARTESIAN_POINT('',(-0.00498521359623626,0.0200089987351733,-0.008080000096));
#2030=CARTESIAN_POINT('',(-0.00501944527443149,0.0199864396207671,-0.008080000096));
#2031=CARTESIAN_POINT('',(-0.00503536842392112,0.0199759113299729,-0.008080000096));
#2032=CARTESIAN_POINT('',(-0.0030452085925966,0.0202121890723434,-0.008080000096));
#2033=CARTESIAN_POINT('',(-0.002927930523283,0.0206050331211453,-0.008080000096));
#2034=CARTESIAN_POINT('',(-0.00255327662759292,0.0204385547421732,-0.008080000096));
#2035=CARTESIAN_POINT('',(6.93889390390723E-18,0.019304,-0.008080000096));
#2036=CARTESIAN_POINT('',(-0.002418652414189,0.0207027696376951,-0.008080000096));
#2037=CARTESIAN_POINT('',(-0.0027735522865739,0.0209080174703319,-0.008080000096));
#2038=CARTESIAN_POINT('',(-0.00252466909451405,0.0212338053598106,-0.008080000096));
#2039=CARTESIAN_POINT('',(-0.00221971168266586,0.0210008547509544,-0.008080000096));
#2040=CARTESIAN_POINT('',(-0.00261600492935455,0.0213035631746552,-0.008080000096));
#2041=CARTESIAN_POINT('',(-0.00303102886649876,0.0216205790280938,-0.008080000096));
#2042=CARTESIAN_POINT('',(-0.00303610776114296,0.0216250396506862,-0.008080000096));
#2043=CARTESIAN_POINT('',(-0.00303947893923031,0.0216278628704371,-0.008080000096));
#2044=CARTESIAN_POINT('',(-0.00304332697834708,0.0216312729721244,-0.008080000096));
#2045=CARTESIAN_POINT('',(-0.00304844244653412,0.0216359618165724,-0.008080000096));
#2046=CARTESIAN_POINT('',(-0.00305450028086543,0.0216417534495034,-0.008080000096));
#2047=CARTESIAN_POINT('',(-0.00306154535369424,0.021648759331885,-0.008080000096));
#2048=CARTESIAN_POINT('',(-0.00306950400877436,0.0216569983985576,-0.008080000096));
#2049=CARTESIAN_POINT('',(-0.0030783374286831,0.0216665162676076,-0.008080000096));
#2050=CARTESIAN_POINT('',(-0.00308799479708615,0.0216773487532387,-0.008080000096));
#2051=CARTESIAN_POINT('',(-0.00309842735845082,0.0216895327388107,-0.008080000096));
#2052=CARTESIAN_POINT('',(-0.00310958431019633,0.0217031029216259,-0.008080000096));
#2053=CARTESIAN_POINT('',(-0.00312141404864056,0.0217180927217651,-0.008080000096));
#2054=CARTESIAN_POINT('',(-0.00313386385767646,0.021734533980286,-0.008080000096));
#2055=CARTESIAN_POINT('',(-0.00314688004899044,0.0217524570090355,-0.008080000096));
#2056=CARTESIAN_POINT('',(-0.00316040797399872,0.0217718905411755,-0.008080000096));
#2057=CARTESIAN_POINT('',(-0.0031743920734451,0.0217928617115058,-0.008080000096));
#2058=CARTESIAN_POINT('',(-0.00318877591725528,0.0218153960297492,-0.008080000096));
#2059=CARTESIAN_POINT('',(-0.00320350224801586,0.0218395173572274,-0.008080000096));
#2060=CARTESIAN_POINT('',(-0.00321851302424423,0.021865247883981,-0.008080000096));
#2061=CARTESIAN_POINT('',(-0.00323374946448133,0.0218926081071673,-0.008080000096));
#2062=CARTESIAN_POINT('',(-0.00324915209187598,0.0219216168105158,-0.008080000096));
#2063=CARTESIAN_POINT('',(-0.00326466077931467,0.0219522910449109,-0.008080000096));
#2064=CARTESIAN_POINT('',(-0.0032802147950446,0.0219846461101007,-0.008080000096));
#2065=CARTESIAN_POINT('',(-0.003295752848768,0.0220186955375407,-0.008080000096));
#2066=CARTESIAN_POINT('',(-0.00331121313817802,0.0220544510743884,-0.008080000096));
#2067=CARTESIAN_POINT('',(-0.0033265333959084,0.0220919226686525,-0.008080000096));
#2068=CARTESIAN_POINT('',(-0.00334165093686839,0.0221311184555122,-0.008080000096));
#2069=CARTESIAN_POINT('',(-0.00335650270593679,0.02217204474481,-0.008080000096));
#2070=CARTESIAN_POINT('',(-0.00337102532597852,0.0222147060097349,-0.008080000096));
#2071=CARTESIAN_POINT('',(-0.0033851551461865,0.0222591048766827,-0.008080000096));
#2072=CARTESIAN_POINT('',(-0.00339882829060106,0.0223052421163738,-0.008080000096));
#2073=CARTESIAN_POINT('',(-0.00341198070723354,0.0223531166359561,-0.008080000096));
#2074=CARTESIAN_POINT('',(-0.00342454821602459,0.0224027254731735,-0.008080000096));
#2075=CARTESIAN_POINT('',(-0.00343646656225514,0.0224540637884904,-0.008080000096));
#2076=CARTESIAN_POINT('',(-0.00344767145001597,0.0225071248708907,-0.008080000096));
#2077=CARTESIAN_POINT('',(-0.00345809865243457,0.022561900097421,-0.008080000096));
#2078=CARTESIAN_POINT('',(-0.00346768382998676,0.0226183790749061,-0.008080000096));
#2079=CARTESIAN_POINT('',(-0.00347636346101056,0.0226765490937776,-0.008080000096));
#2080=CARTESIAN_POINT('',(-0.00348407153894214,0.0227363972062549,-0.008080000096));
#2081=CARTESIAN_POINT('',(-0.00349075237543119,0.0227979023259784,-0.008080000096));
#2082=CARTESIAN_POINT('',(-0.00349631215731165,0.0228610652792062,-0.008080000096));
#2083=CARTESIAN_POINT('',(-0.00350059098916364,0.0229227346605245,-0.008080000096));
#2084=CARTESIAN_POINT('',(-0.00350246115783532,0.0229636885846831,-0.008080000096));
#2085=CARTESIAN_POINT('',(-0.00350330298410111,0.0229827590572849,-0.008080000096));
#2086=CARTESIAN_POINT('',(-0.00132872424357979,0.0217618299136684,-0.008080000096));
#2087=CARTESIAN_POINT('',(-0.00156571190222408,0.0222005981632042,-0.008080000096));
#2088=CARTESIAN_POINT('',(-0.00181390071686317,0.0226601046724314,-0.008080000096));
#2089=CARTESIAN_POINT('',(-0.00181751190762286,0.0226658188325636,-0.008080000096));
#2090=CARTESIAN_POINT('',(-0.00181977300041315,0.022669590154726,-0.008080000096));
#2091=CARTESIAN_POINT('',(-0.00182253915214922,0.0226739242755289,-0.008080000096));
#2092=CARTESIAN_POINT('',(-0.0018263700336121,0.0226797102606868,-0.008080000096));
#2093=CARTESIAN_POINT('',(-0.00183114270785809,0.0226865995240243,-0.008080000096));
#2094=CARTESIAN_POINT('',(-0.00183696024400291,0.0226946538217786,-0.008080000096));
#2095=CARTESIAN_POINT('',(-0.00184385286614288,0.0227038033665953,-0.008080000096));
#2096=CARTESIAN_POINT('',(-0.00185187170311304,0.0227140169552,-0.008080000096));
#2097=CARTESIAN_POINT('',(-0.0018610600776107,0.0227252499994673,-0.008080000096));
#2098=CARTESIAN_POINT('',(-0.00187146204594607,0.0227374601139547,-0.008080000096));
#2099=CARTESIAN_POINT('',(-0.00188311982551456,0.0227506025493995,-0.008080000096));
#2100=CARTESIAN_POINT('',(-0.00189607449753481,0.022764631565499,-0.008080000096));
#2101=CARTESIAN_POINT('',(-0.00191036575766428,0.0227795000762077,-0.008080000096));
#2102=CARTESIAN_POINT('',(-0.00192603194326324,0.0227951597960218,-0.008080000096));
#2103=CARTESIAN_POINT('',(-0.00194310998266267,0.0228115612440291,-0.008080000096));
#2104=CARTESIAN_POINT('',(-0.0019616353679706,0.0228286537898179,-0.008080000096));
#2105=CARTESIAN_POINT('',(-0.0019816421224512,0.0228463856886616,-0.008080000096));
#2106=CARTESIAN_POINT('',(-0.00200316277068663,0.0228647041208137,-0.008080000096));
#2107=CARTESIAN_POINT('',(-0.00202622830920929,0.0228835552306656,-0.008080000096));
#2108=CARTESIAN_POINT('',(-0.00205086817826897,0.0229028841669175,-0.008080000096));
#2109=CARTESIAN_POINT('',(-0.00207711023456526,0.0229226351233996,-0.008080000096));
#2110=CARTESIAN_POINT('',(-0.00210498072501115,0.0229427513806089,-0.008080000096));
#2111=CARTESIAN_POINT('',(-0.00213450426152826,0.022963175347909,-0.008080000096));
#2112=CARTESIAN_POINT('',(-0.00216570379689283,0.0229838486063737,-0.008080000096));
#2113=CARTESIAN_POINT('',(-0.00219860060164576,0.0230047119522451,-0.008080000096));
#2114=CARTESIAN_POINT('',(-0.00223321424208162,0.0230257054409833,-0.008080000096));
#2115=CARTESIAN_POINT('',(-0.00226956255933049,0.0230467684318772,-0.008080000096));
#2116=CARTESIAN_POINT('',(-0.00230766164954463,0.0230678396331956,-0.008080000096));
#2117=CARTESIAN_POINT('',(-0.0023475258452089,0.0230888571478422,-0.008080000096));
#2118=CARTESIAN_POINT('',(-0.00238916769756345,0.0231097585195157,-0.008080000096));
#2119=CARTESIAN_POINT('',(-0.00243259796024171,0.0231304807792427,-0.008080000096));
#2120=CARTESIAN_POINT('',(-0.00247782557378476,0.0231509604926612,-0.008080000096));
#2121=CARTESIAN_POINT('',(-0.00252485765238032,0.0231711338064758,-0.008080000096));
#2122=CARTESIAN_POINT('',(-0.00257369946772793,0.0231909364999795,-0.008080000096));
#2123=CARTESIAN_POINT('',(-0.00262435444953134,0.0232103040190184,-0.008080000096));
#2124=CARTESIAN_POINT('',(-0.00267682412829655,0.0232291715785319,-0.008080000096));
#2125=CARTESIAN_POINT('',(-0.00273110830372457,0.0232474740052717,-0.008080000096));
#2126=CARTESIAN_POINT('',(-0.0027872043597002,0.0232651465714181,-0.008080000096));
#2127=CARTESIAN_POINT('',(-0.00284510983355292,0.0232821220575785,-0.008080000096));
#2128=CARTESIAN_POINT('',(-0.00290481261010863,0.0232983421623855,-0.008080000096));
#2129=CARTESIAN_POINT('',(-0.00296632818106507,0.0233137143569235,-0.008080000096));
#2130=CARTESIAN_POINT('',(-0.00302656895319307,0.023327587725931,-0.008080000096));
#2131=CARTESIAN_POINT('',(-0.00306672610775051,0.0233358414749401,-0.008080000096));
#2132=CARTESIAN_POINT('',(-0.00308543010054739,0.0233396562161071,-0.008080000096));
#2133=CARTESIAN_POINT('',(-0.00151110099429902,0.0220994742976061,-0.008080000096));
#2134=CARTESIAN_POINT('',(-0.00115039018534639,0.0222943288703666,-0.008080000096));
#2135=CARTESIAN_POINT('',(-0.00100318786579804,0.0219116905694341,-0.008080000096));
#2136=CARTESIAN_POINT('',(3.46944695195361E-18,0.019304,-0.008080000096));
#2137=CARTESIAN_POINT('',(-0.000721166027274175,0.0220033250195384,-0.008080000096));
#2138=CARTESIAN_POINT('',(-0.000826985999398511,0.0223994092602252,-0.008080000096));
#2139=CARTESIAN_POINT('',(-0.000420632180690775,0.0224537890932752,-0.008080000096));
#2140=CARTESIAN_POINT('',(-0.000369715682003533,0.0220734306841806,-0.008080000096));
#2141=CARTESIAN_POINT('',(-0.000435890144954497,0.0225676995053736,-0.008080000096));
#2142=CARTESIAN_POINT('',(-0.000505192325553829,0.0230853298053931,-0.008080000096));
#2143=CARTESIAN_POINT('',(-0.000505629509914243,0.0230920752627203,-0.008080000096));
#2144=CARTESIAN_POINT('',(-0.000506016974969725,0.0230964553634372,-0.008080000096));
#2145=CARTESIAN_POINT('',(-0.000506326643495859,0.0231015876440185,-0.008080000096));
#2146=CARTESIAN_POINT('',(-0.000506628312034751,0.0231085203399677,-0.008080000096));
#2147=CARTESIAN_POINT('',(-0.000506816544850106,0.0231168991786222,-0.008080000096));
#2148=CARTESIAN_POINT('',(-0.00050684425668103,0.0231268347043337,-0.008080000096));
#2149=CARTESIAN_POINT('',(-0.000506645975742504,0.0231382882232248,-0.008080000096));
#2150=CARTESIAN_POINT('',(-0.000506161997113289,0.0231512645440911,-0.008080000096));
#2151=CARTESIAN_POINT('',(-0.000505331063752654,0.0231657530588242,-0.008080000096));
#2152=CARTESIAN_POINT('',(-0.00050409261981892,0.0231817453725301,-0.008080000096));
#2153=CARTESIAN_POINT('',(-0.00050238620776499,0.0231992300970573,-0.008080000096));
#2154=CARTESIAN_POINT('',(-0.00050015170671152,0.0232181943746579,-0.008080000096));
#2155=CARTESIAN_POINT('',(-0.00049732932571387,0.023238623444443,-0.008080000096));
#2156=CARTESIAN_POINT('',(-0.000493859667689042,0.0232605007767545,-0.008080000096));
#2157=CARTESIAN_POINT('',(-0.000489683772839211,0.0232838080466218,-0.008080000096));
#2158=CARTESIAN_POINT('',(-0.000484743167636553,0.0233085251549192,-0.008080000096));
#2159=CARTESIAN_POINT('',(-0.000478979911894939,0.0233346302376562,-0.008080000096));
#2160=CARTESIAN_POINT('',(-0.000472336646006627,0.0233620996802301,-0.008080000096));
#2161=CARTESIAN_POINT('',(-0.000464756637717691,0.0233909081318429,-0.008080000096));
#2162=CARTESIAN_POINT('',(-0.000456183828580609,0.0234210285214057,-0.008080000096));
#2163=CARTESIAN_POINT('',(-0.000446562880008379,0.0234524320745356,-0.008080000096));
#2164=CARTESIAN_POINT('',(-0.000435839218915022,0.0234850883317393,-0.008080000096));
#2165=CARTESIAN_POINT('',(-0.000423959082910968,0.023518965167738,-0.008080000096));
#2166=CARTESIAN_POINT('',(-0.000410869565026801,0.0235540288119307,-0.008080000096));
#2167=CARTESIAN_POINT('',(-0.000396518657937782,0.0235902438699815,-0.008080000096));
#2168=CARTESIAN_POINT('',(-0.000380855297662422,0.0236275733465183,-0.008080000096));
#2169=CARTESIAN_POINT('',(-0.000363829406707736,0.0236659786689283,-0.008080000096));
#2170=CARTESIAN_POINT('',(-0.000345391936637352,0.0237054197122405,-0.008080000096));
#2171=CARTESIAN_POINT('',(-0.000325494910026977,0.0237458548250751,-0.008080000096));
#2172=CARTESIAN_POINT('',(-0.000304091461817254,0.0237872408566568,-0.008080000096));
#2173=CARTESIAN_POINT('',(-0.000281135879902108,0.0238295331848433,-0.008080000096));
#2174=CARTESIAN_POINT('',(-0.000256583645449296,0.0238726857452757,-0.008080000096));
#2175=CARTESIAN_POINT('',(-0.000230391470934816,0.0239166510611678,-0.008080000096));
#2176=CARTESIAN_POINT('',(-0.00020251734347965,0.0239613802755032,-0.008080000096));
#2177=CARTESIAN_POINT('',(-0.00017292054441544,0.0240068231788037,-0.008080000096));
#2178=CARTESIAN_POINT('',(-0.000141561755833835,0.0240529282584633,-0.008080000096));
#2179=CARTESIAN_POINT('',(-0.000108402831905711,0.0240996426704834,-0.008080000096));
#2180=CARTESIAN_POINT('',(-7.34078430550469E-5,0.0241469125112443,-0.008080000096));
#2181=CARTESIAN_POINT('',(-3.65392710564814E-5,0.0241946819515936,-0.008080000096));
#2182=CARTESIAN_POINT('',(2.22735139235667E-6,0.0242428967036132,-0.008080000096));
#2183=CARTESIAN_POINT('',(4.29589444699042E-5,0.0242914910156299,-0.008080000096));
#2184=CARTESIAN_POINT('',(8.35401911735249E-5,0.0243381234443698,-0.008080000096));
#2185=CARTESIAN_POINT('',(0.000111176579712605,0.0243684046508083,-0.008080000096));
#2186=CARTESIAN_POINT('',(0.000124066179148636,0.0243824847723666,-0.008080000096));
#2187=CARTESIAN_POINT('',(0.000798398275995853,0.0219814981219204,-0.008080000096));
#2188=CARTESIAN_POINT('',(0.000941078700127062,0.0224593297070213,-0.008080000096));
#2189=CARTESIAN_POINT('',(0.001090502874955,0.0229597458695412,-0.008080000096));
#2190=CARTESIAN_POINT('',(0.00109198989885892,0.0229663398883937,-0.008080000096));
#2191=CARTESIAN_POINT('',(0.00109305779228906,0.0229706054499137,-0.008080000096));
#2192=CARTESIAN_POINT('',(0.00109416651384895,0.0229756261007743,-0.008080000096));
#2193=CARTESIAN_POINT('',(0.00109554898092963,0.0229824262523757,-0.008080000096));
#2194=CARTESIAN_POINT('',(0.00109704563542926,0.0229906724875228,-0.008080000096));
#2195=CARTESIAN_POINT('',(0.00109862726473113,0.0230004813553402,-0.008080000096));
#2196=CARTESIAN_POINT('',(0.00110022315006054,0.0230118248803803,-0.008080000096));
#2197=CARTESIAN_POINT('',(0.00110177507382428,0.0230247171521417,-0.008080000096));
#2198=CARTESIAN_POINT('',(0.00110322087368366,0.0230391572758319,-0.008080000096));
#2199=CARTESIAN_POINT('',(0.00110449942608918,0.0230551464329326,-0.008080000096));
#2200=CARTESIAN_POINT('',(0.00110554923632704,0.0230726828331434,-0.008080000096));
#2201=CARTESIAN_POINT('',(0.00110630891231082,0.0230917631819943,-0.008080000096));
#2202=CARTESIAN_POINT('',(0.00110671709010983,0.0231123822536918,-0.008080000096));
#2203=CARTESIAN_POINT('',(0.00110671251810951,0.0231345330138362,-0.008080000096));
#2204=CARTESIAN_POINT('',(0.00110623409574802,0.0231582065864121,-0.008080000096));
#2205=CARTESIAN_POINT('',(0.00110522092520771,0.0231833922670224,-0.008080000096));
#2206=CARTESIAN_POINT('',(0.00110361235936064,0.0232100775247009,-0.008080000096));
#2207=CARTESIAN_POINT('',(0.00110134805065329,0.0232382480085992,-0.008080000096));
#2208=CARTESIAN_POINT('',(0.00109836799956138,0.0232678875549095,-0.008080000096));
#2209=CARTESIAN_POINT('',(0.00109461260295858,0.0232989781953059,-0.008080000096));
#2210=CARTESIAN_POINT('',(0.00109002270226257,0.0233315001665288,-0.008080000096));
#2211=CARTESIAN_POINT('',(0.00108453963135805,0.0233654319212028,-0.008080000096));
#2212=CARTESIAN_POINT('',(0.00107810526425887,0.0234007501398553,-0.008080000096));
#2213=CARTESIAN_POINT('',(0.00107066206248231,0.0234374297441311,-0.008080000096));
#2214=CARTESIAN_POINT('',(0.00106215312210611,0.0234754439111952,-0.008080000096));
#2215=CARTESIAN_POINT('',(0.00105252222047985,0.0235147640893165,-0.008080000096));
#2216=CARTESIAN_POINT('',(0.00104171386256157,0.023555360014621,-0.008080000096));
#2217=CARTESIAN_POINT('',(0.00102967332685414,0.0235971997290085,-0.008080000096));
#2218=CARTESIAN_POINT('',(0.00101634671090369,0.0236402495992195,-0.008080000096));
#2219=CARTESIAN_POINT('',(0.00100168097636904,0.023684474337047,-0.008080000096));
#2220=CARTESIAN_POINT('',(0.000985623993495036,0.02372983702067,-0.008080000096));
#2221=CARTESIAN_POINT('',(0.000968124585496803,0.0237762991171381,-0.008080000096));
#2222=CARTESIAN_POINT('',(0.000949132570785912,0.0238238205058436,-0.008080000096));
#2223=CARTESIAN_POINT('',(0.00092859881081042,0.0238723595035437,-0.008080000096));
#2224=CARTESIAN_POINT('',(0.000906475233723442,0.0239218728887249,-0.008080000096));
#2225=CARTESIAN_POINT('',(0.00088271494733839,0.0239723159336629,-0.008080000096));
#2226=CARTESIAN_POINT('',(0.000857272008841949,0.024023642412279,-0.008080000096));
#2227=CARTESIAN_POINT('',(0.000830102498626858,0.0240758047052203,-0.008080000096));
#2228=CARTESIAN_POINT('',(0.000801160626775786,0.0241287535398274,-0.008080000096));
#2229=CARTESIAN_POINT('',(0.00077041373471806,0.0241824391240861,-0.008080000096));
#2230=CARTESIAN_POINT('',(0.000737785440345829,0.0242368069844575,-0.008080000096));
#2231=CARTESIAN_POINT('',(0.00070499873517329,0.0242892135962363,-0.008080000096));
#2232=CARTESIAN_POINT('',(0.000682439620767065,0.0243234452744315,-0.008080000096));
#2233=CARTESIAN_POINT('',(0.000671911329972826,0.0243393684239211,-0.008080000096));
#2234=CARTESIAN_POINT('',(0.000908189072343449,0.0223492085925966,-0.008080000096));
#2235=CARTESIAN_POINT('',(0.00130103312114524,0.022231930523283,-0.008080000096));
#2236=CARTESIAN_POINT('',(0.00113455474217321,0.0218572766275929,-0.008080000096));
#2237=CARTESIAN_POINT('',(-1.7347234759768E-18,0.019304,-0.008080000096));
#2238=CARTESIAN_POINT('',(0.,0.019304,-0.008080000096));
#2239=CARTESIAN_POINT('',(0.00367875905728492,0.0228073029841011,-0.008080000096));
#2240=CARTESIAN_POINT('',(0.00367875905728492,0.0228073029841011,0.));
#2241=CARTESIAN_POINT('',(0.,0.019304,0.));
#2242=CARTESIAN_POINT('',(0.0040356562161071,0.0223894301005474,0.));
#2243=CARTESIAN_POINT('',(0.0040356562161071,0.0223894301005474,-0.008080000096));
#2244=CARTESIAN_POINT('',(0.,0.019304,0.));
#2245=CARTESIAN_POINT('',(0.00130103312114524,0.022231930523283,0.));
#2246=CARTESIAN_POINT('',(0.000908189072343446,0.0223492085925966,0.));
#2247=CARTESIAN_POINT('',(0.00113455474217321,0.0218572766275929,0.));
#2248=CARTESIAN_POINT('',(0.000798398275995853,0.0219814981219204,0.));
#2249=CARTESIAN_POINT('',(0.000941078700127062,0.0224593297070213,0.));
#2250=CARTESIAN_POINT('',(0.001090502874955,0.0229597458695412,0.));
#2251=CARTESIAN_POINT('',(0.00109198989885892,0.0229663398883937,0.));
#2252=CARTESIAN_POINT('',(0.00109305779228906,0.0229706054499137,0.));
#2253=CARTESIAN_POINT('',(0.00109416651384895,0.0229756261007743,0.));
#2254=CARTESIAN_POINT('',(0.00109554898092963,0.0229824262523757,0.));
#2255=CARTESIAN_POINT('',(0.00109704563542926,0.0229906724875228,0.));
#2256=CARTESIAN_POINT('',(0.00109862726473113,0.0230004813553402,0.));
#2257=CARTESIAN_POINT('',(0.00110022315006054,0.0230118248803803,0.));
#2258=CARTESIAN_POINT('',(0.00110177507382428,0.0230247171521417,0.));
#2259=CARTESIAN_POINT('',(0.00110322087368366,0.0230391572758319,0.));
#2260=CARTESIAN_POINT('',(0.00110449942608918,0.0230551464329326,0.));
#2261=CARTESIAN_POINT('',(0.00110554923632704,0.0230726828331434,0.));
#2262=CARTESIAN_POINT('',(0.00110630891231082,0.0230917631819943,0.));
#2263=CARTESIAN_POINT('',(0.00110671709010983,0.0231123822536918,0.));
#2264=CARTESIAN_POINT('',(0.00110671251810951,0.0231345330138362,0.));
#2265=CARTESIAN_POINT('',(0.00110623409574802,0.0231582065864121,0.));
#2266=CARTESIAN_POINT('',(0.00110522092520771,0.0231833922670224,0.));
#2267=CARTESIAN_POINT('',(0.00110361235936064,0.0232100775247009,0.));
#2268=CARTESIAN_POINT('',(0.00110134805065329,0.0232382480085992,0.));
#2269=CARTESIAN_POINT('',(0.00109836799956138,0.0232678875549095,0.));
#2270=CARTESIAN_POINT('',(0.00109461260295858,0.0232989781953059,0.));
#2271=CARTESIAN_POINT('',(0.00109002270226257,0.0233315001665288,0.));
#2272=CARTESIAN_POINT('',(0.00108453963135805,0.0233654319212028,0.));
#2273=CARTESIAN_POINT('',(0.00107810526425887,0.0234007501398553,0.));
#2274=CARTESIAN_POINT('',(0.00107066206248231,0.0234374297441311,0.));
#2275=CARTESIAN_POINT('',(0.00106215312210611,0.0234754439111952,0.));
#2276=CARTESIAN_POINT('',(0.00105252222047985,0.0235147640893165,0.));
#2277=CARTESIAN_POINT('',(0.00104171386256157,0.023555360014621,0.));
#2278=CARTESIAN_POINT('',(0.00102967332685414,0.0235971997290085,0.));
#2279=CARTESIAN_POINT('',(0.00101634671090369,0.0236402495992195,0.));
#2280=CARTESIAN_POINT('',(0.00100168097636904,0.023684474337047,0.));
#2281=CARTESIAN_POINT('',(0.000985623993495036,0.02372983702067,0.));
#2282=CARTESIAN_POINT('',(0.000968124585496803,0.0237762991171381,0.));
#2283=CARTESIAN_POINT('',(0.000949132570785912,0.0238238205058436,0.));
#2284=CARTESIAN_POINT('',(0.00092859881081042,0.0238723595035437,0.));
#2285=CARTESIAN_POINT('',(0.000906475233723442,0.0239218728887249,0.));
#2286=CARTESIAN_POINT('',(0.00088271494733839,0.0239723159336629,0.));
#2287=CARTESIAN_POINT('',(0.000857272008841949,0.024023642412279,0.));
#2288=CARTESIAN_POINT('',(0.000830102498626858,0.0240758047052203,0.));
#2289=CARTESIAN_POINT('',(0.000801160626775786,0.0241287535398274,0.));
#2290=CARTESIAN_POINT('',(0.00077041373471806,0.0241824391240861,0.));
#2291=CARTESIAN_POINT('',(0.000737785440345829,0.0242368069844575,0.));
#2292=CARTESIAN_POINT('',(0.00070499873517329,0.0242892135962363,0.));
#2293=CARTESIAN_POINT('',(0.000682439620767065,0.0243234452744315,0.));
#2294=CARTESIAN_POINT('',(0.000671911329972826,0.0243393684239211,0.));
#2295=CARTESIAN_POINT('',(-0.000369715682003533,0.0220734306841806,0.));
#2296=CARTESIAN_POINT('',(-0.000435890144954497,0.0225676995053736,0.));
#2297=CARTESIAN_POINT('',(-0.000505192325553829,0.0230853298053931,0.));
#2298=CARTESIAN_POINT('',(-0.000505629509914243,0.0230920752627203,0.));
#2299=CARTESIAN_POINT('',(-0.000506016974969725,0.0230964553634372,0.));
#2300=CARTESIAN_POINT('',(-0.000506326643495859,0.0231015876440185,0.));
#2301=CARTESIAN_POINT('',(-0.000506628312034751,0.0231085203399677,0.));
#2302=CARTESIAN_POINT('',(-0.000506816544850106,0.0231168991786222,0.));
#2303=CARTESIAN_POINT('',(-0.00050684425668103,0.0231268347043337,0.));
#2304=CARTESIAN_POINT('',(-0.000506645975742504,0.0231382882232248,0.));
#2305=CARTESIAN_POINT('',(-0.000506161997113289,0.0231512645440911,0.));
#2306=CARTESIAN_POINT('',(-0.000505331063752654,0.0231657530588242,0.));
#2307=CARTESIAN_POINT('',(-0.00050409261981892,0.0231817453725301,0.));
#2308=CARTESIAN_POINT('',(-0.00050238620776499,0.0231992300970573,0.));
#2309=CARTESIAN_POINT('',(-0.00050015170671152,0.0232181943746579,0.));
#2310=CARTESIAN_POINT('',(-0.00049732932571387,0.023238623444443,0.));
#2311=CARTESIAN_POINT('',(-0.000493859667689042,0.0232605007767545,0.));
#2312=CARTESIAN_POINT('',(-0.000489683772839211,0.0232838080466218,0.));
#2313=CARTESIAN_POINT('',(-0.000484743167636553,0.0233085251549192,0.));
#2314=CARTESIAN_POINT('',(-0.000478979911894939,0.0233346302376562,0.));
#2315=CARTESIAN_POINT('',(-0.000472336646006627,0.0233620996802301,0.));
#2316=CARTESIAN_POINT('',(-0.000464756637717691,0.0233909081318429,0.));
#2317=CARTESIAN_POINT('',(-0.000456183828580609,0.0234210285214057,0.));
#2318=CARTESIAN_POINT('',(-0.000446562880008379,0.0234524320745356,0.));
#2319=CARTESIAN_POINT('',(-0.000435839218915022,0.0234850883317393,0.));
#2320=CARTESIAN_POINT('',(-0.000423959082910968,0.023518965167738,0.));
#2321=CARTESIAN_POINT('',(-0.000410869565026801,0.0235540288119307,0.));
#2322=CARTESIAN_POINT('',(-0.000396518657937782,0.0235902438699815,0.));
#2323=CARTESIAN_POINT('',(-0.000380855297662422,0.0236275733465183,0.));
#2324=CARTESIAN_POINT('',(-0.000363829406707736,0.0236659786689283,0.));
#2325=CARTESIAN_POINT('',(-0.000345391936637352,0.0237054197122405,0.));
#2326=CARTESIAN_POINT('',(-0.000325494910026977,0.0237458548250751,0.));
#2327=CARTESIAN_POINT('',(-0.000304091461817254,0.0237872408566568,0.));
#2328=CARTESIAN_POINT('',(-0.000281135879902108,0.0238295331848433,0.));
#2329=CARTESIAN_POINT('',(-0.000256583645449296,0.0238726857452757,0.));
#2330=CARTESIAN_POINT('',(-0.000230391470934816,0.0239166510611678,0.));
#2331=CARTESIAN_POINT('',(-0.00020251734347965,0.0239613802755032,0.));
#2332=CARTESIAN_POINT('',(-0.00017292054441544,0.0240068231788037,0.));
#2333=CARTESIAN_POINT('',(-0.000141561755833835,0.0240529282584633,0.));
#2334=CARTESIAN_POINT('',(-0.000108402831905711,0.0240996426704834,0.));
#2335=CARTESIAN_POINT('',(-7.34078430550469E-5,0.0241469125112443,0.));
#2336=CARTESIAN_POINT('',(-3.65392710564814E-5,0.0241946819515936,0.));
#2337=CARTESIAN_POINT('',(2.22735139235667E-6,0.0242428967036132,0.));
#2338=CARTESIAN_POINT('',(4.29589444699042E-5,0.0242914910156299,0.));
#2339=CARTESIAN_POINT('',(8.35401911735249E-5,0.0243381234443698,0.));
#2340=CARTESIAN_POINT('',(0.000111176579712605,0.0243684046508083,0.));
#2341=CARTESIAN_POINT('',(0.000124066179148636,0.0243824847723666,0.));
#2342=CARTESIAN_POINT('',(-0.000420632180690775,0.0224537890932752,0.));
#2343=CARTESIAN_POINT('',(-0.000826985999398511,0.0223994092602252,0.));
#2344=CARTESIAN_POINT('',(-0.000721166027274174,0.0220033250195384,0.));
#2345=CARTESIAN_POINT('',(3.46944695195361E-18,0.019304,0.));
#2346=CARTESIAN_POINT('',(-0.00100318786579804,0.0219116905694341,0.));
#2347=CARTESIAN_POINT('',(-0.00115039018534639,0.0222943288703666,0.));
#2348=CARTESIAN_POINT('',(-0.00151110099429902,0.0220994742976061,0.));
#2349=CARTESIAN_POINT('',(-0.00132872424357979,0.0217618299136684,0.));
#2350=CARTESIAN_POINT('',(-0.00156571190222408,0.0222005981632042,0.));
#2351=CARTESIAN_POINT('',(-0.00181390071686317,0.0226601046724314,0.));
#2352=CARTESIAN_POINT('',(-0.00181751190762286,0.0226658188325636,0.));
#2353=CARTESIAN_POINT('',(-0.00181977300041315,0.022669590154726,0.));
#2354=CARTESIAN_POINT('',(-0.00182253915214922,0.0226739242755289,0.));
#2355=CARTESIAN_POINT('',(-0.0018263700336121,0.0226797102606868,0.));
#2356=CARTESIAN_POINT('',(-0.00183114270785809,0.0226865995240243,0.));
#2357=CARTESIAN_POINT('',(-0.00183696024400291,0.0226946538217786,0.));
#2358=CARTESIAN_POINT('',(-0.00184385286614288,0.0227038033665953,0.));
#2359=CARTESIAN_POINT('',(-0.00185187170311304,0.0227140169552,0.));
#2360=CARTESIAN_POINT('',(-0.0018610600776107,0.0227252499994673,0.));
#2361=CARTESIAN_POINT('',(-0.00187146204594607,0.0227374601139547,0.));
#2362=CARTESIAN_POINT('',(-0.00188311982551456,0.0227506025493995,0.));
#2363=CARTESIAN_POINT('',(-0.00189607449753481,0.022764631565499,0.));
#2364=CARTESIAN_POINT('',(-0.00191036575766428,0.0227795000762077,0.));
#2365=CARTESIAN_POINT('',(-0.00192603194326324,0.0227951597960218,0.));
#2366=CARTESIAN_POINT('',(-0.00194310998266267,0.0228115612440291,0.));
#2367=CARTESIAN_POINT('',(-0.0019616353679706,0.0228286537898179,0.));
#2368=CARTESIAN_POINT('',(-0.0019816421224512,0.0228463856886616,0.));
#2369=CARTESIAN_POINT('',(-0.00200316277068663,0.0228647041208137,0.));
#2370=CARTESIAN_POINT('',(-0.00202622830920929,0.0228835552306656,0.));
#2371=CARTESIAN_POINT('',(-0.00205086817826897,0.0229028841669175,0.));
#2372=CARTESIAN_POINT('',(-0.00207711023456526,0.0229226351233996,0.));
#2373=CARTESIAN_POINT('',(-0.00210498072501115,0.0229427513806089,0.));
#2374=CARTESIAN_POINT('',(-0.00213450426152826,0.022963175347909,0.));
#2375=CARTESIAN_POINT('',(-0.00216570379689283,0.0229838486063737,0.));
#2376=CARTESIAN_POINT('',(-0.00219860060164576,0.0230047119522451,0.));
#2377=CARTESIAN_POINT('',(-0.00223321424208162,0.0230257054409833,0.));
#2378=CARTESIAN_POINT('',(-0.00226956255933049,0.0230467684318772,0.));
#2379=CARTESIAN_POINT('',(-0.00230766164954463,0.0230678396331956,0.));
#2380=CARTESIAN_POINT('',(-0.0023475258452089,0.0230888571478422,0.));
#2381=CARTESIAN_POINT('',(-0.00238916769756345,0.0231097585195157,0.));
#2382=CARTESIAN_POINT('',(-0.00243259796024171,0.0231304807792427,0.));
#2383=CARTESIAN_POINT('',(-0.00247782557378476,0.0231509604926612,0.));
#2384=CARTESIAN_POINT('',(-0.00252485765238032,0.0231711338064758,0.));
#2385=CARTESIAN_POINT('',(-0.00257369946772793,0.0231909364999795,0.));
#2386=CARTESIAN_POINT('',(-0.00262435444953134,0.0232103040190184,0.));
#2387=CARTESIAN_POINT('',(-0.00267682412829655,0.0232291715785319,0.));
#2388=CARTESIAN_POINT('',(-0.00273110830372457,0.0232474740052717,0.));
#2389=CARTESIAN_POINT('',(-0.0027872043597002,0.0232651465714181,0.));
#2390=CARTESIAN_POINT('',(-0.00284510983355292,0.0232821220575785,0.));
#2391=CARTESIAN_POINT('',(-0.00290481261010863,0.0232983421623855,0.));
#2392=CARTESIAN_POINT('',(-0.00296632818106507,0.0233137143569235,0.));
#2393=CARTESIAN_POINT('',(-0.00302656895319307,0.023327587725931,0.));
#2394=CARTESIAN_POINT('',(-0.00306672610775051,0.0233358414749401,0.));
#2395=CARTESIAN_POINT('',(-0.00308543010054739,0.0233396562161071,0.));
#2396=CARTESIAN_POINT('',(-0.00221971168266586,0.0210008547509544,0.));
#2397=CARTESIAN_POINT('',(-0.00261600492935455,0.0213035631746552,0.));
#2398=CARTESIAN_POINT('',(-0.00303102886649876,0.0216205790280938,0.));
#2399=CARTESIAN_POINT('',(-0.00303610776114296,0.0216250396506862,0.));
#2400=CARTESIAN_POINT('',(-0.00303947893923031,0.0216278628704371,0.));
#2401=CARTESIAN_POINT('',(-0.00304332697834708,0.0216312729721244,0.));
#2402=CARTESIAN_POINT('',(-0.00304844244653412,0.0216359618165724,0.));
#2403=CARTESIAN_POINT('',(-0.00305450028086543,0.0216417534495034,0.));
#2404=CARTESIAN_POINT('',(-0.00306154535369424,0.021648759331885,0.));
#2405=CARTESIAN_POINT('',(-0.00306950400877436,0.0216569983985576,0.));
#2406=CARTESIAN_POINT('',(-0.0030783374286831,0.0216665162676076,0.));
#2407=CARTESIAN_POINT('',(-0.00308799479708615,0.0216773487532387,0.));
#2408=CARTESIAN_POINT('',(-0.00309842735845082,0.0216895327388107,0.));
#2409=CARTESIAN_POINT('',(-0.00310958431019633,0.0217031029216259,0.));
#2410=CARTESIAN_POINT('',(-0.00312141404864056,0.0217180927217651,0.));
#2411=CARTESIAN_POINT('',(-0.00313386385767646,0.021734533980286,0.));
#2412=CARTESIAN_POINT('',(-0.00314688004899044,0.0217524570090355,0.));
#2413=CARTESIAN_POINT('',(-0.00316040797399872,0.0217718905411755,0.));
#2414=CARTESIAN_POINT('',(-0.0031743920734451,0.0217928617115058,0.));
#2415=CARTESIAN_POINT('',(-0.00318877591725528,0.0218153960297492,0.));
#2416=CARTESIAN_POINT('',(-0.00320350224801586,0.0218395173572274,0.));
#2417=CARTESIAN_POINT('',(-0.00321851302424423,0.021865247883981,0.));
#2418=CARTESIAN_POINT('',(-0.00323374946448133,0.0218926081071673,0.));
#2419=CARTESIAN_POINT('',(-0.00324915209187598,0.0219216168105158,0.));
#2420=CARTESIAN_POINT('',(-0.00326466077931467,0.0219522910449109,0.));
#2421=CARTESIAN_POINT('',(-0.0032802147950446,0.0219846461101007,0.));
#2422=CARTESIAN_POINT('',(-0.003295752848768,0.0220186955375407,0.));
#2423=CARTESIAN_POINT('',(-0.00331121313817802,0.0220544510743884,0.));
#2424=CARTESIAN_POINT('',(-0.0033265333959084,0.0220919226686525,0.));
#2425=CARTESIAN_POINT('',(-0.00334165093686839,0.0221311184555122,0.));
#2426=CARTESIAN_POINT('',(-0.00335650270593679,0.02217204474481,0.));
#2427=CARTESIAN_POINT('',(-0.00337102532597852,0.0222147060097349,0.));
#2428=CARTESIAN_POINT('',(-0.0033851551461865,0.0222591048766827,0.));
#2429=CARTESIAN_POINT('',(-0.00339882829060106,0.0223052421163738,0.));
#2430=CARTESIAN_POINT('',(-0.00341198070723354,0.0223531166359561,0.));
#2431=CARTESIAN_POINT('',(-0.00342454821602459,0.0224027254731735,0.));
#2432=CARTESIAN_POINT('',(-0.00343646656225514,0.0224540637884904,0.));
#2433=CARTESIAN_POINT('',(-0.00344767145001597,0.0225071248708907,0.));
#2434=CARTESIAN_POINT('',(-0.00345809865243457,0.022561900097421,0.));
#2435=CARTESIAN_POINT('',(-0.00346768382998676,0.0226183790749061,0.));
#2436=CARTESIAN_POINT('',(-0.00347636346101056,0.0226765490937776,0.));
#2437=CARTESIAN_POINT('',(-0.00348407153894214,0.0227363972062549,0.));
#2438=CARTESIAN_POINT('',(-0.00349075237543119,0.0227979023259784,0.));
#2439=CARTESIAN_POINT('',(-0.00349631215731165,0.0228610652792062,0.));
#2440=CARTESIAN_POINT('',(-0.00350059098916364,0.0229227346605245,0.));
#2441=CARTESIAN_POINT('',(-0.00350246115783532,0.0229636885846831,0.));
#2442=CARTESIAN_POINT('',(-0.00350330298410111,0.0229827590572849,0.));
#2443=CARTESIAN_POINT('',(-0.00252466909451405,0.0212338053598106,0.));
#2444=CARTESIAN_POINT('',(-0.0027735522865739,0.0209080174703319,0.));
#2445=CARTESIAN_POINT('',(-0.00241865241418899,0.0207027696376951,0.));
#2446=CARTESIAN_POINT('',(6.93889390390723E-18,0.019304,0.));
#2447=CARTESIAN_POINT('',(-0.00255327662759292,0.0204385547421732,0.));
#2448=CARTESIAN_POINT('',(-0.002927930523283,0.0206050331211453,0.));
#2449=CARTESIAN_POINT('',(-0.00304520859259659,0.0202121890723434,0.));
#2450=CARTESIAN_POINT('',(-0.00267749812192032,0.0201023982759958,0.));
#2451=CARTESIAN_POINT('',(-0.00315532970702133,0.020245078700127,0.));
#2452=CARTESIAN_POINT('',(-0.00365574586954118,0.020394502874955,0.));
#2453=CARTESIAN_POINT('',(-0.00366233988839376,0.0203959898988589,0.));
#2454=CARTESIAN_POINT('',(-0.00366660544991371,0.0203970577922891,0.));
#2455=CARTESIAN_POINT('',(-0.00367162610077434,0.0203981665138489,0.));
#2456=CARTESIAN_POINT('',(-0.00367842625237568,0.0203995489809296,0.));
#2457=CARTESIAN_POINT('',(-0.00368667248752277,0.0204010456354293,0.));
#2458=CARTESIAN_POINT('',(-0.00369648135534024,0.0204026272647311,0.));
#2459=CARTESIAN_POINT('',(-0.0037078248803803,0.0204042231500605,0.));
#2460=CARTESIAN_POINT('',(-0.00372071715214171,0.0204057750738243,0.));
#2461=CARTESIAN_POINT('',(-0.00373515727583184,0.0204072208736836,0.));
#2462=CARTESIAN_POINT('',(-0.00375114643293261,0.0204084994260892,0.));
#2463=CARTESIAN_POINT('',(-0.00376868283314339,0.0204095492363271,0.));
#2464=CARTESIAN_POINT('',(-0.00378776318199429,0.0204103089123108,0.));
#2465=CARTESIAN_POINT('',(-0.00380838225369181,0.0204107170901098,0.));
#2466=CARTESIAN_POINT('',(-0.00383053301383619,0.0204107125181095,0.));
#2467=CARTESIAN_POINT('',(-0.00385420658641213,0.0204102340957481,0.));
#2468=CARTESIAN_POINT('',(-0.00387939226702246,0.0204092209252077,0.));
#2469=CARTESIAN_POINT('',(-0.00390607752470093,0.0204076123593607,0.));
#2470=CARTESIAN_POINT('',(-0.00393424800859918,0.0204053480506533,0.));
#2471=CARTESIAN_POINT('',(-0.00396388755490947,0.0204023679995614,0.));
#2472=CARTESIAN_POINT('',(-0.00399497819530596,0.0203986126029586,0.));
#2473=CARTESIAN_POINT('',(-0.00402750016652872,0.0203940227022626,0.));
#2474=CARTESIAN_POINT('',(-0.00406143192120277,0.020388539631358,0.));
#2475=CARTESIAN_POINT('',(-0.00409675013985532,0.0203821052642589,0.));
#2476=CARTESIAN_POINT('',(-0.00413342974413105,0.0203746620624823,0.));
#2477=CARTESIAN_POINT('',(-0.00417144391119519,0.0203661531221061,0.));
#2478=CARTESIAN_POINT('',(-0.00421076408931643,0.0203565222204798,0.));
#2479=CARTESIAN_POINT('',(-0.00425136001462095,0.0203457138625616,0.));
#2480=CARTESIAN_POINT('',(-0.00429319972900842,0.0203336733268541,0.));
#2481=CARTESIAN_POINT('',(-0.00433624959921947,0.0203203467109037,0.));
#2482=CARTESIAN_POINT('',(-0.00438047433704697,0.0203056809763691,0.));
#2483=CARTESIAN_POINT('',(-0.00442583702066998,0.020289623993495,0.));
#2484=CARTESIAN_POINT('',(-0.00447229911713811,0.0202721245854968,0.));
#2485=CARTESIAN_POINT('',(-0.00451982050584366,0.0202531325707859,0.));
#2486=CARTESIAN_POINT('',(-0.00456835950354368,0.0202325988108104,0.));
#2487=CARTESIAN_POINT('',(-0.00461787288872484,0.0202104752337234,0.));
#2488=CARTESIAN_POINT('',(-0.00466831593366291,0.0201867149473384,0.));
#2489=CARTESIAN_POINT('',(-0.00471964241227902,0.020161272008842,0.));
#2490=CARTESIAN_POINT('',(-0.0047718047052203,0.0201341024986268,0.));
#2491=CARTESIAN_POINT('',(-0.00482475353982739,0.0201051606267758,0.));
#2492=CARTESIAN_POINT('',(-0.00487843912408608,0.020074413734718,0.));
#2493=CARTESIAN_POINT('',(-0.00493280698445756,0.0200417854403458,0.));
#2494=CARTESIAN_POINT('',(-0.00498521359623626,0.0200089987351733,0.));
#2495=CARTESIAN_POINT('',(-0.00501944527443149,0.0199864396207671,0.));
#2496=CARTESIAN_POINT('',(-0.00503536842392112,0.0199759113299729,0.));
#2497=CARTESIAN_POINT('',(-0.00276943068418053,0.0189342843179965,0.));
#2498=CARTESIAN_POINT('',(-0.00326369950537357,0.0188681098550455,0.));
#2499=CARTESIAN_POINT('',(-0.00378132980539308,0.0187988076744462,0.));
#2500=CARTESIAN_POINT('',(-0.00378807526272034,0.0187983704900858,0.));
#2501=CARTESIAN_POINT('',(-0.00379245536343716,0.0187979830250303,0.));
#2502=CARTESIAN_POINT('',(-0.0037975876440185,0.0187976733565041,0.));
#2503=CARTESIAN_POINT('',(-0.00380452033996762,0.0187973716879653,0.));
#2504=CARTESIAN_POINT('',(-0.00381289917862221,0.0187971834551499,0.));
#2505=CARTESIAN_POINT('',(-0.00382283470433369,0.018797155743319,0.));
#2506=CARTESIAN_POINT('',(-0.00383428822322478,0.0187973540242575,0.));
#2507=CARTESIAN_POINT('',(-0.00384726454409107,0.0187978380028867,0.));
#2508=CARTESIAN_POINT('',(-0.00386175305882412,0.0187986689362474,0.));
#2509=CARTESIAN_POINT('',(-0.00387774537253008,0.0187999073801811,0.));
#2510=CARTESIAN_POINT('',(-0.00389523009705724,0.018801613792235,0.));
#2511=CARTESIAN_POINT('',(-0.00391419437465788,0.0188038482932885,0.));
#2512=CARTESIAN_POINT('',(-0.00393462344444304,0.0188066706742862,0.));
#2513=CARTESIAN_POINT('',(-0.00395650077675455,0.0188101403323109,0.));
#2514=CARTESIAN_POINT('',(-0.00397980804662185,0.0188143162271608,0.));
#2515=CARTESIAN_POINT('',(-0.00400452515491916,0.0188192568323634,0.));
#2516=CARTESIAN_POINT('',(-0.00403063023765618,0.0188250200881051,0.));
#2517=CARTESIAN_POINT('',(-0.0040580996802301,0.0188316633539934,0.));
#2518=CARTESIAN_POINT('',(-0.00408690813184294,0.0188392433622823,0.));
#2519=CARTESIAN_POINT('',(-0.00411702852140562,0.0188478161714194,0.));
#2520=CARTESIAN_POINT('',(-0.00414843207453554,0.0188574371199916,0.));
#2521=CARTESIAN_POINT('',(-0.00418108833173931,0.018868160781085,0.));
#2522=CARTESIAN_POINT('',(-0.00421496516773799,0.0188800409170891,0.));
#2523=CARTESIAN_POINT('',(-0.00425002881193067,0.0188931304349732,0.));
#2524=CARTESIAN_POINT('',(-0.00428624386998155,0.0189074813420622,0.));
#2525=CARTESIAN_POINT('',(-0.00432357334651825,0.0189231447023376,0.));
#2526=CARTESIAN_POINT('',(-0.00436197866892829,0.0189401705932922,0.));
#2527=CARTESIAN_POINT('',(-0.00440141971224044,0.0189586080633627,0.));
#2528=CARTESIAN_POINT('',(-0.00444185482507502,0.018978505089973,0.));
#2529=CARTESIAN_POINT('',(-0.00448324085665678,0.0189999085381828,0.));
#2530=CARTESIAN_POINT('',(-0.00452553318484327,0.0190228641200979,0.));
#2531=CARTESIAN_POINT('',(-0.00456868574527573,0.0190474163545507,0.));
#2532=CARTESIAN_POINT('',(-0.00461265106116775,0.0190736085290652,0.));
#2533=CARTESIAN_POINT('',(-0.00465738027550321,0.0191014826565204,0.));
#2534=CARTESIAN_POINT('',(-0.00470282317880365,0.0191310794555846,0.));
#2535=CARTESIAN_POINT('',(-0.00474892825846326,0.0191624382441661,0.));
#2536=CARTESIAN_POINT('',(-0.00479564267048345,0.0191955971680943,0.));
#2537=CARTESIAN_POINT('',(-0.00484291251124436,0.019230592156945,0.));
#2538=CARTESIAN_POINT('',(-0.00489068195159359,0.0192674607289435,0.));
#2539=CARTESIAN_POINT('',(-0.00493889670361324,0.0193062273513924,0.));
#2540=CARTESIAN_POINT('',(-0.00498749101562996,0.0193469589444699,0.));
#2541=CARTESIAN_POINT('',(-0.00503412344436979,0.0193875401911736,0.));
#2542=CARTESIAN_POINT('',(-0.0050644046508083,0.0194151765797126,0.));
#2543=CARTESIAN_POINT('',(-0.00507848477236657,0.0194280661791487,0.));
#2544=CARTESIAN_POINT('',(-0.00314978909327521,0.0188833678193093,0.));
#2545=CARTESIAN_POINT('',(-0.00309540926022521,0.0184770140006015,0.));
#2546=CARTESIAN_POINT('',(-0.00269932501953833,0.0185828339727259,0.));
#2547=CARTESIAN_POINT('',(8.02309607639273E-18,0.019304,0.));
#2548=CARTESIAN_POINT('',(-0.00260769056943411,0.018300812134202,0.));
#2549=CARTESIAN_POINT('',(-0.00299032887036658,0.0181536098146536,0.));
#2550=CARTESIAN_POINT('',(-0.00279547429760617,0.017792899005701,0.));
#2551=CARTESIAN_POINT('',(-0.00245782991366842,0.0179752757564202,0.));
#2552=CARTESIAN_POINT('',(-0.00289659816320421,0.0177382880977759,0.));
#2553=CARTESIAN_POINT('',(-0.00335610467243138,0.0174900992831368,0.));
#2554=CARTESIAN_POINT('',(-0.00336181883256356,0.0174864880923771,0.));
#2555=CARTESIAN_POINT('',(-0.00336559015472593,0.0174842269995868,0.));
#2556=CARTESIAN_POINT('',(-0.0033699242755289,0.0174814608478508,0.));
#2557=CARTESIAN_POINT('',(-0.00337571026068682,0.0174776299663879,0.));
#2558=CARTESIAN_POINT('',(-0.00338259952402437,0.0174728572921419,0.));
#2559=CARTESIAN_POINT('',(-0.00339065382177853,0.0174670397559971,0.));
#2560=CARTESIAN_POINT('',(-0.00339980336659534,0.0174601471338571,0.));
#2561=CARTESIAN_POINT('',(-0.00341001695519996,0.0174521282968869,0.));
#2562=CARTESIAN_POINT('',(-0.00342124999946723,0.0174429399223893,0.));
#2563=CARTESIAN_POINT('',(-0.00343346011395468,0.017432537954054,0.));
#2564=CARTESIAN_POINT('',(-0.00344660254939949,0.0174208801744855,0.));
#2565=CARTESIAN_POINT('',(-0.00346063156549898,0.0174079255024652,0.));
#2566=CARTESIAN_POINT('',(-0.00347550007620768,0.0173936342423358,0.));
#2567=CARTESIAN_POINT('',(-0.00349115979602179,0.0173779680567368,0.));
#2568=CARTESIAN_POINT('',(-0.00350756124402907,0.0173608900173374,0.));
#2569=CARTESIAN_POINT('',(-0.00352465378981787,0.0173423646320294,0.));
#2570=CARTESIAN_POINT('',(-0.00354238568866158,0.0173223578775488,0.));
#2571=CARTESIAN_POINT('',(-0.00356070412081368,0.0173008372293134,0.));
#2572=CARTESIAN_POINT('',(-0.0035795552306656,0.0172777716907907,0.));
#2573=CARTESIAN_POINT('',(-0.00359888416691751,0.017253131821731,0.));
#2574=CARTESIAN_POINT('',(-0.00361863512339956,0.0172268897654347,0.));
#2575=CARTESIAN_POINT('',(-0.00363875138060882,0.0171990192749889,0.));
#2576=CARTESIAN_POINT('',(-0.00365917534790899,0.0171694957384718,0.));
#2577=CARTESIAN_POINT('',(-0.00367984860637366,0.0171382962031072,0.));
#2578=CARTESIAN_POINT('',(-0.00370071195224515,0.0171053993983543,0.));
#2579=CARTESIAN_POINT('',(-0.00372170544098327,0.0170707857579184,0.));
#2580=CARTESIAN_POINT('',(-0.00374276843187713,0.0170344374406695,0.));
#2581=CARTESIAN_POINT('',(-0.00376383963319558,0.0169963383504554,0.));
#2582=CARTESIAN_POINT('',(-0.00378485714784217,0.0169564741547911,0.));
#2583=CARTESIAN_POINT('',(-0.00380575851951567,0.0169148323024366,0.));
#2584=CARTESIAN_POINT('',(-0.00382648077924272,0.0168714020397583,0.));
#2585=CARTESIAN_POINT('',(-0.00384696049266117,0.0168261744262152,0.));
#2586=CARTESIAN_POINT('',(-0.0038671338064758,0.0167791423476197,0.));
#2587=CARTESIAN_POINT('',(-0.00388693649997956,0.016730300532272,0.));
#2588=CARTESIAN_POINT('',(-0.00390630401901835,0.0166796455504686,0.));
#2589=CARTESIAN_POINT('',(-0.00392517157853196,0.0166271758717034,0.));
#2590=CARTESIAN_POINT('',(-0.00394347400527168,0.0165728916962754,0.));
#2591=CARTESIAN_POINT('',(-0.00396114657141809,0.0165167956402998,0.));
#2592=CARTESIAN_POINT('',(-0.00397812205757857,0.0164588901664471,0.));
#2593=CARTESIAN_POINT('',(-0.00399434216238543,0.0163991873898914,0.));
#2594=CARTESIAN_POINT('',(-0.00400971435692354,0.0163376718189349,0.));
#2595=CARTESIAN_POINT('',(-0.00402358772593101,0.0162774310468069,0.));
#2596=CARTESIAN_POINT('',(-0.00403184147494005,0.0162372738922495,0.));
#2597=CARTESIAN_POINT('',(-0.0040356562161071,0.0162185698994526,0.));
#2598=CARTESIAN_POINT('',(-0.00169685475095445,0.0170842883173342,0.));
#2599=CARTESIAN_POINT('',(-0.00199956317465512,0.0166879950706454,0.));
#2600=CARTESIAN_POINT('',(-0.00231657902809374,0.0162729711335013,0.));
#2601=CARTESIAN_POINT('',(-0.00232103965068618,0.0162678922388571,0.));
#2602=CARTESIAN_POINT('',(-0.00232386287043712,0.0162645210607697,0.));
#2603=CARTESIAN_POINT('',(-0.00232727297212438,0.016260673021653,0.));
#2604=CARTESIAN_POINT('',(-0.00233196181657239,0.0162555575534659,0.));
#2605=CARTESIAN_POINT('',(-0.00233775344950334,0.0162494997191346,0.));
#2606=CARTESIAN_POINT('',(-0.00234475933188502,0.0162424546463058,0.));
#2607=CARTESIAN_POINT('',(-0.00235299839855756,0.0162344959912257,0.));
#2608=CARTESIAN_POINT('',(-0.00236251626760764,0.0162256625713169,0.));
#2609=CARTESIAN_POINT('',(-0.00237334875323871,0.0162160052029139,0.));
#2610=CARTESIAN_POINT('',(-0.00238553273881072,0.0162055726415492,0.));
#2611=CARTESIAN_POINT('',(-0.00239910292162589,0.0161944156898037,0.));
#2612=CARTESIAN_POINT('',(-0.00241409272176508,0.0161825859513595,0.));
#2613=CARTESIAN_POINT('',(-0.00243053398028603,0.0161701361423236,0.));
#2614=CARTESIAN_POINT('',(-0.00244845700903553,0.0161571199510095,0.));
#2615=CARTESIAN_POINT('',(-0.00246789054117548,0.0161435920260013,0.));
#2616=CARTESIAN_POINT('',(-0.0024888617115058,0.0161296079265549,0.));
#2617=CARTESIAN_POINT('',(-0.00251139602974919,0.0161152240827447,0.));
#2618=CARTESIAN_POINT('',(-0.00253551735722747,0.0161004977519842,0.));
#2619=CARTESIAN_POINT('',(-0.00256124788398095,0.0160854869757558,0.));
#2620=CARTESIAN_POINT('',(-0.00258860810716735,0.0160702505355187,0.));
#2621=CARTESIAN_POINT('',(-0.00261761681051574,0.016054847908124,0.));
#2622=CARTESIAN_POINT('',(-0.00264829104491095,0.0160393392206854,0.));
#2623=CARTESIAN_POINT('',(-0.00268064611010065,0.0160237852049554,0.));
#2624=CARTESIAN_POINT('',(-0.00271469553754077,0.016008247151232,0.));
#2625=CARTESIAN_POINT('',(-0.00275045107438843,0.015992786861822,0.));
#2626=CARTESIAN_POINT('',(-0.00278792266865255,0.0159774666040916,0.));
#2627=CARTESIAN_POINT('',(-0.00282711845551214,0.0159623490631316,0.));
#2628=CARTESIAN_POINT('',(-0.00286804474480993,0.0159474972940632,0.));
#2629=CARTESIAN_POINT('',(-0.00291070600973495,0.0159329746740215,0.));
#2630=CARTESIAN_POINT('',(-0.00295510487668268,0.0159188448538135,0.));
#2631=CARTESIAN_POINT('',(-0.00300124211637381,0.015905171709399,0.));
#2632=CARTESIAN_POINT('',(-0.00304911663595602,0.0158920192927665,0.));
#2633=CARTESIAN_POINT('',(-0.00309872547317349,0.0158794517839754,0.));
#2634=CARTESIAN_POINT('',(-0.00315006378849045,0.0158675334377449,0.));
#2635=CARTESIAN_POINT('',(-0.00320312487089071,0.015856328549984,0.));
#2636=CARTESIAN_POINT('',(-0.00325790009742102,0.0158459013475654,0.));
#2637=CARTESIAN_POINT('',(-0.00331437907490606,0.0158363161700132,0.));
#2638=CARTESIAN_POINT('',(-0.00337254909377756,0.0158276365389895,0.));
#2639=CARTESIAN_POINT('',(-0.00343239720625484,0.0158199284610579,0.));
#2640=CARTESIAN_POINT('',(-0.00349390232597843,0.0158132476245688,0.));
#2641=CARTESIAN_POINT('',(-0.00355706527920621,0.0158076878426884,0.));
#2642=CARTESIAN_POINT('',(-0.00361873466052448,0.0158034090108364,0.));
#2643=CARTESIAN_POINT('',(-0.00365968858468315,0.0158015388421647,0.));
#2644=CARTESIAN_POINT('',(-0.00367875905728493,0.0158006970158989,0.));
#2645=CARTESIAN_POINT('',(-0.0019298053598106,0.0167793309054859,0.));
#2646=CARTESIAN_POINT('',(-0.00160401747033186,0.0165304477134261,0.));
#2647=CARTESIAN_POINT('',(-0.00139876963769513,0.016885347585811,0.));
#2648=CARTESIAN_POINT('',(1.7347234759768E-18,0.019304,0.));
#2649=CARTESIAN_POINT('',(-0.00113455474217321,0.0167507233724071,0.));
#2650=CARTESIAN_POINT('',(-0.00130103312114524,0.016376069476717,0.));
#2651=CARTESIAN_POINT('',(-0.000908189072343446,0.0162587914074034,0.));
#2652=CARTESIAN_POINT('',(-0.000798398275995853,0.0166265018780797,0.));
#2653=CARTESIAN_POINT('',(-0.000941078700127062,0.0161486702929786,0.));
#2654=CARTESIAN_POINT('',(-0.001090502874955,0.0156482541304589,0.));
#2655=CARTESIAN_POINT('',(-0.00109198989885892,0.0156416601116063,0.));
#2656=CARTESIAN_POINT('',(-0.00109305779228906,0.0156373945500863,0.));
#2657=CARTESIAN_POINT('',(-0.00109416651384896,0.0156323738992257,0.));
#2658=CARTESIAN_POINT('',(-0.00109554898092963,0.0156255737476243,0.));
#2659=CARTESIAN_POINT('',(-0.00109704563542927,0.0156173275124773,0.));
#2660=CARTESIAN_POINT('',(-0.00109862726473113,0.0156075186446597,0.));
#2661=CARTESIAN_POINT('',(-0.00110022315006054,0.0155961751196197,0.));
#2662=CARTESIAN_POINT('',(-0.00110177507382428,0.0155832828478583,0.));
#2663=CARTESIAN_POINT('',(-0.00110322087368366,0.0155688427241682,0.));
#2664=CARTESIAN_POINT('',(-0.00110449942608918,0.0155528535670674,0.));
#2665=CARTESIAN_POINT('',(-0.00110554923632704,0.0155353171668566,0.));
#2666=CARTESIAN_POINT('',(-0.00110630891231082,0.0155162368180057,0.));
#2667=CARTESIAN_POINT('',(-0.00110671709010983,0.0154956177463082,0.));
#2668=CARTESIAN_POINT('',(-0.00110671251810951,0.0154734669861638,0.));
#2669=CARTESIAN_POINT('',(-0.00110623409574802,0.0154497934135879,0.));
#2670=CARTESIAN_POINT('',(-0.00110522092520771,0.0154246077329776,0.));
#2671=CARTESIAN_POINT('',(-0.00110361235936064,0.0153979224752991,0.));
#2672=CARTESIAN_POINT('',(-0.00110134805065329,0.0153697519914008,0.));
#2673=CARTESIAN_POINT('',(-0.00109836799956138,0.0153401124450905,0.));
#2674=CARTESIAN_POINT('',(-0.00109461260295858,0.0153090218046941,0.));
#2675=CARTESIAN_POINT('',(-0.00109002270226257,0.0152764998334713,0.));
#2676=CARTESIAN_POINT('',(-0.00108453963135805,0.0152425680787972,0.));
#2677=CARTESIAN_POINT('',(-0.00107810526425887,0.0152072498601447,0.));
#2678=CARTESIAN_POINT('',(-0.00107066206248231,0.0151705702558689,0.));
#2679=CARTESIAN_POINT('',(-0.00106215312210611,0.0151325560888048,0.));
#2680=CARTESIAN_POINT('',(-0.00105252222047985,0.0150932359106836,0.));
#2681=CARTESIAN_POINT('',(-0.00104171386256157,0.015052639985379,0.));
#2682=CARTESIAN_POINT('',(-0.00102967332685414,0.0150108002709916,0.));
#2683=CARTESIAN_POINT('',(-0.00101634671090369,0.0149677504007805,0.));
#2684=CARTESIAN_POINT('',(-0.00100168097636904,0.014923525662953,0.));
#2685=CARTESIAN_POINT('',(-0.000985623993495036,0.01487816297933,0.));
#2686=CARTESIAN_POINT('',(-0.000968124585496803,0.0148317008828619,0.));
#2687=CARTESIAN_POINT('',(-0.000949132570785913,0.0147841794941563,0.));
#2688=CARTESIAN_POINT('',(-0.000928598810810422,0.0147356404964563,0.));
#2689=CARTESIAN_POINT('',(-0.000906475233723444,0.0146861271112752,0.));
#2690=CARTESIAN_POINT('',(-0.000882714947338393,0.0146356840663371,0.));
#2691=CARTESIAN_POINT('',(-0.000857272008841949,0.014584357587721,0.));
#2692=CARTESIAN_POINT('',(-0.000830102498626858,0.0145321952947797,0.));
#2693=CARTESIAN_POINT('',(-0.000801160626775785,0.0144792464601726,0.));
#2694=CARTESIAN_POINT('',(-0.000770413734718058,0.0144255608759139,0.));
#2695=CARTESIAN_POINT('',(-0.000737785440345831,0.0143711930155424,0.));
#2696=CARTESIAN_POINT('',(-0.000704998735173294,0.0143187864037637,0.));
#2697=CARTESIAN_POINT('',(-0.000682439620767066,0.0142845547255685,0.));
#2698=CARTESIAN_POINT('',(-0.000671911329972828,0.0142686315760789,0.));
#2699=CARTESIAN_POINT('',(0.000369715682003533,0.0165345693158194,0.));
#2700=CARTESIAN_POINT('',(0.000435890144954497,0.0160403004946264,0.));
#2701=CARTESIAN_POINT('',(0.000505192325553829,0.015522670194607,0.));
#2702=CARTESIAN_POINT('',(0.000505629509914243,0.0155159247372797,0.));
#2703=CARTESIAN_POINT('',(0.000506016974969725,0.0155115446365628,0.));
#2704=CARTESIAN_POINT('',(0.000506326643495859,0.0155064123559815,0.));
#2705=CARTESIAN_POINT('',(0.000506628312034751,0.0154994796600324,0.));
#2706=CARTESIAN_POINT('',(0.000506816544850106,0.0154911008213778,0.));
#2707=CARTESIAN_POINT('',(0.00050684425668103,0.0154811652956663,0.));
#2708=CARTESIAN_POINT('',(0.000506645975742504,0.0154697117767753,0.));
#2709=CARTESIAN_POINT('',(0.000506161997113289,0.015456735455909,0.));
#2710=CARTESIAN_POINT('',(0.000505331063752654,0.0154422469411759,0.));
#2711=CARTESIAN_POINT('',(0.00050409261981892,0.0154262546274699,0.));
#2712=CARTESIAN_POINT('',(0.00050238620776499,0.0154087699029428,0.));
#2713=CARTESIAN_POINT('',(0.00050015170671152,0.0153898056253422,0.));
#2714=CARTESIAN_POINT('',(0.00049732932571387,0.0153693765555569,0.));
#2715=CARTESIAN_POINT('',(0.000493859667689042,0.0153474992232455,0.));
#2716=CARTESIAN_POINT('',(0.000489683772839211,0.0153241919533781,0.));
#2717=CARTESIAN_POINT('',(0.000484743167636553,0.0152994748450809,0.));
#2718=CARTESIAN_POINT('',(0.000478979911894939,0.0152733697623438,0.));
#2719=CARTESIAN_POINT('',(0.000472336646006627,0.0152459003197699,0.));
#2720=CARTESIAN_POINT('',(0.000464756637717691,0.0152170918681571,0.));
#2721=CARTESIAN_POINT('',(0.000456183828580609,0.0151869714785944,0.));
#2722=CARTESIAN_POINT('',(0.000446562880008379,0.0151555679254644,0.));
#2723=CARTESIAN_POINT('',(0.000435839218915022,0.0151229116682607,0.));
#2724=CARTESIAN_POINT('',(0.000423959082910968,0.015089034832262,0.));
#2725=CARTESIAN_POINT('',(0.000410869565026801,0.0150539711880694,0.));
#2726=CARTESIAN_POINT('',(0.000396518657937782,0.0150177561300185,0.));
#2727=CARTESIAN_POINT('',(0.000380855297662422,0.0149804266534817,0.));
#2728=CARTESIAN_POINT('',(0.000363829406707736,0.0149420213310717,0.));
#2729=CARTESIAN_POINT('',(0.000345391936637352,0.0149025802877596,0.));
#2730=CARTESIAN_POINT('',(0.000325494910026977,0.014862145174925,0.));
#2731=CARTESIAN_POINT('',(0.000304091461817254,0.0148207591433432,0.));
#2732=CARTESIAN_POINT('',(0.000281135879902108,0.0147784668151567,0.));
#2733=CARTESIAN_POINT('',(0.000256583645449296,0.0147353142547243,0.));
#2734=CARTESIAN_POINT('',(0.000230391470934816,0.0146913489388323,0.));
#2735=CARTESIAN_POINT('',(0.00020251734347965,0.0146466197244968,0.));
#2736=CARTESIAN_POINT('',(0.00017292054441544,0.0146011768211964,0.));
#2737=CARTESIAN_POINT('',(0.000141561755833835,0.0145550717415367,0.));
#2738=CARTESIAN_POINT('',(0.000108402831905711,0.0145083573295166,0.));
#2739=CARTESIAN_POINT('',(7.34078430550469E-5,0.0144610874887556,0.));
#2740=CARTESIAN_POINT('',(3.65392710564814E-5,0.0144133180484064,0.));
#2741=CARTESIAN_POINT('',(-2.22735139235667E-6,0.0143651032963868,0.));
#2742=CARTESIAN_POINT('',(-4.29589444699042E-5,0.01431650898437,0.));
#2743=CARTESIAN_POINT('',(-8.35401911735249E-5,0.0142698765556302,0.));
#2744=CARTESIAN_POINT('',(-0.000111176579712605,0.0142395953491917,0.));
#2745=CARTESIAN_POINT('',(-0.000124066179148636,0.0142255152276334,0.));
#2746=CARTESIAN_POINT('',(0.000420632180690775,0.0161542109067248,0.));
#2747=CARTESIAN_POINT('',(0.000826985999398511,0.0162085907397748,0.));
#2748=CARTESIAN_POINT('',(0.000721166027274174,0.0166046749804617,0.));
#2749=CARTESIAN_POINT('',(-3.46944695195361E-18,0.019304,0.));
#2750=CARTESIAN_POINT('',(0.00100318786579804,0.0166963094305659,0.));
#2751=CARTESIAN_POINT('',(0.00115039018534639,0.0163136711296335,0.));
#2752=CARTESIAN_POINT('',(0.00151110099429902,0.0165085257023938,0.));
#2753=CARTESIAN_POINT('',(0.00132872424357979,0.0168461700863316,0.));
#2754=CARTESIAN_POINT('',(0.00156571190222408,0.0164074018367958,0.));
#2755=CARTESIAN_POINT('',(0.00181390071686317,0.0159478953275686,0.));
#2756=CARTESIAN_POINT('',(0.00181751190762286,0.0159421811674364,0.));
#2757=CARTESIAN_POINT('',(0.00181977300041315,0.015938409845274,0.));
#2758=CARTESIAN_POINT('',(0.00182253915214922,0.0159340757244711,0.));
#2759=CARTESIAN_POINT('',(0.0018263700336121,0.0159282897393132,0.));
#2760=CARTESIAN_POINT('',(0.00183114270785809,0.0159214004759757,0.));
#2761=CARTESIAN_POINT('',(0.00183696024400291,0.0159133461782214,0.));
#2762=CARTESIAN_POINT('',(0.00184385286614288,0.0159041966334047,0.));
#2763=CARTESIAN_POINT('',(0.00185187170311304,0.0158939830448,0.));
#2764=CARTESIAN_POINT('',(0.0018610600776107,0.0158827500005328,0.));
#2765=CARTESIAN_POINT('',(0.00187146204594607,0.0158705398860454,0.));
#2766=CARTESIAN_POINT('',(0.00188311982551456,0.0158573974506005,0.));
#2767=CARTESIAN_POINT('',(0.00189607449753481,0.015843368434501,0.));
#2768=CARTESIAN_POINT('',(0.00191036575766428,0.0158284999237923,0.));
#2769=CARTESIAN_POINT('',(0.00192603194326324,0.0158128402039782,0.));
#2770=CARTESIAN_POINT('',(0.00194310998266267,0.0157964387559709,0.));
#2771=CARTESIAN_POINT('',(0.0019616353679706,0.0157793462101821,0.));
#2772=CARTESIAN_POINT('',(0.0019816421224512,0.0157616143113385,0.));
#2773=CARTESIAN_POINT('',(0.00200316277068663,0.0157432958791863,0.));
#2774=CARTESIAN_POINT('',(0.00202622830920929,0.0157244447693344,0.));
#2775=CARTESIAN_POINT('',(0.00205086817826897,0.0157051158330825,0.));
#2776=CARTESIAN_POINT('',(0.00207711023456526,0.0156853648766004,0.));
#2777=CARTESIAN_POINT('',(0.00210498072501115,0.0156652486193912,0.));
#2778=CARTESIAN_POINT('',(0.00213450426152826,0.015644824652091,0.));
#2779=CARTESIAN_POINT('',(0.00216570379689283,0.0156241513936263,0.));
#2780=CARTESIAN_POINT('',(0.00219860060164576,0.0156032880477549,0.));
#2781=CARTESIAN_POINT('',(0.00223321424208162,0.0155822945590167,0.));
#2782=CARTESIAN_POINT('',(0.00226956255933049,0.0155612315681229,0.));
#2783=CARTESIAN_POINT('',(0.00230766164954463,0.0155401603668044,0.));
#2784=CARTESIAN_POINT('',(0.0023475258452089,0.0155191428521579,0.));
#2785=CARTESIAN_POINT('',(0.00238916769756345,0.0154982414804843,0.));
#2786=CARTESIAN_POINT('',(0.00243259796024171,0.0154775192207573,0.));
#2787=CARTESIAN_POINT('',(0.00247782557378476,0.0154570395073389,0.));
#2788=CARTESIAN_POINT('',(0.00252485765238032,0.0154368661935242,0.));
#2789=CARTESIAN_POINT('',(0.00257369946772793,0.0154170635000205,0.));
#2790=CARTESIAN_POINT('',(0.00262435444953134,0.0153976959809817,0.));
#2791=CARTESIAN_POINT('',(0.00267682412829655,0.0153788284214681,0.));
#2792=CARTESIAN_POINT('',(0.00273110830372457,0.0153605259947283,0.));
#2793=CARTESIAN_POINT('',(0.0027872043597002,0.0153428534285819,0.));
#2794=CARTESIAN_POINT('',(0.00284510983355292,0.0153258779424214,0.));
#2795=CARTESIAN_POINT('',(0.00290481261010863,0.0153096578376146,0.));
#2796=CARTESIAN_POINT('',(0.00296632818106507,0.0152942856430765,0.));
#2797=CARTESIAN_POINT('',(0.00302656895319307,0.015280412274069,0.));
#2798=CARTESIAN_POINT('',(0.00306672610775051,0.01527215852506,0.));
#2799=CARTESIAN_POINT('',(0.00308543010054739,0.0152683437838929,0.));
#2800=CARTESIAN_POINT('',(0.00221971168266586,0.0176071452490455,0.));
#2801=CARTESIAN_POINT('',(0.00261600492935455,0.0173044368253449,0.));
#2802=CARTESIAN_POINT('',(0.00303102886649876,0.0169874209719062,0.));
#2803=CARTESIAN_POINT('',(0.00303610776114296,0.0169829603493138,0.));
#2804=CARTESIAN_POINT('',(0.00303947893923031,0.0169801371295629,0.));
#2805=CARTESIAN_POINT('',(0.00304332697834708,0.0169767270278756,0.));
#2806=CARTESIAN_POINT('',(0.00304844244653412,0.0169720381834276,0.));
#2807=CARTESIAN_POINT('',(0.00305450028086543,0.0169662465504967,0.));
#2808=CARTESIAN_POINT('',(0.00306154535369424,0.016959240668115,0.));
#2809=CARTESIAN_POINT('',(0.00306950400877436,0.0169510016014425,0.));
#2810=CARTESIAN_POINT('',(0.0030783374286831,0.0169414837323924,0.));
#2811=CARTESIAN_POINT('',(0.00308799479708615,0.0169306512467613,0.));
#2812=CARTESIAN_POINT('',(0.00309842735845082,0.0169184672611893,0.));
#2813=CARTESIAN_POINT('',(0.00310958431019633,0.0169048970783741,0.));
#2814=CARTESIAN_POINT('',(0.00312141404864056,0.0168899072782349,0.));
#2815=CARTESIAN_POINT('',(0.00313386385767646,0.0168734660197139,0.));
#2816=CARTESIAN_POINT('',(0.00314688004899044,0.0168555429909645,0.));
#2817=CARTESIAN_POINT('',(0.00316040797399872,0.0168361094588245,0.));
#2818=CARTESIAN_POINT('',(0.0031743920734451,0.0168151382884942,0.));
#2819=CARTESIAN_POINT('',(0.00318877591725528,0.0167926039702508,0.));
#2820=CARTESIAN_POINT('',(0.00320350224801586,0.0167684826427725,0.));
#2821=CARTESIAN_POINT('',(0.00321851302424423,0.016742752116019,0.));
#2822=CARTESIAN_POINT('',(0.00323374946448133,0.0167153918928327,0.));
#2823=CARTESIAN_POINT('',(0.00324915209187598,0.0166863831894843,0.));
#2824=CARTESIAN_POINT('',(0.00326466077931467,0.0166557089550891,0.));
#2825=CARTESIAN_POINT('',(0.0032802147950446,0.0166233538898993,0.));
#2826=CARTESIAN_POINT('',(0.003295752848768,0.0165893044624593,0.));
#2827=CARTESIAN_POINT('',(0.00331121313817802,0.0165535489256116,0.));
#2828=CARTESIAN_POINT('',(0.0033265333959084,0.0165160773313475,0.));
#2829=CARTESIAN_POINT('',(0.00334165093686839,0.0164768815444878,0.));
#2830=CARTESIAN_POINT('',(0.00335650270593679,0.01643595525519,0.));
#2831=CARTESIAN_POINT('',(0.00337102532597852,0.016393293990265,0.));
#2832=CARTESIAN_POINT('',(0.0033851551461865,0.0163488951233174,0.));
#2833=CARTESIAN_POINT('',(0.00339882829060106,0.0163027578836262,0.));
#2834=CARTESIAN_POINT('',(0.00341198070723354,0.016254883364044,0.));
#2835=CARTESIAN_POINT('',(0.00342454821602459,0.0162052745268265,0.));
#2836=CARTESIAN_POINT('',(0.00343646656225514,0.0161539362115096,0.));
#2837=CARTESIAN_POINT('',(0.00344767145001597,0.0161008751291093,0.));
#2838=CARTESIAN_POINT('',(0.00345809865243457,0.016046099902579,0.));
#2839=CARTESIAN_POINT('',(0.00346768382998676,0.0159896209250939,0.));
#2840=CARTESIAN_POINT('',(0.00347636346101056,0.0159314509062225,0.));
#2841=CARTESIAN_POINT('',(0.00348407153894214,0.0158716027937452,0.));
#2842=CARTESIAN_POINT('',(0.00349075237543119,0.0158100976740215,0.));
#2843=CARTESIAN_POINT('',(0.00349631215731165,0.0157469347207938,0.));
#2844=CARTESIAN_POINT('',(0.00350059098916364,0.0156852653394755,0.));
#2845=CARTESIAN_POINT('',(0.00350246115783532,0.0156443114153169,0.));
#2846=CARTESIAN_POINT('',(0.00350330298410111,0.0156252409427151,0.));
#2847=CARTESIAN_POINT('',(0.00252466909451405,0.0173741946401894,0.));
#2848=CARTESIAN_POINT('',(0.0027735522865739,0.0176999825296682,0.));
#2849=CARTESIAN_POINT('',(0.00241865241418899,0.0179052303623049,0.));
#2850=CARTESIAN_POINT('',(-6.93889390390723E-18,0.019304,0.));
#2851=CARTESIAN_POINT('',(0.00255327662759292,0.0181694452578268,0.));
#2852=CARTESIAN_POINT('',(0.002927930523283,0.0180029668788548,0.));
#2853=CARTESIAN_POINT('',(0.00304520859259659,0.0183958109276565,0.));
#2854=CARTESIAN_POINT('',(0.00267749812192032,0.0185056017240042,0.));
#2855=CARTESIAN_POINT('',(0.00315532970702133,0.018362921299873,0.));
#2856=CARTESIAN_POINT('',(0.00365574586954118,0.018213497125045,0.));
#2857=CARTESIAN_POINT('',(0.00366233988839376,0.0182120101011411,0.));
#2858=CARTESIAN_POINT('',(0.00366660544991371,0.0182109422077109,0.));
#2859=CARTESIAN_POINT('',(0.00367162610077434,0.018209833486151,0.));
#2860=CARTESIAN_POINT('',(0.00367842625237568,0.0182084510190703,0.));
#2861=CARTESIAN_POINT('',(0.00368667248752276,0.0182069543645707,0.));
#2862=CARTESIAN_POINT('',(0.00369648135534024,0.0182053727352689,0.));
#2863=CARTESIAN_POINT('',(0.0037078248803803,0.0182037768499395,0.));
#2864=CARTESIAN_POINT('',(0.00372071715214171,0.0182022249261758,0.));
#2865=CARTESIAN_POINT('',(0.00373515727583184,0.0182007791263164,0.));
#2866=CARTESIAN_POINT('',(0.0037511464329326,0.0181995005739108,0.));
#2867=CARTESIAN_POINT('',(0.00376868283314339,0.0181984507636729,0.));
#2868=CARTESIAN_POINT('',(0.00378776318199429,0.0181976910876892,0.));
#2869=CARTESIAN_POINT('',(0.00380838225369181,0.0181972829098902,0.));
#2870=CARTESIAN_POINT('',(0.00383053301383619,0.0181972874818905,0.));
#2871=CARTESIAN_POINT('',(0.00385420658641213,0.018197765904252,0.));
#2872=CARTESIAN_POINT('',(0.00387939226702246,0.0181987790747923,0.));
#2873=CARTESIAN_POINT('',(0.00390607752470093,0.0182003876406393,0.));
#2874=CARTESIAN_POINT('',(0.00393424800859918,0.0182026519493467,0.));
#2875=CARTESIAN_POINT('',(0.00396388755490947,0.0182056320004386,0.));
#2876=CARTESIAN_POINT('',(0.00399497819530596,0.0182093873970415,0.));
#2877=CARTESIAN_POINT('',(0.00402750016652872,0.0182139772977374,0.));
#2878=CARTESIAN_POINT('',(0.00406143192120277,0.0182194603686419,0.));
#2879=CARTESIAN_POINT('',(0.00409675013985532,0.0182258947357412,0.));
#2880=CARTESIAN_POINT('',(0.00413342974413105,0.0182333379375177,0.));
#2881=CARTESIAN_POINT('',(0.00417144391119519,0.0182418468778939,0.));
#2882=CARTESIAN_POINT('',(0.00421076408931643,0.0182514777795201,0.));
#2883=CARTESIAN_POINT('',(0.00425136001462095,0.0182622861374384,0.));
#2884=CARTESIAN_POINT('',(0.00429319972900842,0.0182743266731459,0.));
#2885=CARTESIAN_POINT('',(0.00433624959921947,0.0182876532890963,0.));
#2886=CARTESIAN_POINT('',(0.00438047433704697,0.0183023190236309,0.));
#2887=CARTESIAN_POINT('',(0.00442583702066998,0.018318376006505,0.));
#2888=CARTESIAN_POINT('',(0.00447229911713811,0.0183358754145032,0.));
#2889=CARTESIAN_POINT('',(0.00451982050584366,0.0183548674292141,0.));
#2890=CARTESIAN_POINT('',(0.00456835950354368,0.0183754011891896,0.));
#2891=CARTESIAN_POINT('',(0.00461787288872484,0.0183975247662765,0.));
#2892=CARTESIAN_POINT('',(0.00466831593366291,0.0184212850526616,0.));
#2893=CARTESIAN_POINT('',(0.00471964241227902,0.0184467279911581,0.));
#2894=CARTESIAN_POINT('',(0.0047718047052203,0.0184738975013732,0.));
#2895=CARTESIAN_POINT('',(0.00482475353982739,0.0185028393732242,0.));
#2896=CARTESIAN_POINT('',(0.00487843912408608,0.0185335862652819,0.));
#2897=CARTESIAN_POINT('',(0.00493280698445756,0.0185662145596542,0.));
#2898=CARTESIAN_POINT('',(0.00498521359623626,0.0185990012648267,0.));
#2899=CARTESIAN_POINT('',(0.00501944527443149,0.018621560379233,0.));
#2900=CARTESIAN_POINT('',(0.00503536842392112,0.0186320886700272,0.));
#2901=CARTESIAN_POINT('',(0.00276943068418053,0.0196737156820035,0.));
#2902=CARTESIAN_POINT('',(0.00326369950537357,0.0197398901449545,0.));
#2903=CARTESIAN_POINT('',(0.00378132980539308,0.0198091923255538,0.));
#2904=CARTESIAN_POINT('',(0.00378807526272034,0.0198096295099142,0.));
#2905=CARTESIAN_POINT('',(0.00379245536343716,0.0198100169749698,0.));
#2906=CARTESIAN_POINT('',(0.0037975876440185,0.0198103266434958,0.));
#2907=CARTESIAN_POINT('',(0.00380452033996762,0.0198106283120348,0.));
#2908=CARTESIAN_POINT('',(0.00381289917862221,0.0198108165448501,0.));
#2909=CARTESIAN_POINT('',(0.00382283470433369,0.0198108442566811,0.));
#2910=CARTESIAN_POINT('',(0.00383428822322478,0.0198106459757425,0.));
#2911=CARTESIAN_POINT('',(0.00384726454409107,0.0198101619971133,0.));
#2912=CARTESIAN_POINT('',(0.00386175305882412,0.0198093310637527,0.));
#2913=CARTESIAN_POINT('',(0.00387774537253008,0.019808092619819,0.));
#2914=CARTESIAN_POINT('',(0.00389523009705724,0.019806386207765,0.));
#2915=CARTESIAN_POINT('',(0.00391419437465788,0.0198041517067116,0.));
#2916=CARTESIAN_POINT('',(0.00393462344444304,0.0198013293257139,0.));
#2917=CARTESIAN_POINT('',(0.00395650077675455,0.0197978596676891,0.));
#2918=CARTESIAN_POINT('',(0.00397980804662185,0.0197936837728392,0.));
#2919=CARTESIAN_POINT('',(0.00400452515491916,0.0197887431676366,0.));
#2920=CARTESIAN_POINT('',(0.00403063023765618,0.019782979911895,0.));
#2921=CARTESIAN_POINT('',(0.0040580996802301,0.0197763366460066,0.));
#2922=CARTESIAN_POINT('',(0.00408690813184294,0.0197687566377177,0.));
#2923=CARTESIAN_POINT('',(0.00411702852140562,0.0197601838285806,0.));
#2924=CARTESIAN_POINT('',(0.00414843207453554,0.0197505628800084,0.));
#2925=CARTESIAN_POINT('',(0.00418108833173931,0.019739839218915,0.));
#2926=CARTESIAN_POINT('',(0.00421496516773799,0.0197279590829109,0.));
#2927=CARTESIAN_POINT('',(0.00425002881193067,0.0197148695650268,0.));
#2928=CARTESIAN_POINT('',(0.00428624386998155,0.0197005186579378,0.));
#2929=CARTESIAN_POINT('',(0.00432357334651825,0.0196848552976625,0.));
#2930=CARTESIAN_POINT('',(0.00436197866892829,0.0196678294067077,0.));
#2931=CARTESIAN_POINT('',(0.00440141971224044,0.0196493919366373,0.));
#2932=CARTESIAN_POINT('',(0.00444185482507502,0.019629494910027,0.));
#2933=CARTESIAN_POINT('',(0.00448324085665678,0.0196080914618173,0.));
#2934=CARTESIAN_POINT('',(0.00452553318484327,0.0195851358799021,0.));
#2935=CARTESIAN_POINT('',(0.00456868574527573,0.0195605836454493,0.));
#2936=CARTESIAN_POINT('',(0.00461265106116775,0.0195343914709348,0.));
#2937=CARTESIAN_POINT('',(0.00465738027550321,0.0195065173434797,0.));
#2938=CARTESIAN_POINT('',(0.00470282317880365,0.0194769205444155,0.));
#2939=CARTESIAN_POINT('',(0.00474892825846326,0.0194455617558339,0.));
#2940=CARTESIAN_POINT('',(0.00479564267048345,0.0194124028319057,0.));
#2941=CARTESIAN_POINT('',(0.00484291251124436,0.019377407843055,0.));
#2942=CARTESIAN_POINT('',(0.00489068195159359,0.0193405392710565,0.));
#2943=CARTESIAN_POINT('',(0.00493889670361324,0.0193017726486076,0.));
#2944=CARTESIAN_POINT('',(0.00498749101562996,0.0192610410555301,0.));
#2945=CARTESIAN_POINT('',(0.00503412344436979,0.0192204598088265,0.));
#2946=CARTESIAN_POINT('',(0.0050644046508083,0.0191928234202874,0.));
#2947=CARTESIAN_POINT('',(0.00507848477236657,0.0191799338208514,0.));
#2948=CARTESIAN_POINT('',(0.00314978909327521,0.0197246321806908,0.));
#2949=CARTESIAN_POINT('',(0.00309540926022521,0.0201309859993985,0.));
#2950=CARTESIAN_POINT('',(0.00269932501953833,0.0200251660272742,0.));
#2951=CARTESIAN_POINT('',(-8.02309607639273E-18,0.019304,0.));
#2952=CARTESIAN_POINT('',(0.00260769056943411,0.020307187865798,0.));
#2953=CARTESIAN_POINT('',(0.00299032887036658,0.0204543901853464,0.));
#2954=CARTESIAN_POINT('',(0.00279547429760617,0.0208151009942991,0.));
#2955=CARTESIAN_POINT('',(0.00245782991366842,0.0206327242435798,0.));
#2956=CARTESIAN_POINT('',(0.00289659816320421,0.0208697119022241,0.));
#2957=CARTESIAN_POINT('',(0.00335610467243138,0.0211179007168632,0.));
#2958=CARTESIAN_POINT('',(0.00336181883256356,0.0211215119076229,0.));
#2959=CARTESIAN_POINT('',(0.00336559015472593,0.0211237730004131,0.));
#2960=CARTESIAN_POINT('',(0.0033699242755289,0.0211265391521492,0.));
#2961=CARTESIAN_POINT('',(0.00337571026068682,0.0211303700336121,0.));
#2962=CARTESIAN_POINT('',(0.00338259952402437,0.0211351427078581,0.));
#2963=CARTESIAN_POINT('',(0.00339065382177853,0.0211409602440029,0.));
#2964=CARTESIAN_POINT('',(0.00339980336659534,0.0211478528661429,0.));
#2965=CARTESIAN_POINT('',(0.00341001695519996,0.0211558717031131,0.));
#2966=CARTESIAN_POINT('',(0.00342124999946723,0.0211650600776107,0.));
#2967=CARTESIAN_POINT('',(0.00343346011395468,0.021175462045946,0.));
#2968=CARTESIAN_POINT('',(0.00344660254939949,0.0211871198255145,0.));
#2969=CARTESIAN_POINT('',(0.00346063156549899,0.0212000744975348,0.));
#2970=CARTESIAN_POINT('',(0.00347550007620768,0.0212143657576643,0.));
#2971=CARTESIAN_POINT('',(0.00349115979602179,0.0212300319432633,0.));
#2972=CARTESIAN_POINT('',(0.00350756124402907,0.0212471099826627,0.));
#2973=CARTESIAN_POINT('',(0.00352465378981787,0.0212656353679706,0.));
#2974=CARTESIAN_POINT('',(0.00354238568866158,0.0212856421224512,0.));
#2975=CARTESIAN_POINT('',(0.00356070412081368,0.0213071627706866,0.));
#2976=CARTESIAN_POINT('',(0.0035795552306656,0.0213302283092093,0.));
#2977=CARTESIAN_POINT('',(0.00359888416691751,0.021354868178269,0.));
#2978=CARTESIAN_POINT('',(0.00361863512339956,0.0213811102345653,0.));
#2979=CARTESIAN_POINT('',(0.00363875138060882,0.0214089807250112,0.));
#2980=CARTESIAN_POINT('',(0.00365917534790899,0.0214385042615283,0.));
#2981=CARTESIAN_POINT('',(0.00367984860637366,0.0214697037968929,0.));
#2982=CARTESIAN_POINT('',(0.00370071195224515,0.0215026006016458,0.));
#2983=CARTESIAN_POINT('',(0.00372170544098327,0.0215372142420816,0.));
#2984=CARTESIAN_POINT('',(0.00374276843187713,0.0215735625593305,0.));
#2985=CARTESIAN_POINT('',(0.00376383963319558,0.0216116616495446,0.));
#2986=CARTESIAN_POINT('',(0.00378485714784217,0.0216515258452089,0.));
#2987=CARTESIAN_POINT('',(0.00380575851951567,0.0216931676975635,0.));
#2988=CARTESIAN_POINT('',(0.00382648077924272,0.0217365979602417,0.));
#2989=CARTESIAN_POINT('',(0.00384696049266117,0.0217818255737848,0.));
#2990=CARTESIAN_POINT('',(0.0038671338064758,0.0218288576523804,0.));
#2991=CARTESIAN_POINT('',(0.00388693649997956,0.021877699467728,0.));
#2992=CARTESIAN_POINT('',(0.00390630401901835,0.0219283544495314,0.));
#2993=CARTESIAN_POINT('',(0.00392517157853196,0.0219808241282965,0.));
#2994=CARTESIAN_POINT('',(0.00394347400527168,0.0220351083037246,0.));
#2995=CARTESIAN_POINT('',(0.00396114657141809,0.0220912043597002,0.));
#2996=CARTESIAN_POINT('',(0.00397812205757857,0.0221491098335529,0.));
#2997=CARTESIAN_POINT('',(0.00399434216238543,0.0222088126101086,0.));
#2998=CARTESIAN_POINT('',(0.00400971435692354,0.0222703281810651,0.));
#2999=CARTESIAN_POINT('',(0.00402358772593101,0.0223305689531931,0.));
#3000=CARTESIAN_POINT('',(0.00403184147494005,0.0223707261077505,0.));
#3001=CARTESIAN_POINT('',(0.0040356562161071,0.0223894301005474,0.));
#3002=CARTESIAN_POINT('',(0.00169685475095445,0.0215237116826658,0.));
#3003=CARTESIAN_POINT('',(0.00199956317465512,0.0219200049293546,0.));
#3004=CARTESIAN_POINT('',(0.00231657902809373,0.0223350288664988,0.));
#3005=CARTESIAN_POINT('',(0.00232103965068618,0.0223401077611429,0.));
#3006=CARTESIAN_POINT('',(0.00232386287043711,0.0223434789392303,0.));
#3007=CARTESIAN_POINT('',(0.00232727297212438,0.0223473269783471,0.));
#3008=CARTESIAN_POINT('',(0.00233196181657239,0.0223524424465342,0.));
#3009=CARTESIAN_POINT('',(0.00233775344950334,0.0223585002808654,0.));
#3010=CARTESIAN_POINT('',(0.00234475933188502,0.0223655453536943,0.));
#3011=CARTESIAN_POINT('',(0.00235299839855756,0.0223735040087743,0.));
#3012=CARTESIAN_POINT('',(0.00236251626760764,0.0223823374286831,0.));
#3013=CARTESIAN_POINT('',(0.00237334875323871,0.0223919947970862,0.));
#3014=CARTESIAN_POINT('',(0.00238553273881072,0.0224024273584508,0.));
#3015=CARTESIAN_POINT('',(0.00239910292162589,0.0224135843101964,0.));
#3016=CARTESIAN_POINT('',(0.00241409272176508,0.0224254140486406,0.));
#3017=CARTESIAN_POINT('',(0.00243053398028603,0.0224378638576764,0.));
#3018=CARTESIAN_POINT('',(0.00244845700903553,0.0224508800489905,0.));
#3019=CARTESIAN_POINT('',(0.00246789054117548,0.0224644079739987,0.));
#3020=CARTESIAN_POINT('',(0.00248886171150579,0.0224783920734451,0.));
#3021=CARTESIAN_POINT('',(0.00251139602974919,0.0224927759172553,0.));
#3022=CARTESIAN_POINT('',(0.00253551735722747,0.0225075022480159,0.));
#3023=CARTESIAN_POINT('',(0.00256124788398095,0.0225225130242442,0.));
#3024=CARTESIAN_POINT('',(0.00258860810716735,0.0225377494644814,0.));
#3025=CARTESIAN_POINT('',(0.00261761681051574,0.022553152091876,0.));
#3026=CARTESIAN_POINT('',(0.00264829104491095,0.0225686607793147,0.));
#3027=CARTESIAN_POINT('',(0.00268064611010065,0.0225842147950446,0.));
#3028=CARTESIAN_POINT('',(0.00271469553754077,0.022599752848768,0.));
#3029=CARTESIAN_POINT('',(0.00275045107438842,0.0226152131381781,0.));
#3030=CARTESIAN_POINT('',(0.00278792266865255,0.0226305333959084,0.));
#3031=CARTESIAN_POINT('',(0.00282711845551214,0.0226456509368684,0.));
#3032=CARTESIAN_POINT('',(0.00286804474480993,0.0226605027059368,0.));
#3033=CARTESIAN_POINT('',(0.00291070600973495,0.0226750253259785,0.));
#3034=CARTESIAN_POINT('',(0.00295510487668268,0.0226891551461865,0.));
#3035=CARTESIAN_POINT('',(0.00300124211637381,0.0227028282906011,0.));
#3036=CARTESIAN_POINT('',(0.00304911663595602,0.0227159807072335,0.));
#3037=CARTESIAN_POINT('',(0.00309872547317349,0.0227285482160246,0.));
#3038=CARTESIAN_POINT('',(0.00315006378849045,0.0227404665622551,0.));
#3039=CARTESIAN_POINT('',(0.00320312487089071,0.0227516714500159,0.));
#3040=CARTESIAN_POINT('',(0.00325790009742102,0.0227620986524346,0.));
#3041=CARTESIAN_POINT('',(0.00331437907490605,0.0227716838299868,0.));
#3042=CARTESIAN_POINT('',(0.00337254909377756,0.0227803634610106,0.));
#3043=CARTESIAN_POINT('',(0.00343239720625484,0.0227880715389422,0.));
#3044=CARTESIAN_POINT('',(0.00349390232597843,0.0227947523754312,0.));
#3045=CARTESIAN_POINT('',(0.00355706527920621,0.0228003121573116,0.));
#3046=CARTESIAN_POINT('',(0.00361873466052448,0.0228045909891636,0.));
#3047=CARTESIAN_POINT('',(0.00365968858468315,0.0228064611578354,0.));
#3048=CARTESIAN_POINT('',(0.00367875905728492,0.0228073029841011,0.));
#3049=CARTESIAN_POINT('',(0.00192980535981059,0.021828669094514,0.));
#3050=CARTESIAN_POINT('',(0.00160401747033186,0.0220775522865739,0.));
#3051=CARTESIAN_POINT('',(0.00139876963769513,0.021722652414189,0.));
#3052=CARTESIAN_POINT('',(-1.7347234759768E-18,0.019304,0.));
#3053=CARTESIAN_POINT('',(0.,0.019304,0.));
#3054=CARTESIAN_POINT('',(-0.0015875,0.019304,0.));
#3055=CARTESIAN_POINT('',(0.00279547429848202,0.0208151009947722,-0.008080000096));
#3056=CARTESIAN_POINT('',(0.00279547429848202,0.0208151009947722,0.));
#3057=CARTESIAN_POINT('',(0.00300539901160706,0.0209285015064082,-0.008080000096));
#3058=CARTESIAN_POINT('',(0.00300539901160706,0.0209285015064082,0.));
#3059=CARTESIAN_POINT('',(0.00338128103828812,0.0211317187684273,-0.008080000096));
#3060=CARTESIAN_POINT('',(0.00338128103828812,0.0211317187684273,-1.73472347597681E-18));
#3061=CARTESIAN_POINT('',(0.00336473461769938,0.0211230137300235,-0.008080000096));
#3062=CARTESIAN_POINT('',(0.00336473461769938,0.0211230137300235,1.73472347597681E-18));
#3063=CARTESIAN_POINT('',(0.00342351496051156,0.0211650980694229,-0.008080000096));
#3064=CARTESIAN_POINT('',(0.00342351496051156,0.0211650980694229,0.));
#3065=CARTESIAN_POINT('',(0.00348939733936696,0.0212261434991067,-0.008080000096));
#3066=CARTESIAN_POINT('',(0.00348939733936696,0.0212261434991067,0.));
#3067=CARTESIAN_POINT('',(0.00358627367699883,0.0213326336527834,-0.008080000096));
#3068=CARTESIAN_POINT('',(0.00358627367699883,0.0213326336527834,1.73472347597681E-18));
#3069=CARTESIAN_POINT('',(0.00369837322801145,0.0214924323849387,-0.008080000096));
#3070=CARTESIAN_POINT('',(0.00369837322801145,0.0214924323849387,0.));
#3071=CARTESIAN_POINT('',(0.00380391352797074,0.0216816584342626,-0.008080000096));
#3072=CARTESIAN_POINT('',(0.00380391352797074,0.0216816584342626,-1.73472347597681E-18));
#3073=CARTESIAN_POINT('',(0.00392901030440066,0.0219670888400763,-0.008080000096));
#3074=CARTESIAN_POINT('',(0.00392901030440066,0.0219670888400763,1.73472347597681E-18));
#3075=CARTESIAN_POINT('',(0.00399998388888,0.0222145257171868,-0.008080000096));
#3076=CARTESIAN_POINT('',(0.00399998388888,0.0222145257171868,0.));
#3077=CARTESIAN_POINT('',(0.0040356562161071,0.0223894301005474,-0.008080000096));
#3078=CARTESIAN_POINT('',(0.0040356562161071,0.0223894301005474,0.));
#3079=CARTESIAN_POINT('',(0.00279547429760621,0.0208151009942991,-0.008080000096));
#3080=CARTESIAN_POINT('',(0.00314978909426188,0.0197246321808228,-0.008080000096));
#3081=CARTESIAN_POINT('',(0.00314978909426188,0.0197246321808228,0.));
#3082=CARTESIAN_POINT('',(0.00338627690306137,0.0197562798902051,-0.008080000096));
#3083=CARTESIAN_POINT('',(0.00338627690306137,0.0197562798902051,0.));
#3084=CARTESIAN_POINT('',(0.00380981996015254,0.0198128115835663,-0.008080000096));
#3085=CARTESIAN_POINT('',(0.00380981996015254,0.0198128115835663,-1.73472347597681E-18));
#3086=CARTESIAN_POINT('',(0.00379131693150586,0.0198101283655712,-0.008080000096));
#3087=CARTESIAN_POINT('',(0.00379131693150586,0.0198101283655712,1.73472347597681E-18));
#3088=CARTESIAN_POINT('',(0.00386360778182748,0.0198106316384298,-0.008080000096));
#3089=CARTESIAN_POINT('',(0.00386360778182748,0.0198106316384298,-1.73472347597681E-18));
#3090=CARTESIAN_POINT('',(0.00395278934923937,0.0197999695390639,-0.008080000096));
#3091=CARTESIAN_POINT('',(0.00395278934923937,0.0197999695390639,0.));
#3092=CARTESIAN_POINT('',(0.00409375729458185,0.0197707596775619,-0.008080000096));
#3093=CARTESIAN_POINT('',(0.00409375729458185,0.0197707596775619,-1.73472347597681E-18));
#3094=CARTESIAN_POINT('',(0.00427837507450881,0.0197073702504425,-0.008080000096));
#3095=CARTESIAN_POINT('',(0.00427837507450881,0.0197073702504425,1.73472347597681E-18));
#3096=CARTESIAN_POINT('',(0.00447498325190948,0.0196163181925996,-0.008080000096));
#3097=CARTESIAN_POINT('',(0.00447498325190948,0.0196163181925996,0.));
#3098=CARTESIAN_POINT('',(0.0047439604530759,0.0194589301838799,-0.008080000096));
#3099=CARTESIAN_POINT('',(0.0047439604530759,0.0194589301838799,-1.73472347597681E-18));
#3100=CARTESIAN_POINT('',(0.00494681903631045,0.0193004667715217,-0.008080000096));
#3101=CARTESIAN_POINT('',(0.00494681903631045,0.0193004667715217,0.));
#3102=CARTESIAN_POINT('',(0.00507848477236657,0.0191799338208514,-0.008080000096));
#3103=CARTESIAN_POINT('',(0.00507848477236657,0.0191799338208514,0.));
#3104=CARTESIAN_POINT('',(0.00314978909327525,0.0197246321806908,0.));
#3105=CARTESIAN_POINT('',(-8.02309607639273E-18,0.019304,-0.008080000096));
#3106=CARTESIAN_POINT('',(0.00269932501953833,0.0200251660272742,-0.008080000096));
#3107=CARTESIAN_POINT('',(0.00260769056943411,0.020307187865798,-0.008080000096));
#3108=CARTESIAN_POINT('',(0.00299032887036658,0.0204543901853464,-0.004040000048));
#3109=CARTESIAN_POINT('',(0.00309540926022521,0.0201309859993985,-0.004040000048));
#3110=CARTESIAN_POINT('',(0.00151110099477215,0.016508525701518,-0.008080000096));
#3111=CARTESIAN_POINT('',(0.00151110099477215,0.016508525701518,0.));
#3112=CARTESIAN_POINT('',(0.00162450150640813,0.016298600988393,-0.008080000096));
#3113=CARTESIAN_POINT('',(0.00162450150640813,0.016298600988393,0.));
#3114=CARTESIAN_POINT('',(0.00182771876842724,0.0159227189617119,-0.008080000096));
#3115=CARTESIAN_POINT('',(0.00182771876842724,0.0159227189617119,0.));
#3116=CARTESIAN_POINT('',(0.00181901373002355,0.0159392653823006,-0.008080000096));
#3117=CARTESIAN_POINT('',(0.00181901373002355,0.0159392653823006,-1.73472347597681E-18));
#3118=CARTESIAN_POINT('',(0.00186109806942285,0.0158804850394885,-0.008080000096));
#3119=CARTESIAN_POINT('',(0.00186109806942285,0.0158804850394885,1.73472347597681E-18));
#3120=CARTESIAN_POINT('',(0.00192214349910671,0.015814602660633,-0.008080000096));
#3121=CARTESIAN_POINT('',(0.00192214349910671,0.015814602660633,-1.73472347597681E-18));
#3122=CARTESIAN_POINT('',(0.00202863365278336,0.0157177263230012,-0.008080000096));
#3123=CARTESIAN_POINT('',(0.00202863365278336,0.0157177263230012,1.73472347597681E-18));
#3124=CARTESIAN_POINT('',(0.00218843238493871,0.0156056267719885,-0.008080000096));
#3125=CARTESIAN_POINT('',(0.00218843238493871,0.0156056267719885,0.));
#3126=CARTESIAN_POINT('',(0.00237765843426264,0.0155000864720293,-0.008080000096));
#3127=CARTESIAN_POINT('',(0.00237765843426264,0.0155000864720293,1.73472347597681E-18));
#3128=CARTESIAN_POINT('',(0.00266308884007627,0.0153749896955993,-0.008080000096));
#3129=CARTESIAN_POINT('',(0.00266308884007627,0.0153749896955993,-3.46944695195361E-18));
#3130=CARTESIAN_POINT('',(0.00291052571718697,0.01530401611112,-0.008080000096));
#3131=CARTESIAN_POINT('',(0.00291052571718697,0.01530401611112,0.));
#3132=CARTESIAN_POINT('',(0.00308543010054739,0.0152683437838929,-0.008080000096));
#3133=CARTESIAN_POINT('',(0.00308543010054739,0.0152683437838929,0.));
#3134=CARTESIAN_POINT('',(0.00151110099429905,0.0165085257023938,-0.008080000096));
#3135=CARTESIAN_POINT('',(0.000420632180822816,0.0161542109057381,-0.008080000096));
#3136=CARTESIAN_POINT('',(0.000420632180822816,0.0161542109057381,0.));
#3137=CARTESIAN_POINT('',(0.000452279890205123,0.0159177230969386,-0.008080000096));
#3138=CARTESIAN_POINT('',(0.000452279890205123,0.0159177230969386,0.));
#3139=CARTESIAN_POINT('',(0.000508811583566249,0.0154941800398475,-0.008080000096));
#3140=CARTESIAN_POINT('',(0.000508811583566249,0.0154941800398475,0.));
#3141=CARTESIAN_POINT('',(0.000506128365571231,0.0155126830684942,-0.008080000096));
#3142=CARTESIAN_POINT('',(0.000506128365571231,0.0155126830684942,-1.73472347597681E-18));
#3143=CARTESIAN_POINT('',(0.000506631638429846,0.0154403922181726,-0.008080000096));
#3144=CARTESIAN_POINT('',(0.000506631638429846,0.0154403922181726,0.));
#3145=CARTESIAN_POINT('',(0.000495969539063846,0.0153512106507606,-0.008080000096));
#3146=CARTESIAN_POINT('',(0.000495969539063846,0.0153512106507606,0.));
#3147=CARTESIAN_POINT('',(0.000466759677561946,0.0152102427054182,-0.008080000096));
#3148=CARTESIAN_POINT('',(0.000466759677561946,0.0152102427054182,1.73472347597681E-18));
#3149=CARTESIAN_POINT('',(0.000403370250442523,0.0150256249254912,-0.008080000096));
#3150=CARTESIAN_POINT('',(0.000403370250442523,0.0150256249254912,0.));
#3151=CARTESIAN_POINT('',(0.000312318192599632,0.0148290167480905,-0.008080000096));
#3152=CARTESIAN_POINT('',(0.000312318192599632,0.0148290167480905,-1.73472347597681E-18));
#3153=CARTESIAN_POINT('',(0.000154930183879901,0.0145600395469242,-0.008080000096));
#3154=CARTESIAN_POINT('',(0.000154930183879901,0.0145600395469242,0.));
#3155=CARTESIAN_POINT('',(-3.53322847842099E-6,0.0143571809636895,-0.008080000096));
#3156=CARTESIAN_POINT('',(-3.53322847842099E-6,0.0143571809636895,0.));
#3157=CARTESIAN_POINT('',(-0.000124066179148636,0.0142255152276334,-0.008080000096));
#3158=CARTESIAN_POINT('',(-0.000124066179148636,0.0142255152276334,0.));
#3159=CARTESIAN_POINT('',(0.000420632180690782,0.0161542109067247,0.));
#3160=CARTESIAN_POINT('',(-3.46944695195361E-18,0.019304,-0.008080000096));
#3161=CARTESIAN_POINT('',(0.000721166027274175,0.0166046749804617,-0.008080000096));
#3162=CARTESIAN_POINT('',(0.00100318786579804,0.0166963094305659,-0.008080000096));
#3163=CARTESIAN_POINT('',(0.00115039018534639,0.0163136711296335,-0.004040000048));
#3164=CARTESIAN_POINT('',(0.000826985999398511,0.0162085907397748,-0.004040000048));
#3165=CARTESIAN_POINT('',(0.00304520859355047,0.0183958109273718,-0.008080000096));
#3166=CARTESIAN_POINT('',(0.00304520859355047,0.0183958109273718,0.));
#3167=CARTESIAN_POINT('',(0.00327383405250765,0.0183275580099503,-0.008080000096));
#3168=CARTESIAN_POINT('',(0.00327383405250765,0.0183275580099503,0.));
#3169=CARTESIAN_POINT('',(0.00368331908652785,0.0182054655839858,-0.008080000096));
#3170=CARTESIAN_POINT('',(0.00368331908652785,0.0182054655839858,0.));
#3171=CARTESIAN_POINT('',(0.00366546360863944,0.0182110102785027,-0.008080000096));
#3172=CARTESIAN_POINT('',(0.00366546360863944,0.0182110102785027,1.73472347597681E-18));
#3173=CARTESIAN_POINT('',(0.00373678570941341,0.0181992044212708,-0.008080000096));
#3174=CARTESIAN_POINT('',(0.00373678570941341,0.0181992044212708,-1.73472347597681E-18));
#3175=CARTESIAN_POINT('',(0.00382653722355267,0.0181957841817113,-0.008080000096));
#3176=CARTESIAN_POINT('',(0.00382653722355267,0.0181957841817113,0.));
#3177=CARTESIAN_POINT('',(0.00397033904862304,0.0182025821762297,-0.008080000096));
#3178=CARTESIAN_POINT('',(0.00397033904862304,0.0182025821762297,-1.73472347597681E-18));
#3179=CARTESIAN_POINT('',(0.00416260016844409,0.0182363105906728,-0.008080000096));
#3180=CARTESIAN_POINT('',(0.00416260016844409,0.0182363105906728,0.));
#3181=CARTESIAN_POINT('',(0.00437103145288786,0.0182954853515371,-0.008080000096));
#3182=CARTESIAN_POINT('',(0.00437103145288786,0.0182954853515371,-1.73472347597681E-18));
#3183=CARTESIAN_POINT('',(0.00466131800731367,0.0184088583481267,-0.008080000096));
#3184=CARTESIAN_POINT('',(0.00466131800731367,0.0184088583481267,1.73472347597681E-18));
#3185=CARTESIAN_POINT('',(0.00488646820390473,0.0185336367389767,-0.008080000096));
#3186=CARTESIAN_POINT('',(0.00488646820390473,0.0185336367389767,0.));
#3187=CARTESIAN_POINT('',(0.00503536842392112,0.0186320886700272,-0.008080000096));
#3188=CARTESIAN_POINT('',(0.00503536842392112,0.0186320886700272,0.));
#3189=CARTESIAN_POINT('',(0.00304520859259664,0.0183958109276565,-0.008080000096));
#3190=CARTESIAN_POINT('',(0.00252466909530512,0.0173741946395851,-0.008080000096));
#3191=CARTESIAN_POINT('',(0.00252466909530512,0.0173741946395851,0.));
#3192=CARTESIAN_POINT('',(0.00271426953848843,0.0172293508162283,-0.008080000096));
#3193=CARTESIAN_POINT('',(0.00271426953848843,0.0172293508162283,0.));
#3194=CARTESIAN_POINT('',(0.00305373365000969,0.0169698345921623,-0.008080000096));
#3195=CARTESIAN_POINT('',(0.00305373365000969,0.0169698345921623,-3.46944695195361E-18));
#3196=CARTESIAN_POINT('',(0.00303875271134145,0.0169810208875511,-0.008080000096));
#3197=CARTESIAN_POINT('',(0.00303875271134145,0.0169810208875511,0.));
#3198=CARTESIAN_POINT('',(0.00309022592947272,0.0169302594047221,-0.008080000096));
#3199=CARTESIAN_POINT('',(0.00309022592947272,0.0169302594047221,1.73472347597681E-18));
#3200=CARTESIAN_POINT('',(0.00314574757778313,0.0168596592708849,-0.008080000096));
#3201=CARTESIAN_POINT('',(0.00314574757778313,0.0168596592708849,-3.46944695195361E-18));
#3202=CARTESIAN_POINT('',(0.00322477247671922,0.0167393253896578,-0.008080000096));
#3203=CARTESIAN_POINT('',(0.00322477247671922,0.0167393253896578,0.));
#3204=CARTESIAN_POINT('',(0.00331049386706151,0.0165639578117722,-0.008080000096));
#3205=CARTESIAN_POINT('',(0.00331049386706151,0.0165639578117722,1.73472347597681E-18));
#3206=CARTESIAN_POINT('',(0.00338513331499655,0.0163605513087537,-0.008080000096));
#3207=CARTESIAN_POINT('',(0.00338513331499655,0.0163605513087537,0.));
#3208=CARTESIAN_POINT('',(0.00346403878968274,0.0160590655775812,-0.008080000096));
#3209=CARTESIAN_POINT('',(0.00346403878968274,0.0160590655775812,-1.73472347597681E-18));
#3210=CARTESIAN_POINT('',(0.00349543091606123,0.0158035723443054,-0.008080000096));
#3211=CARTESIAN_POINT('',(0.00349543091606123,0.0158035723443054,0.));
#3212=CARTESIAN_POINT('',(0.00350330298410111,0.0156252409427151,-0.008080000096));
#3213=CARTESIAN_POINT('',(0.00350330298410111,0.0156252409427151,0.));
#3214=CARTESIAN_POINT('',(0.00252466909451409,0.0173741946401894,0.));
#3215=CARTESIAN_POINT('',(-6.93889390390723E-18,0.019304,-0.008080000096));
#3216=CARTESIAN_POINT('',(0.002418652414189,0.0179052303623049,-0.008080000096));
#3217=CARTESIAN_POINT('',(0.00255327662759292,0.0181694452578268,-0.008080000096));
#3218=CARTESIAN_POINT('',(0.002927930523283,0.0180029668788548,-0.004040000048));
#3219=CARTESIAN_POINT('',(0.0027735522865739,0.0176999825296682,-0.004040000048));
#3220=CARTESIAN_POINT('',(-0.00279547429848201,0.0177928990052279,-0.008080000096));
#3221=CARTESIAN_POINT('',(-0.00279547429848201,0.0177928990052279,0.));
#3222=CARTESIAN_POINT('',(-0.00300539901160705,0.0176794984935919,-0.008080000096));
#3223=CARTESIAN_POINT('',(-0.00300539901160705,0.0176794984935919,0.));
#3224=CARTESIAN_POINT('',(-0.00338128103828811,0.0174762812315728,-0.008080000096));
#3225=CARTESIAN_POINT('',(-0.00338128103828811,0.0174762812315728,0.));
#3226=CARTESIAN_POINT('',(-0.00336473461769938,0.0174849862699765,-0.008080000096));
#3227=CARTESIAN_POINT('',(-0.00336473461769938,0.0174849862699765,-1.73472347597681E-18));
#3228=CARTESIAN_POINT('',(-0.00342351496051156,0.0174429019305771,-0.008080000096));
#3229=CARTESIAN_POINT('',(-0.00342351496051156,0.0174429019305771,1.73472347597681E-18));
#3230=CARTESIAN_POINT('',(-0.00348939733936696,0.0173818565008933,-0.008080000096));
#3231=CARTESIAN_POINT('',(-0.00348939733936696,0.0173818565008933,-1.73472347597681E-18));
#3232=CARTESIAN_POINT('',(-0.00358627367699883,0.0172753663472166,-0.008080000096));
#3233=CARTESIAN_POINT('',(-0.00358627367699883,0.0172753663472166,1.73472347597681E-18));
#3234=CARTESIAN_POINT('',(-0.00369837322801145,0.0171155676150613,-0.008080000096));
#3235=CARTESIAN_POINT('',(-0.00369837322801145,0.0171155676150613,0.));
#3236=CARTESIAN_POINT('',(-0.00380391352797074,0.0169263415657374,-0.008080000096));
#3237=CARTESIAN_POINT('',(-0.00380391352797074,0.0169263415657374,1.73472347597681E-18));
#3238=CARTESIAN_POINT('',(-0.00392901030440066,0.0166409111599237,-0.008080000096));
#3239=CARTESIAN_POINT('',(-0.00392901030440066,0.0166409111599237,-3.46944695195361E-18));
#3240=CARTESIAN_POINT('',(-0.00399998388888,0.0163934742828133,-0.008080000096));
#3241=CARTESIAN_POINT('',(-0.00399998388888,0.0163934742828133,0.));
#3242=CARTESIAN_POINT('',(-0.0040356562161071,0.0162185698994526,-0.008080000096));
#3243=CARTESIAN_POINT('',(-0.0040356562161071,0.0162185698994526,0.));
#3244=CARTESIAN_POINT('',(-0.00279547429760621,0.017792899005701,-0.008080000096));
#3245=CARTESIAN_POINT('',(-0.00314978909426188,0.0188833678191772,-0.008080000096));
#3246=CARTESIAN_POINT('',(-0.00314978909426188,0.0188833678191772,0.));
#3247=CARTESIAN_POINT('',(-0.00338627690306137,0.0188517201097949,-0.008080000096));
#3248=CARTESIAN_POINT('',(-0.00338627690306137,0.0188517201097949,0.));
#3249=CARTESIAN_POINT('',(-0.00380981996015254,0.0187951884164338,-0.008080000096));
#3250=CARTESIAN_POINT('',(-0.00380981996015254,0.0187951884164338,3.46944695195361E-18));
#3251=CARTESIAN_POINT('',(-0.00379131693150586,0.0187978716344288,-0.008080000096));
#3252=CARTESIAN_POINT('',(-0.00379131693150586,0.0187978716344288,-3.46944695195361E-18));
#3253=CARTESIAN_POINT('',(-0.00386360778182747,0.0187973683615702,-0.008080000096));
#3254=CARTESIAN_POINT('',(-0.00386360778182747,0.0187973683615702,1.73472347597681E-18));
#3255=CARTESIAN_POINT('',(-0.00395278934923937,0.0188080304609362,-0.008080000096));
#3256=CARTESIAN_POINT('',(-0.00395278934923937,0.0188080304609362,-1.73472347597681E-18));
#3257=CARTESIAN_POINT('',(-0.00409375729458184,0.018837240322438,-0.008080000096));
#3258=CARTESIAN_POINT('',(-0.00409375729458184,0.018837240322438,1.73472347597681E-18));
#3259=CARTESIAN_POINT('',(-0.00427837507450881,0.0189006297495575,-0.008080000096));
#3260=CARTESIAN_POINT('',(-0.00427837507450881,0.0189006297495575,-1.73472347597681E-18));
#3261=CARTESIAN_POINT('',(-0.00447498325190948,0.0189916818074004,-0.008080000096));
#3262=CARTESIAN_POINT('',(-0.00447498325190948,0.0189916818074004,1.73472347597681E-18));
#3263=CARTESIAN_POINT('',(-0.0047439604530759,0.0191490698161201,-0.008080000096));
#3264=CARTESIAN_POINT('',(-0.0047439604530759,0.0191490698161201,-3.46944695195361E-18));
#3265=CARTESIAN_POINT('',(-0.00494681903631044,0.0193075332284782,-0.008080000096));
#3266=CARTESIAN_POINT('',(-0.00494681903631044,0.0193075332284782,-1.73472347597681E-18));
#3267=CARTESIAN_POINT('',(-0.00507848477236657,0.0194280661791487,-0.008080000096));
#3268=CARTESIAN_POINT('',(-0.00507848477236657,0.0194280661791487,-1.73472347597681E-18));
#3269=CARTESIAN_POINT('',(-0.00314978909327525,0.0188833678193092,0.));
#3270=CARTESIAN_POINT('',(8.02309607639273E-18,0.019304,-0.008080000096));
#3271=CARTESIAN_POINT('',(-0.00269932501953833,0.0185828339727259,-0.008080000096));
#3272=CARTESIAN_POINT('',(-0.00260769056943411,0.018300812134202,-0.008080000096));
#3273=CARTESIAN_POINT('',(-0.00299032887036658,0.0181536098146536,-0.004040000048));
#3274=CARTESIAN_POINT('',(-0.00309540926022521,0.0184770140006015,-0.004040000048));
#3275=CARTESIAN_POINT('',(-0.000908189072628218,0.0162587914064495,-0.008080000096));
#3276=CARTESIAN_POINT('',(-0.000908189072628218,0.0162587914064495,0.));
#3277=CARTESIAN_POINT('',(-0.000976441990049748,0.0160301659474924,-0.008080000096));
#3278=CARTESIAN_POINT('',(-0.000976441990049748,0.0160301659474924,0.));
#3279=CARTESIAN_POINT('',(-0.00109853441601419,0.0156206809134722,-0.008080000096));
#3280=CARTESIAN_POINT('',(-0.00109853441601419,0.0156206809134722,1.73472347597681E-18));
#3281=CARTESIAN_POINT('',(-0.00109298972149727,0.0156385363913606,-0.008080000096));
#3282=CARTESIAN_POINT('',(-0.00109298972149727,0.0156385363913606,-3.46944695195361E-18));
#3283=CARTESIAN_POINT('',(-0.00110479557872923,0.0155672142905866,-0.008080000096));
#3284=CARTESIAN_POINT('',(-0.00110479557872923,0.0155672142905866,0.));
#3285=CARTESIAN_POINT('',(-0.00110821581828869,0.0154774627764473,-0.008080000096));
#3286=CARTESIAN_POINT('',(-0.00110821581828869,0.0154774627764473,0.));
#3287=CARTESIAN_POINT('',(-0.00110141782377033,0.015333660951377,-0.008080000096));
#3288=CARTESIAN_POINT('',(-0.00110141782377033,0.015333660951377,-1.73472347597681E-18));
#3289=CARTESIAN_POINT('',(-0.00106768940932727,0.0151413998315559,-0.008080000096));
#3290=CARTESIAN_POINT('',(-0.00106768940932727,0.0151413998315559,0.));
#3291=CARTESIAN_POINT('',(-0.00100851464846286,0.0149329685471122,-0.008080000096));
#3292=CARTESIAN_POINT('',(-0.00100851464846286,0.0149329685471122,-1.73472347597681E-18));
#3293=CARTESIAN_POINT('',(-0.000895141651873386,0.0146426819926863,-0.008080000096));
#3294=CARTESIAN_POINT('',(-0.000895141651873386,0.0146426819926863,1.73472347597681E-18));
#3295=CARTESIAN_POINT('',(-0.000770363261023239,0.0144175317960952,-0.008080000096));
#3296=CARTESIAN_POINT('',(-0.000770363261023239,0.0144175317960952,0.));
#3297=CARTESIAN_POINT('',(-0.000671911329972828,0.0142686315760789,-0.008080000096));
#3298=CARTESIAN_POINT('',(-0.000671911329972828,0.0142686315760789,0.));
#3299=CARTESIAN_POINT('',(-0.000908189072343463,0.0162587914074033,-0.008080000096));
#3300=CARTESIAN_POINT('',(-0.00192980536041491,0.0167793309046949,-0.008080000096));
#3301=CARTESIAN_POINT('',(-0.00192980536041491,0.0167793309046949,0.));
#3302=CARTESIAN_POINT('',(-0.00207464918377173,0.0165897304615116,-0.008080000096));
#3303=CARTESIAN_POINT('',(-0.00207464918377173,0.0165897304615116,0.));
#3304=CARTESIAN_POINT('',(-0.00233416540783777,0.0162502663499903,-0.008080000096));
#3305=CARTESIAN_POINT('',(-0.00233416540783777,0.0162502663499903,-1.73472347597681E-18));
#3306=CARTESIAN_POINT('',(-0.00232297911244888,0.0162652472886586,-0.008080000096));
#3307=CARTESIAN_POINT('',(-0.00232297911244888,0.0162652472886586,1.73472347597681E-18));
#3308=CARTESIAN_POINT('',(-0.00237374059527793,0.0162137740705273,-0.008080000096));
#3309=CARTESIAN_POINT('',(-0.00237374059527793,0.0162137740705273,-1.73472347597681E-18));
#3310=CARTESIAN_POINT('',(-0.00244434072911511,0.0161582524222169,-0.008080000096));
#3311=CARTESIAN_POINT('',(-0.00244434072911511,0.0161582524222169,1.73472347597681E-18));
#3312=CARTESIAN_POINT('',(-0.00256467461034222,0.0160792275232808,-0.008080000096));
#3313=CARTESIAN_POINT('',(-0.00256467461034222,0.0160792275232808,-1.73472347597681E-18));
#3314=CARTESIAN_POINT('',(-0.00274004218822786,0.0159935061329385,-0.008080000096));
#3315=CARTESIAN_POINT('',(-0.00274004218822786,0.0159935061329385,1.73472347597681E-18));
#3316=CARTESIAN_POINT('',(-0.00294344869124629,0.0159188666850035,-0.008080000096));
#3317=CARTESIAN_POINT('',(-0.00294344869124629,0.0159188666850035,0.));
#3318=CARTESIAN_POINT('',(-0.00324493442241883,0.0158399612103172,-0.008080000096));
#3319=CARTESIAN_POINT('',(-0.00324493442241883,0.0158399612103172,-1.73472347597681E-18));
#3320=CARTESIAN_POINT('',(-0.00350042765569434,0.0158085690839389,-0.008080000096));
#3321=CARTESIAN_POINT('',(-0.00350042765569434,0.0158085690839389,0.));
#3322=CARTESIAN_POINT('',(-0.00367875905728493,0.0158006970158989,-0.008080000096));
#3323=CARTESIAN_POINT('',(-0.00367875905728493,0.0158006970158989,0.));
#3324=CARTESIAN_POINT('',(-0.00192980535981062,0.0167793309054859,0.));
#3325=CARTESIAN_POINT('',(1.7347234759768E-18,0.019304,-0.008080000096));
#3326=CARTESIAN_POINT('',(-0.00139876963769513,0.016885347585811,-0.008080000096));
#3327=CARTESIAN_POINT('',(-0.00113455474217321,0.0167507233724071,-0.008080000096));
#3328=CARTESIAN_POINT('',(-0.00130103312114524,0.016376069476717,-0.004040000048));
#3329=CARTESIAN_POINT('',(-0.00160401747033186,0.0165304477134261,-0.004040000048));
#3330=CARTESIAN_POINT('',(-0.00151110099477214,0.022099474298482,-0.008080000096));
#3331=CARTESIAN_POINT('',(-0.00151110099477214,0.022099474298482,0.));
#3332=CARTESIAN_POINT('',(-0.00162450150640812,0.022309399011607,-0.008080000096));
#3333=CARTESIAN_POINT('',(-0.00162450150640812,0.022309399011607,0.));
#3334=CARTESIAN_POINT('',(-0.00182771876842724,0.0226852810382881,-0.008080000096));
#3335=CARTESIAN_POINT('',(-0.00182771876842724,0.0226852810382881,0.));
#3336=CARTESIAN_POINT('',(-0.00181901373002355,0.0226687346176993,-0.008080000096));
#3337=CARTESIAN_POINT('',(-0.00181901373002355,0.0226687346176993,1.73472347597681E-18));
#3338=CARTESIAN_POINT('',(-0.00186109806942285,0.0227275149605116,-0.008080000096));
#3339=CARTESIAN_POINT('',(-0.00186109806942285,0.0227275149605116,-1.73472347597681E-18));
#3340=CARTESIAN_POINT('',(-0.0019221434991067,0.022793397339367,-0.008080000096));
#3341=CARTESIAN_POINT('',(-0.0019221434991067,0.022793397339367,1.73472347597681E-18));
#3342=CARTESIAN_POINT('',(-0.00202863365278335,0.0228902736769988,-0.008080000096));
#3343=CARTESIAN_POINT('',(-0.00202863365278335,0.0228902736769988,0.));
#3344=CARTESIAN_POINT('',(-0.00218843238493871,0.0230023732280114,-0.008080000096));
#3345=CARTESIAN_POINT('',(-0.00218843238493871,0.0230023732280114,1.73472347597681E-18));
#3346=CARTESIAN_POINT('',(-0.00237765843426264,0.0231079135279708,-0.008080000096));
#3347=CARTESIAN_POINT('',(-0.00237765843426264,0.0231079135279708,-1.73472347597681E-18));
#3348=CARTESIAN_POINT('',(-0.00266308884007626,0.0232330103044006,-0.008080000096));
#3349=CARTESIAN_POINT('',(-0.00266308884007626,0.0232330103044006,3.46944695195361E-18));
#3350=CARTESIAN_POINT('',(-0.00291052571718697,0.0233039838888801,-0.008080000096));
#3351=CARTESIAN_POINT('',(-0.00291052571718697,0.0233039838888801,0.));
#3352=CARTESIAN_POINT('',(-0.00308543010054739,0.0233396562161071,-0.008080000096));
#3353=CARTESIAN_POINT('',(-0.00308543010054739,0.0233396562161071,0.));
#3354=CARTESIAN_POINT('',(-0.00151110099429905,0.0220994742976062,-0.008080000096));
#3355=CARTESIAN_POINT('',(-0.000420632180822813,0.0224537890942619,-0.008080000096));
#3356=CARTESIAN_POINT('',(-0.000420632180822813,0.0224537890942619,-1.73472347597681E-18));
#3357=CARTESIAN_POINT('',(-0.000452279890205119,0.0226902769030614,-0.008080000096));
#3358=CARTESIAN_POINT('',(-0.000452279890205119,0.0226902769030614,-1.73472347597681E-18));
#3359=CARTESIAN_POINT('',(-0.000508811583566248,0.0231138199601526,-0.008080000096));
#3360=CARTESIAN_POINT('',(-0.000508811583566248,0.0231138199601526,-3.46944695195361E-18));
#3361=CARTESIAN_POINT('',(-0.000506128365571231,0.0230953169315059,-0.008080000096));
#3362=CARTESIAN_POINT('',(-0.000506128365571231,0.0230953169315059,1.73472347597681E-18));
#3363=CARTESIAN_POINT('',(-0.000506631638429846,0.0231676077818275,-0.008080000096));
#3364=CARTESIAN_POINT('',(-0.000506631638429846,0.0231676077818275,0.));
#3365=CARTESIAN_POINT('',(-0.000495969539063847,0.0232567893492394,-0.008080000096));
#3366=CARTESIAN_POINT('',(-0.000495969539063847,0.0232567893492394,0.));
#3367=CARTESIAN_POINT('',(-0.000466759677561946,0.0233977572945819,-0.008080000096));
#3368=CARTESIAN_POINT('',(-0.000466759677561946,0.0233977572945819,-1.73472347597681E-18));
#3369=CARTESIAN_POINT('',(-0.000403370250442524,0.0235823750745088,-0.008080000096));
#3370=CARTESIAN_POINT('',(-0.000403370250442524,0.0235823750745088,1.73472347597681E-18));
#3371=CARTESIAN_POINT('',(-0.000312318192599633,0.0237789832519095,-0.008080000096));
#3372=CARTESIAN_POINT('',(-0.000312318192599633,0.0237789832519095,-1.73472347597681E-18));
#3373=CARTESIAN_POINT('',(-0.0001549301838799,0.0240479604530759,-0.008080000096));
#3374=CARTESIAN_POINT('',(-0.0001549301838799,0.0240479604530759,1.73472347597681E-18));
#3375=CARTESIAN_POINT('',(3.53322847841858E-6,0.0242508190363102,-0.008080000096));
#3376=CARTESIAN_POINT('',(3.53322847841858E-6,0.0242508190363102,0.));
#3377=CARTESIAN_POINT('',(0.000124066179148636,0.0243824847723666,-0.008080000096));
#3378=CARTESIAN_POINT('',(0.000124066179148636,0.0243824847723666,0.));
#3379=CARTESIAN_POINT('',(-0.000420632180690782,0.0224537890932752,0.));
#3380=CARTESIAN_POINT('',(3.46944695195361E-18,0.019304,-0.008080000096));
#3381=CARTESIAN_POINT('',(-0.000721166027274175,0.0220033250195384,-0.008080000096));
#3382=CARTESIAN_POINT('',(-0.00100318786579804,0.0219116905694341,-0.008080000096));
#3383=CARTESIAN_POINT('',(-0.00115039018534639,0.0222943288703666,-0.004040000048));
#3384=CARTESIAN_POINT('',(-0.000826985999398511,0.0223994092602252,-0.004040000048));
#3385=CARTESIAN_POINT('',(-0.00304520859355047,0.0202121890726282,-0.008080000096));
#3386=CARTESIAN_POINT('',(-0.00304520859355047,0.0202121890726282,0.));
#3387=CARTESIAN_POINT('',(-0.00327383405250765,0.0202804419900497,-0.008080000096));
#3388=CARTESIAN_POINT('',(-0.00327383405250765,0.0202804419900497,0.));
#3389=CARTESIAN_POINT('',(-0.00368331908652785,0.0204025344160142,-0.008080000096));
#3390=CARTESIAN_POINT('',(-0.00368331908652785,0.0204025344160142,-3.46944695195361E-18));
#3391=CARTESIAN_POINT('',(-0.00366546360863945,0.0203969897214973,-0.008080000096));
#3392=CARTESIAN_POINT('',(-0.00366546360863945,0.0203969897214973,3.46944695195361E-18));
#3393=CARTESIAN_POINT('',(-0.00373678570941342,0.0204087955787292,-0.008080000096));
#3394=CARTESIAN_POINT('',(-0.00373678570941342,0.0204087955787292,-3.46944695195361E-18));
#3395=CARTESIAN_POINT('',(-0.00382653722355267,0.0204122158182887,-0.008080000096));
#3396=CARTESIAN_POINT('',(-0.00382653722355267,0.0204122158182887,1.73472347597681E-18));
#3397=CARTESIAN_POINT('',(-0.00397033904862303,0.0204054178237704,-0.008080000096));
#3398=CARTESIAN_POINT('',(-0.00397033904862303,0.0204054178237704,-1.73472347597681E-18));
#3399=CARTESIAN_POINT('',(-0.00416260016844409,0.0203716894093272,-0.008080000096));
#3400=CARTESIAN_POINT('',(-0.00416260016844409,0.0203716894093272,0.));
#3401=CARTESIAN_POINT('',(-0.00437103145288786,0.0203125146484629,-0.008080000096));
#3402=CARTESIAN_POINT('',(-0.00437103145288786,0.0203125146484629,-1.73472347597681E-18));
#3403=CARTESIAN_POINT('',(-0.00466131800731368,0.0201991416518735,-0.008080000096));
#3404=CARTESIAN_POINT('',(-0.00466131800731368,0.0201991416518735,0.));
#3405=CARTESIAN_POINT('',(-0.00488646820390473,0.0200743632610229,-0.008080000096));
#3406=CARTESIAN_POINT('',(-0.00488646820390473,0.0200743632610229,0.));
#3407=CARTESIAN_POINT('',(-0.00503536842392112,0.0199759113299729,-0.008080000096));
#3408=CARTESIAN_POINT('',(-0.00503536842392112,0.0199759113299729,0.));
#3409=CARTESIAN_POINT('',(-0.00304520859259664,0.0202121890723434,-0.008080000096));
#3410=CARTESIAN_POINT('',(-0.0025246690953051,0.0212338053604149,-0.008080000096));
#3411=CARTESIAN_POINT('',(-0.0025246690953051,0.0212338053604149,0.));
#3412=CARTESIAN_POINT('',(-0.00271426953848842,0.0213786491837717,-0.008080000096));
#3413=CARTESIAN_POINT('',(-0.00271426953848842,0.0213786491837717,0.));
#3414=CARTESIAN_POINT('',(-0.00305373365000968,0.0216381654078378,-0.008080000096));
#3415=CARTESIAN_POINT('',(-0.00305373365000968,0.0216381654078378,-1.73472347597681E-18));
#3416=CARTESIAN_POINT('',(-0.00303875271134145,0.0216269791124489,-0.008080000096));
#3417=CARTESIAN_POINT('',(-0.00303875271134145,0.0216269791124489,1.73472347597681E-18));
#3418=CARTESIAN_POINT('',(-0.00309022592947272,0.0216777405952779,-0.008080000096));
#3419=CARTESIAN_POINT('',(-0.00309022592947272,0.0216777405952779,-1.73472347597681E-18));
#3420=CARTESIAN_POINT('',(-0.00314574757778313,0.0217483407291151,-0.008080000096));
#3421=CARTESIAN_POINT('',(-0.00314574757778313,0.0217483407291151,0.));
#3422=CARTESIAN_POINT('',(-0.00322477247671922,0.0218686746103422,-0.008080000096));
#3423=CARTESIAN_POINT('',(-0.00322477247671922,0.0218686746103422,-1.73472347597681E-18));
#3424=CARTESIAN_POINT('',(-0.00331049386706151,0.0220440421882279,-0.008080000096));
#3425=CARTESIAN_POINT('',(-0.00331049386706151,0.0220440421882279,0.));
#3426=CARTESIAN_POINT('',(-0.00338513331499655,0.0222474486912463,-0.008080000096));
#3427=CARTESIAN_POINT('',(-0.00338513331499655,0.0222474486912463,-1.73472347597681E-18));
#3428=CARTESIAN_POINT('',(-0.00346403878968274,0.0225489344224188,-0.008080000096));
#3429=CARTESIAN_POINT('',(-0.00346403878968274,0.0225489344224188,1.73472347597681E-18));
#3430=CARTESIAN_POINT('',(-0.00349543091606123,0.0228044276556942,-0.008080000096));
#3431=CARTESIAN_POINT('',(-0.00349543091606123,0.0228044276556942,-1.73472347597681E-18));
#3432=CARTESIAN_POINT('',(-0.00350330298410112,0.022982759057285,-0.008080000096));
#3433=CARTESIAN_POINT('',(-0.00350330298410112,0.022982759057285,-1.73472347597681E-18));
#3434=CARTESIAN_POINT('',(-0.00252466909451409,0.0212338053598106,0.));
#3435=CARTESIAN_POINT('',(6.93889390390723E-18,0.019304,-0.008080000096));
#3436=CARTESIAN_POINT('',(-0.002418652414189,0.0207027696376951,-0.008080000096));
#3437=CARTESIAN_POINT('',(-0.00255327662759292,0.0204385547421732,-0.008080000096));
#3438=CARTESIAN_POINT('',(-0.002927930523283,0.0206050331211453,-0.004040000048));
#3439=CARTESIAN_POINT('',(-0.0027735522865739,0.0209080174703319,-0.004040000048));
#3440=CARTESIAN_POINT('',(0.00090818907262821,0.0223492085935505,-0.008080000096));
#3441=CARTESIAN_POINT('',(0.00090818907262821,0.0223492085935505,0.));
#3442=CARTESIAN_POINT('',(0.000976441990049741,0.0225778340525077,-0.008080000096));
#3443=CARTESIAN_POINT('',(0.000976441990049741,0.0225778340525077,0.));
#3444=CARTESIAN_POINT('',(0.00109853441601419,0.0229873190865278,-0.008080000096));
#3445=CARTESIAN_POINT('',(0.00109853441601419,0.0229873190865278,1.73472347597681E-18));
#3446=CARTESIAN_POINT('',(0.00109298972149727,0.0229694636086395,-0.008080000096));
#3447=CARTESIAN_POINT('',(0.00109298972149727,0.0229694636086395,1.73472347597681E-18));
#3448=CARTESIAN_POINT('',(0.00110479557872923,0.0230407857094134,-0.008080000096));
#3449=CARTESIAN_POINT('',(0.00110479557872923,0.0230407857094134,-1.73472347597681E-18));
#3450=CARTESIAN_POINT('',(0.00110821581828869,0.0231305372235527,-0.008080000096));
#3451=CARTESIAN_POINT('',(0.00110821581828869,0.0231305372235527,-1.73472347597681E-18));
#3452=CARTESIAN_POINT('',(0.00110141782377033,0.0232743390486231,-0.008080000096));
#3453=CARTESIAN_POINT('',(0.00110141782377033,0.0232743390486231,1.73472347597681E-18));
#3454=CARTESIAN_POINT('',(0.00106768940932726,0.0234666001684441,-0.008080000096));
#3455=CARTESIAN_POINT('',(0.00106768940932726,0.0234666001684441,1.73472347597681E-18));
#3456=CARTESIAN_POINT('',(0.00100851464846286,0.0236750314528879,-0.008080000096));
#3457=CARTESIAN_POINT('',(0.00100851464846286,0.0236750314528879,-1.73472347597681E-18));
#3458=CARTESIAN_POINT('',(0.000895141651873382,0.0239653180073136,-0.008080000096));
#3459=CARTESIAN_POINT('',(0.000895141651873382,0.0239653180073136,3.46944695195361E-18));
#3460=CARTESIAN_POINT('',(0.000770363261023248,0.024190468203905,-0.008080000096));
#3461=CARTESIAN_POINT('',(0.000770363261023248,0.024190468203905,-1.73472347597681E-18));
#3462=CARTESIAN_POINT('',(0.000671911329972826,0.0243393684239211,-0.008080000096));
#3463=CARTESIAN_POINT('',(0.000671911329972826,0.0243393684239211,-1.73472347597681E-18));
#3464=CARTESIAN_POINT('',(0.000908189072343461,0.0223492085925966,-0.008080000096));
#3465=CARTESIAN_POINT('',(0.00192980536041491,0.0218286690953051,-0.008080000096));
#3466=CARTESIAN_POINT('',(0.00192980536041491,0.0218286690953051,0.));
#3467=CARTESIAN_POINT('',(0.00207464918377173,0.0220182695384884,-0.008080000096));
#3468=CARTESIAN_POINT('',(0.00207464918377173,0.0220182695384884,0.));
#3469=CARTESIAN_POINT('',(0.00233416540783776,0.0223577336500097,-0.008080000096));
#3470=CARTESIAN_POINT('',(0.00233416540783776,0.0223577336500097,0.));
#3471=CARTESIAN_POINT('',(0.00232297911244888,0.0223427527113415,-0.008080000096));
#3472=CARTESIAN_POINT('',(0.00232297911244888,0.0223427527113415,1.73472347597681E-18));
#3473=CARTESIAN_POINT('',(0.00237374059527793,0.0223942259294727,-0.008080000096));
#3474=CARTESIAN_POINT('',(0.00237374059527793,0.0223942259294727,0.));
#3475=CARTESIAN_POINT('',(0.00244434072911511,0.0224497475777831,-0.008080000096));
#3476=CARTESIAN_POINT('',(0.00244434072911511,0.0224497475777831,-1.73472347597681E-18));
#3477=CARTESIAN_POINT('',(0.00256467461034222,0.0225287724767192,-0.008080000096));
#3478=CARTESIAN_POINT('',(0.00256467461034222,0.0225287724767192,1.73472347597681E-18));
#3479=CARTESIAN_POINT('',(0.00274004218822785,0.0226144938670615,-0.008080000096));
#3480=CARTESIAN_POINT('',(0.00274004218822785,0.0226144938670615,-1.73472347597681E-18));
#3481=CARTESIAN_POINT('',(0.0029434486912463,0.0226891333149966,-0.008080000096));
#3482=CARTESIAN_POINT('',(0.0029434486912463,0.0226891333149966,1.73472347597681E-18));
#3483=CARTESIAN_POINT('',(0.00324493442241882,0.0227680387896826,-0.008080000096));
#3484=CARTESIAN_POINT('',(0.00324493442241882,0.0227680387896826,-1.73472347597681E-18));
#3485=CARTESIAN_POINT('',(0.00350042765569438,0.0227994309160616,-0.008080000096));
#3486=CARTESIAN_POINT('',(0.00350042765569438,0.0227994309160616,0.));
#3487=CARTESIAN_POINT('',(0.00367875905728492,0.0228073029841011,-0.008080000096));
#3488=CARTESIAN_POINT('',(0.00367875905728492,0.0228073029841011,0.));
#3489=CARTESIAN_POINT('',(0.00192980535981062,0.0218286690945141,0.));
#3490=CARTESIAN_POINT('',(-1.7347234759768E-18,0.019304,-0.008080000096));
#3491=CARTESIAN_POINT('',(0.00139876963769513,0.021722652414189,-0.008080000096));
#3492=CARTESIAN_POINT('',(0.00113455474217321,0.0218572766275929,-0.008080000096));
#3493=CARTESIAN_POINT('',(0.00130103312114524,0.022231930523283,-0.004040000048));
#3494=CARTESIAN_POINT('',(0.00160401747033186,0.0220775522865739,-0.004040000048));
#3495=CARTESIAN_POINT('',(0.,0.019304,0.005));
#3496=CARTESIAN_POINT('',(0.,0.019304,0.005));
#3497=CARTESIAN_POINT('',(-0.0015875,0.019304,0.005));
#3498=CARTESIAN_POINT('',(0.,0.019304,0.005));
#3499=CARTESIAN_POINT('',(0.,0.019304,-0.001));
#3500=MECHANICAL_DESIGN_GEOMETRIC_PRESENTATION_REPRESENTATION('',(#977),
#3501);
#3501=(
GEOMETRIC_REPRESENTATION_CONTEXT(3)
GLOBAL_UNCERTAINTY_ASSIGNED_CONTEXT((#3502))
GLOBAL_UNIT_ASSIGNED_CONTEXT((#3505,#3504,#3503))
REPRESENTATION_CONTEXT('Spur gear (8 teeth)','TOP_LEVEL_ASSEMBLY_PART')
);
#3502=UNCERTAINTY_MEASURE_WITH_UNIT(LENGTH_MEASURE(2.E-5),#3505,
'DISTANCE_ACCURACY_VALUE','Maximum Tolerance applied to model');
#3503=(
NAMED_UNIT(*)
SI_UNIT($,.STERADIAN.)
SOLID_ANGLE_UNIT()
);
#3504=(
NAMED_UNIT(*)
PLANE_ANGLE_UNIT()
SI_UNIT($,.RADIAN.)
);
#3505=(
LENGTH_UNIT()
NAMED_UNIT(*)
SI_UNIT($,.METRE.)
);
#3506=PRODUCT_DEFINITION_SHAPE('','',#3507);
#3507=PRODUCT_DEFINITION('','',#3509,#3508);
#3508=PRODUCT_DEFINITION_CONTEXT('',#3515,'design');
#3509=PRODUCT_DEFINITION_FORMATION_WITH_SPECIFIED_SOURCE('','',#3511,
 .NOT_KNOWN.);
#3510=PRODUCT_RELATED_PRODUCT_CATEGORY('','',(#3511));
#3511=PRODUCT('Spur gear (8 teeth)','Spur gear (8 teeth)',
'Spur gear (8 teeth)',(#3513));
#3512=PRODUCT_CATEGORY('','');
#3513=PRODUCT_CONTEXT('',#3515,'mechanical');
#3514=APPLICATION_PROTOCOL_DEFINITION('international standard',
'ap242_managed_model_based_3d_engineering',2020,#3515);
#3515=APPLICATION_CONTEXT('managed model based 3d engineering');
ENDSEC;
END-ISO-10303-21;
